EMPRESA (SIGLA);EMPRESA (NOME);EMPRESA (NACIONALIDADE);ANO;MÊS;AEROPORTO DE ORIGEM (SIGLA);AEROPORTO DE ORIGEM (NOME);AEROPORTO DE ORIGEM (UF);AEROPORTO DE ORIGEM (REGIÃO);AEROPORTO DE ORIGEM (PAÍS);AEROPORTO DE ORIGEM (CONTINENTE);AEROPORTO DE DESTINO (SIGLA);AEROPORTO DE DESTINO (NOME);AEROPORTO DE DESTINO (UF);AEROPORTO DE DESTINO (REGIÃO);AEROPORTO DE DESTINO (PAÍS);AEROPORTO DE DESTINO (CONTINENTE);NATUREZA;GRUPO DE VOO;PASSAGEIROS PAGOS;PASSAGEIROS GRÁTIS;CARGA PAGA (KG);CARGA GRÁTIS (KG);CORREIO (KG);ASK;RPK;ATK;RTK;COMBUSTÍVEL (LITROS);DISTÂNCIA VOADA (KM);DECOLAGENS;CARGA PAGA KM;CARGA GRATIS KM;CORREIO KM;ASSENTOS;PAYLOAD;HORAS VOADAS;BAGAGEM (KG)
1ED;SERVICIOS AÉREOS PANAMERICANOS LTDA. SARPA S.A.S;ESTRANGEIRA;2026;1;SBEG;MANAUS;AM;NORTE;BRASIL;AMÉRICA DO SUL;SKBO;BOGOTÁ;;;COLÔMBIA;AMÉRICA DO SUL;INTERNACIONAL;IMPRODUTIVO;0;0;0;0;0;0;0;0;0;0;3574;2;0;0;0;0;0;5,133;0
1ED;SERVICIOS AÉREOS PANAMERICANOS LTDA. SARPA S.A.S;ESTRANGEIRA;2026;1;SBEG;MANAUS;AM;NORTE;BRASIL;AMÉRICA DO SUL;SYCJ;GEORGETOWN;;;GUIANA;AMÉRICA DO SUL;INTERNACIONAL;NÃO REGULAR;21;0;0;0;0;53950;22659;5395;2039;0;1079;1;0;0;0;50;5000;1,667;0
1ED;SERVICIOS AÉREOS PANAMERICANOS LTDA. SARPA S.A.S;ESTRANGEIRA;2026;1;SKBO;BOGOTÁ;;;COLÔMBIA;AMÉRICA DO SUL;SBEG;MANAUS;AM;NORTE;BRASIL;AMÉRICA DO SUL;INTERNACIONAL;IMPRODUTIVO;0;0;0;0;0;0;0;0;0;0;1787;1;0;0;0;0;0;2,417;0
1ED;SERVICIOS AÉREOS PANAMERICANOS LTDA. SARPA S.A.S;ESTRANGEIRA;2026;1;SYCJ;GEORGETOWN;;;GUIANA;AMÉRICA DO SUL;SBEG;MANAUS;AM;NORTE;BRASIL;AMÉRICA DO SUL;INTERNACIONAL;NÃO REGULAR;47;0;0;0;0;107900;50713;10790;4563;0;2158;2;0;0;0;100;10000;3,334;0
AAL;AMERICAN AIRLINES, INC.;ESTRANGEIRA;2026;1;KDFW;DALLAS & FORT WORTH, TEXAS;;;ESTADOS UNIDOS DA AMÉRICA;AMÉRICA DO NORTE;SBGL;RIO DE JANEIRO;RJ;SUDESTE;BRASIL;AMÉRICA DO SUL;INTERNACIONAL;REGULAR;5367;212;54496;0;0;57131334;45184773;10986795;4525418;0;244151;29;458801824;0;0;6786;1305000;291,084;0
AAL;AMERICAN AIRLINES, INC.;ESTRANGEIRA;2026;1;KDFW;DALLAS & FORT WORTH, TEXAS;;;ESTADOS UNIDOS DA AMÉRICA;AMÉRICA DO NORTE;SBGR;GUARULHOS;SP;SUDESTE;BRASIL;AMÉRICA DO SUL;INTERNACIONAL;REGULAR;10051;317;241065;0;1773;93635352;82860444;15581160;9459378;0;346248;42;1987339864;0;14616612;11358;1890000;423,332;0
AAL;AMERICAN AIRLINES, INC.;ESTRANGEIRA;2026;1;KFLL;FORT LAUDERDALE/HOLLYWOOD, FLORIDA;;;ESTADOS UNIDOS DA AMÉRICA;AMÉRICA DO NORTE;KMIA;MIAMI, FLORIDA;;;ESTADOS UNIDOS DA AMÉRICA;AMÉRICA DO NORTE;INTERNACIONAL;REGULAR;;;;;;10336;9622;1870;1225;0;34;1;359448;0;0;304;55000;0,767;
AAL;AMERICAN AIRLINES, INC.;ESTRANGEIRA;2026;1;KJFK;NEW YORK, NEW YORK;;;ESTADOS UNIDOS DA AMÉRICA;AMÉRICA DO NORTE;SBGL;RIO DE JANEIRO;RJ;SUDESTE;BRASIL;AMÉRICA DO SUL;INTERNACIONAL;REGULAR;4662;120;8345;0;0;43406064;36032598;8347320;3307419;0;185496;24;64498505;0;0;5616;1080000;225,735;0
AAL;AMERICAN AIRLINES, INC.;ESTRANGEIRA;2026;1;KJFK;NEW YORK, NEW YORK;;;ESTADOS UNIDOS DA AMÉRICA;AMÉRICA DO NORTE;SBGR;GUARULHOS;SP;SUDESTE;BRASIL;AMÉRICA DO SUL;INTERNACIONAL;NÃO REGULAR;233;1;2755;0;0;1793376;1785712;344880;181828;0;7664;1;21114320;0;0;234;45000;9,15;0
AAL;AMERICAN AIRLINES, INC.;ESTRANGEIRA;2026;1;KJFK;NEW YORK, NEW YORK;;;ESTADOS UNIDOS DA AMÉRICA;AMÉRICA DO NORTE;SBGR;GUARULHOS;SP;SUDESTE;BRASIL;AMÉRICA DO SUL;INTERNACIONAL;REGULAR;7543;158;172453;0;5732;63342960;57809552;10001520;6568458;0;222256;29;1321679792;0;43930048;8265;1305000;274,734;0
AAL;AMERICAN AIRLINES, INC.;ESTRANGEIRA;2026;1;KMIA;MIAMI, FLORIDA;;;ESTADOS UNIDOS DA AMÉRICA;AMÉRICA DO NORTE;SBGL;RIO DE JANEIRO;RJ;SUDESTE;BRASIL;AMÉRICA DO SUL;INTERNACIONAL;REGULAR;11014;271;131280;0;2148;82001136;73981038;14273625;7554504;0;315699;47;881807759;0;14428116;12208;2125000;388,667;0
AAL;AMERICAN AIRLINES, INC.;ESTRANGEIRA;2026;1;KMIA;MIAMI, FLORIDA;;;ESTADOS UNIDOS DA AMÉRICA;AMÉRICA DO NORTE;SBGR;GUARULHOS;SP;SUDESTE;BRASIL;AMÉRICA DO SUL;INTERNACIONAL;REGULAR;23107;491;475018;0;11361;164363148;151905418;29122820;16868894;0;604808;92;3122768340;0;74687214;25002;4430000;771,749;0
AAL;AMERICAN AIRLINES, INC.;ESTRANGEIRA;2026;1;SBGL;RIO DE JANEIRO;RJ;SUDESTE;BRASIL;AMÉRICA DO SUL;KDFW;DALLAS & FORT WORTH, TEXAS;;;ESTADOS UNIDOS DA AMÉRICA;AMÉRICA DO NORTE;INTERNACIONAL;REGULAR;6323;200;12532;0;4;57560703;53233337;10986795;4896530;0;244151;29;105506909;0;33676;6837;1305000;311,799;0
AAL;AMERICAN AIRLINES, INC.;ESTRANGEIRA;2026;1;SBGL;RIO DE JANEIRO;RJ;SUDESTE;BRASIL;AMÉRICA DO SUL;KJFK;NEW YORK, NEW YORK;;;ESTADOS UNIDOS DA AMÉRICA;AMÉRICA DO NORTE;INTERNACIONAL;REGULAR;5344;135;26746;0;0;43800243;41303776;8347320;3924049;0;185496;24;206719837;0;0;5667;1080000;235,816;0
AAL;AMERICAN AIRLINES, INC.;ESTRANGEIRA;2026;1;SBGL;RIO DE JANEIRO;RJ;SUDESTE;BRASIL;AMÉRICA DO SUL;KMIA;MIAMI, FLORIDA;;;ESTADOS UNIDOS DA AMÉRICA;AMÉRICA DO NORTE;INTERNACIONAL;REGULAR;11793;244;162303;0;92;83572914;79213581;14575890;8220003;0;322416;48;1090189250;0;617964;12442;2170000;413,584;0
AAL;AMERICAN AIRLINES, INC.;ESTRANGEIRA;2026;1;SBGR;GUARULHOS;SP;SUDESTE;BRASIL;AMÉRICA DO SUL;KDFW;DALLAS & FORT WORTH, TEXAS;;;ESTADOS UNIDOS DA AMÉRICA;AMÉRICA DO NORTE;INTERNACIONAL;NÃO REGULAR;285;0;38;0;0;4699080;2349540;741960;211771;0;16488;2;313272;0;0;570;90000;20,784;0
AAL;AMERICAN AIRLINES, INC.;ESTRANGEIRA;2026;1;SBGR;GUARULHOS;SP;SUDESTE;BRASIL;AMÉRICA DO SUL;KDFW;DALLAS & FORT WORTH, TEXAS;;;ESTADOS UNIDOS DA AMÉRICA;AMÉRICA DO NORTE;INTERNACIONAL;REGULAR;10005;306;168316;0;0;88515828;82481220;14839200;8810888;0;329760;40;1387597104;0;0;10737;1800000;406,133;0
AAL;AMERICAN AIRLINES, INC.;ESTRANGEIRA;2026;1;SBGR;GUARULHOS;SP;SUDESTE;BRASIL;AMÉRICA DO SUL;KFLL;FORT LAUDERDALE/HOLLYWOOD, FLORIDA;;;ESTADOS UNIDOS DA AMÉRICA;AMÉRICA DO NORTE;INTERNACIONAL;REGULAR;0;0;10572;0;0;2003360;1864970;362450;307186;0;6590;1;139338960;0;0;304;55000;10,683;0
AAL;AMERICAN AIRLINES, INC.;ESTRANGEIRA;2026;1;SBGR;GUARULHOS;SP;SUDESTE;BRASIL;AMÉRICA DO SUL;KJFK;NEW YORK, NEW YORK;;;ESTADOS UNIDOS DA AMÉRICA;AMÉRICA DO NORTE;INTERNACIONAL;NÃO REGULAR;91;2;3736;0;0;1793376;697424;344880;91400;0;7664;1;28632704;0;0;234;45000;9,467;0
AAL;AMERICAN AIRLINES, INC.;ESTRANGEIRA;2026;1;SBGR;GUARULHOS;SP;SUDESTE;BRASIL;AMÉRICA DO SUL;KJFK;NEW YORK, NEW YORK;;;ESTADOS UNIDOS DA AMÉRICA;AMÉRICA DO NORTE;INTERNACIONAL;REGULAR;7850;154;255442;0;0;63342960;60162400;10001520;7372310;0;222256;29;1957707488;0;0;8265;1305000;276,45;0
AAL;AMERICAN AIRLINES, INC.;ESTRANGEIRA;2026;1;SBGR;GUARULHOS;SP;SUDESTE;BRASIL;AMÉRICA DO SUL;KMIA;MIAMI, FLORIDA;;;ESTADOS UNIDOS DA AMÉRICA;AMÉRICA DO NORTE;INTERNACIONAL;NÃO REGULAR;265;5;5907;0;0;1788128;1742110;295830;195622;0;6574;1;38832616;0;0;272;45000;8,683;0
AAL;AMERICAN AIRLINES, INC.;ESTRANGEIRA;2026;1;SBGR;GUARULHOS;SP;SUDESTE;BRASIL;AMÉRICA DO SUL;KMIA;MIAMI, FLORIDA;;;ESTADOS UNIDOS DA AMÉRICA;AMÉRICA DO NORTE;INTERNACIONAL;REGULAR;23581;593;573999;0;153;162575020;153161052;28826990;17489422;0;598234;91;3703969102;0;1005822;24730;4385000;770,133;0
ABJ;ATA - AEROTÁXI ABAETÉ LTDA.;BRASILEIRA;2026;1;SBSV;SALVADOR;BA;NORDESTE;BRASIL;AMÉRICA DO SUL;SDLO;CAIRU;BA;NORDESTE;BRASIL;AMÉRICA DO SUL;DOMÉSTICA;REGULAR;26;0;0;0;0;3564;2574;416;190;464;396;4;0;0;0;36;4220;2,532;0
ABJ;ATA - AEROTÁXI ABAETÉ LTDA.;BRASILEIRA;2026;1;SBSV;SALVADOR;BA;NORDESTE;BRASIL;AMÉRICA DO SUL;SNCL;CAIRU;BA;NORDESTE;BRASIL;AMÉRICA DO SUL;DOMÉSTICA;IMPRODUTIVO;0;0;0;0;0;0;0;0;0;370;415;5;0;0;0;0;0;3,1;0
ABJ;ATA - AEROTÁXI ABAETÉ LTDA.;BRASILEIRA;2026;1;SBSV;SALVADOR;BA;NORDESTE;BRASIL;AMÉRICA DO SUL;SNCL;CAIRU;BA;NORDESTE;BRASIL;AMÉRICA DO SUL;DOMÉSTICA;REGULAR;565;8;0;0;0;73953;46895;9009;3468;7326;8217;99;0;0;0;891;108900;58,848;0
ABJ;ATA - AEROTÁXI ABAETÉ LTDA.;BRASILEIRA;2026;1;SDLO;CAIRU;BA;NORDESTE;BRASIL;AMÉRICA DO SUL;SBSV;SALVADOR;BA;NORDESTE;BRASIL;AMÉRICA DO SUL;DOMÉSTICA;REGULAR;42;0;0;0;0;4455;4158;520;309;580;495;5;0;0;0;45;5275;3,083;0
ABJ;ATA - AEROTÁXI ABAETÉ LTDA.;BRASILEIRA;2026;1;SDLO;CAIRU;BA;NORDESTE;BRASIL;AMÉRICA DO SUL;SNCL;CAIRU;BA;NORDESTE;BRASIL;AMÉRICA DO SUL;DOMÉSTICA;REGULAR;14;0;0;0;0;540;280;60;20;171;60;3;0;0;0;27;3135;0,917;0
ABJ;ATA - AEROTÁXI ABAETÉ LTDA.;BRASILEIRA;2026;1;SNCL;CAIRU;BA;NORDESTE;BRASIL;AMÉRICA DO SUL;SBSV;SALVADOR;BA;NORDESTE;BRASIL;AMÉRICA DO SUL;DOMÉSTICA;IMPRODUTIVO;0;0;0;0;0;0;0;0;0;148;166;2;0;0;0;0;0;1,217;0
ABJ;ATA - AEROTÁXI ABAETÉ LTDA.;BRASILEIRA;2026;1;SNCL;CAIRU;BA;NORDESTE;BRASIL;AMÉRICA DO SUL;SBSV;SALVADOR;BA;NORDESTE;BRASIL;AMÉRICA DO SUL;DOMÉSTICA;REGULAR;851;5;0;0;0;76941;70633;9373;5267;7622;8549;103;0;0;0;927;113300;61,216;0
ABJ;ATA - AEROTÁXI ABAETÉ LTDA.;BRASILEIRA;2026;1;SNCL;CAIRU;BA;NORDESTE;BRASIL;AMÉRICA DO SUL;SDLO;CAIRU;BA;NORDESTE;BRASIL;AMÉRICA DO SUL;DOMÉSTICA;REGULAR;31;0;0;0;0;720;620;80;45;228;80;4;0;0;0;36;4180;1,217;0
ACA;AIR CANADA;ESTRANGEIRA;2026;1;CYUL;MONTREAL, QUEBEC;;;CANADÁ;AMÉRICA DO NORTE;SBGR;GUARULHOS;SP;SUDESTE;BRASIL;AMÉRICA DO SUL;INTERNACIONAL;REGULAR;6596;175;188140;0;786;60672800;53717824;11688050;6373202;0;203600;25;1532212160;0;6401184;7450;1435175;250,401;0
ACA;AIR CANADA;ESTRANGEIRA;2026;1;CYYZ;TORONTO;;;CANADÁ;AMÉRICA DO NORTE;SAEZ;EZEIZA, BUENOS AIRES PROVINCE;;;ARGENTINA;AMÉRICA DO SUL;INTERNACIONAL;REGULAR;1697;0;173682;0;0;;;;;;;;;;;;;;0
ACA;AIR CANADA;ESTRANGEIRA;2026;1;CYYZ;TORONTO;;;CANADÁ;AMÉRICA DO NORTE;SBGL;RIO DE JANEIRO;RJ;SUDESTE;BRASIL;AMÉRICA DO SUL;INTERNACIONAL;REGULAR;3404;126;33289;0;0;32045728;28157888;6173310;2809569;0;107536;13;275366608;0;0;3874;746291;129,25;0
ACA;AIR CANADA;ESTRANGEIRA;2026;1;CYYZ;TORONTO;;;CANADÁ;AMÉRICA DO NORTE;SBGR;GUARULHOS;SP;SUDESTE;BRASIL;AMÉRICA DO SUL;INTERNACIONAL;REGULAR;6168;234;86967;0;343;70812548;64445810;13641368;7938678;0;237626;29;2135757894;0;2810542;8642;1664803;286,098;0
ACA;AIR CANADA;ESTRANGEIRA;2026;1;SAEZ;EZEIZA, BUENOS AIRES PROVINCE;;;ARGENTINA;AMÉRICA DO SUL;CYYZ;TORONTO;;;CANADÁ;AMÉRICA DO NORTE;INTERNACIONAL;REGULAR;1630;9;78014;0;0;;;;;;;;;;;;;;0
ACA;AIR CANADA;ESTRANGEIRA;2026;1;SAEZ;EZEIZA, BUENOS AIRES PROVINCE;;;ARGENTINA;AMÉRICA DO SUL;SBGR;GUARULHOS;SP;SUDESTE;BRASIL;AMÉRICA DO SUL;INTERNACIONAL;REGULAR;4480;78;92402;0;611;11289432;10521420;2174788;1241425;0;37884;22;293456352;0;1052142;6556;1262954;59,032;0
ACA;AIR CANADA;ESTRANGEIRA;2026;1;SBGL;RIO DE JANEIRO;RJ;SUDESTE;BRASIL;AMÉRICA DO SUL;CYYZ;TORONTO;;;CANADÁ;AMÉRICA DO NORTE;INTERNACIONAL;REGULAR;3510;122;42782;0;0;32045728;29034720;6173310;2967010;0;107536;13;353892704;0;0;3874;746291;137,783;0
ACA;AIR CANADA;ESTRANGEIRA;2026;1;SBGR;GUARULHOS;SP;SUDESTE;BRASIL;AMÉRICA DO SUL;CYUL;MONTREAL, QUEBEC;;;CANADÁ;AMÉRICA DO NORTE;INTERNACIONAL;REGULAR;6924;186;293020;0;0;60672800;56389056;11688050;7461359;0;203600;25;2386354880;0;0;7450;1435175;257,717;0
ACA;AIR CANADA;ESTRANGEIRA;2026;1;SBGR;GUARULHOS;SP;SUDESTE;BRASIL;AMÉRICA DO SUL;CYYZ;TORONTO;;;CANADÁ;AMÉRICA DO NORTE;INTERNACIONAL;REGULAR;6529;196;259561;0;2990;70812548;66854846;13641368;8807513;0;237626;29;2766089552;0;24500060;8642;1664803;299,65;0
ACA;AIR CANADA;ESTRANGEIRA;2026;1;SBGR;GUARULHOS;SP;SUDESTE;BRASIL;AMÉRICA DO SUL;SAEZ;EZEIZA, BUENOS AIRES PROVINCE;;;ARGENTINA;AMÉRICA DO SUL;INTERNACIONAL;REGULAR;3308;65;38413;0;0;10776276;8618610;2075934;1140891;0;36162;21;365227590;0;0;6258;1205547;58,733;0
ACN;AZUL CONECTA LTDA. (EX TWO TAXI AEREO LTDA);BRASILEIRA;2026;1;SBAQ;ARARAQUARA;SP;SUDESTE;BRASIL;AMÉRICA DO SUL;SBKP;CAMPINAS;SP;SUDESTE;BRASIL;AMÉRICA DO SUL;DOMÉSTICA;REGULAR;30;0;40;0;0;18252;5070;2994;385;1453;2028;12;6760;0;0;108;17747;11,25;25
ACN;AZUL CONECTA LTDA. (EX TWO TAXI AEREO LTDA);BRASILEIRA;2026;1;SBAX;ARAXÁ;MG;SUDESTE;BRASIL;AMÉRICA DO SUL;SBCF;CONFINS;MG;SUDESTE;BRASIL;AMÉRICA DO SUL;DOMÉSTICA;NÃO REGULAR;9;0;0;0;0;5652;2826;863;240;450;628;2;0;0;0;18;2750;3,2;91
ACN;AZUL CONECTA LTDA. (EX TWO TAXI AEREO LTDA);BRASILEIRA;2026;1;SBAX;ARAXÁ;MG;SUDESTE;BRASIL;AMÉRICA DO SUL;SBCF;CONFINS;MG;SUDESTE;BRASIL;AMÉRICA DO SUL;DOMÉSTICA;REGULAR;68;0;579;0;0;36738;21352;5774;2004;2396;4082;13;181806;0;0;117;18404;17,8333;716
ACN;AZUL CONECTA LTDA. (EX TWO TAXI AEREO LTDA);BRASILEIRA;2026;1;SBBE;BELÉM;PA;NORTE;BRASIL;AMÉRICA DO SUL;SBBE;BELÉM;PA;NORTE;BRASIL;AMÉRICA DO SUL;DOMÉSTICA;IMPRODUTIVO;0;0;82;0;0;0;0;0;0;88;0;2;0;0;0;0;3112;0,816667;0
ACN;AZUL CONECTA LTDA. (EX TWO TAXI AEREO LTDA);BRASILEIRA;2026;1;SBBE;BELÉM;PA;NORTE;BRASIL;AMÉRICA DO SUL;SBCJ;PARAUAPEBAS;PA;NORTE;BRASIL;AMÉRICA DO SUL;DOMÉSTICA;REGULAR;32;0;462;0;0;17664;17664;3466;1761;1716;2760;5;255024;0;0;32;6284;11,6667;334
ACN;AZUL CONECTA LTDA. (EX TWO TAXI AEREO LTDA);BRASILEIRA;2026;1;SBBE;BELÉM;PA;NORTE;BRASIL;AMÉRICA DO SUL;SBMA;MARABÁ;PA;NORTE;BRASIL;AMÉRICA DO SUL;DOMÉSTICA;NÃO REGULAR;0;0;70;0;0;0;0;590;31;285;449;1;31430;0;0;0;1315;2;0
ACN;AZUL CONECTA LTDA. (EX TWO TAXI AEREO LTDA);BRASILEIRA;2026;1;SBBE;BELÉM;PA;NORTE;BRASIL;AMÉRICA DO SUL;SBMD;ALMEIRIM;PA;NORTE;BRASIL;AMÉRICA DO SUL;DOMÉSTICA;REGULAR;33;0;735;0;0;22638;15246;4323;1665;1838;3234;7;339570;0;0;49;9362;12,6833;400
ACN;AZUL CONECTA LTDA. (EX TWO TAXI AEREO LTDA);BRASILEIRA;2026;1;SBBE;BELÉM;PA;NORTE;BRASIL;AMÉRICA DO SUL;SBTU;TUCURUÍ;PA;NORTE;BRASIL;AMÉRICA DO SUL;DOMÉSTICA;NÃO REGULAR;3;0;80;0;0;2700;900;418;106;205;300;1;24000;0;0;9;1395;1,38333;50
ACN;AZUL CONECTA LTDA. (EX TWO TAXI AEREO LTDA);BRASILEIRA;2026;1;SBBE;BELÉM;PA;NORTE;BRASIL;AMÉRICA DO SUL;SBTU;TUCURUÍ;PA;NORTE;BRASIL;AMÉRICA DO SUL;DOMÉSTICA;REGULAR;28;2;851;0;0;24600;8400;5113;940;2141;3600;12;255300;0;0;82;17059;15,1833;198
ACN;AZUL CONECTA LTDA. (EX TWO TAXI AEREO LTDA);BRASILEIRA;2026;1;SBBE;BELÉM;PA;NORTE;BRASIL;AMÉRICA DO SUL;SDOW;OURILÂNDIA DO NORTE;PA;NORTE;BRASIL;AMÉRICA DO SUL;DOMÉSTICA;REGULAR;18;0;179;0;0;23832;11916;3251;1116;1486;2648;4;118498;0;0;36;4914;9,91667;161
ACN;AZUL CONECTA LTDA. (EX TWO TAXI AEREO LTDA);BRASILEIRA;2026;1;SBBE;BELÉM;PA;NORTE;BRASIL;AMÉRICA DO SUL;SNEB;PARAGOMINAS;PA;NORTE;BRASIL;AMÉRICA DO SUL;DOMÉSTICA;REGULAR;0;0;74;0;0;0;0;270;16;386;223;1;16502;0;0;0;1214;2,66667;0
ACN;AZUL CONECTA LTDA. (EX TWO TAXI AEREO LTDA);BRASILEIRA;2026;1;SBBE;BELÉM;PA;NORTE;BRASIL;AMÉRICA DO SUL;SNMZ;PORTO DE MOZ;PA;NORTE;BRASIL;AMÉRICA DO SUL;DOMÉSTICA;REGULAR;0;0;100;0;0;0;0;526;41;344;419;1;41900;0;0;0;1256;2,3;0
ACN;AZUL CONECTA LTDA. (EX TWO TAXI AEREO LTDA);BRASILEIRA;2026;1;SBBE;BELÉM;PA;NORTE;BRASIL;AMÉRICA DO SUL;SNSM;SALINÓPOLIS;PA;NORTE;BRASIL;AMÉRICA DO SUL;DOMÉSTICA;REGULAR;3;0;73;0;0;7252;444;1539;51;780;1036;7;10804;0;0;49;10420;5,81667;52
ACN;AZUL CONECTA LTDA. (EX TWO TAXI AEREO LTDA);BRASILEIRA;2026;1;SBBE;BELÉM;PA;NORTE;BRASIL;AMÉRICA DO SUL;SNVS;BREVES;PA;NORTE;BRASIL;AMÉRICA DO SUL;DOMÉSTICA;NÃO REGULAR;0;0;741;0;0;0;0;2887;157;1257;1980;9;163020;0;0;0;13143;9,4;0
ACN;AZUL CONECTA LTDA. (EX TWO TAXI AEREO LTDA);BRASILEIRA;2026;1;SBBH;BELO HORIZONTE;MG;SUDESTE;BRASIL;AMÉRICA DO SUL;SBCF;CONFINS;MG;SUDESTE;BRASIL;AMÉRICA DO SUL;DOMÉSTICA;IMPRODUTIVO;0;0;0;0;0;0;0;0;0;69;25;1;0;0;0;0;0;0,666667;0
ACN;AZUL CONECTA LTDA. (EX TWO TAXI AEREO LTDA);BRASILEIRA;2026;1;SBBR;BRASÍLIA;DF;CENTRO-OESTE;BRASIL;AMÉRICA DO SUL;SBJD;JUNDIAÍ;SP;SUDESTE;BRASIL;AMÉRICA DO SUL;DOMÉSTICA;REGULAR;0;0;0;0;0;0;0;963;0;424;819;1;0;0;0;0;1176;2,88333;0
ACN;AZUL CONECTA LTDA. (EX TWO TAXI AEREO LTDA);BRASILEIRA;2026;1;SBBW;BARRA DO GARÇAS;MT;CENTRO-OESTE;BRASIL;AMÉRICA DO SUL;SBCY;VÁRZEA GRANDE;MT;CENTRO-OESTE;BRASIL;AMÉRICA DO SUL;DOMÉSTICA;REGULAR;35;1;142;0;0;38400;14000;6412;1250;3156;4800;12;56800;0;0;96;16044;22,0667;360
ACN;AZUL CONECTA LTDA. (EX TWO TAXI AEREO LTDA);BRASILEIRA;2026;1;SBBZ;ARMAÇÃO DOS BÚZIOS;RJ;SUDESTE;BRASIL;AMÉRICA DO SUL;SBJD;JUNDIAÍ;SP;SUDESTE;BRASIL;AMÉRICA DO SUL;DOMÉSTICA;NÃO REGULAR;0;0;0;0;0;0;0;662;0;383;512;1;0;0;0;0;1293;2,16667;0
ACN;AZUL CONECTA LTDA. (EX TWO TAXI AEREO LTDA);BRASILEIRA;2026;1;SBCF;CONFINS;MG;SUDESTE;BRASIL;AMÉRICA DO SUL;SBAX;ARAXÁ;MG;SUDESTE;BRASIL;AMÉRICA DO SUL;DOMÉSTICA;NÃO REGULAR;11;0;204;0;0;5652;3454;872;364;418;628;2;64056;0;0;18;2782;3,11667;134
ACN;AZUL CONECTA LTDA. (EX TWO TAXI AEREO LTDA);BRASILEIRA;2026;1;SBCF;CONFINS;MG;SUDESTE;BRASIL;AMÉRICA DO SUL;SBAX;ARAXÁ;MG;SUDESTE;BRASIL;AMÉRICA DO SUL;DOMÉSTICA;REGULAR;82;0;1178;0;0;36738;25748;5740;2539;2502;4082;13;369892;0;0;117;18298;19,0167;778
ACN;AZUL CONECTA LTDA. (EX TWO TAXI AEREO LTDA);BRASILEIRA;2026;1;SBCF;CONFINS;MG;SUDESTE;BRASIL;AMÉRICA DO SUL;SBBR;BRASÍLIA;DF;CENTRO-OESTE;BRASIL;AMÉRICA DO SUL;DOMÉSTICA;REGULAR;0;0;10;0;0;0;0;737;5;352;591;1;5910;0;0;0;1248;2,38333;0
ACN;AZUL CONECTA LTDA. (EX TWO TAXI AEREO LTDA);BRASILEIRA;2026;1;SBCF;CONFINS;MG;SUDESTE;BRASIL;AMÉRICA DO SUL;SBCF;CONFINS;MG;SUDESTE;BRASIL;AMÉRICA DO SUL;DOMÉSTICA;IMPRODUTIVO;0;0;127;0;0;0;0;0;0;2106;0;6;0;0;0;0;7494;14,5167;0
ACN;AZUL CONECTA LTDA. (EX TWO TAXI AEREO LTDA);BRASILEIRA;2026;1;SBCF;CONFINS;MG;SUDESTE;BRASIL;AMÉRICA DO SUL;SBJR;RIO DE JANEIRO;RJ;SUDESTE;BRASIL;AMÉRICA DO SUL;DOMÉSTICA;REGULAR;123;2;1430;0;0;68220;46617;10360;4612;4632;7580;20;541970;0;0;180;27368;34,6167;1542
ACN;AZUL CONECTA LTDA. (EX TWO TAXI AEREO LTDA);BRASILEIRA;2026;1;SBCF;CONFINS;MG;SUDESTE;BRASIL;AMÉRICA DO SUL;SBKP;CAMPINAS;SP;SUDESTE;BRASIL;AMÉRICA DO SUL;DOMÉSTICA;IMPRODUTIVO;0;0;0;0;0;0;0;0;0;389;499;1;0;0;0;0;0;2,65;0
ACN;AZUL CONECTA LTDA. (EX TWO TAXI AEREO LTDA);BRASILEIRA;2026;1;SBCF;CONFINS;MG;SUDESTE;BRASIL;AMÉRICA DO SUL;SBKP;CAMPINAS;SP;SUDESTE;BRASIL;AMÉRICA DO SUL;DOMÉSTICA;NÃO REGULAR;0;0;0;0;0;0;0;1293;0;607;998;2;0;0;0;0;2593;4,25;0
ACN;AZUL CONECTA LTDA. (EX TWO TAXI AEREO LTDA);BRASILEIRA;2026;1;SBCF;CONFINS;MG;SUDESTE;BRASIL;AMÉRICA DO SUL;SBKP;CAMPINAS;SP;SUDESTE;BRASIL;AMÉRICA DO SUL;DOMÉSTICA;REGULAR;0;0;0;0;0;0;0;657;0;282;499;1;0;0;0;0;1318;1,95;0
ACN;AZUL CONECTA LTDA. (EX TWO TAXI AEREO LTDA);BRASILEIRA;2026;1;SBCF;CONFINS;MG;SUDESTE;BRASIL;AMÉRICA DO SUL;SBLE;LENÇÓIS;BA;NORDESTE;BRASIL;AMÉRICA DO SUL;DOMÉSTICA;REGULAR;0;0;50;0;0;0;0;962;42;461;845;1;42250;0;0;0;1139;3,05;0
ACN;AZUL CONECTA LTDA. (EX TWO TAXI AEREO LTDA);BRASILEIRA;2026;1;SBCF;CONFINS;MG;SUDESTE;BRASIL;AMÉRICA DO SUL;SBMK;MONTES CLAROS;MG;SUDESTE;BRASIL;AMÉRICA DO SUL;DOMÉSTICA;REGULAR;0;0;6;0;0;0;0;399;1;370;325;1;1950;0;0;0;1230;2,75;0
ACN;AZUL CONECTA LTDA. (EX TWO TAXI AEREO LTDA);BRASILEIRA;2026;1;SBCF;CONFINS;MG;SUDESTE;BRASIL;AMÉRICA DO SUL;SBVG;VARGINHA;MG;SUDESTE;BRASIL;AMÉRICA DO SUL;DOMÉSTICA;REGULAR;64;2;825;0;0;25824;17216;4606;1652;2052;3228;12;221925;0;0;96;17148;16,7833;538
ACN;AZUL CONECTA LTDA. (EX TWO TAXI AEREO LTDA);BRASILEIRA;2026;1;SBCF;CONFINS;MG;SUDESTE;BRASIL;AMÉRICA DO SUL;SNDV;DIVINÓPOLIS;MG;SUDESTE;BRASIL;AMÉRICA DO SUL;DOMÉSTICA;REGULAR;58;4;999;0;0;21357;6554;3585;669;1772;2373;21;112887;0;0;189;31828;16,4333;643
ACN;AZUL CONECTA LTDA. (EX TWO TAXI AEREO LTDA);BRASILEIRA;2026;1;SBCF;CONFINS;MG;SUDESTE;BRASIL;AMÉRICA DO SUL;SNJM;MANHUAÇU;MG;SUDESTE;BRASIL;AMÉRICA DO SUL;DOMÉSTICA;REGULAR;21;4;394;0;0;21600;4200;3541;412;1475;2400;12;78800;0;0;108;17725;11,8167;94
ACN;AZUL CONECTA LTDA. (EX TWO TAXI AEREO LTDA);BRASILEIRA;2026;1;SBCF;CONFINS;MG;SUDESTE;BRASIL;AMÉRICA DO SUL;SNLN;LINHARES;ES;SUDESTE;BRASIL;AMÉRICA DO SUL;DOMÉSTICA;REGULAR;62;0;726;0;0;31570;25420;6127;2344;2642;4510;11;297660;0;0;77;14958;19,0333;356
ACN;AZUL CONECTA LTDA. (EX TWO TAXI AEREO LTDA);BRASILEIRA;2026;1;SBCF;CONFINS;MG;SUDESTE;BRASIL;AMÉRICA DO SUL;SNPD;PATOS DE MINAS;MG;SUDESTE;BRASIL;AMÉRICA DO SUL;DOMÉSTICA;REGULAR;73;2;892;0;0;30780;20805;4819;2029;2270;3420;12;254220;0;0;108;16930;17,7833;770
ACN;AZUL CONECTA LTDA. (EX TWO TAXI AEREO LTDA);BRASILEIRA;2026;1;SBCF;CONFINS;MG;SUDESTE;BRASIL;AMÉRICA DO SUL;SNSS;SALINAS;MG;SUDESTE;BRASIL;AMÉRICA DO SUL;DOMÉSTICA;REGULAR;55;0;871;0;0;37620;22990;5658;2308;2449;4180;10;364078;0;0;90;13551;18,2167;535
ACN;AZUL CONECTA LTDA. (EX TWO TAXI AEREO LTDA);BRASILEIRA;2026;1;SBCF;CONFINS;MG;SUDESTE;BRASIL;AMÉRICA DO SUL;SNTO;TEÓFILO OTONI;MG;SUDESTE;BRASIL;AMÉRICA DO SUL;DOMÉSTICA;REGULAR;47;1;652;0;0;20349;15181;4081;1442;1756;2907;9;210596;0;0;63;12644;12,6333;298
ACN;AZUL CONECTA LTDA. (EX TWO TAXI AEREO LTDA);BRASILEIRA;2026;1;SBCF;CONFINS;MG;SUDESTE;BRASIL;AMÉRICA DO SUL;SNZR;PARACATU;MG;SUDESTE;BRASIL;AMÉRICA DO SUL;DOMÉSTICA;REGULAR;11;0;122;0;0;22680;4455;4337;410;2081;3240;8;49410;0;0;56;10719;14,9833;72
ACN;AZUL CONECTA LTDA. (EX TWO TAXI AEREO LTDA);BRASILEIRA;2026;1;SBCJ;PARAUAPEBAS;PA;NORTE;BRASIL;AMÉRICA DO SUL;SBBE;BELÉM;PA;NORTE;BRASIL;AMÉRICA DO SUL;DOMÉSTICA;REGULAR;32;0;368;0;0;24840;17664;3455;1689;1734;2760;5;203136;0;0;45;6266;11,7167;297
ACN;AZUL CONECTA LTDA. (EX TWO TAXI AEREO LTDA);BRASILEIRA;2026;1;SBCJ;PARAUAPEBAS;PA;NORTE;BRASIL;AMÉRICA DO SUL;SDOW;OURILÂNDIA DO NORTE;PA;NORTE;BRASIL;AMÉRICA DO SUL;DOMÉSTICA;REGULAR;18;0;210;0;0;4352;2448;816;241;390;544;4;28560;0;0;32;6010;3,11667;218
ACN;AZUL CONECTA LTDA. (EX TWO TAXI AEREO LTDA);BRASILEIRA;2026;1;SBCT;SÃO JOSÉ DOS PINHAIS;PR;SUL;BRASIL;AMÉRICA DO SUL;SSGY;GUAÍRA;PR;SUL;BRASIL;AMÉRICA DO SUL;DOMÉSTICA;REGULAR;21;0;260;0;0;38232;11151;8206;1026;3733;6372;12;138060;0;0;72;15467;25,3833;104
ACN;AZUL CONECTA LTDA. (EX TWO TAXI AEREO LTDA);BRASILEIRA;2026;1;SBCT;SÃO JOSÉ DOS PINHAIS;PR;SUL;BRASIL;AMÉRICA DO SUL;SSUM;UMUARAMA;PR;SUL;BRASIL;AMÉRICA DO SUL;DOMÉSTICA;REGULAR;5;0;80;0;0;8280;2300;3066;221;1329;2300;5;36800;0;0;18;6671;9,28333;30
ACN;AZUL CONECTA LTDA. (EX TWO TAXI AEREO LTDA);BRASILEIRA;2026;1;SBCT;SÃO JOSÉ DOS PINHAIS;PR;SUL;BRASIL;AMÉRICA DO SUL;SSUV;UNIÃO DA VITÓRIA;PR;SUL;BRASIL;AMÉRICA DO SUL;DOMÉSTICA;REGULAR;9;1;297;0;0;10045;1845;2103;209;923;1435;7;60885;0;0;49;10277;7;57
ACN;AZUL CONECTA LTDA. (EX TWO TAXI AEREO LTDA);BRASILEIRA;2026;1;SBCT;SÃO JOSÉ DOS PINHAIS;PR;SUL;BRASIL;AMÉRICA DO SUL;SSVL;TELÊMACO BORBA;PR;SUL;BRASIL;AMÉRICA DO SUL;DOMÉSTICA;REGULAR;20;1;247;0;0;8442;4020;2051;379;982;1407;7;49647;0;0;42;10218;7,46667;158
ACN;AZUL CONECTA LTDA. (EX TWO TAXI AEREO LTDA);BRASILEIRA;2026;1;SBCY;VÁRZEA GRANDE;MT;CENTRO-OESTE;BRASIL;AMÉRICA DO SUL;SBBW;BARRA DO GARÇAS;MT;CENTRO-OESTE;BRASIL;AMÉRICA DO SUL;DOMÉSTICA;REGULAR;36;1;252;0;0;43200;14400;6384;1302;3225;4800;12;100800;0;0;108;15975;22,6;316
ACN;AZUL CONECTA LTDA. (EX TWO TAXI AEREO LTDA);BRASILEIRA;2026;1;SBCY;VÁRZEA GRANDE;MT;CENTRO-OESTE;BRASIL;AMÉRICA DO SUL;SBSR;SÃO JOSÉ DO RIO PRETO;SP;SUDESTE;BRASIL;AMÉRICA DO SUL;DOMÉSTICA;IMPRODUTIVO;0;0;0;0;0;0;0;0;0;549;912;1;0;0;0;0;0;3,83333;0
ACN;AZUL CONECTA LTDA. (EX TWO TAXI AEREO LTDA);BRASILEIRA;2026;1;SBCY;VÁRZEA GRANDE;MT;CENTRO-OESTE;BRASIL;AMÉRICA DO SUL;SSOU;ARIPUANÃ;MT;CENTRO-OESTE;BRASIL;AMÉRICA DO SUL;DOMÉSTICA;REGULAR;147;0;1057;0;0;127260;103929;16498;9466;8648;14140;20;747299;0;0;180;23352;59,05;1321
ACN;AZUL CONECTA LTDA. (EX TWO TAXI AEREO LTDA);BRASILEIRA;2026;1;SBEG;MANAUS;AM;NORTE;BRASIL;AMÉRICA DO SUL;SBMY;MANICORÉ;AM;NORTE;BRASIL;AMÉRICA DO SUL;DOMÉSTICA;REGULAR;34;1;414;0;0;18252;11492;4232;1115;1865;3042;9;139932;0;0;54;12535;13,5;350
ACN;AZUL CONECTA LTDA. (EX TWO TAXI AEREO LTDA);BRASILEIRA;2026;1;SBEG;MANAUS;AM;NORTE;BRASIL;AMÉRICA DO SUL;SBPV;PORTO VELHO;RO;NORTE;BRASIL;AMÉRICA DO SUL;DOMÉSTICA;REGULAR;0;0;130;0;0;0;0;811;98;533;761;1;98930;0;0;0;1067;3,51667;0
ACN;AZUL CONECTA LTDA. (EX TWO TAXI AEREO LTDA);BRASILEIRA;2026;1;SBEG;MANAUS;AM;NORTE;BRASIL;AMÉRICA DO SUL;SWBC;BARCELOS;AM;NORTE;BRASIL;AMÉRICA DO SUL;DOMÉSTICA;REGULAR;75;2;1146;0;0;42444;29475;9684;3002;4124;7074;18;450378;0;0;108;24676;28,8333;892
ACN;AZUL CONECTA LTDA. (EX TWO TAXI AEREO LTDA);BRASILEIRA;2026;1;SBEG;MANAUS;AM;NORTE;BRASIL;AMÉRICA DO SUL;SWLB;LÁBREA;AM;NORTE;BRASIL;AMÉRICA DO SUL;DOMÉSTICA;REGULAR;37;0;560;0;0;42180;26011;6734;2658;3216;5624;8;393680;0;0;60;9584;21,7833;451
ACN;AZUL CONECTA LTDA. (EX TWO TAXI AEREO LTDA);BRASILEIRA;2026;1;SBEG;MANAUS;AM;NORTE;BRASIL;AMÉRICA DO SUL;SWMW;MAUÉS;AM;NORTE;BRASIL;AMÉRICA DO SUL;DOMÉSTICA;REGULAR;19;2;395;0;0;12576;4978;2975;536;1426;2096;8;103490;0;0;48;11374;10,7167;236
ACN;AZUL CONECTA LTDA. (EX TWO TAXI AEREO LTDA);BRASILEIRA;2026;1;SBGL;RIO DE JANEIRO;RJ;SUDESTE;BRASIL;AMÉRICA DO SUL;SBCF;CONFINS;MG;SUDESTE;BRASIL;AMÉRICA DO SUL;DOMÉSTICA;IMPRODUTIVO;0;0;0;0;0;0;0;0;0;461;724;2;0;0;0;0;0;3,6;0
ACN;AZUL CONECTA LTDA. (EX TWO TAXI AEREO LTDA);BRASILEIRA;2026;1;SBGL;RIO DE JANEIRO;RJ;SUDESTE;BRASIL;AMÉRICA DO SUL;SBCF;CONFINS;MG;SUDESTE;BRASIL;AMÉRICA DO SUL;DOMÉSTICA;NÃO REGULAR;0;0;0;0;0;0;0;490;0;245;362;1;0;0;0;0;1355;1,76667;0
ACN;AZUL CONECTA LTDA. (EX TWO TAXI AEREO LTDA);BRASILEIRA;2026;1;SBGL;RIO DE JANEIRO;RJ;SUDESTE;BRASIL;AMÉRICA DO SUL;SBKP;CAMPINAS;SP;SUDESTE;BRASIL;AMÉRICA DO SUL;DOMÉSTICA;IMPRODUTIVO;0;0;0;0;0;0;0;0;0;280;398;1;0;0;0;0;0;2,23333;0
ACN;AZUL CONECTA LTDA. (EX TWO TAXI AEREO LTDA);BRASILEIRA;2026;1;SBGP;GAVIÃO PEIXOTO;SP;SUDESTE;BRASIL;AMÉRICA DO SUL;SBSJ;SÃO JOSÉ DOS CAMPOS;SP;SUDESTE;BRASIL;AMÉRICA DO SUL;DOMÉSTICA;NÃO REGULAR;0;0;10;0;0;0;0;32453;77;647;23160;3;77200;0;0;0;4204;4,58333;0
ACN;AZUL CONECTA LTDA. (EX TWO TAXI AEREO LTDA);BRASILEIRA;2026;1;SBJD;JUNDIAÍ;SP;SUDESTE;BRASIL;AMÉRICA DO SUL;SBCF;CONFINS;MG;SUDESTE;BRASIL;AMÉRICA DO SUL;DOMÉSTICA;IMPRODUTIVO;0;0;0;0;0;0;0;0;0;298;501;1;0;0;0;0;0;1,95;0
ACN;AZUL CONECTA LTDA. (EX TWO TAXI AEREO LTDA);BRASILEIRA;2026;1;SBJD;JUNDIAÍ;SP;SUDESTE;BRASIL;AMÉRICA DO SUL;SBJD;JUNDIAÍ;SP;SUDESTE;BRASIL;AMÉRICA DO SUL;DOMÉSTICA;IMPRODUTIVO;0;0;20;0;0;0;0;0;0;1530;0;8;0;0;0;0;11270;11,6;0
ACN;AZUL CONECTA LTDA. (EX TWO TAXI AEREO LTDA);BRASILEIRA;2026;1;SBJD;JUNDIAÍ;SP;SUDESTE;BRASIL;AMÉRICA DO SUL;SBKP;CAMPINAS;SP;SUDESTE;BRASIL;AMÉRICA DO SUL;DOMÉSTICA;IMPRODUTIVO;0;0;0;0;0;0;0;0;0;116;84;3;0;0;0;0;0;1,93333;0
ACN;AZUL CONECTA LTDA. (EX TWO TAXI AEREO LTDA);BRASILEIRA;2026;1;SBJD;JUNDIAÍ;SP;SUDESTE;BRASIL;AMÉRICA DO SUL;SBMG;MARINGÁ;PR;SUL;BRASIL;AMÉRICA DO SUL;DOMÉSTICA;REGULAR;0;0;5;0;0;0;0;674;2;301;519;1;2595;0;0;0;1299;2,08333;0
ACN;AZUL CONECTA LTDA. (EX TWO TAXI AEREO LTDA);BRASILEIRA;2026;1;SBJD;JUNDIAÍ;SP;SUDESTE;BRASIL;AMÉRICA DO SUL;SBRP;RIBEIRÃO PRETO;SP;SUDESTE;BRASIL;AMÉRICA DO SUL;DOMÉSTICA;NÃO REGULAR;0;0;20;0;0;0;0;342;4;189;243;1;4860;0;0;0;1411;1,43333;0
ACN;AZUL CONECTA LTDA. (EX TWO TAXI AEREO LTDA);BRASILEIRA;2026;1;SBJD;JUNDIAÍ;SP;SUDESTE;BRASIL;AMÉRICA DO SUL;SBSJ;SÃO JOSÉ DOS CAMPOS;SP;SUDESTE;BRASIL;AMÉRICA DO SUL;DOMÉSTICA;NÃO REGULAR;0;0;0;0;0;0;0;661;0;373;440;4;0;0;0;0;6027;3,6;0
ACN;AZUL CONECTA LTDA. (EX TWO TAXI AEREO LTDA);BRASILEIRA;2026;1;SBJD;JUNDIAÍ;SP;SUDESTE;BRASIL;AMÉRICA DO SUL;SBSR;SÃO JOSÉ DO RIO PRETO;SP;SUDESTE;BRASIL;AMÉRICA DO SUL;DOMÉSTICA;REGULAR;0;0;0;0;0;0;0;500;0;229;365;1;0;0;0;0;1371;1,75;0
ACN;AZUL CONECTA LTDA. (EX TWO TAXI AEREO LTDA);BRASILEIRA;2026;1;SBJD;JUNDIAÍ;SP;SUDESTE;BRASIL;AMÉRICA DO SUL;SBUL;UBERLÂNDIA;MG;SUDESTE;BRASIL;AMÉRICA DO SUL;DOMÉSTICA;IMPRODUTIVO;0;0;0;0;0;0;0;0;0;288;496;1;0;0;0;0;0;1,96667;0
ACN;AZUL CONECTA LTDA. (EX TWO TAXI AEREO LTDA);BRASILEIRA;2026;1;SBJR;RIO DE JANEIRO;RJ;SUDESTE;BRASIL;AMÉRICA DO SUL;SBBZ;ARMAÇÃO DOS BÚZIOS;RJ;SUDESTE;BRASIL;AMÉRICA DO SUL;DOMÉSTICA;NÃO REGULAR;0;0;0;0;0;0;0;219;0;119;146;1;0;0;0;0;1504;0,816667;0
ACN;AZUL CONECTA LTDA. (EX TWO TAXI AEREO LTDA);BRASILEIRA;2026;1;SBJR;RIO DE JANEIRO;RJ;SUDESTE;BRASIL;AMÉRICA DO SUL;SBCF;CONFINS;MG;SUDESTE;BRASIL;AMÉRICA DO SUL;DOMÉSTICA;REGULAR;104;1;1154;0;0;57987;39416;8596;3721;4497;6443;17;437366;0;0;153;22703;31,9333;880
ACN;AZUL CONECTA LTDA. (EX TWO TAXI AEREO LTDA);BRASILEIRA;2026;1;SBJR;RIO DE JANEIRO;RJ;SUDESTE;BRASIL;AMÉRICA DO SUL;SBGL;RIO DE JANEIRO;RJ;SUDESTE;BRASIL;AMÉRICA DO SUL;DOMÉSTICA;REGULAR;0;0;53;0;0;0;0;34;1;88;23;1;1219;0;0;0;1512;0,683333;0
ACN;AZUL CONECTA LTDA. (EX TWO TAXI AEREO LTDA);BRASILEIRA;2026;1;SBJR;RIO DE JANEIRO;RJ;SUDESTE;BRASIL;AMÉRICA DO SUL;SBKP;CAMPINAS;SP;SUDESTE;BRASIL;AMÉRICA DO SUL;DOMÉSTICA;NÃO REGULAR;9;0;55;0;0;3465;3465;515;300;261;385;1;21175;0;0;9;1339;1,75;51
ACN;AZUL CONECTA LTDA. (EX TWO TAXI AEREO LTDA);BRASILEIRA;2026;1;SBJR;RIO DE JANEIRO;RJ;SUDESTE;BRASIL;AMÉRICA DO SUL;SBKP;CAMPINAS;SP;SUDESTE;BRASIL;AMÉRICA DO SUL;DOMÉSTICA;REGULAR;209;0;3002;0;0;97020;80465;14562;8043;6931;10780;28;1155770;0;0;252;37869;50,25;2255
ACN;AZUL CONECTA LTDA. (EX TWO TAXI AEREO LTDA);BRASILEIRA;2026;1;SBJU;JUAZEIRO DO NORTE;CE;NORDESTE;BRASIL;AMÉRICA DO SUL;SBRF;RECIFE;PE;NORDESTE;BRASIL;AMÉRICA DO SUL;DOMÉSTICA;REGULAR;0;0;0;0;0;0;0;638;0;296;490;1;0;0;0;0;1304;2,03333;0
ACN;AZUL CONECTA LTDA. (EX TWO TAXI AEREO LTDA);BRASILEIRA;2026;1;SBKG;CAMPINA GRANDE;PB;NORDESTE;BRASIL;AMÉRICA DO SUL;SBRF;RECIFE;PE;NORDESTE;BRASIL;AMÉRICA DO SUL;DOMÉSTICA;IMPRODUTIVO;0;0;0;0;0;0;0;0;0;101;143;1;0;0;0;0;0;0,8;0
ACN;AZUL CONECTA LTDA. (EX TWO TAXI AEREO LTDA);BRASILEIRA;2026;1;SBKP;CAMPINAS;SP;SUDESTE;BRASIL;AMÉRICA DO SUL;SBAQ;ARARAQUARA;SP;SUDESTE;BRASIL;AMÉRICA DO SUL;DOMÉSTICA;REGULAR;25;3;509;0;0;18252;4225;3002;438;1392;2028;12;86021;0;0;108;17808;11,0167;230
ACN;AZUL CONECTA LTDA. (EX TWO TAXI AEREO LTDA);BRASILEIRA;2026;1;SBKP;CAMPINAS;SP;SUDESTE;BRASIL;AMÉRICA DO SUL;SBCF;CONFINS;MG;SUDESTE;BRASIL;AMÉRICA DO SUL;DOMÉSTICA;NÃO REGULAR;0;0;10;0;0;0;0;1313;4;567;998;2;4990;0;0;0;2633;4;0
ACN;AZUL CONECTA LTDA. (EX TWO TAXI AEREO LTDA);BRASILEIRA;2026;1;SBKP;CAMPINAS;SP;SUDESTE;BRASIL;AMÉRICA DO SUL;SBCF;CONFINS;MG;SUDESTE;BRASIL;AMÉRICA DO SUL;DOMÉSTICA;REGULAR;0;0;65;0;0;0;0;1297;31;599;998;2;32435;0;0;0;2601;4,23333;0
ACN;AZUL CONECTA LTDA. (EX TWO TAXI AEREO LTDA);BRASILEIRA;2026;1;SBKP;CAMPINAS;SP;SUDESTE;BRASIL;AMÉRICA DO SUL;SBGL;RIO DE JANEIRO;RJ;SUDESTE;BRASIL;AMÉRICA DO SUL;DOMÉSTICA;REGULAR;0;0;94;0;0;0;0;539;37;245;398;1;37412;0;0;0;1355;1,83333;0
ACN;AZUL CONECTA LTDA. (EX TWO TAXI AEREO LTDA);BRASILEIRA;2026;1;SBKP;CAMPINAS;SP;SUDESTE;BRASIL;AMÉRICA DO SUL;SBJD;JUNDIAÍ;SP;SUDESTE;BRASIL;AMÉRICA DO SUL;DOMÉSTICA;IMPRODUTIVO;0;0;0;0;0;0;0;0;0;156;84;3;0;0;0;0;0;1,8;0
ACN;AZUL CONECTA LTDA. (EX TWO TAXI AEREO LTDA);BRASILEIRA;2026;1;SBKP;CAMPINAS;SP;SUDESTE;BRASIL;AMÉRICA DO SUL;SBJR;RIO DE JANEIRO;RJ;SUDESTE;BRASIL;AMÉRICA DO SUL;DOMÉSTICA;NÃO REGULAR;7;0;40;0;0;3465;2695;529;226;224;385;1;15400;0;0;9;1376;1,65;24
ACN;AZUL CONECTA LTDA. (EX TWO TAXI AEREO LTDA);BRASILEIRA;2026;1;SBKP;CAMPINAS;SP;SUDESTE;BRASIL;AMÉRICA DO SUL;SBJR;RIO DE JANEIRO;RJ;SUDESTE;BRASIL;AMÉRICA DO SUL;DOMÉSTICA;REGULAR;210;1;2531;0;0;97020;80850;14749;7733;6441;10780;28;974435;0;0;252;38359;47,8833;1845
ACN;AZUL CONECTA LTDA. (EX TWO TAXI AEREO LTDA);BRASILEIRA;2026;1;SBKP;CAMPINAS;SP;SUDESTE;BRASIL;AMÉRICA DO SUL;SBRP;RIBEIRÃO PRETO;SP;SUDESTE;BRASIL;AMÉRICA DO SUL;DOMÉSTICA;REGULAR;0;0;53;0;0;0;0;290;11;266;218;1;11554;0;0;0;1334;1,88333;0
ACN;AZUL CONECTA LTDA. (EX TWO TAXI AEREO LTDA);BRASILEIRA;2026;1;SBKP;CAMPINAS;SP;SUDESTE;BRASIL;AMÉRICA DO SUL;SIMK;FRANCA;SP;SUDESTE;BRASIL;AMÉRICA DO SUL;DOMÉSTICA;REGULAR;28;3;298;0;0;24300;7560;3830;726;1797;2700;10;80460;0;0;90;14203;13,5;301
ACN;AZUL CONECTA LTDA. (EX TWO TAXI AEREO LTDA);BRASILEIRA;2026;1;SBKP;CAMPINAS;SP;SUDESTE;BRASIL;AMÉRICA DO SUL;SNBA;BARRETOS;SP;SUDESTE;BRASIL;AMÉRICA DO SUL;DOMÉSTICA;REGULAR;0;0;15;0;0;0;0;430;4;208;309;1;4635;0;0;0;1392;1,51667;0
ACN;AZUL CONECTA LTDA. (EX TWO TAXI AEREO LTDA);BRASILEIRA;2026;1;SBLE;LENÇÓIS;BA;NORDESTE;BRASIL;AMÉRICA DO SUL;SBSV;SALVADOR;BA;NORDESTE;BRASIL;AMÉRICA DO SUL;DOMÉSTICA;REGULAR;0;0;0;0;0;0;0;453;0;200;324;1;0;0;0;0;1400;1,4;0
ACN;AZUL CONECTA LTDA. (EX TWO TAXI AEREO LTDA);BRASILEIRA;2026;1;SBMA;MARABÁ;PA;NORTE;BRASIL;AMÉRICA DO SUL;SBBE;BELÉM;PA;NORTE;BRASIL;AMÉRICA DO SUL;DOMÉSTICA;NÃO REGULAR;0;0;70;0;0;0;0;574;31;320;449;1;31430;0;0;0;1280;2,18333;0
ACN;AZUL CONECTA LTDA. (EX TWO TAXI AEREO LTDA);BRASILEIRA;2026;1;SBMD;ALMEIRIM;PA;NORTE;BRASIL;AMÉRICA DO SUL;SNMZ;PORTO DE MOZ;PA;NORTE;BRASIL;AMÉRICA DO SUL;DOMÉSTICA;REGULAR;20;0;709;0;0;5768;2060;1092;228;561;721;7;73027;0;0;56;10639;4,35;45
ACN;AZUL CONECTA LTDA. (EX TWO TAXI AEREO LTDA);BRASILEIRA;2026;1;SBMG;MARINGÁ;PR;SUL;BRASIL;AMÉRICA DO SUL;SBKP;CAMPINAS;SP;SUDESTE;BRASIL;AMÉRICA DO SUL;DOMÉSTICA;REGULAR;0;0;0;0;0;0;0;657;0;288;501;1;0;0;0;0;1312;2;0
ACN;AZUL CONECTA LTDA. (EX TWO TAXI AEREO LTDA);BRASILEIRA;2026;1;SBMK;MONTES CLAROS;MG;SUDESTE;BRASIL;AMÉRICA DO SUL;SBCF;CONFINS;MG;SUDESTE;BRASIL;AMÉRICA DO SUL;DOMÉSTICA;IMPRODUTIVO;0;0;0;0;0;0;0;0;0;173;325;1;0;0;0;0;0;1,33333;0
ACN;AZUL CONECTA LTDA. (EX TWO TAXI AEREO LTDA);BRASILEIRA;2026;1;SBMY;MANICORÉ;AM;NORTE;BRASIL;AMÉRICA DO SUL;SBEG;MANAUS;AM;NORTE;BRASIL;AMÉRICA DO SUL;DOMÉSTICA;REGULAR;27;1;260;0;0;27378;9126;4202;777;1957;3042;9;87880;0;0;81;12443;13,6833;28
ACN;AZUL CONECTA LTDA. (EX TWO TAXI AEREO LTDA);BRASILEIRA;2026;1;SBPV;PORTO VELHO;RO;NORTE;BRASIL;AMÉRICA DO SUL;SBEG;MANAUS;AM;NORTE;BRASIL;AMÉRICA DO SUL;DOMÉSTICA;REGULAR;51;0;652;0;0;47943;38811;7972;3756;3917;6849;9;496172;0;0;63;10483;26,1667;465
ACN;AZUL CONECTA LTDA. (EX TWO TAXI AEREO LTDA);BRASILEIRA;2026;1;SBRF;RECIFE;PE;NORDESTE;BRASIL;AMÉRICA DO SUL;SBJU;JUAZEIRO DO NORTE;CE;NORDESTE;BRASIL;AMÉRICA DO SUL;DOMÉSTICA;REGULAR;0;0;10;0;0;0;0;654;4;264;490;1;4900;0;0;0;1336;1,83333;0
ACN;AZUL CONECTA LTDA. (EX TWO TAXI AEREO LTDA);BRASILEIRA;2026;1;SBRF;RECIFE;PE;NORDESTE;BRASIL;AMÉRICA DO SUL;SNGN;GARANHUNS;PE;NORDESTE;BRASIL;AMÉRICA DO SUL;DOMÉSTICA;REGULAR;0;0;80;0;0;0;0;1388;13;604;940;5;15040;0;0;0;7396;4,86667;0
ACN;AZUL CONECTA LTDA. (EX TWO TAXI AEREO LTDA);BRASILEIRA;2026;1;SBRF;RECIFE;PE;NORDESTE;BRASIL;AMÉRICA DO SUL;SNHS;SERRA TALHADA;PE;NORDESTE;BRASIL;AMÉRICA DO SUL;DOMÉSTICA;REGULAR;39;0;525;0;0;36000;14625;7050;1366;3595;5250;14;196875;0;0;96;18805;25,6167;213
ACN;AZUL CONECTA LTDA. (EX TWO TAXI AEREO LTDA);BRASILEIRA;2026;1;SBRF;RECIFE;PE;NORDESTE;BRASIL;AMÉRICA DO SUL;SNRU;CARUARU;PE;NORDESTE;BRASIL;AMÉRICA DO SUL;DOMÉSTICA;REGULAR;10;3;282;0;0;8712;1210;1442;129;858;968;8;34122;0;0;72;11942;6,8;60
ACN;AZUL CONECTA LTDA. (EX TWO TAXI AEREO LTDA);BRASILEIRA;2026;1;SBRF;RECIFE;PE;NORDESTE;BRASIL;AMÉRICA DO SUL;SNTS;PATOS;PB;NORDESTE;BRASIL;AMÉRICA DO SUL;DOMÉSTICA;REGULAR;40;2;1640;0;0;22720;11360;5254;1423;2275;3692;13;465760;0;0;80;18525;17,75;397
ACN;AZUL CONECTA LTDA. (EX TWO TAXI AEREO LTDA);BRASILEIRA;2026;1;SBRP;RIBEIRÃO PRETO;SP;SUDESTE;BRASIL;AMÉRICA DO SUL;SBJD;JUNDIAÍ;SP;SUDESTE;BRASIL;AMÉRICA DO SUL;DOMÉSTICA;NÃO REGULAR;0;0;0;0;0;0;0;340;0;197;243;1;0;0;0;0;1403;1,43333;0
ACN;AZUL CONECTA LTDA. (EX TWO TAXI AEREO LTDA);BRASILEIRA;2026;1;SBRP;RIBEIRÃO PRETO;SP;SUDESTE;BRASIL;AMÉRICA DO SUL;SBKP;CAMPINAS;SP;SUDESTE;BRASIL;AMÉRICA DO SUL;DOMÉSTICA;IMPRODUTIVO;0;0;0;0;0;0;0;0;0;125;218;1;0;0;0;0;0;1,03333;0
ACN;AZUL CONECTA LTDA. (EX TWO TAXI AEREO LTDA);BRASILEIRA;2026;1;SBSJ;SÃO JOSÉ DOS CAMPOS;SP;SUDESTE;BRASIL;AMÉRICA DO SUL;SBGP;GAVIÃO PEIXOTO;SP;SUDESTE;BRASIL;AMÉRICA DO SUL;DOMÉSTICA;NÃO REGULAR;0;0;10;0;0;0;0;32130;77;638;23160;3;77200;0;0;0;4162;4,83333;0
ACN;AZUL CONECTA LTDA. (EX TWO TAXI AEREO LTDA);BRASILEIRA;2026;1;SBSJ;SÃO JOSÉ DOS CAMPOS;SP;SUDESTE;BRASIL;AMÉRICA DO SUL;SBJD;JUNDIAÍ;SP;SUDESTE;BRASIL;AMÉRICA DO SUL;DOMÉSTICA;NÃO REGULAR;0;0;0;0;0;0;0;664;0;352;440;4;0;0;0;0;6048;2,98333;0
ACN;AZUL CONECTA LTDA. (EX TWO TAXI AEREO LTDA);BRASILEIRA;2026;1;SBSR;SÃO JOSÉ DO RIO PRETO;SP;SUDESTE;BRASIL;AMÉRICA DO SUL;SBJD;JUNDIAÍ;SP;SUDESTE;BRASIL;AMÉRICA DO SUL;DOMÉSTICA;IMPRODUTIVO;0;0;0;0;0;0;0;0;0;240;365;1;0;0;0;0;0;1,58333;0
ACN;AZUL CONECTA LTDA. (EX TWO TAXI AEREO LTDA);BRASILEIRA;2026;1;SBSR;SÃO JOSÉ DO RIO PRETO;SP;SUDESTE;BRASIL;AMÉRICA DO SUL;SBJD;JUNDIAÍ;SP;SUDESTE;BRASIL;AMÉRICA DO SUL;DOMÉSTICA;REGULAR;0;0;0;0;0;0;0;499;0;232;365;1;0;0;0;0;1368;1,6;0
ACN;AZUL CONECTA LTDA. (EX TWO TAXI AEREO LTDA);BRASILEIRA;2026;1;SBSV;SALVADOR;BA;NORDESTE;BRASIL;AMÉRICA DO SUL;SBCF;CONFINS;MG;SUDESTE;BRASIL;AMÉRICA DO SUL;DOMÉSTICA;REGULAR;0;0;10;0;0;0;0;1067;9;488;960;1;9600;0;0;0;1112;3,23333;0
ACN;AZUL CONECTA LTDA. (EX TWO TAXI AEREO LTDA);BRASILEIRA;2026;1;SBTU;TUCURUÍ;PA;NORTE;BRASIL;AMÉRICA DO SUL;SBBE;BELÉM;PA;NORTE;BRASIL;AMÉRICA DO SUL;DOMÉSTICA;NÃO REGULAR;0;0;0;0;0;2700;0;424;0;186;300;1;0;0;0;9;1414;1,35;0
ACN;AZUL CONECTA LTDA. (EX TWO TAXI AEREO LTDA);BRASILEIRA;2026;1;SBTU;TUCURUÍ;PA;NORTE;BRASIL;AMÉRICA DO SUL;SBBE;BELÉM;PA;NORTE;BRASIL;AMÉRICA DO SUL;DOMÉSTICA;REGULAR;0;0;71;0;0;2700;0;855;21;346;600;2;21300;0;0;9;2854;2,5;0
ACN;AZUL CONECTA LTDA. (EX TWO TAXI AEREO LTDA);BRASILEIRA;2026;1;SBTU;TUCURUÍ;PA;NORTE;BRASIL;AMÉRICA DO SUL;SNEB;PARAGOMINAS;PA;NORTE;BRASIL;AMÉRICA DO SUL;DOMÉSTICA;REGULAR;19;0;624;0;0;25200;5320;3931;583;1945;2800;10;174720;0;0;90;14055;13,2;50
ACN;AZUL CONECTA LTDA. (EX TWO TAXI AEREO LTDA);BRASILEIRA;2026;1;SBUL;UBERLÂNDIA;MG;SUDESTE;BRASIL;AMÉRICA DO SUL;SBUL;UBERLÂNDIA;MG;SUDESTE;BRASIL;AMÉRICA DO SUL;DOMÉSTICA;IMPRODUTIVO;0;0;0;0;0;0;0;0;0;5460;0;22;0;0;0;0;29740;38,95;0
ACN;AZUL CONECTA LTDA. (EX TWO TAXI AEREO LTDA);BRASILEIRA;2026;1;SBVG;VARGINHA;MG;SUDESTE;BRASIL;AMÉRICA DO SUL;SBCF;CONFINS;MG;SUDESTE;BRASIL;AMÉRICA DO SUL;DOMÉSTICA;REGULAR;64;0;544;0;0;25824;17216;4601;1616;2067;3228;12;146336;0;0;96;17133;15,7833;686
ACN;AZUL CONECTA LTDA. (EX TWO TAXI AEREO LTDA);BRASILEIRA;2026;1;SDOW;OURILÂNDIA DO NORTE;PA;NORTE;BRASIL;AMÉRICA DO SUL;SBBE;BELÉM;PA;NORTE;BRASIL;AMÉRICA DO SUL;DOMÉSTICA;REGULAR;7;0;148;0;0;21184;4634;3131;474;1668;2648;4;97976;0;0;32;4732;11,3167;45
ACN;AZUL CONECTA LTDA. (EX TWO TAXI AEREO LTDA);BRASILEIRA;2026;1;SDOW;OURILÂNDIA DO NORTE;PA;NORTE;BRASIL;AMÉRICA DO SUL;SBCJ;PARAUAPEBAS;PA;NORTE;BRASIL;AMÉRICA DO SUL;DOMÉSTICA;REGULAR;20;0;302;0;0;4896;2720;811;247;420;544;4;41072;0;0;36;5980;3,1;29
ACN;AZUL CONECTA LTDA. (EX TWO TAXI AEREO LTDA);BRASILEIRA;2026;1;SIMK;FRANCA;SP;SUDESTE;BRASIL;AMÉRICA DO SUL;SBKP;CAMPINAS;SP;SUDESTE;BRASIL;AMÉRICA DO SUL;DOMÉSTICA;REGULAR;2;0;30;0;0;4860;540;772;54;338;540;2;8100;0;0;18;2862;2,56667;23
ACN;AZUL CONECTA LTDA. (EX TWO TAXI AEREO LTDA);BRASILEIRA;2026;1;SIMK;FRANCA;SP;SUDESTE;BRASIL;AMÉRICA DO SUL;SNBA;BARRETOS;SP;SUDESTE;BRASIL;AMÉRICA DO SUL;DOMÉSTICA;REGULAR;5;0;135;0;0;9072;630;1522;61;690;1008;8;17010;0;0;72;12110;5,63333;0
ACN;AZUL CONECTA LTDA. (EX TWO TAXI AEREO LTDA);BRASILEIRA;2026;1;SJZA;CAJAZEIRAS;PB;NORDESTE;BRASIL;AMÉRICA DO SUL;SBRF;RECIFE;PE;NORDESTE;BRASIL;AMÉRICA DO SUL;DOMÉSTICA;REGULAR;21;2;471;0;0;42570;9030;6304;890;2932;4730;11;202530;0;0;99;14668;19,55;36
ACN;AZUL CONECTA LTDA. (EX TWO TAXI AEREO LTDA);BRASILEIRA;2026;1;SNAB;ARARIPINA;PE;NORDESTE;BRASIL;AMÉRICA DO SUL;SBKG;CAMPINA GRANDE;PB;NORDESTE;BRASIL;AMÉRICA DO SUL;DOMÉSTICA;REGULAR;0;0;71;0;0;0;0;635;36;362;513;1;36423;0;0;0;1238;2,25;0
ACN;AZUL CONECTA LTDA. (EX TWO TAXI AEREO LTDA);BRASILEIRA;2026;1;SNAB;ARARIPINA;PE;NORDESTE;BRASIL;AMÉRICA DO SUL;SBRF;RECIFE;PE;NORDESTE;BRASIL;AMÉRICA DO SUL;DOMÉSTICA;NÃO REGULAR;0;0;0;0;0;5589;0;753;0;386;621;1;0;0;0;9;1214;2,55;0
ACN;AZUL CONECTA LTDA. (EX TWO TAXI AEREO LTDA);BRASILEIRA;2026;1;SNAB;ARARIPINA;PE;NORDESTE;BRASIL;AMÉRICA DO SUL;SBRF;RECIFE;PE;NORDESTE;BRASIL;AMÉRICA DO SUL;DOMÉSTICA;REGULAR;21;0;434;0;0;39123;13041;5328;1259;2613;4347;7;269514;0;0;63;8587;17,2333;22
ACN;AZUL CONECTA LTDA. (EX TWO TAXI AEREO LTDA);BRASILEIRA;2026;1;SNBA;BARRETOS;SP;SUDESTE;BRASIL;AMÉRICA DO SUL;SBKP;CAMPINAS;SP;SUDESTE;BRASIL;AMÉRICA DO SUL;DOMÉSTICA;REGULAR;6;2;15;0;0;22248;1854;3878;142;1832;2781;9;4635;0;0;72;12568;13,0333;0
ACN;AZUL CONECTA LTDA. (EX TWO TAXI AEREO LTDA);BRASILEIRA;2026;1;SNDV;DIVINÓPOLIS;MG;SUDESTE;BRASIL;AMÉRICA DO SUL;SBBH;BELO HORIZONTE;MG;SUDESTE;BRASIL;AMÉRICA DO SUL;DOMÉSTICA;REGULAR;0;0;30;0;0;0;0;149;3;152;103;1;3090;0;0;0;1448;1,15;0
ACN;AZUL CONECTA LTDA. (EX TWO TAXI AEREO LTDA);BRASILEIRA;2026;1;SNDV;DIVINÓPOLIS;MG;SUDESTE;BRASIL;AMÉRICA DO SUL;SBCF;CONFINS;MG;SUDESTE;BRASIL;AMÉRICA DO SUL;DOMÉSTICA;REGULAR;55;3;180;0;0;20340;6215;3391;548;1906;2260;20;20340;0;0;180;30094;15,5667;634
ACN;AZUL CONECTA LTDA. (EX TWO TAXI AEREO LTDA);BRASILEIRA;2026;1;SNEB;PARAGOMINAS;PA;NORTE;BRASIL;AMÉRICA DO SUL;SBBE;BELÉM;PA;NORTE;BRASIL;AMÉRICA DO SUL;DOMÉSTICA;REGULAR;18;1;593;0;0;20070;4014;3562;435;1614;2453;11;132239;0;0;90;15986;11,7167;16
ACN;AZUL CONECTA LTDA. (EX TWO TAXI AEREO LTDA);BRASILEIRA;2026;1;SNGN;GARANHUNS;PE;NORDESTE;BRASIL;AMÉRICA DO SUL;SBRF;RECIFE;PE;NORDESTE;BRASIL;AMÉRICA DO SUL;DOMÉSTICA;REGULAR;9;0;119;0;0;6768;1692;2211;156;1021;1504;8;22372;0;0;36;11779;7,45;63
ACN;AZUL CONECTA LTDA. (EX TWO TAXI AEREO LTDA);BRASILEIRA;2026;1;SNHS;SERRA TALHADA;PE;NORDESTE;BRASIL;AMÉRICA DO SUL;SBRF;RECIFE;PE;NORDESTE;BRASIL;AMÉRICA DO SUL;DOMÉSTICA;REGULAR;0;0;50;0;0;3375;0;2369;17;1682;1875;5;18750;0;0;9;6318;11,1;0
ACN;AZUL CONECTA LTDA. (EX TWO TAXI AEREO LTDA);BRASILEIRA;2026;1;SNHS;SERRA TALHADA;PE;NORDESTE;BRASIL;AMÉRICA DO SUL;SNAB;ARARIPINA;PE;NORDESTE;BRASIL;AMÉRICA DO SUL;DOMÉSTICA;REGULAR;12;0;333;0;0;17928;2988;3250;307;1340;2241;9;82917;0;0;72;13060;9,4;12
ACN;AZUL CONECTA LTDA. (EX TWO TAXI AEREO LTDA);BRASILEIRA;2026;1;SNJM;MANHUAÇU;MG;SUDESTE;BRASIL;AMÉRICA DO SUL;SBCF;CONFINS;MG;SUDESTE;BRASIL;AMÉRICA DO SUL;DOMÉSTICA;REGULAR;26;3;276;0;0;21600;5200;3492;502;1716;2400;12;55200;0;0;108;17484;12,8333;290
ACN;AZUL CONECTA LTDA. (EX TWO TAXI AEREO LTDA);BRASILEIRA;2026;1;SNLN;LINHARES;ES;SUDESTE;BRASIL;AMÉRICA DO SUL;SBCF;CONFINS;MG;SUDESTE;BRASIL;AMÉRICA DO SUL;DOMÉSTICA;REGULAR;71;1;866;0;0;40590;29110;6046;2811;2838;4510;11;355060;0;0;99;14762;19,9;680
ACN;AZUL CONECTA LTDA. (EX TWO TAXI AEREO LTDA);BRASILEIRA;2026;1;SNMZ;PORTO DE MOZ;PA;NORTE;BRASIL;AMÉRICA DO SUL;SNVS;BREVES;PA;NORTE;BRASIL;AMÉRICA DO SUL;DOMÉSTICA;REGULAR;12;0;741;0;0;12600;2400;2324;335;1171;1600;8;148200;0;0;63;11629;8,11667;46
ACN;AZUL CONECTA LTDA. (EX TWO TAXI AEREO LTDA);BRASILEIRA;2026;1;SNPD;PATOS DE MINAS;MG;SUDESTE;BRASIL;AMÉRICA DO SUL;SBCF;CONFINS;MG;SUDESTE;BRASIL;AMÉRICA DO SUL;DOMÉSTICA;REGULAR;62;2;490;0;0;30780;17670;4848;1656;2172;3420;12;139650;0;0;108;17028;16,4;688
ACN;AZUL CONECTA LTDA. (EX TWO TAXI AEREO LTDA);BRASILEIRA;2026;1;SNRU;CARUARU;PE;NORDESTE;BRASIL;AMÉRICA DO SUL;SBRF;RECIFE;PE;NORDESTE;BRASIL;AMÉRICA DO SUL;DOMÉSTICA;REGULAR;4;0;103;0;0;1089;484;705;47;550;484;4;12463;0;0;9;5850;4,03333;4
ACN;AZUL CONECTA LTDA. (EX TWO TAXI AEREO LTDA);BRASILEIRA;2026;1;SNRU;CARUARU;PE;NORDESTE;BRASIL;AMÉRICA DO SUL;SNGN;GARANHUNS;PE;NORDESTE;BRASIL;AMÉRICA DO SUL;DOMÉSTICA;REGULAR;3;0;0;0;0;2844;237;483;19;255;316;4;0;0;0;36;6145;2,08333;21
ACN;AZUL CONECTA LTDA. (EX TWO TAXI AEREO LTDA);BRASILEIRA;2026;1;SNSM;SALINÓPOLIS;PA;NORTE;BRASIL;AMÉRICA DO SUL;SBBE;BELÉM;PA;NORTE;BRASIL;AMÉRICA DO SUL;DOMÉSTICA;REGULAR;11;0;40;0;0;9324;1628;1529;131;849;1036;7;5920;0;0;63;10351;6,13333;38
ACN;AZUL CONECTA LTDA. (EX TWO TAXI AEREO LTDA);BRASILEIRA;2026;1;SNSS;SALINAS;MG;SUDESTE;BRASIL;AMÉRICA DO SUL;SBCF;CONFINS;MG;SUDESTE;BRASIL;AMÉRICA DO SUL;DOMÉSTICA;REGULAR;60;0;952;0;0;37620;25080;5655;2551;2457;4180;10;397936;0;0;90;13543;17,0167;660
ACN;AZUL CONECTA LTDA. (EX TWO TAXI AEREO LTDA);BRASILEIRA;2026;1;SNTO;TEÓFILO OTONI;MG;SUDESTE;BRASIL;AMÉRICA DO SUL;SBCF;CONFINS;MG;SUDESTE;BRASIL;AMÉRICA DO SUL;DOMÉSTICA;REGULAR;60;1;684;0;0;26163;19380;4073;1874;1773;2907;9;220932;0;0;81;12627;12,5167;630
ACN;AZUL CONECTA LTDA. (EX TWO TAXI AEREO LTDA);BRASILEIRA;2026;1;SNTS;PATOS;PB;NORDESTE;BRASIL;AMÉRICA DO SUL;SBRF;RECIFE;PE;NORDESTE;BRASIL;AMÉRICA DO SUL;DOMÉSTICA;REGULAR;0;0;85;0;0;0;0;808;23;352;568;2;24140;0;0;0;2848;2,46667;0
ACN;AZUL CONECTA LTDA. (EX TWO TAXI AEREO LTDA);BRASILEIRA;2026;1;SNTS;PATOS;PB;NORDESTE;BRASIL;AMÉRICA DO SUL;SJZA;CAJAZEIRAS;PB;NORDESTE;BRASIL;AMÉRICA DO SUL;DOMÉSTICA;REGULAR;36;0;569;0;0;14949;5436;2498;497;1031;1661;11;85919;0;0;99;16569;8,05;66
ACN;AZUL CONECTA LTDA. (EX TWO TAXI AEREO LTDA);BRASILEIRA;2026;1;SNVS;BREVES;PA;NORTE;BRASIL;AMÉRICA DO SUL;SBBE;BELÉM;PA;NORTE;BRASIL;AMÉRICA DO SUL;DOMÉSTICA;NÃO REGULAR;0;0;758;0;0;0;0;2841;164;1461;1980;9;166760;0;0;0;12939;10,5833;0
ACN;AZUL CONECTA LTDA. (EX TWO TAXI AEREO LTDA);BRASILEIRA;2026;1;SNVS;BREVES;PA;NORTE;BRASIL;AMÉRICA DO SUL;SBBE;BELÉM;PA;NORTE;BRASIL;AMÉRICA DO SUL;DOMÉSTICA;REGULAR;18;0;780;0;0;13860;3960;2529;470;1286;1760;8;171600;0;0;63;11514;9,16667;24
ACN;AZUL CONECTA LTDA. (EX TWO TAXI AEREO LTDA);BRASILEIRA;2026;1;SNZR;PARACATU;MG;SUDESTE;BRASIL;AMÉRICA DO SUL;SBCF;CONFINS;MG;SUDESTE;BRASIL;AMÉRICA DO SUL;DOMÉSTICA;IMPRODUTIVO;0;0;0;0;0;0;0;0;0;322;405;1;0;0;0;0;0;2,18333;0
ACN;AZUL CONECTA LTDA. (EX TWO TAXI AEREO LTDA);BRASILEIRA;2026;1;SNZR;PARACATU;MG;SUDESTE;BRASIL;AMÉRICA DO SUL;SBCF;CONFINS;MG;SUDESTE;BRASIL;AMÉRICA DO SUL;DOMÉSTICA;REGULAR;20;0;153;0;0;25515;8100;3822;755;1757;2835;7;61965;0;0;63;9443;12,6167;220
ACN;AZUL CONECTA LTDA. (EX TWO TAXI AEREO LTDA);BRASILEIRA;2026;1;SNZR;PARACATU;MG;SUDESTE;BRASIL;AMÉRICA DO SUL;SNZR;PARACATU;MG;SUDESTE;BRASIL;AMÉRICA DO SUL;DOMÉSTICA;IMPRODUTIVO;0;0;0;0;0;0;0;0;0;3;0;1;0;0;0;0;1597;0,166667;0
ACN;AZUL CONECTA LTDA. (EX TWO TAXI AEREO LTDA);BRASILEIRA;2026;1;SSGY;GUAÍRA;PR;SUL;BRASIL;AMÉRICA DO SUL;SBCT;SÃO JOSÉ DOS PINHAIS;PR;SUL;BRASIL;AMÉRICA DO SUL;DOMÉSTICA;REGULAR;29;0;380;0;0;57348;15399;8227;1365;3695;6372;12;201780;0;0;108;15505;24,5333;27
ACN;AZUL CONECTA LTDA. (EX TWO TAXI AEREO LTDA);BRASILEIRA;2026;1;SSOU;ARIPUANÃ;MT;CENTRO-OESTE;BRASIL;AMÉRICA DO SUL;SBCY;VÁRZEA GRANDE;MT;CENTRO-OESTE;BRASIL;AMÉRICA DO SUL;DOMÉSTICA;REGULAR;130;0;633;0;0;113120;91910;16456;8227;8710;14140;20;447531;0;0;160;23290;57,55;1270
ACN;AZUL CONECTA LTDA. (EX TWO TAXI AEREO LTDA);BRASILEIRA;2026;1;SSUM;UMUARAMA;PR;SUL;BRASIL;AMÉRICA DO SUL;SBCT;SÃO JOSÉ DOS PINHAIS;PR;SUL;BRASIL;AMÉRICA DO SUL;DOMÉSTICA;REGULAR;25;0;522;0;0;37260;11500;7998;1195;3400;5980;13;240120;0;0;81;17400;22,8667;213
ACN;AZUL CONECTA LTDA. (EX TWO TAXI AEREO LTDA);BRASILEIRA;2026;1;SSUV;UNIÃO DA VITÓRIA;PR;SUL;BRASIL;AMÉRICA DO SUL;SBCT;SÃO JOSÉ DOS PINHAIS;PR;SUL;BRASIL;AMÉRICA DO SUL;DOMÉSTICA;REGULAR;8;0;392;0;0;10045;1640;2108;204;896;1435;7;80360;0;0;49;10304;6,31667;18
ACN;AZUL CONECTA LTDA. (EX TWO TAXI AEREO LTDA);BRASILEIRA;2026;1;SSVL;TELÊMACO BORBA;PR;SUL;BRASIL;AMÉRICA DO SUL;SSUM;UMUARAMA;PR;SUL;BRASIL;AMÉRICA DO SUL;DOMÉSTICA;REGULAR;5;0;250;0;0;17388;1380;2743;173;1252;1932;7;69000;0;0;63;9948;8,6;15
ACN;AZUL CONECTA LTDA. (EX TWO TAXI AEREO LTDA);BRASILEIRA;2026;1;SWBC;BARCELOS;AM;NORTE;BRASIL;AMÉRICA DO SUL;SBEG;MANAUS;AM;NORTE;BRASIL;AMÉRICA DO SUL;DOMÉSTICA;REGULAR;76;1;950;0;0;63666;29868;9544;2653;4495;7074;18;373350;0;0;162;24305;30,2167;117
ACN;AZUL CONECTA LTDA. (EX TWO TAXI AEREO LTDA);BRASILEIRA;2026;1;SWBR;BORBA;AM;NORTE;BRASIL;AMÉRICA DO SUL;SBEG;MANAUS;AM;NORTE;BRASIL;AMÉRICA DO SUL;DOMÉSTICA;REGULAR;12;2;550;0;0;8640;1920;1421;230;701;960;6;88000;0;0;54;8899;5,06667;15
ACN;AZUL CONECTA LTDA. (EX TWO TAXI AEREO LTDA);BRASILEIRA;2026;1;SWLB;LÁBREA;AM;NORTE;BRASIL;AMÉRICA DO SUL;SBEG;MANAUS;AM;NORTE;BRASIL;AMÉRICA DO SUL;DOMÉSTICA;NÃO REGULAR;0;0;0;0;0;6327;0;814;0;442;703;1;0;0;0;9;1158;2,9;0
ACN;AZUL CONECTA LTDA. (EX TWO TAXI AEREO LTDA);BRASILEIRA;2026;1;SWLB;LÁBREA;AM;NORTE;BRASIL;AMÉRICA DO SUL;SBPV;PORTO VELHO;RO;NORTE;BRASIL;AMÉRICA DO SUL;DOMÉSTICA;REGULAR;13;0;133;0;0;13608;2457;2204;212;1123;1512;8;25137;0;0;72;11677;7,95;24
ACN;AZUL CONECTA LTDA. (EX TWO TAXI AEREO LTDA);BRASILEIRA;2026;1;SWMW;MAUÉS;AM;NORTE;BRASIL;AMÉRICA DO SUL;SWBR;BORBA;AM;NORTE;BRASIL;AMÉRICA DO SUL;DOMÉSTICA;REGULAR;14;0;280;0;0;17280;3360;2773;319;1227;1920;8;67200;0;0;72;11573;8,58333;14
AEA;AIR EUROPA LINEAS AEREAS SOCIEDAD ANONIMA;ESTRANGEIRA;2026;1;LEMD;MADRID;;;ESPANHA;EUROPA;SBGR;GUARULHOS;SP;SUDESTE;BRASIL;AMÉRICA DO SUL;INTERNACIONAL;REGULAR;9851;169;158315;0;393;87994134;82531678;14436142;8757493;0;259718;31;1326363056;0;3292554;10503;1723104;329,598;0
AEA;AIR EUROPA LINEAS AEREAS SOCIEDAD ANONIMA;ESTRANGEIRA;2026;1;LEMD;MADRID;;;ESPANHA;EUROPA;SBSV;SALVADOR;BA;NORDESTE;BRASIL;AMÉRICA DO SUL;INTERNACIONAL;REGULAR;3634;82;22713;0;0;29024284;25190888;4714275;2424620;0;90116;13;157446516;0;0;4187;680075;116,917;0
AEA;AIR EUROPA LINEAS AEREAS SOCIEDAD ANONIMA;ESTRANGEIRA;2026;1;SBGR;GUARULHOS;SP;SUDESTE;BRASIL;AMÉRICA DO SUL;LEMD;MADRID;;;ESPANHA;EUROPA;INTERNACIONAL;REGULAR;9677;185;248318;0;0;88044402;81073906;14436142;9377043;0;259718;31;2080408204;0;0;10509;1723104;305,883;0
AEA;AIR EUROPA LINEAS AEREAS SOCIEDAD ANONIMA;ESTRANGEIRA;2026;1;SBSV;SALVADOR;BA;NORDESTE;BRASIL;AMÉRICA DO SUL;LEMD;MADRID;;;ESPANHA;EUROPA;INTERNACIONAL;REGULAR;3825;96;47782;0;0;29024284;26514900;4714275;2717560;0;90116;13;331224824;0;0;4187;680075;110,034;0
AEB;AVION EXPRESS BRASIL LTDA;BRASILEIRA;2026;1;SBKP;CAMPINAS;SP;SUDESTE;BRASIL;AMÉRICA DO SUL;SBGL;RIO DE JANEIRO;RJ;SUDESTE;BRASIL;AMÉRICA DO SUL;DOMÉSTICA;IMPRODUTIVO;0;0;0;0;0;0;0;0;0;1447;398;1;0;0;0;0;0;0,967;0
AEB;AVION EXPRESS BRASIL LTDA;BRASILEIRA;2026;1;SBKP;CAMPINAS;SP;SUDESTE;BRASIL;AMÉRICA DO SUL;SBKP;CAMPINAS;SP;SUDESTE;BRASIL;AMÉRICA DO SUL;DOMÉSTICA;IMPRODUTIVO;0;0;0;0;0;;0;;;2303;;1;0;;0;0;0;2,067;0
AFR;SOCIÉTÉ AIR FRANCE;ESTRANGEIRA;2026;1;LFPG;PARIS;;;FRANÇA;EUROPA;SBFZ;FORTALEZA;CE;NORDESTE;BRASIL;AMÉRICA DO SUL;INTERNACIONAL;REGULAR;5147;76;39950;3849;0;40937857;36435613;7094569;3562001;0;134501;19;282806051;27247071;0;5783;1002200;171,7;0
AFR;SOCIÉTÉ AIR FRANCE;ESTRANGEIRA;2026;1;LFPG;PARIS;;;FRANÇA;EUROPA;SBGL;RIO DE JANEIRO;RJ;SUDESTE;BRASIL;AMÉRICA DO SUL;INTERNACIONAL;REGULAR;13726;260;286424;11958;29;140010080;126059584;24293516;13976122;0;394912;43;2630518016;109822272;266336;15245;2645200;491,415;0
AFR;SOCIÉTÉ AIR FRANCE;ESTRANGEIRA;2026;1;LFPG;PARIS;;;FRANÇA;EUROPA;SBGR;GUARULHOS;SP;SUDESTE;BRASIL;AMÉRICA DO SUL;INTERNACIONAL;REGULAR;17025;166;527144;13908;9425;173794995;160120125;34126966;19457215;0;573705;61;4957789286;130804740;88642125;18479;3628600;722,334;0
AFR;SOCIÉTÉ AIR FRANCE;ESTRANGEIRA;2026;1;LFPG;PARIS;;;FRANÇA;EUROPA;SBSV;SALVADOR;BA;NORDESTE;BRASIL;AMÉRICA DO SUL;INTERNACIONAL;REGULAR;5579;65;22541;3216;0;49395400;44447893;7897683;4179885;0;151373;19;179584146;25621872;0;6200;991300;189,95;0
AFR;SOCIÉTÉ AIR FRANCE;ESTRANGEIRA;2026;1;SBBE;BELÉM;PA;NORTE;BRASIL;AMÉRICA DO SUL;SOCA;CAYENNE;;;GUIANA FRANCESA;AMÉRICA DO SUL;INTERNACIONAL;REGULAR;679;8;0;0;0;691900;552706;70231;49742;0;4070;5;0;0;0;850;86280;7,166;0
AFR;SOCIÉTÉ AIR FRANCE;ESTRANGEIRA;2026;1;SBFZ;FORTALEZA;CE;NORDESTE;BRASIL;AMÉRICA DO SUL;LFPG;PARIS;;;FRANÇA;EUROPA;INTERNACIONAL;REGULAR;5487;116;103805;4192;0;40937857;38842473;7094569;4230649;0;134501;19;734835595;29675168;0;5783;1002200;164,215;0
AFR;SOCIÉTÉ AIR FRANCE;ESTRANGEIRA;2026;1;SBFZ;FORTALEZA;CE;NORDESTE;BRASIL;AMÉRICA DO SUL;SOCA;CAYENNE;;;GUIANA FRANCESA;AMÉRICA DO SUL;INTERNACIONAL;REGULAR;473;4;0;42;0;1230120;855657;128076;77007;0;7236;4;0;75978;0;680;70800;10,767;0
AFR;SOCIÉTÉ AIR FRANCE;ESTRANGEIRA;2026;1;SBGL;RIO DE JANEIRO;RJ;SUDESTE;BRASIL;AMÉRICA DO SUL;LFPG;PARIS;;;FRANÇA;EUROPA;INTERNACIONAL;REGULAR;14279;326;143976;11209;0;137062016;131138336;23707577;13124703;0;385728;42;1322275584;102943456;0;14924;2581400;457,582;0
AFR;SOCIÉTÉ AIR FRANCE;ESTRANGEIRA;2026;1;SBGR;GUARULHOS;SP;SUDESTE;BRASIL;AMÉRICA DO SUL;LFPG;PARIS;;;FRANÇA;EUROPA;INTERNACIONAL;REGULAR;16763;255;391797;13890;2888;170249310;157656015;33641668;17901027;0;564300;60;3684850809;130635450;27161640;18102;3577000;672,128;0
AFR;SOCIÉTÉ AIR FRANCE;ESTRANGEIRA;2026;1;SBGR;GUARULHOS;SP;SUDESTE;BRASIL;AMÉRICA DO SUL;SBGL;RIO DE JANEIRO;RJ;SUDESTE;BRASIL;AMÉRICA DO SUL;INTERNACIONAL;REGULAR;293;2;4059;235;103;110536;98741;17389;10289;0;337;1;1367883;79195;34711;328;51600;2;0
AFR;SOCIÉTÉ AIR FRANCE;ESTRANGEIRA;2026;1;SBSV;SALVADOR;BA;NORDESTE;BRASIL;AMÉRICA DO SUL;LFPG;PARIS;;;FRANÇA;EUROPA;INTERNACIONAL;REGULAR;5791;113;22279;3216;0;49395400;46136897;7897683;4329806;0;151373;19;177496790;25621872;0;6200;991300;180,017;0
AFR;SOCIÉTÉ AIR FRANCE;ESTRANGEIRA;2026;1;SOCA;CAYENNE;;;GUIANA FRANCESA;AMÉRICA DO SUL;SBBE;BELÉM;PA;NORTE;BRASIL;AMÉRICA DO SUL;INTERNACIONAL;REGULAR;490;3;0;0;0;690272;398860;69975;35895;0;4070;5;0;0;0;848;85965;7,05;0
AFR;SOCIÉTÉ AIR FRANCE;ESTRANGEIRA;2026;1;SOCA;CAYENNE;;;GUIANA FRANCESA;AMÉRICA DO SUL;SBFZ;FORTALEZA;CE;NORDESTE;BRASIL;AMÉRICA DO SUL;INTERNACIONAL;REGULAR;316;2;0;43;0;1230120;571644;128076;51446;0;7236;4;0;77787;0;680;70800;10,684;0
AMX;AEROVÍAS DE MÉXICO S.A DE C.V - AEROMÉXICO;ESTRANGEIRA;2026;1;MMMX;MEXICO;;;MÉXICO;AMÉRICA DO NORTE;SBGR;GUARULHOS;SP;SUDESTE;BRASIL;AMÉRICA DO SUL;INTERNACIONAL;REGULAR;7400;0;184918;0;0;60192434;55004200;11788959;6324857;0;230423;31;1374495496;0;0;8098;1586030;307,898;0
AMX;AEROVÍAS DE MÉXICO S.A DE C.V - AEROMÉXICO;ESTRANGEIRA;2026;1;SBGR;GUARULHOS;SP;SUDESTE;BRASIL;AMÉRICA DO SUL;MMMX;MEXICO;;;MÉXICO;AMÉRICA DO NORTE;INTERNACIONAL;NÃO REGULAR;380;0;24906;0;0;3984088;2824540;793324;439334;0;14866;2;185126296;0;0;536;106730;18,234;0
AMX;AEROVÍAS DE MÉXICO S.A DE C.V - AEROMÉXICO;ESTRANGEIRA;2026;1;SBGR;GUARULHOS;SP;SUDESTE;BRASIL;AMÉRICA DO SUL;MMMX;MEXICO;;;MÉXICO;AMÉRICA DO NORTE;INTERNACIONAL;REGULAR;6779;0;400488;0;0;56208346;50388307;10995635;7511759;0;215557;29;2976827282;0;0;7562;1479300;268,016;0
ANS;ANDES LINEAS AEREAS;ESTRANGEIRA;2026;1;SACO;CÓRDOBA, CÓRDOBA PROVINCE;;;ARGENTINA;AMÉRICA DO SUL;SBFL;FLORIANÓPOLIS;SC;SUL;BRASIL;AMÉRICA DO SUL;INTERNACIONAL;NÃO REGULAR;681;0;0;0;0;1269270;1067127;114232;96040;0;7835;5;0;0;0;810;72900;12,583;0
ANS;ANDES LINEAS AEREAS;ESTRANGEIRA;2026;1;SACO;CÓRDOBA, CÓRDOBA PROVINCE;;;ARGENTINA;AMÉRICA DO SUL;SBPS;PORTO SEGURO;BA;NORDESTE;BRASIL;AMÉRICA DO SUL;INTERNACIONAL;NÃO REGULAR;666;0;0;0;0;2155041;2018646;193952;181676;0;12124;4;0;0;0;711;63990;17,3;0
ANS;ANDES LINEAS AEREAS;ESTRANGEIRA;2026;1;SAEZ;EZEIZA, BUENOS AIRES PROVINCE;;;ARGENTINA;AMÉRICA DO SUL;SBCB;CABO FRIO;RJ;SUDESTE;BRASIL;AMÉRICA DO SUL;INTERNACIONAL;NÃO REGULAR;416;0;0;0;0;1381284;862784;124314;77648;0;8296;4;0;0;0;666;59940;12,167;0
ANS;ANDES LINEAS AEREAS;ESTRANGEIRA;2026;1;SAEZ;EZEIZA, BUENOS AIRES PROVINCE;;;ARGENTINA;AMÉRICA DO SUL;SBFL;FLORIANÓPOLIS;SC;SUL;BRASIL;AMÉRICA DO SUL;INTERNACIONAL;NÃO REGULAR;304;0;0;0;0;1001970;376048;90175;33842;0;6185;5;0;0;0;810;72900;10;0
ANS;ANDES LINEAS AEREAS;ESTRANGEIRA;2026;1;SBCB;CABO FRIO;RJ;SUDESTE;BRASIL;AMÉRICA DO SUL;SAEZ;EZEIZA, BUENOS AIRES PROVINCE;;;ARGENTINA;AMÉRICA DO SUL;INTERNACIONAL;IMPRODUTIVO;0;0;0;0;0;0;0;0;0;0;2074;1;0;0;0;0;0;3,167;0
ANS;ANDES LINEAS AEREAS;ESTRANGEIRA;2026;1;SBCB;CABO FRIO;RJ;SUDESTE;BRASIL;AMÉRICA DO SUL;SAEZ;EZEIZA, BUENOS AIRES PROVINCE;;;ARGENTINA;AMÉRICA DO SUL;INTERNACIONAL;NÃO REGULAR;322;0;0;0;0;1082628;667828;97435;60102;0;6222;3;0;0;0;522;46980;10,4;0
ANS;ANDES LINEAS AEREAS;ESTRANGEIRA;2026;1;SBFL;FLORIANÓPOLIS;SC;SUL;BRASIL;AMÉRICA DO SUL;SACO;CÓRDOBA, CÓRDOBA PROVINCE;;;ARGENTINA;AMÉRICA DO SUL;INTERNACIONAL;IMPRODUTIVO;0;0;0;0;0;0;0;0;0;0;1567;1;0;0;0;0;0;2,5;0
ANS;ANDES LINEAS AEREAS;ESTRANGEIRA;2026;1;SBFL;FLORIANÓPOLIS;SC;SUL;BRASIL;AMÉRICA DO SUL;SACO;CÓRDOBA, CÓRDOBA PROVINCE;;;ARGENTINA;AMÉRICA DO SUL;INTERNACIONAL;NÃO REGULAR;543;0;0;0;0;1043622;850881;93924;76578;0;6268;4;0;0;0;666;59940;10;0
ANS;ANDES LINEAS AEREAS;ESTRANGEIRA;2026;1;SBFL;FLORIANÓPOLIS;SC;SUL;BRASIL;AMÉRICA DO SUL;SAEZ;EZEIZA, BUENOS AIRES PROVINCE;;;ARGENTINA;AMÉRICA DO SUL;INTERNACIONAL;NÃO REGULAR;303;0;0;0;0;1001970;374811;90175;33730;0;6185;5;0;0;0;810;72900;11,051;0
ANS;ANDES LINEAS AEREAS;ESTRANGEIRA;2026;1;SBPS;PORTO SEGURO;BA;NORDESTE;BRASIL;AMÉRICA DO SUL;SACO;CÓRDOBA, CÓRDOBA PROVINCE;;;ARGENTINA;AMÉRICA DO SUL;INTERNACIONAL;IMPRODUTIVO;0;0;0;0;0;0;0;0;0;0;3031;1;0;0;0;0;0;4;0
ANS;ANDES LINEAS AEREAS;ESTRANGEIRA;2026;1;SBPS;PORTO SEGURO;BA;NORDESTE;BRASIL;AMÉRICA DO SUL;SACO;CÓRDOBA, CÓRDOBA PROVINCE;;;ARGENTINA;AMÉRICA DO SUL;INTERNACIONAL;NÃO REGULAR;471;0;0;0;0;1718577;1427601;154671;128482;0;9093;3;0;0;0;567;51030;12;0
ARE;AIRES - AEROVÍAS DE INTEGRACÍON REGIONAL S.A.;ESTRANGEIRA;2026;1;SBCT;SÃO JOSÉ DOS PINHAIS;PR;SUL;BRASIL;AMÉRICA DO SUL;SBGR;GUARULHOS;SP;SUDESTE;BRASIL;AMÉRICA DO SUL;INTERNACIONAL;REGULAR;0;0;0;0;0;61030;57081;6017;5137;0;359;1;0;53491;0;170;16763;1,11667;0
ARE;AIRES - AEROVÍAS DE INTEGRACÍON REGIONAL S.A.;ESTRANGEIRA;2026;1;SBGR;GUARULHOS;SP;SUDESTE;BRASIL;AMÉRICA DO SUL;SKBO;BOGOTÁ;;;COLÔMBIA;AMÉRICA DO SUL;INTERNACIONAL;REGULAR;9307;136;4275;424;0;45012016;40355152;4127161;3650470;0;268832;62;18536400;1838464;0;10381;951843;367,267;0
ARE;AIRES - AEROVÍAS DE INTEGRACÍON REGIONAL S.A.;ESTRANGEIRA;2026;1;SKBO;BOGOTÁ;;;COLÔMBIA;AMÉRICA DO SUL;SBCT;SÃO JOSÉ DOS PINHAIS;PR;SUL;BRASIL;AMÉRICA DO SUL;INTERNACIONAL;REGULAR;0;0;0;0;0;732360;684972;63891;61647;0;4308;1;0;641892;0;170;14831;6,88333;0
ARE;AIRES - AEROVÍAS DE INTEGRACÍON REGIONAL S.A.;ESTRANGEIRA;2026;1;SKBO;BOGOTÁ;;;COLÔMBIA;AMÉRICA DO SUL;SBGR;GUARULHOS;SP;SUDESTE;BRASIL;AMÉRICA DO SUL;INTERNACIONAL;REGULAR;9341;129;808;1354;0;43013120;39813152;3997948;3586660;0;264496;61;3503488;5224880;0;9920;922043;384,467;0
ARE;AIRES - AEROVÍAS DE INTEGRACÍON REGIONAL S.A.;ESTRANGEIRA;2026;1;SKBO;BOGOTÁ;;;COLÔMBIA;AMÉRICA DO SUL;SKBO;BOGOTÁ;;;COLÔMBIA;AMÉRICA DO SUL;INTERNACIONAL;IMPRODUTIVO;0;0;0;0;0;0;0;0;0;0;0;1;0;0;0;162;19000;0,85;0
ARG;AEROLINEAS ARGENTINAS S/A;ESTRANGEIRA;2026;1;SAAR;ROSARIO, SANTA FE PROVINCE;;;ARGENTINA;AMÉRICA DO SUL;SACO;CÓRDOBA, CÓRDOBA PROVINCE;;;ARGENTINA;AMÉRICA DO SUL;INTERNACIONAL;NÃO REGULAR;0;0;0;0;0;62560;46736;6808;4206;0;368;1;0;0;0;170;18500;0,983;0
ARG;AEROLINEAS ARGENTINAS S/A;ESTRANGEIRA;2026;1;SAAR;ROSARIO, SANTA FE PROVINCE;;;ARGENTINA;AMÉRICA DO SUL;SBCB;CABO FRIO;RJ;SUDESTE;BRASIL;AMÉRICA DO SUL;INTERNACIONAL;REGULAR;1393;0;0;0;0;3441658;2985199;369665;268663;0;19287;9;0;0;0;1606;172500;26,283;0
ARG;AEROLINEAS ARGENTINAS S/A;ESTRANGEIRA;2026;1;SAAR;ROSARIO, SANTA FE PROVINCE;;;ARGENTINA;AMÉRICA DO SUL;SBFL;FLORIANÓPOLIS;SC;SUL;BRASIL;AMÉRICA DO SUL;INTERNACIONAL;REGULAR;3128;0;0;0;0;5000380;4094552;538252;368497;0;28798;22;0;0;0;3820;411200;43,782;0
ARG;AEROLINEAS ARGENTINAS S/A;ESTRANGEIRA;2026;1;SAAR;ROSARIO, SANTA FE PROVINCE;;;ARGENTINA;AMÉRICA DO SUL;SBGL;RIO DE JANEIRO;RJ;SUDESTE;BRASIL;AMÉRICA DO SUL;INTERNACIONAL;REGULAR;2519;0;0;0;0;5930280;5168988;663822;465202;0;34884;17;0;0;0;2890;323500;50,768;0
ARG;AEROLINEAS ARGENTINAS S/A;ESTRANGEIRA;2026;1;SABE;BUENOS AIRES;;;ARGENTINA;AMÉRICA DO SUL;SBCB;CABO FRIO;RJ;SUDESTE;BRASIL;AMÉRICA DO SUL;INTERNACIONAL;REGULAR;1445;0;0;0;0;3133440;2959360;340992;266339;0;18432;9;0;0;0;1530;166500;27,6;0
ARG;AEROLINEAS ARGENTINAS S/A;ESTRANGEIRA;2026;1;SABE;BUENOS AIRES;;;ARGENTINA;AMÉRICA DO SUL;SBCT;SÃO JOSÉ DOS PINHAIS;PR;SUL;BRASIL;AMÉRICA DO SUL;INTERNACIONAL;REGULAR;2724;0;41;0;0;4060200;3650160;445818;328562;0;24120;18;54940;0;0;3030;332700;37,819;0
ARG;AEROLINEAS ARGENTINAS S/A;ESTRANGEIRA;2026;1;SABE;BUENOS AIRES;;;ARGENTINA;AMÉRICA DO SUL;SBFL;FLORIANÓPOLIS;SC;SUL;BRASIL;AMÉRICA DO SUL;INTERNACIONAL;NÃO REGULAR;286;0;0;0;0;434749;346346;46623;31170;0;2422;2;0;0;0;359;38500;3,9;0
ARG;AEROLINEAS ARGENTINAS S/A;ESTRANGEIRA;2026;1;SABE;BUENOS AIRES;;;ARGENTINA;AMÉRICA DO SUL;SBFL;FLORIANÓPOLIS;SC;SUL;BRASIL;AMÉRICA DO SUL;INTERNACIONAL;REGULAR;18820;0;0;0;0;25294157;22596049;2727248;2033592;0;145320;120;0;0;0;20887;2252100;237,001;0
ARG;AEROLINEAS ARGENTINAS S/A;ESTRANGEIRA;2026;1;SABE;BUENOS AIRES;;;ARGENTINA;AMÉRICA DO SUL;SBGL;RIO DE JANEIRO;RJ;SUDESTE;BRASIL;AMÉRICA DO SUL;INTERNACIONAL;IMPRODUTIVO;0;0;0;0;0;0;0;0;0;0;1969;1;0;0;0;0;0;2,9;0
ARG;AEROLINEAS ARGENTINAS S/A;ESTRANGEIRA;2026;1;SABE;BUENOS AIRES;;;ARGENTINA;AMÉRICA DO SUL;SBGL;RIO DE JANEIRO;RJ;SUDESTE;BRASIL;AMÉRICA DO SUL;INTERNACIONAL;NÃO REGULAR;164;0;0;0;0;;;;;;;;;;;;;;0
ARG;AEROLINEAS ARGENTINAS S/A;ESTRANGEIRA;2026;1;SABE;BUENOS AIRES;;;ARGENTINA;AMÉRICA DO SUL;SBGL;RIO DE JANEIRO;RJ;SUDESTE;BRASIL;AMÉRICA DO SUL;INTERNACIONAL;REGULAR;24244;0;0;0;0;50918340;48047538;5655894;4324200;0;301257;153;0;0;0;25860;2872500;447,718;0
ARG;AEROLINEAS ARGENTINAS S/A;ESTRANGEIRA;2026;1;SABE;BUENOS AIRES;;;ARGENTINA;AMÉRICA DO SUL;SBGR;GUARULHOS;SP;SUDESTE;BRASIL;AMÉRICA DO SUL;INTERNACIONAL;NÃO REGULAR;158;0;0;0;0;;;;;;;;;;;;;;0
ARG;AEROLINEAS ARGENTINAS S/A;ESTRANGEIRA;2026;1;SABE;BUENOS AIRES;;;ARGENTINA;AMÉRICA DO SUL;SBGR;GUARULHOS;SP;SUDESTE;BRASIL;AMÉRICA DO SUL;INTERNACIONAL;REGULAR;15575;0;5056;0;3;29231664;26661866;3152363;2408088;0;167706;99;8564864;0;5082;17256;1860900;273,289;0
ARG;AEROLINEAS ARGENTINAS S/A;ESTRANGEIRA;2026;1;SABE;BUENOS AIRES;;;ARGENTINA;AMÉRICA DO SUL;SBPA;PORTO ALEGRE;RS;SUL;BRASIL;AMÉRICA DO SUL;INTERNACIONAL;NÃO REGULAR;146;0;0;0;0;144330;123954;15706;11155;0;849;1;0;0;0;170;18500;1,45;0
ARG;AEROLINEAS ARGENTINAS S/A;ESTRANGEIRA;2026;1;SABE;BUENOS AIRES;;;ARGENTINA;AMÉRICA DO SUL;SBPA;PORTO ALEGRE;RS;SUL;BRASIL;AMÉRICA DO SUL;INTERNACIONAL;REGULAR;2398;0;0;0;0;2694726;2172591;290352;195525;0;15282;18;0;0;0;3174;342000;29,067;0
ARG;AEROLINEAS ARGENTINAS S/A;ESTRANGEIRA;2026;1;SABE;BUENOS AIRES;;;ARGENTINA;AMÉRICA DO SUL;SBPS;PORTO SEGURO;BA;NORDESTE;BRASIL;AMÉRICA DO SUL;INTERNACIONAL;REGULAR;2054;0;0;0;0;6688800;5724498;716258;515197;0;36231;13;0;0;0;2400;257000;50,6;0
ARG;AEROLINEAS ARGENTINAS S/A;ESTRANGEIRA;2026;1;SABE;BUENOS AIRES;;;ARGENTINA;AMÉRICA DO SUL;SBSV;SALVADOR;BA;NORDESTE;BRASIL;AMÉRICA DO SUL;INTERNACIONAL;REGULAR;4598;0;0;0;0;17772395;14460710;1882282;1301447;0;94350;30;0;0;0;5651;598500;130,335;0
ARG;AEROLINEAS ARGENTINAS S/A;ESTRANGEIRA;2026;1;SACO;CÓRDOBA, CÓRDOBA PROVINCE;;;ARGENTINA;AMÉRICA DO SUL;SABE;BUENOS AIRES;;;ARGENTINA;AMÉRICA DO SUL;INTERNACIONAL;REGULAR;153;0;0;0;0;;;;;;;;;;;;;;0
ARG;AEROLINEAS ARGENTINAS S/A;ESTRANGEIRA;2026;1;SACO;CÓRDOBA, CÓRDOBA PROVINCE;;;ARGENTINA;AMÉRICA DO SUL;SBCT;SÃO JOSÉ DOS PINHAIS;PR;SUL;BRASIL;AMÉRICA DO SUL;INTERNACIONAL;REGULAR;0;0;0;0;0;272340;245106;29637;22059;0;1602;1;0;0;0;170;18500;2,967;0
ARG;AEROLINEAS ARGENTINAS S/A;ESTRANGEIRA;2026;1;SACO;CÓRDOBA, CÓRDOBA PROVINCE;;;ARGENTINA;AMÉRICA DO SUL;SBFL;FLORIANÓPOLIS;SC;SUL;BRASIL;AMÉRICA DO SUL;INTERNACIONAL;REGULAR;2909;0;0;0;0;5482933;4558403;588715;410245;0;31340;20;0;0;0;3499;375700;46,801;0
ARG;AEROLINEAS ARGENTINAS S/A;ESTRANGEIRA;2026;1;SACO;CÓRDOBA, CÓRDOBA PROVINCE;;;ARGENTINA;AMÉRICA DO SUL;SBGL;RIO DE JANEIRO;RJ;SUDESTE;BRASIL;AMÉRICA DO SUL;INTERNACIONAL;REGULAR;3344;0;0;0;0;8508500;7607600;942979;684676;0;50050;22;0;0;0;3740;414500;70,915;0
ARG;AEROLINEAS ARGENTINAS S/A;ESTRANGEIRA;2026;1;SAEZ;EZEIZA, BUENOS AIRES PROVINCE;;;ARGENTINA;AMÉRICA DO SUL;SABE;BUENOS AIRES;;;ARGENTINA;AMÉRICA DO SUL;INTERNACIONAL;REGULAR;151;0;0;0;0;5859;4681;620;421;0;31;1;0;0;0;189;20000;4,467;0
ARG;AEROLINEAS ARGENTINAS S/A;ESTRANGEIRA;2026;1;SAEZ;EZEIZA, BUENOS AIRES PROVINCE;;;ARGENTINA;AMÉRICA DO SUL;SBFL;FLORIANÓPOLIS;SC;SUL;BRASIL;AMÉRICA DO SUL;INTERNACIONAL;NÃO REGULAR;299;0;0;0;0;420580;369863;45768;33287;0;2474;2;0;0;0;340;37000;4,183;0
ARG;AEROLINEAS ARGENTINAS S/A;ESTRANGEIRA;2026;1;SAEZ;EZEIZA, BUENOS AIRES PROVINCE;;;ARGENTINA;AMÉRICA DO SUL;SBFL;FLORIANÓPOLIS;SC;SUL;BRASIL;AMÉRICA DO SUL;INTERNACIONAL;REGULAR;1764;0;0;0;0;2688001;2182068;287600;196380;0;14844;12;0;0;0;2173;232500;24,899;0
ARG;AEROLINEAS ARGENTINAS S/A;ESTRANGEIRA;2026;1;SAEZ;EZEIZA, BUENOS AIRES PROVINCE;;;ARGENTINA;AMÉRICA DO SUL;SBGL;RIO DE JANEIRO;RJ;SUDESTE;BRASIL;AMÉRICA DO SUL;INTERNACIONAL;REGULAR;2673;0;0;0;0;5968040;5335308;678240;480169;0;33932;17;0;0;0;2990;339800;50,349;0
ARG;AEROLINEAS ARGENTINAS S/A;ESTRANGEIRA;2026;1;SAEZ;EZEIZA, BUENOS AIRES PROVINCE;;;ARGENTINA;AMÉRICA DO SUL;SBPS;PORTO SEGURO;BA;NORDESTE;BRASIL;AMÉRICA DO SUL;INTERNACIONAL;REGULAR;453;0;0;0;0;1489135;1275195;160454;114766;0;8445;3;0;0;0;529;57000;11,516;0
ARG;AEROLINEAS ARGENTINAS S/A;ESTRANGEIRA;2026;1;SAEZ;EZEIZA, BUENOS AIRES PROVINCE;;;ARGENTINA;AMÉRICA DO SUL;SBSV;SALVADOR;BA;NORDESTE;BRASIL;AMÉRICA DO SUL;INTERNACIONAL;REGULAR;1574;0;0;0;0;5998860;4995876;634800;449624;0;31740;10;0;0;0;1890;200000;43,965;0
ARG;AEROLINEAS ARGENTINAS S/A;ESTRANGEIRA;2026;1;SANT;TUCUMÁN, TUCUMÁN PROVINCE;;;ARGENTINA;AMÉRICA DO SUL;SBFL;FLORIANÓPOLIS;SC;SUL;BRASIL;AMÉRICA DO SUL;INTERNACIONAL;REGULAR;1579;0;0;0;0;2877966;2586402;310401;232771;0;16380;10;0;0;0;1757;189500;23,766;0
ARG;AEROLINEAS ARGENTINAS S/A;ESTRANGEIRA;2026;1;SASA;SALTA, SALTA PROVINCE;;;ARGENTINA;AMÉRICA DO SUL;SBFL;FLORIANÓPOLIS;SC;SUL;BRASIL;AMÉRICA DO SUL;INTERNACIONAL;REGULAR;1437;0;0;0;0;2754290;2464455;295835;221797;0;15435;9;0;0;0;1606;172500;23,217;0
ARG;AEROLINEAS ARGENTINAS S/A;ESTRANGEIRA;2026;1;SBCB;CABO FRIO;RJ;SUDESTE;BRASIL;AMÉRICA DO SUL;SAAR;ROSARIO, SANTA FE PROVINCE;;;ARGENTINA;AMÉRICA DO SUL;INTERNACIONAL;REGULAR;972;0;0;0;0;3278790;2082996;356805;187465;0;19287;9;0;0;0;1530;166500;30,251;0
ARG;AEROLINEAS ARGENTINAS S/A;ESTRANGEIRA;2026;1;SBCB;CABO FRIO;RJ;SUDESTE;BRASIL;AMÉRICA DO SUL;SABE;BUENOS AIRES;;;ARGENTINA;AMÉRICA DO SUL;INTERNACIONAL;REGULAR;1204;0;0;0;0;3289088;2465792;353280;221917;0;18432;9;0;0;0;1606;172500;29,367;0
ARG;AEROLINEAS ARGENTINAS S/A;ESTRANGEIRA;2026;1;SBCT;SÃO JOSÉ DOS PINHAIS;PR;SUL;BRASIL;AMÉRICA DO SUL;SABE;BUENOS AIRES;;;ARGENTINA;AMÉRICA DO SUL;INTERNACIONAL;REGULAR;2402;0;0;0;0;4060200;3423700;445818;308127;0;24120;18;0;0;0;3030;332700;41,751;0
ARG;AEROLINEAS ARGENTINAS S/A;ESTRANGEIRA;2026;1;SBCT;SÃO JOSÉ DOS PINHAIS;PR;SUL;BRASIL;AMÉRICA DO SUL;SAEZ;EZEIZA, BUENOS AIRES PROVINCE;;;ARGENTINA;AMÉRICA DO SUL;INTERNACIONAL;REGULAR;0;0;1031;0;0;0;0;31053;1410;0;1368;1;1410408;0;0;0;22700;2,5;0
ARG;AEROLINEAS ARGENTINAS S/A;ESTRANGEIRA;2026;1;SBFL;FLORIANÓPOLIS;SC;SUL;BRASIL;AMÉRICA DO SUL;SAAR;ROSARIO, SANTA FE PROVINCE;;;ARGENTINA;AMÉRICA DO SUL;INTERNACIONAL;REGULAR;2285;0;0;0;0;4085389;3157308;439424;284148;0;23562;18;0;0;0;3121;335700;41,818;0
ARG;AEROLINEAS ARGENTINAS S/A;ESTRANGEIRA;2026;1;SBFL;FLORIANÓPOLIS;SC;SUL;BRASIL;AMÉRICA DO SUL;SABE;BUENOS AIRES;;;ARGENTINA;AMÉRICA DO SUL;INTERNACIONAL;NÃO REGULAR;1629;0;0;0;0;2498293;1972719;268474;177538;0;14532;12;0;0;0;2063;221700;25,401;0
ARG;AEROLINEAS ARGENTINAS S/A;ESTRANGEIRA;2026;1;SBFL;FLORIANÓPOLIS;SC;SUL;BRASIL;AMÉRICA DO SUL;SABE;BUENOS AIRES;;;ARGENTINA;AMÉRICA DO SUL;INTERNACIONAL;REGULAR;15346;0;0;0;0;25638081;18584006;2760553;1672492;0;146531;121;0;0;0;21171;2279600;271,149;0
ARG;AEROLINEAS ARGENTINAS S/A;ESTRANGEIRA;2026;1;SBFL;FLORIANÓPOLIS;SC;SUL;BRASIL;AMÉRICA DO SUL;SACO;CÓRDOBA, CÓRDOBA PROVINCE;;;ARGENTINA;AMÉRICA DO SUL;INTERNACIONAL;NÃO REGULAR;127;0;0;0;0;;;;;;;;;;;;;;0
ARG;AEROLINEAS ARGENTINAS S/A;ESTRANGEIRA;2026;1;SBFL;FLORIANÓPOLIS;SC;SUL;BRASIL;AMÉRICA DO SUL;SACO;CÓRDOBA, CÓRDOBA PROVINCE;;;ARGENTINA;AMÉRICA DO SUL;INTERNACIONAL;REGULAR;2533;0;0;0;0;5180502;3969211;560195;357219;0;29773;19;0;0;0;3306;357500;50,999;0
ARG;AEROLINEAS ARGENTINAS S/A;ESTRANGEIRA;2026;1;SBFL;FLORIANÓPOLIS;SC;SUL;BRASIL;AMÉRICA DO SUL;SAEZ;EZEIZA, BUENOS AIRES PROVINCE;;;ARGENTINA;AMÉRICA DO SUL;INTERNACIONAL;NÃO REGULAR;141;0;0;0;0;420580;174417;45768;15696;0;2474;2;0;0;0;340;37000;4,2;0
ARG;AEROLINEAS ARGENTINAS S/A;ESTRANGEIRA;2026;1;SBFL;FLORIANÓPOLIS;SC;SUL;BRASIL;AMÉRICA DO SUL;SAEZ;EZEIZA, BUENOS AIRES PROVINCE;;;ARGENTINA;AMÉRICA DO SUL;INTERNACIONAL;REGULAR;1193;0;0;0;0;2430705;1475741;261004;132813;0;13607;11;0;0;0;1965;211000;26,133;0
ARG;AEROLINEAS ARGENTINAS S/A;ESTRANGEIRA;2026;1;SBFL;FLORIANÓPOLIS;SC;SUL;BRASIL;AMÉRICA DO SUL;SANT;TUCUMÁN, TUCUMÁN PROVINCE;;;ARGENTINA;AMÉRICA DO SUL;INTERNACIONAL;REGULAR;1167;0;0;0;0;2321046;1911546;249795;172035;0;13104;8;0;0;0;1417;152500;21,817;0
ARG;AEROLINEAS ARGENTINAS S/A;ESTRANGEIRA;2026;1;SBFL;FLORIANÓPOLIS;SC;SUL;BRASIL;AMÉRICA DO SUL;SASA;SALTA, SALTA PROVINCE;;;ARGENTINA;AMÉRICA DO SUL;INTERNACIONAL;REGULAR;1108;0;0;0;0;2397570;1900220;258962;171018;0;13720;8;0;0;0;1398;151000;22,966;0
ARG;AEROLINEAS ARGENTINAS S/A;ESTRANGEIRA;2026;1;SBGL;RIO DE JANEIRO;RJ;SUDESTE;BRASIL;AMÉRICA DO SUL;SAAR;ROSARIO, SANTA FE PROVINCE;;;ARGENTINA;AMÉRICA DO SUL;INTERNACIONAL;REGULAR;2162;0;0;0;0;5930280;4436424;657666;399270;0;34884;17;0;0;0;2890;320500;56,933;0
ARG;AEROLINEAS ARGENTINAS S/A;ESTRANGEIRA;2026;1;SBGL;RIO DE JANEIRO;RJ;SUDESTE;BRASIL;AMÉRICA DO SUL;SABE;BUENOS AIRES;;;ARGENTINA;AMÉRICA DO SUL;INTERNACIONAL;IMPRODUTIVO;0;0;0;0;0;0;0;0;0;0;1969;1;0;0;0;0;0;3,383;0
ARG;AEROLINEAS ARGENTINAS S/A;ESTRANGEIRA;2026;1;SBGL;RIO DE JANEIRO;RJ;SUDESTE;BRASIL;AMÉRICA DO SUL;SABE;BUENOS AIRES;;;ARGENTINA;AMÉRICA DO SUL;INTERNACIONAL;REGULAR;23261;0;0;0;0;51967817;45800909;5774624;4122009;0;307164;156;0;0;0;26393;2932800;515,052;0
ARG;AEROLINEAS ARGENTINAS S/A;ESTRANGEIRA;2026;1;SBGL;RIO DE JANEIRO;RJ;SUDESTE;BRASIL;AMÉRICA DO SUL;SACO;CÓRDOBA, CÓRDOBA PROVINCE;;;ARGENTINA;AMÉRICA DO SUL;INTERNACIONAL;REGULAR;3036;0;0;0;0;8433425;6906900;942298;621613;0;50050;22;0;0;0;3707;414200;81,616;0
ARG;AEROLINEAS ARGENTINAS S/A;ESTRANGEIRA;2026;1;SBGL;RIO DE JANEIRO;RJ;SUDESTE;BRASIL;AMÉRICA DO SUL;SAEZ;EZEIZA, BUENOS AIRES PROVINCE;;;ARGENTINA;AMÉRICA DO SUL;INTERNACIONAL;REGULAR;1961;0;0;0;0;5289400;3914156;607382;352267;0;29940;15;0;0;0;2650;304300;50,101;0
ARG;AEROLINEAS ARGENTINAS S/A;ESTRANGEIRA;2026;1;SBGL;RIO DE JANEIRO;RJ;SUDESTE;BRASIL;AMÉRICA DO SUL;SBGR;GUARULHOS;SP;SUDESTE;BRASIL;AMÉRICA DO SUL;INTERNACIONAL;NÃO REGULAR;0;0;0;0;0;57290;53246;6234;4792;0;337;1;0;0;0;170;18500;1,3;0
ARG;AEROLINEAS ARGENTINAS S/A;ESTRANGEIRA;2026;1;SBGR;GUARULHOS;SP;SUDESTE;BRASIL;AMÉRICA DO SUL;SABE;BUENOS AIRES;;;ARGENTINA;AMÉRICA DO SUL;INTERNACIONAL;REGULAR;12339;0;1536;0;0;29773744;20902266;3157445;1883755;0;167706;99;2601984;0;0;17576;1863900;286,933;0
ARG;AEROLINEAS ARGENTINAS S/A;ESTRANGEIRA;2026;1;SBGR;GUARULHOS;SP;SUDESTE;BRASIL;AMÉRICA DO SUL;SAEZ;EZEIZA, BUENOS AIRES PROVINCE;;;ARGENTINA;AMÉRICA DO SUL;INTERNACIONAL;REGULAR;126;0;0;0;0;292740;216972;31857;19527;0;1722;1;0;0;0;170;18500;3,317;0
ARG;AEROLINEAS ARGENTINAS S/A;ESTRANGEIRA;2026;1;SBGR;GUARULHOS;SP;SUDESTE;BRASIL;AMÉRICA DO SUL;SBGL;RIO DE JANEIRO;RJ;SUDESTE;BRASIL;AMÉRICA DO SUL;INTERNACIONAL;NÃO REGULAR;0;0;0;0;0;63693;55268;6740;4974;0;337;1;0;0;0;189;20000;1,533;0
ARG;AEROLINEAS ARGENTINAS S/A;ESTRANGEIRA;2026;1;SBPA;PORTO ALEGRE;RS;SUL;BRASIL;AMÉRICA DO SUL;SABE;BUENOS AIRES;;;ARGENTINA;AMÉRICA DO SUL;INTERNACIONAL;NÃO REGULAR;1133;0;0;0;0;1507824;961917;162156;86567;0;8490;10;0;0;0;1776;191000;17,85;0
ARG;AEROLINEAS ARGENTINAS S/A;ESTRANGEIRA;2026;1;SBPA;PORTO ALEGRE;RS;SUL;BRASIL;AMÉRICA DO SUL;SABE;BUENOS AIRES;;;ARGENTINA;AMÉRICA DO SUL;INTERNACIONAL;REGULAR;816;0;0;0;0;1186902;692784;128196;62347;0;6792;8;0;0;0;1398;151000;13,967;0
ARG;AEROLINEAS ARGENTINAS S/A;ESTRANGEIRA;2026;1;SBPA;PORTO ALEGRE;RS;SUL;BRASIL;AMÉRICA DO SUL;SBFL;FLORIANÓPOLIS;SC;SUL;BRASIL;AMÉRICA DO SUL;INTERNACIONAL;REGULAR;0;0;0;0;0;61710;58443;6715;5259;0;363;1;0;0;0;170;18500;1,167;0
ARG;AEROLINEAS ARGENTINAS S/A;ESTRANGEIRA;2026;1;SBPS;PORTO SEGURO;BA;NORDESTE;BRASIL;AMÉRICA DO SUL;SABE;BUENOS AIRES;;;ARGENTINA;AMÉRICA DO SUL;INTERNACIONAL;NÃO REGULAR;759;0;0;0;0;3001599;2115333;326078;190377;0;16722;6;0;0;0;1077;117000;25,1;0
ARG;AEROLINEAS ARGENTINAS S/A;ESTRANGEIRA;2026;1;SBPS;PORTO SEGURO;BA;NORDESTE;BRASIL;AMÉRICA DO SUL;SABE;BUENOS AIRES;;;ARGENTINA;AMÉRICA DO SUL;INTERNACIONAL;REGULAR;853;0;0;0;0;3160458;2377311;334440;213956;0;16722;6;0;0;0;1134;120000;24,616;0
ARG;AEROLINEAS ARGENTINAS S/A;ESTRANGEIRA;2026;1;SBPS;PORTO SEGURO;BA;NORDESTE;BRASIL;AMÉRICA DO SUL;SAEZ;EZEIZA, BUENOS AIRES PROVINCE;;;ARGENTINA;AMÉRICA DO SUL;INTERNACIONAL;NÃO REGULAR;337;0;0;0;0;1489135;948655;160454;85377;0;8445;3;0;0;0;529;57000;12,483;0
ARG;AEROLINEAS ARGENTINAS S/A;ESTRANGEIRA;2026;1;SBPS;PORTO SEGURO;BA;NORDESTE;BRASIL;AMÉRICA DO SUL;SAEZ;EZEIZA, BUENOS AIRES PROVINCE;;;ARGENTINA;AMÉRICA DO SUL;INTERNACIONAL;REGULAR;157;0;0;0;0;532035;441955;56300;39775;0;2815;1;0;0;0;189;20000;4,1;0
ARG;AEROLINEAS ARGENTINAS S/A;ESTRANGEIRA;2026;1;SBSV;SALVADOR;BA;NORDESTE;BRASIL;AMÉRICA DO SUL;SABE;BUENOS AIRES;;;ARGENTINA;AMÉRICA DO SUL;INTERNACIONAL;REGULAR;4256;0;0;0;0;18366800;13385120;1945182;1204644;0;97495;31;0;0;0;5840;618500;141,451;0
ARG;AEROLINEAS ARGENTINAS S/A;ESTRANGEIRA;2026;1;SBSV;SALVADOR;BA;NORDESTE;BRASIL;AMÉRICA DO SUL;SAEZ;EZEIZA, BUENOS AIRES PROVINCE;;;ARGENTINA;AMÉRICA DO SUL;INTERNACIONAL;REGULAR;1101;0;0;0;0;4799088;3494574;507840;314507;0;25392;8;0;0;0;1512;160000;36,833;0
ARG;AEROLINEAS ARGENTINAS S/A;ESTRANGEIRA;2026;1;SBSV;SALVADOR;BA;NORDESTE;BRASIL;AMÉRICA DO SUL;SUMU;MONTEVIDEO, MONTEVIDEO;;;URUGUAI;AMÉRICA DO SUL;INTERNACIONAL;REGULAR;142;0;0;0;0;570780;428840;60400;38595;0;3020;1;0;0;0;189;20000;4,633;0
ARG;AEROLINEAS ARGENTINAS S/A;ESTRANGEIRA;2026;1;SCEL;SANTIAGO;;;CHILE;AMÉRICA DO SUL;SBCT;SÃO JOSÉ DOS PINHAIS;PR;SUL;BRASIL;AMÉRICA DO SUL;INTERNACIONAL;REGULAR;0;0;17473;0;0;0;0;51347;39523;0;2262;1;39523928;0;0;0;22700;4,35;0
ARG;AEROLINEAS ARGENTINAS S/A;ESTRANGEIRA;2026;1;SULS;MALDONADO/PUNTA DEL ESTE, MALDONADO;;;URUGUAI;AMÉRICA DO SUL;SBGR;GUARULHOS;SP;SUDESTE;BRASIL;AMÉRICA DO SUL;INTERNACIONAL;REGULAR;158;0;0;0;0;287091;240002;30380;21600;0;1519;1;0;0;0;189;20000;2,35;0
ARG;AEROLINEAS ARGENTINAS S/A;ESTRANGEIRA;2026;1;SULS;MALDONADO/PUNTA DEL ESTE, MALDONADO;;;URUGUAI;AMÉRICA DO SUL;SBPA;PORTO ALEGRE;RS;SUL;BRASIL;AMÉRICA DO SUL;INTERNACIONAL;REGULAR;91;0;0;0;0;111180;59514;12099;5356;0;654;1;0;0;0;170;18500;1,267;0
AVA;AEROVIAS DEL CONTINENTE AMERICANO S.A. AVIANCA;ESTRANGEIRA;2026;1;SBBE;BELÉM;PA;NORTE;BRASIL;AMÉRICA DO SUL;SKBO;BOGOTÁ;;;COLÔMBIA;AMÉRICA DO SUL;INTERNACIONAL;REGULAR;1878;19;32;0;0;7386120;5504418;786480;495486;0;41034;14;93792;0;0;2520;268334;58,7;0
AVA;AEROVIAS DEL CONTINENTE AMERICANO S.A. AVIANCA;ESTRANGEIRA;2026;1;SBEG;MANAUS;AM;NORTE;BRASIL;AMÉRICA DO SUL;SKBO;BOGOTÁ;;;COLÔMBIA;AMÉRICA DO SUL;INTERNACIONAL;REGULAR;2632;7;1027;0;474;5789880;4703384;597459;425978;0;32166;18;1835249;0;847038;3240;334341;50;0
AVA;AEROVIAS DEL CONTINENTE AMERICANO S.A. AVIANCA;ESTRANGEIRA;2026;1;SBGL;RIO DE JANEIRO;RJ;SUDESTE;BRASIL;AMÉRICA DO SUL;SKBO;BOGOTÁ;;;COLÔMBIA;AMÉRICA DO SUL;INTERNACIONAL;REGULAR;9913;282;116;0;0;49823852;45014933;4669323;4051838;0;281542;62;526756;0;0;10972;1028265;382,583;0
AVA;AEROVIAS DEL CONTINENTE AMERICANO S.A. AVIANCA;ESTRANGEIRA;2026;1;SBGR;GUARULHOS;SP;SUDESTE;BRASIL;AMÉRICA DO SUL;SKBO;BOGOTÁ;;;COLÔMBIA;AMÉRICA DO SUL;INTERNACIONAL;REGULAR;18951;354;32158;0;0;94182256;81473440;9298710;7470746;0;533328;123;138196992;0;0;21721;2144550;721,2;0
AVA;AEROVIAS DEL CONTINENTE AMERICANO S.A. AVIANCA;ESTRANGEIRA;2026;1;SBGR;GUARULHOS;SP;SUDESTE;BRASIL;AMÉRICA DO SUL;SKPE;PEREIRA;;;COLÔMBIA;AMÉRICA DO SUL;INTERNACIONAL;REGULAR;0;0;0;0;0;803880;719026;76971;65989;0;4466;1;1277276;0;0;180;17235;6,51667;0
AVA;AEROVIAS DEL CONTINENTE AMERICANO S.A. AVIANCA;ESTRANGEIRA;2026;1;SBKP;CAMPINAS;SP;SUDESTE;BRASIL;AMÉRICA DO SUL;SBGR;GUARULHOS;SP;SUDESTE;BRASIL;AMÉRICA DO SUL;INTERNACIONAL;REGULAR;0;0;0;0;0;14940;14276;1588;1284;0;83;1;0;0;0;180;19144;0,933333;0
AVA;AEROVIAS DEL CONTINENTE AMERICANO S.A. AVIANCA;ESTRANGEIRA;2026;1;SKBO;BOGOTÁ;;;COLÔMBIA;AMÉRICA DO SUL;SBBE;BELÉM;PA;NORTE;BRASIL;AMÉRICA DO SUL;INTERNACIONAL;REGULAR;1931;17;17;0;0;7377327;5659761;594393;509422;0;41034;14;49827;0;0;2517;202798;64,9167;0
AVA;AEROVIAS DEL CONTINENTE AMERICANO S.A. AVIANCA;ESTRANGEIRA;2026;1;SKBO;BOGOTÁ;;;COLÔMBIA;AMÉRICA DO SUL;SBEG;MANAUS;AM;NORTE;BRASIL;AMÉRICA DO SUL;INTERNACIONAL;REGULAR;2767;4;5025;0;0;5784519;4944629;528908;453988;0;32166;18;8979675;0;0;3237;295980;56,55;0
AVA;AEROVIAS DEL CONTINENTE AMERICANO S.A. AVIANCA;ESTRANGEIRA;2026;1;SKBO;BOGOTÁ;;;COLÔMBIA;AMÉRICA DO SUL;SBGL;RIO DE JANEIRO;RJ;SUDESTE;BRASIL;AMÉRICA DO SUL;INTERNACIONAL;REGULAR;9914;203;8900;0;26;49006472;45019474;4420471;4092255;0;281542;62;40414900;0;118066;10792;973464;398,5;0
AVA;AEROVIAS DEL CONTINENTE AMERICANO S.A. AVIANCA;ESTRANGEIRA;2026;1;SKBO;BOGOTÁ;;;COLÔMBIA;AMÉRICA DO SUL;SBGR;GUARULHOS;SP;SUDESTE;BRASIL;AMÉRICA DO SUL;INTERNACIONAL;REGULAR;18615;265;62315;0;139;93367088;79968848;8871922;7467934;0;533328;123;270197840;0;602704;21533;2046121;768,783;0
AVA;AEROVIAS DEL CONTINENTE AMERICANO S.A. AVIANCA;ESTRANGEIRA;2026;1;SKBO;BOGOTÁ;;;COLÔMBIA;AMÉRICA DO SUL;SBKP;CAMPINAS;SP;SUDESTE;BRASIL;AMÉRICA DO SUL;INTERNACIONAL;REGULAR;0;0;0;0;0;765720;731688;68859;65851;0;4254;1;0;0;0;180;16187;6,6;0
AVA;AEROVIAS DEL CONTINENTE AMERICANO S.A. AVIANCA;ESTRANGEIRA;2026;1;SKPE;PEREIRA;;;COLÔMBIA;AMÉRICA DO SUL;SKBO;BOGOTÁ;;;COLÔMBIA;AMÉRICA DO SUL;INTERNACIONAL;REGULAR;0;0;0;0;0;31860;28497;3346;2615;0;177;1;50622;0;0;180;18908;0,75;0
AZP;COMPAÑIA DE AVIACION PARAGUAYA SOCIEDAD ANONIMA - PARANAIR (EX- AMASZONAS PARAGUAY);ESTRANGEIRA;2026;1;SBFL;FLORIANÓPOLIS;SC;SUL;BRASIL;AMÉRICA DO SUL;SGAS;ASUNCIÓN;;;PARAGUAI;AMÉRICA DO SUL;INTERNACIONAL;REGULAR;632;0;0;0;0;652400;589024;71344;53007;0;13048;14;0;0;0;700;76552;23,166;0
AZP;COMPAÑIA DE AVIACION PARAGUAYA SOCIEDAD ANONIMA - PARANAIR (EX- AMASZONAS PARAGUAY);ESTRANGEIRA;2026;1;SBGL;RIO DE JANEIRO;RJ;SUDESTE;BRASIL;AMÉRICA DO SUL;SGAS;ASUNCIÓN;;;PARAGUAI;AMÉRICA DO SUL;INTERNACIONAL;REGULAR;584;0;0;0;0;1031100;860232;112756;77413;0;20622;14;0;0;0;700;76552;35,951;0
AZP;COMPAÑIA DE AVIACION PARAGUAYA SOCIEDAD ANONIMA - PARANAIR (EX- AMASZONAS PARAGUAY);ESTRANGEIRA;2026;1;SGAS;ASUNCIÓN;;;PARAGUAI;AMÉRICA DO SUL;SBFL;FLORIANÓPOLIS;SC;SUL;BRASIL;AMÉRICA DO SUL;INTERNACIONAL;REGULAR;633;0;0;0;0;652400;589956;71344;53092;0;13048;14;0;0;0;700;76552;23,733;0
AZP;COMPAÑIA DE AVIACION PARAGUAYA SOCIEDAD ANONIMA - PARANAIR (EX- AMASZONAS PARAGUAY);ESTRANGEIRA;2026;1;SGAS;ASUNCIÓN;;;PARAGUAI;AMÉRICA DO SUL;SBGL;RIO DE JANEIRO;RJ;SUDESTE;BRASIL;AMÉRICA DO SUL;INTERNACIONAL;REGULAR;622;0;0;0;0;1031100;916206;112756;82451;0;20622;14;0;0;0;700;76552;33,4;0
AZU;AZUL LINHAS AÉREAS BRASILEIRAS S/A;BRASILEIRA;2026;1;KFLL;FORT LAUDERDALE/HOLLYWOOD, FLORIDA;;;ESTADOS UNIDOS DA AMÉRICA;AMÉRICA DO NORTE;KFLL;FORT LAUDERDALE/HOLLYWOOD, FLORIDA;;;ESTADOS UNIDOS DA AMÉRICA;AMÉRICA DO NORTE;INTERNACIONAL;IMPRODUTIVO;213;0;0;0;0;0;0;0;0;56408;0;1;0;0;0;260;45232;1,8;6288
AZU;AZUL LINHAS AÉREAS BRASILEIRAS S/A;BRASILEIRA;2026;1;KFLL;FORT LAUDERDALE/HOLLYWOOD, FLORIDA;;;ESTADOS UNIDOS DA AMÉRICA;AMÉRICA DO NORTE;SBBE;BELÉM;PA;NORTE;BRASIL;AMÉRICA DO SUL;INTERNACIONAL;REGULAR;1323;17;0;0;0;7467380;6046110;755723;629474;177831;50270;11;0;0;0;1634;165367;65,7;38517
AZU;AZUL LINHAS AÉREAS BRASILEIRAS S/A;BRASILEIRA;2026;1;KFLL;FORT LAUDERDALE/HOLLYWOOD, FLORIDA;;;ESTADOS UNIDOS DA AMÉRICA;AMÉRICA DO NORTE;SBKP;CAMPINAS;SP;SUDESTE;BRASIL;AMÉRICA DO SUL;INTERNACIONAL;NÃO REGULAR;51;2;6107;15;0;1940874;332163;293899;75479;54489;6513;1;39774892;97695;0;298;45125;9,43333;1657
AZU;AZUL LINHAS AÉREAS BRASILEIRAS S/A;BRASILEIRA;2026;1;KFLL;FORT LAUDERDALE/HOLLYWOOD, FLORIDA;;;ESTADOS UNIDOS DA AMÉRICA;AMÉRICA DO NORTE;SBKP;CAMPINAS;SP;SUDESTE;BRASIL;AMÉRICA DO SUL;INTERNACIONAL;REGULAR;7020;209;210941;1041;0;54526836;45721260;8971212;6274510;1783441;201903;31;1373858741;6780033;0;8372;1377434;264,683;225944
AZU;AZUL LINHAS AÉREAS BRASILEIRAS S/A;BRASILEIRA;2026;1;KMCO;ORLANDO, FLORIDA;;;ESTADOS UNIDOS DA AMÉRICA;AMÉRICA DO NORTE;KMCO;ORLANDO, FLORIDA;;;ESTADOS UNIDOS DA AMÉRICA;AMÉRICA DO NORTE;INTERNACIONAL;IMPRODUTIVO;293;0;0;0;0;0;0;0;0;61269;0;1;0;0;0;298;44255;1;10271
AZU;AZUL LINHAS AÉREAS BRASILEIRAS S/A;BRASILEIRA;2026;1;KMCO;ORLANDO, FLORIDA;;;ESTADOS UNIDOS DA AMÉRICA;AMÉRICA DO NORTE;SBCF;CONFINS;MG;SUDESTE;BRASIL;AMÉRICA DO SUL;INTERNACIONAL;IMPRODUTIVO;0;0;0;0;0;0;0;0;0;57155;6681;1;0;0;0;0;0;8,9;0
AZU;AZUL LINHAS AÉREAS BRASILEIRAS S/A;BRASILEIRA;2026;1;KMCO;ORLANDO, FLORIDA;;;ESTADOS UNIDOS DA AMÉRICA;AMÉRICA DO NORTE;SBCF;CONFINS;MG;SUDESTE;BRASIL;AMÉRICA DO SUL;INTERNACIONAL;NÃO REGULAR;259;3;0;0;0;1990938;1730379;314133;190261;52356;6681;1;0;0;0;298;47019;8,2;9053
AZU;AZUL LINHAS AÉREAS BRASILEIRAS S/A;BRASILEIRA;2026;1;KMCO;ORLANDO, FLORIDA;;;ESTADOS UNIDOS DA AMÉRICA;AMÉRICA DO NORTE;SBCF;CONFINS;MG;SUDESTE;BRASIL;AMÉRICA DO SUL;INTERNACIONAL;REGULAR;4596;102;2052;0;0;35516196;30705876;3721340;3271801;1120293;133620;20;13709412;0;0;5316;557005;170,1;142967
AZU;AZUL LINHAS AÉREAS BRASILEIRAS S/A;BRASILEIRA;2026;1;KMCO;ORLANDO, FLORIDA;;;ESTADOS UNIDOS DA AMÉRICA;AMÉRICA DO NORTE;SBKP;CAMPINAS;SP;SUDESTE;BRASIL;AMÉRICA DO SUL;INTERNACIONAL;REGULAR;15601;533;201673;690;0;116000568;105961992;18870971;12787688;3638778;421104;62;1369763016;4686480;0;17079;2778416;538,467;511014
AZU;AZUL LINHAS AÉREAS BRASILEIRAS S/A;BRASILEIRA;2026;1;KMCO;ORLANDO, FLORIDA;;;ESTADOS UNIDOS DA AMÉRICA;AMÉRICA DO NORTE;SBRF;RECIFE;PE;NORDESTE;BRASIL;AMÉRICA DO SUL;INTERNACIONAL;REGULAR;2001;35;0;0;0;14094256;12854424;2490189;1383088;454510;57816;9;0;0;0;2194;387639;69,7333;65226
AZU;AZUL LINHAS AÉREAS BRASILEIRAS S/A;BRASILEIRA;2026;1;LEMD;MADRID;;;ESPANHA;EUROPA;LEMD;MADRID;;;ESPANHA;EUROPA;INTERNACIONAL;IMPRODUTIVO;258;0;0;0;0;0;0;0;0;76755;0;1;0;0;0;298;39053;0,566667;4676
AZU;AZUL LINHAS AÉREAS BRASILEIRAS S/A;BRASILEIRA;2026;1;LEMD;MADRID;;;ESPANHA;EUROPA;SBKP;CAMPINAS;SP;SUDESTE;BRASIL;AMÉRICA DO SUL;INTERNACIONAL;REGULAR;5626;221;134162;655;0;53761080;47112124;7221582;5598730;1619462;184228;22;1123472594;5484970;0;6420;862383;239,433;112474
AZU;AZUL LINHAS AÉREAS BRASILEIRAS S/A;BRASILEIRA;2026;1;LEMD;MADRID;;;ESPANHA;EUROPA;SBRF;RECIFE;PE;NORDESTE;BRASIL;AMÉRICA DO SUL;INTERNACIONAL;NÃO REGULAR;206;7;0;0;0;1628333;1295122;128512;124432;56192;6287;1;0;0;0;259;20441;8,75;4342
AZU;AZUL LINHAS AÉREAS BRASILEIRAS S/A;BRASILEIRA;2026;1;LEMD;MADRID;;;ESPANHA;EUROPA;SBRF;RECIFE;PE;NORDESTE;BRASIL;AMÉRICA DO SUL;INTERNACIONAL;REGULAR;1831;72;0;0;0;14076593;11511497;1126017;1081636;458692;50296;8;0;0;0;2239;179103;68,9333;34719
AZU;AZUL LINHAS AÉREAS BRASILEIRAS S/A;BRASILEIRA;2026;1;LPPR;PORTO;;;PORTUGAL;EUROPA;LPPR;PORTO;;;PORTUGAL;EUROPA;INTERNACIONAL;IMPRODUTIVO;164;0;0;0;0;0;0;0;0;591;0;1;0;0;0;295;33961;0,3;3940
AZU;AZUL LINHAS AÉREAS BRASILEIRAS S/A;BRASILEIRA;2026;1;LPPR;PORTO;;;PORTUGAL;EUROPA;SBKP;CAMPINAS;SP;SUDESTE;BRASIL;AMÉRICA DO SUL;INTERNACIONAL;REGULAR;3385;92;38184;3065;0;29007050;27658835;4237359;3071775;955697;106223;13;312001466;25044116;0;3550;518586;137,967;83878
AZU;AZUL LINHAS AÉREAS BRASILEIRAS S/A;BRASILEIRA;2026;1;LPPR;PORTO;;;PORTUGAL;EUROPA;SBRF;RECIFE;PE;NORDESTE;BRASIL;AMÉRICA DO SUL;INTERNACIONAL;REGULAR;3714;99;0;0;0;27514936;22688826;2434350;2191327;843142;97744;16;0;0;0;4504;398487;127,317;80156
AZU;AZUL LINHAS AÉREAS BRASILEIRAS S/A;BRASILEIRA;2026;1;LPPT;LISBOA;;;PORTUGAL;EUROPA;SBKP;CAMPINAS;SP;SUDESTE;BRASIL;AMÉRICA DO SUL;INTERNACIONAL;REGULAR;14119;589;103519;145;0;121655160;111935432;14799702;11765096;4082966;420184;53;820698632;1149560;0;15345;1866767;541,367;321552
AZU;AZUL LINHAS AÉREAS BRASILEIRAS S/A;BRASILEIRA;2026;1;SAEZ;EZEIZA, BUENOS AIRES PROVINCE;;;ARGENTINA;AMÉRICA DO SUL;SBKP;CAMPINAS;SP;SUDESTE;BRASIL;AMÉRICA DO SUL;INTERNACIONAL;REGULAR;0;0;30620;0;0;0;0;82917;52574;17483;3434;2;52574540;0;0;0;48292;5,43333;0
AZU;AZUL LINHAS AÉREAS BRASILEIRAS S/A;BRASILEIRA;2026;1;SBAE;AREALVA;SP;SUDESTE;BRASIL;AMÉRICA DO SUL;SBAE;AREALVA;SP;SUDESTE;BRASIL;AMÉRICA DO SUL;DOMÉSTICA;IMPRODUTIVO;0;0;0;0;0;0;0;0;0;1731;0;1;0;0;0;0;5405;0,1;0
AZU;AZUL LINHAS AÉREAS BRASILEIRAS S/A;BRASILEIRA;2026;1;SBAE;AREALVA;SP;SUDESTE;BRASIL;AMÉRICA DO SUL;SBCF;CONFINS;MG;SUDESTE;BRASIL;AMÉRICA DO SUL;DOMÉSTICA;IMPRODUTIVO;0;0;0;0;0;0;0;0;0;1731;600;1;0;0;0;0;0;2,56667;0
AZU;AZUL LINHAS AÉREAS BRASILEIRAS S/A;BRASILEIRA;2026;1;SBAE;AREALVA;SP;SUDESTE;BRASIL;AMÉRICA DO SUL;SBKP;CAMPINAS;SP;SUDESTE;BRASIL;AMÉRICA DO SUL;DOMÉSTICA;REGULAR;1081;51;0;282;0;472780;240020;48764;19881;18723;6600;30;0;62040;0;2149;221731;24,0167;8521
AZU;AZUL LINHAS AÉREAS BRASILEIRAS S/A;BRASILEIRA;2026;1;SBAE;AREALVA;SP;SUDESTE;BRASIL;AMÉRICA DO SUL;SBMO;RIO LARGO;AL;NORDESTE;BRASIL;AMÉRICA DO SUL;DOMÉSTICA;REGULAR;1254;2;0;0;0;3125736;2502984;351148;201653;61909;17964;9;0;0;0;1566;175929;25,1;6981
AZU;AZUL LINHAS AÉREAS BRASILEIRAS S/A;BRASILEIRA;2026;1;SBAE;AREALVA;SP;SUDESTE;BRASIL;AMÉRICA DO SUL;SBPS;PORTO SEGURO;BA;NORDESTE;BRASIL;AMÉRICA DO SUL;DOMÉSTICA;REGULAR;741;1;0;0;0;1066620;908466;115698;72511;23898;6130;5;0;0;0;870;94372;9,75;3571
AZU;AZUL LINHAS AÉREAS BRASILEIRAS S/A;BRASILEIRA;2026;1;SBAE;AREALVA;SP;SUDESTE;BRASIL;AMÉRICA DO SUL;SBRF;RECIFE;PE;NORDESTE;BRASIL;AMÉRICA DO SUL;DOMÉSTICA;REGULAR;697;7;0;0;0;1891380;1515278;199608;121987;37709;10870;5;0;0;0;870;91817;15,1833;3838
AZU;AZUL LINHAS AÉREAS BRASILEIRAS S/A;BRASILEIRA;2026;1;SBAR;ARACAJU;SE;NORDESTE;BRASIL;AMÉRICA DO SUL;SBAR;ARACAJU;SE;NORDESTE;BRASIL;AMÉRICA DO SUL;DOMÉSTICA;IMPRODUTIVO;26;0;0;0;0;0;0;0;0;723;0;1;0;0;0;68;7230;0,416667;45
AZU;AZUL LINHAS AÉREAS BRASILEIRAS S/A;BRASILEIRA;2026;1;SBAR;ARACAJU;SE;NORDESTE;BRASIL;AMÉRICA DO SUL;SBCF;CONFINS;MG;SUDESTE;BRASIL;AMÉRICA DO SUL;DOMÉSTICA;REGULAR;5100;67;4882;29;0;6442992;6051516;704287;502727;157853;37572;31;5916984;35148;0;5316;581105;60,7333;36331
AZU;AZUL LINHAS AÉREAS BRASILEIRAS S/A;BRASILEIRA;2026;1;SBAR;ARACAJU;SE;NORDESTE;BRASIL;AMÉRICA DO SUL;SBIL;ILHÉUS;BA;NORDESTE;BRASIL;AMÉRICA DO SUL;DOMÉSTICA;REGULAR;6;0;0;0;0;;;;;;;;;;;;;;71
AZU;AZUL LINHAS AÉREAS BRASILEIRAS S/A;BRASILEIRA;2026;1;SBAR;ARACAJU;SE;NORDESTE;BRASIL;AMÉRICA DO SUL;SBKP;CAMPINAS;SP;SUDESTE;BRASIL;AMÉRICA DO SUL;DOMÉSTICA;REGULAR;3798;111;2837;138;0;7182778;6498378;754025;552240;175348;53041;31;4854107;236118;0;4198;440701;82,4667;35079
AZU;AZUL LINHAS AÉREAS BRASILEIRAS S/A;BRASILEIRA;2026;1;SBAR;ARACAJU;SE;NORDESTE;BRASIL;AMÉRICA DO SUL;SBPS;PORTO SEGURO;BA;NORDESTE;BRASIL;AMÉRICA DO SUL;DOMÉSTICA;REGULAR;53;0;0;0;0;;;;;;;;;;;;;;487
AZU;AZUL LINHAS AÉREAS BRASILEIRAS S/A;BRASILEIRA;2026;1;SBAR;ARACAJU;SE;NORDESTE;BRASIL;AMÉRICA DO SUL;SBRF;RECIFE;PE;NORDESTE;BRASIL;AMÉRICA DO SUL;DOMÉSTICA;REGULAR;3241;101;3588;115;0;1589544;1393128;161986;116922;57034;22968;58;1420848;45540;0;4014;409140;75,1;25363
AZU;AZUL LINHAS AÉREAS BRASILEIRAS S/A;BRASILEIRA;2026;1;SBAR;ARACAJU;SE;NORDESTE;BRASIL;AMÉRICA DO SUL;SBSP;SÃO PAULO;SP;SUDESTE;BRASIL;AMÉRICA DO SUL;DOMÉSTICA;REGULAR;2483;37;126;21;0;4480656;4305522;466642;356707;111350;32946;19;218484;36414;0;2584;269119;54,6667;19368
AZU;AZUL LINHAS AÉREAS BRASILEIRAS S/A;BRASILEIRA;2026;1;SBAR;ARACAJU;SE;NORDESTE;BRASIL;AMÉRICA DO SUL;SBSV;SALVADOR;BA;NORDESTE;BRASIL;AMÉRICA DO SUL;DOMÉSTICA;REGULAR;936;14;18;76;0;523204;393162;53155;31951;22559;7590;30;4554;19228;0;2068;210162;30,6833;4782
AZU;AZUL LINHAS AÉREAS BRASILEIRAS S/A;BRASILEIRA;2026;1;SBAR;ARACAJU;SE;NORDESTE;BRASIL;AMÉRICA DO SUL;SBTE;TERESINA;PI;NORDESTE;BRASIL;AMÉRICA DO SUL;DOMÉSTICA;NÃO REGULAR;58;0;0;0;0;107852;53012;11002;6030;3745;914;1;0;0;0;118;12038;1,61667;2248
AZU;AZUL LINHAS AÉREAS BRASILEIRAS S/A;BRASILEIRA;2026;1;SBAR;ARACAJU;SE;NORDESTE;BRASIL;AMÉRICA DO SUL;SBVC;VITÓRIA DA CONQUISTA;BA;NORDESTE;BRASIL;AMÉRICA DO SUL;DOMÉSTICA;REGULAR;10;0;0;0;0;;;;;;;;;;;;;;82
AZU;AZUL LINHAS AÉREAS BRASILEIRAS S/A;BRASILEIRA;2026;1;SBAT;ALTA FLORESTA;MT;CENTRO-OESTE;BRASIL;AMÉRICA DO SUL;SBKP;CAMPINAS;SP;SUDESTE;BRASIL;AMÉRICA DO SUL;DOMÉSTICA;REGULAR;1222;34;657;169;0;2847840;2132390;293729;182522;66173;20940;12;1146465;294905;0;1632;168330;32,6;12293
AZU;AZUL LINHAS AÉREAS BRASILEIRAS S/A;BRASILEIRA;2026;1;SBAU;ARAÇATUBA;SP;SUDESTE;BRASIL;AMÉRICA DO SUL;SBKP;CAMPINAS;SP;SUDESTE;BRASIL;AMÉRICA DO SUL;DOMÉSTICA;REGULAR;1482;52;815;19;0;800352;588354;81811;49048;26497;11513;29;323555;7543;0;2016;206110;36,25;11619
AZU;AZUL LINHAS AÉREAS BRASILEIRAS S/A;BRASILEIRA;2026;1;SBAU;ARAÇATUBA;SP;SUDESTE;BRASIL;AMÉRICA DO SUL;SBPA;PORTO ALEGRE;RS;SUL;BRASIL;AMÉRICA DO SUL;DOMÉSTICA;IMPRODUTIVO;0;0;0;0;0;0;0;0;0;1486;987;1;0;0;0;0;0;2,66667;0
AZU;AZUL LINHAS AÉREAS BRASILEIRAS S/A;BRASILEIRA;2026;1;SBBE;BELÉM;PA;NORTE;BRASIL;AMÉRICA DO SUL;KFLL;FORT LAUDERDALE/HOLLYWOOD, FLORIDA;;;ESTADOS UNIDOS DA AMÉRICA;AMÉRICA DO NORTE;INTERNACIONAL;REGULAR;1417;17;1750;27;0;8559610;6475690;803012;582691;192344;50270;11;7997500;123390;0;1873;175715;72,95;19480
AZU;AZUL LINHAS AÉREAS BRASILEIRAS S/A;BRASILEIRA;2026;1;SBBE;BELÉM;PA;NORTE;BRASIL;AMÉRICA DO SUL;SBBE;BELÉM;PA;NORTE;BRASIL;AMÉRICA DO SUL;DOMÉSTICA;IMPRODUTIVO;255;0;492;0;0;0;0;0;0;34089;0;4;0;0;0;649;65906;4,4;3024
AZU;AZUL LINHAS AÉREAS BRASILEIRAS S/A;BRASILEIRA;2026;1;SBBE;BELÉM;PA;NORTE;BRASIL;AMÉRICA DO SUL;SBBR;BRASÍLIA;DF;CENTRO-OESTE;BRASIL;AMÉRICA DO SUL;DOMÉSTICA;REGULAR;149;8;0;0;0;280488;240188;25419;20686;8254;1612;1;0;0;0;174;15769;2,95;1658
AZU;AZUL LINHAS AÉREAS BRASILEIRAS S/A;BRASILEIRA;2026;1;SBBE;BELÉM;PA;NORTE;BRASIL;AMÉRICA DO SUL;SBCF;CONFINS;MG;SUDESTE;BRASIL;AMÉRICA DO SUL;DOMÉSTICA;NÃO REGULAR;156;0;0;0;0;363138;325572;37532;24417;8583;2087;1;0;0;0;174;17984;3,15;0
AZU;AZUL LINHAS AÉREAS BRASILEIRAS S/A;BRASILEIRA;2026;1;SBBE;BELÉM;PA;NORTE;BRASIL;AMÉRICA DO SUL;SBCF;CONFINS;MG;SUDESTE;BRASIL;AMÉRICA DO SUL;DOMÉSTICA;REGULAR;12549;193;30393;164;0;27734143;24397030;2979747;2113050;613695;160699;77;63430191;342268;0;13289;1427785;237,067;113774
AZU;AZUL LINHAS AÉREAS BRASILEIRAS S/A;BRASILEIRA;2026;1;SBBE;BELÉM;PA;NORTE;BRASIL;AMÉRICA DO SUL;SBCJ;PARAUAPEBAS;PA;NORTE;BRASIL;AMÉRICA DO SUL;DOMÉSTICA;REGULAR;2451;8;3264;31;0;2638560;1827120;233438;154369;83377;16008;29;1801728;17112;0;4780;422921;35,1833;19753
AZU;AZUL LINHAS AÉREAS BRASILEIRAS S/A;BRASILEIRA;2026;1;SBBE;BELÉM;PA;NORTE;BRASIL;AMÉRICA DO SUL;SBEG;MANAUS;AM;NORTE;BRASIL;AMÉRICA DO SUL;DOMÉSTICA;REGULAR;9448;38;80334;230;0;13709646;12272952;1374647;1145857;333588;79239;61;104353866;298770;0;10554;1058260;126,083;93195
AZU;AZUL LINHAS AÉREAS BRASILEIRAS S/A;BRASILEIRA;2026;1;SBBE;BELÉM;PA;NORTE;BRASIL;AMÉRICA DO SUL;SBFZ;FORTALEZA;CE;NORDESTE;BRASIL;AMÉRICA DO SUL;DOMÉSTICA;NÃO REGULAR;0;0;3272;0;0;0;0;50092;3716;10589;2272;2;3716992;0;0;0;44096;3,56667;0
AZU;AZUL LINHAS AÉREAS BRASILEIRAS S/A;BRASILEIRA;2026;1;SBBE;BELÉM;PA;NORTE;BRASIL;AMÉRICA DO SUL;SBFZ;FORTALEZA;CE;NORDESTE;BRASIL;AMÉRICA DO SUL;DOMÉSTICA;REGULAR;9407;70;4406;231;0;12013200;10686352;1118200;884278;284927;70432;62;5005216;262416;0;10575;984359;112,667;68506
AZU;AZUL LINHAS AÉREAS BRASILEIRAS S/A;BRASILEIRA;2026;1;SBBE;BELÉM;PA;NORTE;BRASIL;AMÉRICA DO SUL;SBGL;RIO DE JANEIRO;RJ;SUDESTE;BRASIL;AMÉRICA DO SUL;DOMÉSTICA;REGULAR;130;1;67;0;0;425952;362304;44531;29645;12925;2448;1;164016;0;0;174;18191;4,85;872
AZU;AZUL LINHAS AÉREAS BRASILEIRAS S/A;BRASILEIRA;2026;1;SBBE;BELÉM;PA;NORTE;BRASIL;AMÉRICA DO SUL;SBHT;ALTAMIRA;PA;NORTE;BRASIL;AMÉRICA DO SUL;DOMÉSTICA;REGULAR;3878;14;14891;279;0;2508948;1814904;252145;160771;84847;14508;31;6968988;130572;0;5361;538801;34,3167;37822
AZU;AZUL LINHAS AÉREAS BRASILEIRAS S/A;BRASILEIRA;2026;1;SBBE;BELÉM;PA;NORTE;BRASIL;AMÉRICA DO SUL;SBKP;CAMPINAS;SP;SUDESTE;BRASIL;AMÉRICA DO SUL;DOMÉSTICA;NÃO REGULAR;44;2;0;0;0;397485;105996;40251;9481;8140;2409;1;0;0;0;165;16709;3,38333;636
AZU;AZUL LINHAS AÉREAS BRASILEIRAS S/A;BRASILEIRA;2026;1;SBBE;BELÉM;PA;NORTE;BRASIL;AMÉRICA DO SUL;SBKP;CAMPINAS;SP;SUDESTE;BRASIL;AMÉRICA DO SUL;DOMÉSTICA;REGULAR;13228;398;29097;2095;0;37110645;33379104;3881038;2898649;828101;214401;89;70094673;5046855;0;15405;1611077;309,533;127197
AZU;AZUL LINHAS AÉREAS BRASILEIRAS S/A;BRASILEIRA;2026;1;SBBE;BELÉM;PA;NORTE;BRASIL;AMÉRICA DO SUL;SBMA;MARABÁ;PA;NORTE;BRASIL;AMÉRICA DO SUL;DOMÉSTICA;REGULAR;3453;25;20508;283;0;3189696;1550397;322229;133995;101506;18409;41;9208092;127067;0;7104;717707;43,6333;18986
AZU;AZUL LINHAS AÉREAS BRASILEIRAS S/A;BRASILEIRA;2026;1;SBBE;BELÉM;PA;NORTE;BRASIL;AMÉRICA DO SUL;SBMQ;MACAPÁ;AP;NORTE;BRASIL;AMÉRICA DO SUL;DOMÉSTICA;REGULAR;6753;26;60672;567;0;2673125;2408938;264348;223849;103834;15463;47;19961088;186543;0;8125;803559;42,7167;62941
AZU;AZUL LINHAS AÉREAS BRASILEIRAS S/A;BRASILEIRA;2026;1;SBBE;BELÉM;PA;NORTE;BRASIL;AMÉRICA DO SUL;SBOI;OIAPOQUE;AP;NORTE;BRASIL;AMÉRICA DO SUL;DOMÉSTICA;NÃO REGULAR;450;0;0;29;0;1835400;310500;99720;24997;51950;26220;38;0;20010;0;2660;144555;69,7333;2506
AZU;AZUL LINHAS AÉREAS BRASILEIRAS S/A;BRASILEIRA;2026;1;SBBE;BELÉM;PA;NORTE;BRASIL;AMÉRICA DO SUL;SBRF;RECIFE;PE;NORDESTE;BRASIL;AMÉRICA DO SUL;DOMÉSTICA;REGULAR;9185;107;16091;345;0;17946210;15412430;2067868;1318315;401865;109070;65;27000698;578910;0;10695;1232359;158,333;80700
AZU;AZUL LINHAS AÉREAS BRASILEIRAS S/A;BRASILEIRA;2026;1;SBBE;BELÉM;PA;NORTE;BRASIL;AMÉRICA DO SUL;SBSL;SÃO LUÍS;MA;NORDESTE;BRASIL;AMÉRICA DO SUL;DOMÉSTICA;REGULAR;3750;20;4737;139;0;2622480;1837500;260252;154175;78270;15190;31;2321130;68110;0;5352;531154;33,3333;28684
AZU;AZUL LINHAS AÉREAS BRASILEIRAS S/A;BRASILEIRA;2026;1;SBBE;BELÉM;PA;NORTE;BRASIL;AMÉRICA DO SUL;SBSN;SANTARÉM;PA;NORTE;BRASIL;AMÉRICA DO SUL;DOMÉSTICA;NÃO REGULAR;59;1;153;23;0;51120;41890;4254;3501;1281;710;1;108630;16330;0;72;5992;1,91667;353
AZU;AZUL LINHAS AÉREAS BRASILEIRAS S/A;BRASILEIRA;2026;1;SBBE;BELÉM;PA;NORTE;BRASIL;AMÉRICA DO SUL;SBSN;SANTARÉM;PA;NORTE;BRASIL;AMÉRICA DO SUL;DOMÉSTICA;REGULAR;7292;47;55551;213;0;6057720;5177320;595686;469351;174361;36210;51;39441210;151230;0;8532;839031;70,7666;58639
AZU;AZUL LINHAS AÉREAS BRASILEIRAS S/A;BRASILEIRA;2026;1;SBBH;BELO HORIZONTE;MG;SUDESTE;BRASIL;AMÉRICA DO SUL;SBCF;CONFINS;MG;SUDESTE;BRASIL;AMÉRICA DO SUL;DOMÉSTICA;IMPRODUTIVO;0;0;0;0;0;0;0;0;0;2576;125;5;0;0;0;0;0;4,7;0
AZU;AZUL LINHAS AÉREAS BRASILEIRAS S/A;BRASILEIRA;2026;1;SBBH;BELO HORIZONTE;MG;SUDESTE;BRASIL;AMÉRICA DO SUL;SBKP;CAMPINAS;SP;SUDESTE;BRASIL;AMÉRICA DO SUL;DOMÉSTICA;IMPRODUTIVO;0;0;0;0;0;0;0;0;0;2054;962;2;0;0;0;0;0;2,76667;0
AZU;AZUL LINHAS AÉREAS BRASILEIRAS S/A;BRASILEIRA;2026;1;SBBH;BELO HORIZONTE;MG;SUDESTE;BRASIL;AMÉRICA DO SUL;SBSP;SÃO PAULO;SP;SUDESTE;BRASIL;AMÉRICA DO SUL;DOMÉSTICA;IMPRODUTIVO;0;0;0;0;0;0;0;0;0;2394;504;1;0;0;0;0;0;1,21667;0
AZU;AZUL LINHAS AÉREAS BRASILEIRAS S/A;BRASILEIRA;2026;1;SBBR;BRASÍLIA;DF;CENTRO-OESTE;BRASIL;AMÉRICA DO SUL;SBBR;BRASÍLIA;DF;CENTRO-OESTE;BRASIL;AMÉRICA DO SUL;DOMÉSTICA;IMPRODUTIVO;496;17;0;0;0;0;0;0;0;17023;0;5;0;0;0;738;78601;1,83333;2378
AZU;AZUL LINHAS AÉREAS BRASILEIRAS S/A;BRASILEIRA;2026;1;SBBR;BRASÍLIA;DF;CENTRO-OESTE;BRASIL;AMÉRICA DO SUL;SBCF;CONFINS;MG;SUDESTE;BRASIL;AMÉRICA DO SUL;DOMÉSTICA;REGULAR;8686;248;8024;458;0;6730308;5133426;702003;415995;200273;50235;85;4742184;270678;0;11388;1187898;105,35;44482
AZU;AZUL LINHAS AÉREAS BRASILEIRAS S/A;BRASILEIRA;2026;1;SBBR;BRASÍLIA;DF;CENTRO-OESTE;BRASIL;AMÉRICA DO SUL;SBGO;GOIÂNIA;GO;CENTRO-OESTE;BRASIL;AMÉRICA DO SUL;DOMÉSTICA;IMPRODUTIVO;0;0;0;0;0;0;0;0;0;1973;163;1;0;0;0;0;0;1,03333;0
AZU;AZUL LINHAS AÉREAS BRASILEIRAS S/A;BRASILEIRA;2026;1;SBBR;BRASÍLIA;DF;CENTRO-OESTE;BRASIL;AMÉRICA DO SUL;SBKP;CAMPINAS;SP;SUDESTE;BRASIL;AMÉRICA DO SUL;DOMÉSTICA;IMPRODUTIVO;0;0;0;0;0;0;0;0;0;3136;798;1;0;0;0;0;0;1,46667;0
AZU;AZUL LINHAS AÉREAS BRASILEIRAS S/A;BRASILEIRA;2026;1;SBBR;BRASÍLIA;DF;CENTRO-OESTE;BRASIL;AMÉRICA DO SUL;SBKP;CAMPINAS;SP;SUDESTE;BRASIL;AMÉRICA DO SUL;DOMÉSTICA;NÃO REGULAR;50;0;0;0;0;108528;39900;11594;3125;2905;798;1;0;0;0;136;14529;1,75;167
AZU;AZUL LINHAS AÉREAS BRASILEIRAS S/A;BRASILEIRA;2026;1;SBBR;BRASÍLIA;DF;CENTRO-OESTE;BRASIL;AMÉRICA DO SUL;SBKP;CAMPINAS;SP;SUDESTE;BRASIL;AMÉRICA DO SUL;DOMÉSTICA;REGULAR;15749;392;8071;5547;0;16093266;12567702;1705847;1018959;444018;113316;142;6440658;4426506;0;20167;2137746;227,6;87738
AZU;AZUL LINHAS AÉREAS BRASILEIRAS S/A;BRASILEIRA;2026;1;SBBR;BRASÍLIA;DF;CENTRO-OESTE;BRASIL;AMÉRICA DO SUL;SBRF;RECIFE;PE;NORDESTE;BRASIL;AMÉRICA DO SUL;DOMÉSTICA;NÃO REGULAR;2528;19;271;53;0;7376840;4181312;816248;335510;150208;43004;26;448234;87662;0;4460;493507;65,5333;12985
AZU;AZUL LINHAS AÉREAS BRASILEIRAS S/A;BRASILEIRA;2026;1;SBBR;BRASÍLIA;DF;CENTRO-OESTE;BRASIL;AMÉRICA DO SUL;SBRF;RECIFE;PE;NORDESTE;BRASIL;AMÉRICA DO SUL;DOMÉSTICA;REGULAR;12495;136;2708;880;0;23779558;20666730;2567744;1695190;505897;137282;83;4479032;1455520;0;14377;1552467;206,933;85096
AZU;AZUL LINHAS AÉREAS BRASILEIRAS S/A;BRASILEIRA;2026;1;SBBR;BRASÍLIA;DF;CENTRO-OESTE;BRASIL;AMÉRICA DO SUL;SBSP;SÃO PAULO;SP;SUDESTE;BRASIL;AMÉRICA DO SUL;DOMÉSTICA;IMPRODUTIVO;0;0;0;0;0;0;0;0;0;2885;872;1;0;0;0;0;0;1,78333;0
AZU;AZUL LINHAS AÉREAS BRASILEIRAS S/A;BRASILEIRA;2026;1;SBBR;BRASÍLIA;DF;CENTRO-OESTE;BRASIL;AMÉRICA DO SUL;SBSP;SÃO PAULO;SP;SUDESTE;BRASIL;AMÉRICA DO SUL;DOMÉSTICA;REGULAR;9792;192;3364;87;0;9700128;8538624;1026885;679051;280332;71504;82;2933408;75864;0;11124;1177670;146,35;41013
AZU;AZUL LINHAS AÉREAS BRASILEIRAS S/A;BRASILEIRA;2026;1;SBBV;BOA VISTA;RR;NORTE;BRASIL;AMÉRICA DO SUL;SBEG;MANAUS;AM;NORTE;BRASIL;AMÉRICA DO SUL;DOMÉSTICA;REGULAR;2718;39;13144;557;0;3609130;2973502;318702;264359;101565;21056;32;8648752;366506;0;5485;484372;40,7;28294
AZU;AZUL LINHAS AÉREAS BRASILEIRAS S/A;BRASILEIRA;2026;1;SBBV;BOA VISTA;RR;NORTE;BRASIL;AMÉRICA DO SUL;SBKP;CAMPINAS;SP;SUDESTE;BRASIL;AMÉRICA DO SUL;DOMÉSTICA;REGULAR;1801;23;0;0;0;;;;;;;;;;;;;;21424
AZU;AZUL LINHAS AÉREAS BRASILEIRAS S/A;BRASILEIRA;2026;1;SBCA;CASCAVEL;PR;SUL;BRASIL;AMÉRICA DO SUL;SBCA;CASCAVEL;PR;SUL;BRASIL;AMÉRICA DO SUL;DOMÉSTICA;IMPRODUTIVO;111;1;0;0;0;0;0;0;0;3439;0;1;0;0;0;118;9682;0,233333;740
AZU;AZUL LINHAS AÉREAS BRASILEIRAS S/A;BRASILEIRA;2026;1;SBCA;CASCAVEL;PR;SUL;BRASIL;AMÉRICA DO SUL;SBCT;SÃO JOSÉ DOS PINHAIS;PR;SUL;BRASIL;AMÉRICA DO SUL;DOMÉSTICA;REGULAR;1427;28;0;0;0;921900;626453;94225;50571;28195;13170;30;0;0;0;2100;214674;39,15;8199
AZU;AZUL LINHAS AÉREAS BRASILEIRAS S/A;BRASILEIRA;2026;1;SBCA;CASCAVEL;PR;SUL;BRASIL;AMÉRICA DO SUL;SBJP;SANTA RITA;PB;NORDESTE;BRASIL;AMÉRICA DO SUL;DOMÉSTICA;REGULAR;698;7;0;0;0;2434260;1953004;244562;160510;45295;13990;5;0;0;0;870;87407;18,6833;5017
AZU;AZUL LINHAS AÉREAS BRASILEIRAS S/A;BRASILEIRA;2026;1;SBCA;CASCAVEL;PR;SUL;BRASIL;AMÉRICA DO SUL;SBKP;CAMPINAS;SP;SUDESTE;BRASIL;AMÉRICA DO SUL;DOMÉSTICA;IMPRODUTIVO;0;0;0;0;0;0;0;0;0;2639;684;1;0;0;0;0;0;1,23333;0
AZU;AZUL LINHAS AÉREAS BRASILEIRAS S/A;BRASILEIRA;2026;1;SBCA;CASCAVEL;PR;SUL;BRASIL;AMÉRICA DO SUL;SBKP;CAMPINAS;SP;SUDESTE;BRASIL;AMÉRICA DO SUL;DOMÉSTICA;REGULAR;6454;158;10329;175;0;4983624;4414536;504763;371435;152795;37620;55;7065036;119700;0;7286;737994;74,1667;48695
AZU;AZUL LINHAS AÉREAS BRASILEIRAS S/A;BRASILEIRA;2026;1;SBCA;CASCAVEL;PR;SUL;BRASIL;AMÉRICA DO SUL;SBMO;RIO LARGO;AL;NORDESTE;BRASIL;AMÉRICA DO SUL;DOMÉSTICA;REGULAR;1285;8;0;0;0;3961008;3269040;374133;267614;75442;22896;9;0;0;0;1557;147067;31,15;8821
AZU;AZUL LINHAS AÉREAS BRASILEIRAS S/A;BRASILEIRA;2026;1;SBCA;CASCAVEL;PR;SUL;BRASIL;AMÉRICA DO SUL;SBPS;PORTO SEGURO;BA;NORDESTE;BRASIL;AMÉRICA DO SUL;DOMÉSTICA;REGULAR;534;0;0;0;0;1235400;947850;134035;75948;24181;7100;4;0;0;0;696;75514;9,88333;2739
AZU;AZUL LINHAS AÉREAS BRASILEIRAS S/A;BRASILEIRA;2026;1;SBCF;CONFINS;MG;SUDESTE;BRASIL;AMÉRICA DO SUL;KMCO;ORLANDO, FLORIDA;;;ESTADOS UNIDOS DA AMÉRICA;AMÉRICA DO NORTE;INTERNACIONAL;NÃO REGULAR;235;2;6824;0;0;1990938;1570035;314133;185417;56166;6681;1;45591144;0;0;298;47019;8,88333;3304
AZU;AZUL LINHAS AÉREAS BRASILEIRAS S/A;BRASILEIRA;2026;1;SBCF;CONFINS;MG;SUDESTE;BRASIL;AMÉRICA DO SUL;KMCO;ORLANDO, FLORIDA;;;ESTADOS UNIDOS DA AMÉRICA;AMÉRICA DO NORTE;INTERNACIONAL;REGULAR;4738;61;20919;0;0;37520496;31654578;3452037;3000646;1272574;140301;21;139759840;0;0;5616;516696;195,117;72864
AZU;AZUL LINHAS AÉREAS BRASILEIRAS S/A;BRASILEIRA;2026;1;SBCF;CONFINS;MG;SUDESTE;BRASIL;AMÉRICA DO SUL;LPPT;LISBOA;;;PORTUGAL;EUROPA;INTERNACIONAL;IMPRODUTIVO;0;0;0;0;0;0;0;0;0;57155;7439;1;0;0;0;0;0;8,9;0
AZU;AZUL LINHAS AÉREAS BRASILEIRAS S/A;BRASILEIRA;2026;1;SBCF;CONFINS;MG;SUDESTE;BRASIL;AMÉRICA DO SUL;SBAR;ARACAJU;SE;NORDESTE;BRASIL;AMÉRICA DO SUL;DOMÉSTICA;IMPRODUTIVO;0;0;0;0;0;0;0;0;0;4069;1212;1;0;0;0;0;0;2,01667;0
AZU;AZUL LINHAS AÉREAS BRASILEIRAS S/A;BRASILEIRA;2026;1;SBCF;CONFINS;MG;SUDESTE;BRASIL;AMÉRICA DO SUL;SBAR;ARACAJU;SE;NORDESTE;BRASIL;AMÉRICA DO SUL;DOMÉSTICA;REGULAR;4759;19;7923;170;0;6442992;5702460;575341;472228;149861;37572;31;9602676;206040;0;5316;474718;59,1;29244
AZU;AZUL LINHAS AÉREAS BRASILEIRAS S/A;BRASILEIRA;2026;1;SBCF;CONFINS;MG;SUDESTE;BRASIL;AMÉRICA DO SUL;SBBE;BELÉM;PA;NORTE;BRASIL;AMÉRICA DO SUL;DOMÉSTICA;REGULAR;10409;98;82668;84;0;29182521;20604951;3171679;1926645;612729;169047;81;172528116;175308;0;13983;1519752;246,05;105533
AZU;AZUL LINHAS AÉREAS BRASILEIRAS S/A;BRASILEIRA;2026;1;SBCF;CONFINS;MG;SUDESTE;BRASIL;AMÉRICA DO SUL;SBBH;BELO HORIZONTE;MG;SUDESTE;BRASIL;AMÉRICA DO SUL;DOMÉSTICA;IMPRODUTIVO;0;0;0;0;0;0;0;0;0;2915;75;3;0;0;0;0;0;4,11667;0
AZU;AZUL LINHAS AÉREAS BRASILEIRAS S/A;BRASILEIRA;2026;1;SBCF;CONFINS;MG;SUDESTE;BRASIL;AMÉRICA DO SUL;SBBR;BRASÍLIA;DF;CENTRO-OESTE;BRASIL;AMÉRICA DO SUL;DOMÉSTICA;REGULAR;10301;164;30455;199;0;6891060;6087891;650158;508323;228640;51417;87;17998905;117609;0;11660;1100173;115,467;57151
AZU;AZUL LINHAS AÉREAS BRASILEIRAS S/A;BRASILEIRA;2026;1;SBCF;CONFINS;MG;SUDESTE;BRASIL;AMÉRICA DO SUL;SBCF;CONFINS;MG;SUDESTE;BRASIL;AMÉRICA DO SUL;DOMÉSTICA;IMPRODUTIVO;2699;18;447;50;0;0;0;0;0;96350;0;32;0;0;0;3894;377028;19,4;22087
AZU;AZUL LINHAS AÉREAS BRASILEIRAS S/A;BRASILEIRA;2026;1;SBCF;CONFINS;MG;SUDESTE;BRASIL;AMÉRICA DO SUL;SBCJ;PARAUAPEBAS;PA;NORTE;BRASIL;AMÉRICA DO SUL;DOMÉSTICA;NÃO REGULAR;1744;0;0;0;0;3133218;2969518;281459;258039;72394;18007;11;0;0;0;1914;171938;27,1333;20779
AZU;AZUL LINHAS AÉREAS BRASILEIRAS S/A;BRASILEIRA;2026;1;SBCF;CONFINS;MG;SUDESTE;BRASIL;AMÉRICA DO SUL;SBCJ;PARAUAPEBAS;PA;NORTE;BRASIL;AMÉRICA DO SUL;DOMÉSTICA;REGULAR;3809;12;2825;159;0;7700448;7112765;763801;610649;177724;47473;29;4624525;260283;0;4704;466596;72,3667;38846
AZU;AZUL LINHAS AÉREAS BRASILEIRAS S/A;BRASILEIRA;2026;1;SBCF;CONFINS;MG;SUDESTE;BRASIL;AMÉRICA DO SUL;SBCT;SÃO JOSÉ DOS PINHAIS;PR;SUL;BRASIL;AMÉRICA DO SUL;DOMÉSTICA;NÃO REGULAR;890;14;1528;10;0;1020276;752940;101428;61512;27729;7614;9;1292688;8460;0;1206;119897;13,7833;4435
AZU;AZUL LINHAS AÉREAS BRASILEIRAS S/A;BRASILEIRA;2026;1;SBCF;CONFINS;MG;SUDESTE;BRASIL;AMÉRICA DO SUL;SBCT;SÃO JOSÉ DOS PINHAIS;PR;SUL;BRASIL;AMÉRICA DO SUL;DOMÉSTICA;REGULAR;7421;101;13242;184;0;6986268;6278166;669188;534507;204639;52452;62;11202732;155664;0;8258;791040;99,45;62030
AZU;AZUL LINHAS AÉREAS BRASILEIRAS S/A;BRASILEIRA;2026;1;SBCF;CONFINS;MG;SUDESTE;BRASIL;AMÉRICA DO SUL;SBCY;VÁRZEA GRANDE;MT;CENTRO-OESTE;BRASIL;AMÉRICA DO SUL;DOMÉSTICA;REGULAR;7133;15;31644;71;0;10542720;9700880;1012390;862258;266755;73440;54;43035840;96560;0;7752;744424;120,383;67412
AZU;AZUL LINHAS AÉREAS BRASILEIRAS S/A;BRASILEIRA;2026;1;SBCF;CONFINS;MG;SUDESTE;BRASIL;AMÉRICA DO SUL;SBEG;MANAUS;AM;NORTE;BRASIL;AMÉRICA DO SUL;DOMÉSTICA;NÃO REGULAR;1862;14;4050;205;0;6522691;5159248;576886;454351;143894;43163;17;10282950;520495;0;2569;227213;61,55;20532
AZU;AZUL LINHAS AÉREAS BRASILEIRAS S/A;BRASILEIRA;2026;1;SBCF;CONFINS;MG;SUDESTE;BRASIL;AMÉRICA DO SUL;SBEG;MANAUS;AM;NORTE;BRASIL;AMÉRICA DO SUL;DOMÉSTICA;REGULAR;4806;22;36307;114;0;20718240;16363855;1899180;1505717;450550;119333;47;92183473;289446;0;8160;748012;169,267;56340
AZU;AZUL LINHAS AÉREAS BRASILEIRAS S/A;BRASILEIRA;2026;1;SBCF;CONFINS;MG;SUDESTE;BRASIL;AMÉRICA DO SUL;SBFI;FOZ DO IGUAÇU;PR;SUL;BRASIL;AMÉRICA DO SUL;DOMÉSTICA;REGULAR;2132;28;2;0;0;3008016;2699112;275113;219446;74654;17724;14;2532;0;0;2376;217316;29,0167;13442
AZU;AZUL LINHAS AÉREAS BRASILEIRAS S/A;BRASILEIRA;2026;1;SBCF;CONFINS;MG;SUDESTE;BRASIL;AMÉRICA DO SUL;SBFL;FLORIANÓPOLIS;SC;SUL;BRASIL;AMÉRICA DO SUL;DOMÉSTICA;REGULAR;6936;55;4967;128;0;7942848;6998424;722927;591169;211725;58522;58;5011703;129152;0;7872;716510;104,567;60757
AZU;AZUL LINHAS AÉREAS BRASILEIRAS S/A;BRASILEIRA;2026;1;SBCF;CONFINS;MG;SUDESTE;BRASIL;AMÉRICA DO SUL;SBFZ;FORTALEZA;CE;NORDESTE;BRASIL;AMÉRICA DO SUL;DOMÉSTICA;REGULAR;9423;58;33637;609;0;18494532;17507934;1685553;1497304;407774;107764;58;62497546;1131522;0;9954;907203;157,1;65524
AZU;AZUL LINHAS AÉREAS BRASILEIRAS S/A;BRASILEIRA;2026;1;SBCF;CONFINS;MG;SUDESTE;BRASIL;AMÉRICA DO SUL;SBGL;RIO DE JANEIRO;RJ;SUDESTE;BRASIL;AMÉRICA DO SUL;DOMÉSTICA;NÃO REGULAR;1613;29;6392;1;0;1119304;583906;105957;47724;39524;8326;23;2313904;362;0;3092;292728;21,55;4503
AZU;AZUL LINHAS AÉREAS BRASILEIRAS S/A;BRASILEIRA;2026;1;SBCF;CONFINS;MG;SUDESTE;BRASIL;AMÉRICA DO SUL;SBGL;RIO DE JANEIRO;RJ;SUDESTE;BRASIL;AMÉRICA DO SUL;DOMÉSTICA;REGULAR;7686;110;14617;358;0;3621448;2782332;336541;230513;150814;28236;78;5291354;129596;0;10004;929788;76,6833;45807
AZU;AZUL LINHAS AÉREAS BRASILEIRAS S/A;BRASILEIRA;2026;1;SBCF;CONFINS;MG;SUDESTE;BRASIL;AMÉRICA DO SUL;SBGO;GOIÂNIA;GO;CENTRO-OESTE;BRASIL;AMÉRICA DO SUL;DOMÉSTICA;NÃO REGULAR;651;2;3587;0;0;879273;421197;88581;36318;23471;5176;8;2320789;0;0;1359;136916;9,68333;3726
AZU;AZUL LINHAS AÉREAS BRASILEIRAS S/A;BRASILEIRA;2026;1;SBCF;CONFINS;MG;SUDESTE;BRASIL;AMÉRICA DO SUL;SBGO;GOIÂNIA;GO;CENTRO-OESTE;BRASIL;AMÉRICA DO SUL;DOMÉSTICA;REGULAR;10781;72;41841;190;0;7959394;6975307;739798;602403;263649;60171;93;27071127;122930;0;12302;1143501;127,167;80733
AZU;AZUL LINHAS AÉREAS BRASILEIRAS S/A;BRASILEIRA;2026;1;SBCF;CONFINS;MG;SUDESTE;BRASIL;AMÉRICA DO SUL;SBGR;GUARULHOS;SP;SUDESTE;BRASIL;AMÉRICA DO SUL;DOMÉSTICA;IMPRODUTIVO;0;0;0;0;0;0;0;0;0;2645;496;1;0;0;0;0;0;1,38333;0
AZU;AZUL LINHAS AÉREAS BRASILEIRAS S/A;BRASILEIRA;2026;1;SBCF;CONFINS;MG;SUDESTE;BRASIL;AMÉRICA DO SUL;SBGR;GUARULHOS;SP;SUDESTE;BRASIL;AMÉRICA DO SUL;DOMÉSTICA;NÃO REGULAR;299;4;4;0;0;153760;148304;17237;12195;5176;992;2;1984;0;0;310;34754;2,56667;2160
AZU;AZUL LINHAS AÉREAS BRASILEIRAS S/A;BRASILEIRA;2026;1;SBCF;CONFINS;MG;SUDESTE;BRASIL;AMÉRICA DO SUL;SBGR;GUARULHOS;SP;SUDESTE;BRASIL;AMÉRICA DO SUL;DOMÉSTICA;REGULAR;14131;229;25346;248;0;7776288;7008976;743520;604521;284627;58032;117;12571616;123008;0;15678;1499151;147,75;133745
AZU;AZUL LINHAS AÉREAS BRASILEIRAS S/A;BRASILEIRA;2026;1;SBCF;CONFINS;MG;SUDESTE;BRASIL;AMÉRICA DO SUL;SBGV;GOVERNADOR VALADARES;MG;SUDESTE;BRASIL;AMÉRICA DO SUL;DOMÉSTICA;REGULAR;2404;36;5532;1274;0;835744;538496;74677;48452;31996;12096;54;1239168;285376;0;3731;333505;48,9;30580
AZU;AZUL LINHAS AÉREAS BRASILEIRAS S/A;BRASILEIRA;2026;1;SBCF;CONFINS;MG;SUDESTE;BRASIL;AMÉRICA DO SUL;SBIL;ILHÉUS;BA;NORDESTE;BRASIL;AMÉRICA DO SUL;DOMÉSTICA;NÃO REGULAR;1179;3;1516;0;0;916776;883071;86226;73679;25594;6741;9;1135484;0;0;1224;115128;13,3;8433
AZU;AZUL LINHAS AÉREAS BRASILEIRAS S/A;BRASILEIRA;2026;1;SBCF;CONFINS;MG;SUDESTE;BRASIL;AMÉRICA DO SUL;SBIL;ILHÉUS;BA;NORDESTE;BRASIL;AMÉRICA DO SUL;DOMÉSTICA;REGULAR;4506;15;7516;41;0;3574228;3374994;332242;282396;102446;29211;39;5629484;30709;0;4772;443606;62,6333;31593
AZU;AZUL LINHAS AÉREAS BRASILEIRAS S/A;BRASILEIRA;2026;1;SBCF;CONFINS;MG;SUDESTE;BRASIL;AMÉRICA DO SUL;SBIP;SANTANA DO PARAÍSO;MG;SUDESTE;BRASIL;AMÉRICA DO SUL;DOMÉSTICA;IMPRODUTIVO;0;0;0;0;0;0;0;0;0;421;156;1;0;0;0;0;0;0,866667;0
AZU;AZUL LINHAS AÉREAS BRASILEIRAS S/A;BRASILEIRA;2026;1;SBCF;CONFINS;MG;SUDESTE;BRASIL;AMÉRICA DO SUL;SBIP;SANTANA DO PARAÍSO;MG;SUDESTE;BRASIL;AMÉRICA DO SUL;DOMÉSTICA;REGULAR;4555;80;6024;3509;0;1141452;710580;111436;61354;48037;16536;106;939744;547404;0;7317;714667;78,8167;45959
AZU;AZUL LINHAS AÉREAS BRASILEIRAS S/A;BRASILEIRA;2026;1;SBCF;CONFINS;MG;SUDESTE;BRASIL;AMÉRICA DO SUL;SBIZ;IMPERATRIZ;MA;NORDESTE;BRASIL;AMÉRICA DO SUL;DOMÉSTICA;REGULAR;1989;6;4800;72;0;3888144;3206268;341616;276196;91833;29016;18;7737600;116064;0;2412;211927;44,05;17367
AZU;AZUL LINHAS AÉREAS BRASILEIRAS S/A;BRASILEIRA;2026;1;SBCF;CONFINS;MG;SUDESTE;BRASIL;AMÉRICA DO SUL;SBJE;CRUZ;CE;NORDESTE;BRASIL;AMÉRICA DO SUL;DOMÉSTICA;REGULAR;2283;6;0;3;0;4651200;4337700;418770;347327;103575;34200;18;0;5700;0;2448;220410;50,1167;11583
AZU;AZUL LINHAS AÉREAS BRASILEIRAS S/A;BRASILEIRA;2026;1;SBCF;CONFINS;MG;SUDESTE;BRASIL;AMÉRICA DO SUL;SBJP;SANTA RITA;PB;NORDESTE;BRASIL;AMÉRICA DO SUL;DOMÉSTICA;REGULAR;8285;86;13561;148;0;14914305;14043075;1370487;1168734;332015;89835;53;22985895;250860;0;8799;808563;133,15;54598
AZU;AZUL LINHAS AÉREAS BRASILEIRAS S/A;BRASILEIRA;2026;1;SBCF;CONFINS;MG;SUDESTE;BRASIL;AMÉRICA DO SUL;SBKG;CAMPINA GRANDE;PB;NORDESTE;BRASIL;AMÉRICA DO SUL;DOMÉSTICA;REGULAR;1385;2;3032;1;0;2655264;2253395;284428;196087;59433;19524;12;4933064;1627;0;1632;174820;29,6333;13617
AZU;AZUL LINHAS AÉREAS BRASILEIRAS S/A;BRASILEIRA;2026;1;SBCF;CONFINS;MG;SUDESTE;BRASIL;AMÉRICA DO SUL;SBKP;CAMPINAS;SP;SUDESTE;BRASIL;AMÉRICA DO SUL;DOMÉSTICA;IMPRODUTIVO;0;0;0;0;0;0;0;0;0;16409;2495;5;0;0;0;0;0;6,63333;0
AZU;AZUL LINHAS AÉREAS BRASILEIRAS S/A;BRASILEIRA;2026;1;SBCF;CONFINS;MG;SUDESTE;BRASIL;AMÉRICA DO SUL;SBKP;CAMPINAS;SP;SUDESTE;BRASIL;AMÉRICA DO SUL;DOMÉSTICA;NÃO REGULAR;402;22;0;701;0;430138;200598;39222;16227;15009;3493;7;0;349799;0;862;78607;9,2;2378
AZU;AZUL LINHAS AÉREAS BRASILEIRAS S/A;BRASILEIRA;2026;1;SBCF;CONFINS;MG;SUDESTE;BRASIL;AMÉRICA DO SUL;SBKP;CAMPINAS;SP;SUDESTE;BRASIL;AMÉRICA DO SUL;DOMÉSTICA;REGULAR;22956;699;35057;9305;0;14111720;11455044;1355146;969167;499976;99800;200;17493443;4643195;0;28280;2715930;242,95;185671
AZU;AZUL LINHAS AÉREAS BRASILEIRAS S/A;BRASILEIRA;2026;1;SBCF;CONFINS;MG;SUDESTE;BRASIL;AMÉRICA DO SUL;SBMA;MARABÁ;PA;NORTE;BRASIL;AMÉRICA DO SUL;DOMÉSTICA;REGULAR;2144;4;2299;6;0;4568958;3604064;404901;311683;108323;30258;18;3864619;10086;0;2718;240874;45,6;22321
AZU;AZUL LINHAS AÉREAS BRASILEIRAS S/A;BRASILEIRA;2026;1;SBCF;CONFINS;MG;SUDESTE;BRASIL;AMÉRICA DO SUL;SBMK;MONTES CLAROS;MG;SUDESTE;BRASIL;AMÉRICA DO SUL;DOMÉSTICA;REGULAR;4787;68;7564;309;0;2007850;1555775;184869;131166;75667;28600;88;2458300;100425;0;6178;568954;107,35;37131
AZU;AZUL LINHAS AÉREAS BRASILEIRAS S/A;BRASILEIRA;2026;1;SBCF;CONFINS;MG;SUDESTE;BRASIL;AMÉRICA DO SUL;SBMO;RIO LARGO;AL;NORDESTE;BRASIL;AMÉRICA DO SUL;DOMÉSTICA;IMPRODUTIVO;0;0;0;0;0;0;0;0;0;4603;1427;1;0;0;0;0;0;2,21667;0
AZU;AZUL LINHAS AÉREAS BRASILEIRAS S/A;BRASILEIRA;2026;1;SBCF;CONFINS;MG;SUDESTE;BRASIL;AMÉRICA DO SUL;SBMO;RIO LARGO;AL;NORDESTE;BRASIL;AMÉRICA DO SUL;DOMÉSTICA;NÃO REGULAR;162;0;0;0;0;248298;231174;28037;17606;5533;1427;1;0;0;0;174;19648;2,23333;188
AZU;AZUL LINHAS AÉREAS BRASILEIRAS S/A;BRASILEIRA;2026;1;SBCF;CONFINS;MG;SUDESTE;BRASIL;AMÉRICA DO SUL;SBMO;RIO LARGO;AL;NORDESTE;BRASIL;AMÉRICA DO SUL;DOMÉSTICA;REGULAR;11891;106;15193;236;0;18312691;16968457;2025264;1405336;394489;107025;75;21680411;336772;0;12833;1419271;162,033;77825
AZU;AZUL LINHAS AÉREAS BRASILEIRAS S/A;BRASILEIRA;2026;1;SBCF;CONFINS;MG;SUDESTE;BRASIL;AMÉRICA DO SUL;SBNF;NAVEGANTES;SC;SUL;BRASIL;AMÉRICA DO SUL;DOMÉSTICA;REGULAR;1008;2;4;0;0;1019456;944496;94767;77955;28170;7496;8;3748;0;0;1088;101143;13,9833;7596
AZU;AZUL LINHAS AÉREAS BRASILEIRAS S/A;BRASILEIRA;2026;1;SBCF;CONFINS;MG;SUDESTE;BRASIL;AMÉRICA DO SUL;SBPA;PORTO ALEGRE;RS;SUL;BRASIL;AMÉRICA DO SUL;DOMÉSTICA;REGULAR;10580;144;15405;1272;0;16860198;14409960;1813509;1207364;405291;104874;77;20981610;1732464;0;12379;1331535;171,217;77587
AZU;AZUL LINHAS AÉREAS BRASILEIRAS S/A;BRASILEIRA;2026;1;SBCF;CONFINS;MG;SUDESTE;BRASIL;AMÉRICA DO SUL;SBPJ;PALMAS;TO;NORTE;BRASIL;AMÉRICA DO SUL;DOMÉSTICA;REGULAR;1521;3;0;0;0;1933440;1733940;179955;146548;55031;14820;13;0;0;0;1696;157860;25,2167;14483
AZU;AZUL LINHAS AÉREAS BRASILEIRAS S/A;BRASILEIRA;2026;1;SBCF;CONFINS;MG;SUDESTE;BRASIL;AMÉRICA DO SUL;SBPS;PORTO SEGURO;BA;NORDESTE;BRASIL;AMÉRICA DO SUL;DOMÉSTICA;NÃO REGULAR;254;0;0;0;0;341088;159258;30918;13168;9508;3135;5;0;0;0;544;49314;7,28333;1954
AZU;AZUL LINHAS AÉREAS BRASILEIRAS S/A;BRASILEIRA;2026;1;SBCF;CONFINS;MG;SUDESTE;BRASIL;AMÉRICA DO SUL;SBPS;PORTO SEGURO;BA;NORDESTE;BRASIL;AMÉRICA DO SUL;DOMÉSTICA;REGULAR;18018;107;12871;353;0;12244056;11331144;1174519;925667;347242;77748;124;8070117;221331;0;19528;1873339;157,3;107737
AZU;AZUL LINHAS AÉREAS BRASILEIRAS S/A;BRASILEIRA;2026;1;SBCF;CONFINS;MG;SUDESTE;BRASIL;AMÉRICA DO SUL;SBPV;PORTO VELHO;RO;NORTE;BRASIL;AMÉRICA DO SUL;DOMÉSTICA;REGULAR;1905;5;0;0;0;5041344;4693920;500728;399776;113389;29568;12;0;0;0;2046;203220;41,2833;19374
AZU;AZUL LINHAS AÉREAS BRASILEIRAS S/A;BRASILEIRA;2026;1;SBCF;CONFINS;MG;SUDESTE;BRASIL;AMÉRICA DO SUL;SBRB;RIO BRANCO;AC;NORTE;BRASIL;AMÉRICA DO SUL;DOMÉSTICA;REGULAR;2481;5;5458;0;0;8121444;6917028;723167;618690;180649;47396;17;15216904;0;0;2913;259388;65,0667;30382
AZU;AZUL LINHAS AÉREAS BRASILEIRAS S/A;BRASILEIRA;2026;1;SBCF;CONFINS;MG;SUDESTE;BRASIL;AMÉRICA DO SUL;SBRF;RECIFE;PE;NORDESTE;BRASIL;AMÉRICA DO SUL;DOMÉSTICA;IMPRODUTIVO;0;0;0;0;0;0;0;0;0;27803;6432;4;0;0;0;0;0;11,3;0
AZU;AZUL LINHAS AÉREAS BRASILEIRAS S/A;BRASILEIRA;2026;1;SBCF;CONFINS;MG;SUDESTE;BRASIL;AMÉRICA DO SUL;SBRF;RECIFE;PE;NORDESTE;BRASIL;AMÉRICA DO SUL;DOMÉSTICA;NÃO REGULAR;5388;37;10;12;0;9246000;8663904;986105;706137;205273;67536;42;16080;19296;0;5750;613262;103,083;35044
AZU;AZUL LINHAS AÉREAS BRASILEIRAS S/A;BRASILEIRA;2026;1;SBCF;CONFINS;MG;SUDESTE;BRASIL;AMÉRICA DO SUL;SBRF;RECIFE;PE;NORDESTE;BRASIL;AMÉRICA DO SUL;DOMÉSTICA;REGULAR;25926;343;40078;1229;0;47307360;41689008;5169932;3470724;1006669;274968;171;64445424;1976232;0;29420;3215193;409,35;173935
AZU;AZUL LINHAS AÉREAS BRASILEIRAS S/A;BRASILEIRA;2026;1;SBCF;CONFINS;MG;SUDESTE;BRASIL;AMÉRICA DO SUL;SBRJ;RIO DE JANEIRO;RJ;SUDESTE;BRASIL;AMÉRICA DO SUL;DOMÉSTICA;IMPRODUTIVO;0;0;0;0;0;0;0;0;0;2100;375;1;0;0;0;0;0;1,01667;0
AZU;AZUL LINHAS AÉREAS BRASILEIRAS S/A;BRASILEIRA;2026;1;SBCF;CONFINS;MG;SUDESTE;BRASIL;AMÉRICA DO SUL;SBRJ;RIO DE JANEIRO;RJ;SUDESTE;BRASIL;AMÉRICA DO SUL;DOMÉSTICA;REGULAR;17641;331;15602;367;0;8898000;6615375;848993;536853;368982;67500;180;5850750;137625;0;23728;2264185;190,15;93127
AZU;AZUL LINHAS AÉREAS BRASILEIRAS S/A;BRASILEIRA;2026;1;SBCF;CONFINS;MG;SUDESTE;BRASIL;AMÉRICA DO SUL;SBRP;RIBEIRÃO PRETO;SP;SUDESTE;BRASIL;AMÉRICA DO SUL;DOMÉSTICA;REGULAR;1903;13;5948;151;0;943890;820193;88840;69765;33133;13361;31;2563588;65081;0;2190;206166;43,5333;13239
AZU;AZUL LINHAS AÉREAS BRASILEIRAS S/A;BRASILEIRA;2026;1;SBCF;CONFINS;MG;SUDESTE;BRASIL;AMÉRICA DO SUL;SBSG;SÃO GONÇALO DO AMARANTE;RN;NORDESTE;BRASIL;AMÉRICA DO SUL;DOMÉSTICA;REGULAR;9367;77;16759;25;0;17836200;16860600;1599258;1402081;384892;102600;57;30166200;45000;0;9909;888489;148,05;59662
AZU;AZUL LINHAS AÉREAS BRASILEIRAS S/A;BRASILEIRA;2026;1;SBCF;CONFINS;MG;SUDESTE;BRASIL;AMÉRICA DO SUL;SBSL;SÃO LUÍS;MA;NORDESTE;BRASIL;AMÉRICA DO SUL;DOMÉSTICA;NÃO REGULAR;70;0;0;0;0;;;;;;;;;;;;;;803
AZU;AZUL LINHAS AÉREAS BRASILEIRAS S/A;BRASILEIRA;2026;1;SBCF;CONFINS;MG;SUDESTE;BRASIL;AMÉRICA DO SUL;SBSL;SÃO LUÍS;MA;NORDESTE;BRASIL;AMÉRICA DO SUL;DOMÉSTICA;REGULAR;4071;22;26378;60;0;9560275;7714545;954608;697427;204721;58745;31;49986310;113700;0;5045;503760;84,1333;36341
AZU;AZUL LINHAS AÉREAS BRASILEIRAS S/A;BRASILEIRA;2026;1;SBCF;CONFINS;MG;SUDESTE;BRASIL;AMÉRICA DO SUL;SBSP;SÃO PAULO;SP;SUDESTE;BRASIL;AMÉRICA DO SUL;DOMÉSTICA;REGULAR;23036;479;15219;927;0;13958312;12070864;1325864;974967;642827;108468;207;7974756;485748;0;26638;2530468;288,533;117907
AZU;AZUL LINHAS AÉREAS BRASILEIRAS S/A;BRASILEIRA;2026;1;SBCF;CONFINS;MG;SUDESTE;BRASIL;AMÉRICA DO SUL;SBSR;SÃO JOSÉ DO RIO PRETO;SP;SUDESTE;BRASIL;AMÉRICA DO SUL;DOMÉSTICA;IMPRODUTIVO;0;0;0;0;0;0;0;0;0;2766;582;1;0;0;0;0;0;1,16667;0
AZU;AZUL LINHAS AÉREAS BRASILEIRAS S/A;BRASILEIRA;2026;1;SBCF;CONFINS;MG;SUDESTE;BRASIL;AMÉRICA DO SUL;SBSR;SÃO JOSÉ DO RIO PRETO;SP;SUDESTE;BRASIL;AMÉRICA DO SUL;DOMÉSTICA;REGULAR;1359;22;3834;78;0;1074372;790938;88594;67255;35627;15132;26;2231388;45396;0;1846;152242;46,5167;9823
AZU;AZUL LINHAS AÉREAS BRASILEIRAS S/A;BRASILEIRA;2026;1;SBCF;CONFINS;MG;SUDESTE;BRASIL;AMÉRICA DO SUL;SBSV;SALVADOR;BA;NORDESTE;BRASIL;AMÉRICA DO SUL;DOMÉSTICA;IMPRODUTIVO;0;0;0;0;0;0;0;0;0;1845;960;1;0;0;0;0;0;2,45;0
AZU;AZUL LINHAS AÉREAS BRASILEIRAS S/A;BRASILEIRA;2026;1;SBCF;CONFINS;MG;SUDESTE;BRASIL;AMÉRICA DO SUL;SBSV;SALVADOR;BA;NORDESTE;BRASIL;AMÉRICA DO SUL;DOMÉSTICA;NÃO REGULAR;1611;18;3683;0;0;1953600;1546560;210988;129074;47762;13440;14;3535680;0;0;2035;219788;23;9949
AZU;AZUL LINHAS AÉREAS BRASILEIRAS S/A;BRASILEIRA;2026;1;SBCF;CONFINS;MG;SUDESTE;BRASIL;AMÉRICA DO SUL;SBSV;SALVADOR;BA;NORDESTE;BRASIL;AMÉRICA DO SUL;DOMÉSTICA;REGULAR;15420;163;45197;465;0;15738240;14303040;1681553;1216909;390965;101760;106;43389120;446400;0;16394;1751667;181,3;108981
AZU;AZUL LINHAS AÉREAS BRASILEIRAS S/A;BRASILEIRA;2026;1;SBCF;CONFINS;MG;SUDESTE;BRASIL;AMÉRICA DO SUL;SBTC;UNA;BA;NORDESTE;BRASIL;AMÉRICA DO SUL;DOMÉSTICA;REGULAR;618;0;0;0;0;494160;438780;49816;38130;13107;2840;4;0;0;0;696;70167;5,48333;7356
AZU;AZUL LINHAS AÉREAS BRASILEIRAS S/A;BRASILEIRA;2026;1;SBCF;CONFINS;MG;SUDESTE;BRASIL;AMÉRICA DO SUL;SBTE;TERESINA;PI;NORDESTE;BRASIL;AMÉRICA DO SUL;DOMÉSTICA;REGULAR;3775;24;15967;12;0;7595448;6130600;671533;539985;174552;50344;31;25930408;19488;0;4677;413515;76,8833;33420
AZU;AZUL LINHAS AÉREAS BRASILEIRAS S/A;BRASILEIRA;2026;1;SBCF;CONFINS;MG;SUDESTE;BRASIL;AMÉRICA DO SUL;SBUL;UBERLÂNDIA;MG;SUDESTE;BRASIL;AMÉRICA DO SUL;DOMÉSTICA;REGULAR;7064;46;9138;512;0;3677400;3207056;336559;268350;130099;51302;113;4148652;232448;0;8100;741445;167,767;52276
AZU;AZUL LINHAS AÉREAS BRASILEIRAS S/A;BRASILEIRA;2026;1;SBCF;CONFINS;MG;SUDESTE;BRASIL;AMÉRICA DO SUL;SBUR;UBERABA;MG;SUDESTE;BRASIL;AMÉRICA DO SUL;DOMÉSTICA;REGULAR;1628;9;3391;81;0;910822;680504;83132;57033;32636;12540;30;1417438;33858;0;2179;198913;40,6;10985
AZU;AZUL LINHAS AÉREAS BRASILEIRAS S/A;BRASILEIRA;2026;1;SBCF;CONFINS;MG;SUDESTE;BRASIL;AMÉRICA DO SUL;SBVC;VITÓRIA DA CONQUISTA;BA;NORDESTE;BRASIL;AMÉRICA DO SUL;DOMÉSTICA;REGULAR;2745;35;15171;49;0;2660504;1780662;243368;155599;85832;24063;39;9360507;30233;0;4312;394468;58,7833;19234
AZU;AZUL LINHAS AÉREAS BRASILEIRAS S/A;BRASILEIRA;2026;1;SBCF;CONFINS;MG;SUDESTE;BRASIL;AMÉRICA DO SUL;SBVT;VITÓRIA;ES;SUDESTE;BRASIL;AMÉRICA DO SUL;DOMÉSTICA;NÃO REGULAR;937;22;8650;140;0;1155616;367304;106723;32161;42801;9016;23;3390800;54880;0;2948;272290;21,8833;3145
AZU;AZUL LINHAS AÉREAS BRASILEIRAS S/A;BRASILEIRA;2026;1;SBCF;CONFINS;MG;SUDESTE;BRASIL;AMÉRICA DO SUL;SBVT;VITÓRIA;ES;SUDESTE;BRASIL;AMÉRICA DO SUL;DOMÉSTICA;REGULAR;9225;205;24234;393;0;4503296;3616200;414278;306518;188271;35280;90;9499728;154056;0;11488;1056954;89,9667;65944
AZU;AZUL LINHAS AÉREAS BRASILEIRAS S/A;BRASILEIRA;2026;1;SBCF;CONFINS;MG;SUDESTE;BRASIL;AMÉRICA DO SUL;SNBR;BARREIRAS;BA;NORDESTE;BRASIL;AMÉRICA DO SUL;DOMÉSTICA;REGULAR;1307;7;3959;32;0;1768140;1247850;147305;105765;52321;25380;30;3349314;27072;0;2090;174137;70,3667;9383
AZU;AZUL LINHAS AÉREAS BRASILEIRAS S/A;BRASILEIRA;2026;1;SBCF;CONFINS;MG;SUDESTE;BRASIL;AMÉRICA DO SUL;SNGI;GUANAMBI;BA;NORDESTE;BRASIL;AMÉRICA DO SUL;DOMÉSTICA;REGULAR;651;4;0;281;0;680680;531608;50639;43202;23328;10472;17;0;173096;0;1105;82220;31,5167;3950
AZU;AZUL LINHAS AÉREAS BRASILEIRAS S/A;BRASILEIRA;2026;1;SBCF;CONFINS;MG;SUDESTE;BRASIL;AMÉRICA DO SUL;TNCC;WILLEMSTAD;;;CURAÇAO;AMÉRICA DO NORTE;INTERNACIONAL;NÃO REGULAR;170;0;0;0;0;;;;;;;;;;;;;;1970
AZU;AZUL LINHAS AÉREAS BRASILEIRAS S/A;BRASILEIRA;2026;1;SBCF;CONFINS;MG;SUDESTE;BRASIL;AMÉRICA DO SUL;TNCC;WILLEMSTAD;;;CURAÇAO;AMÉRICA DO NORTE;INTERNACIONAL;REGULAR;1639;20;0;0;0;;;;;;;;;;;;;;17021
AZU;AZUL LINHAS AÉREAS BRASILEIRAS S/A;BRASILEIRA;2026;1;SBCG;CAMPO GRANDE;MS;CENTRO-OESTE;BRASIL;AMÉRICA DO SUL;SBCG;CAMPO GRANDE;MS;CENTRO-OESTE;BRASIL;AMÉRICA DO SUL;DOMÉSTICA;IMPRODUTIVO;120;5;0;0;0;0;0;0;0;2876;0;1;0;0;0;136;14159;0,2;670
AZU;AZUL LINHAS AÉREAS BRASILEIRAS S/A;BRASILEIRA;2026;1;SBCG;CAMPO GRANDE;MS;CENTRO-OESTE;BRASIL;AMÉRICA DO SUL;SBCT;SÃO JOSÉ DOS PINHAIS;PR;SUL;BRASIL;AMÉRICA DO SUL;DOMÉSTICA;REGULAR;118;7;47;11;0;108120;93810;11464;7746;3981;795;1;37365;8745;0;136;14421;1,93333;847
AZU;AZUL LINHAS AÉREAS BRASILEIRAS S/A;BRASILEIRA;2026;1;SBCG;CAMPO GRANDE;MS;CENTRO-OESTE;BRASIL;AMÉRICA DO SUL;SBKP;CAMPINAS;SP;SUDESTE;BRASIL;AMÉRICA DO SUL;DOMÉSTICA;REGULAR;9807;208;12142;305;0;9085644;8120196;967926;675665;243617;66240;80;10053576;252540;0;10973;1169048;126,017;68400
AZU;AZUL LINHAS AÉREAS BRASILEIRAS S/A;BRASILEIRA;2026;1;SBCG;CAMPO GRANDE;MS;CENTRO-OESTE;BRASIL;AMÉRICA DO SUL;SBRP;RIBEIRÃO PRETO;SP;SUDESTE;BRASIL;AMÉRICA DO SUL;DOMÉSTICA;REGULAR;122;6;0;0;0;97920;87840;10580;7202;4116;720;1;0;0;0;136;14695;2,23333;854
AZU;AZUL LINHAS AÉREAS BRASILEIRAS S/A;BRASILEIRA;2026;1;SBCH;CHAPECÓ;SC;SUL;BRASIL;AMÉRICA DO SUL;SBFL;FLORIANÓPOLIS;SC;SUL;BRASIL;AMÉRICA DO SUL;DOMÉSTICA;REGULAR;2884;20;14;85;0;1606380;1182440;164933;94722;56854;12300;30;5740;34850;0;3918;402317;29,3167;14748
AZU;AZUL LINHAS AÉREAS BRASILEIRAS S/A;BRASILEIRA;2026;1;SBCH;CHAPECÓ;SC;SUL;BRASIL;AMÉRICA DO SUL;SBKP;CAMPINAS;SP;SUDESTE;BRASIL;AMÉRICA DO SUL;DOMÉSTICA;IMPRODUTIVO;0;0;0;0;0;0;0;0;0;2261;721;1;0;0;0;0;0;1,33333;0
AZU;AZUL LINHAS AÉREAS BRASILEIRAS S/A;BRASILEIRA;2026;1;SBCH;CHAPECÓ;SC;SUL;BRASIL;AMÉRICA DO SUL;SBKP;CAMPINAS;SP;SUDESTE;BRASIL;AMÉRICA DO SUL;DOMÉSTICA;REGULAR;3785;76;22766;210;0;3013780;2728985;324344;241715;83540;22351;31;16414286;151410;0;4180;449872;41,8333;28629
AZU;AZUL LINHAS AÉREAS BRASILEIRAS S/A;BRASILEIRA;2026;1;SBCJ;PARAUAPEBAS;PA;NORTE;BRASIL;AMÉRICA DO SUL;SBBE;BELÉM;PA;NORTE;BRASIL;AMÉRICA DO SUL;DOMÉSTICA;REGULAR;1750;13;1743;159;0;2521536;1261872;271023;104114;68333;15456;28;962136;87768;0;4568;491008;30,25;9950
AZU;AZUL LINHAS AÉREAS BRASILEIRAS S/A;BRASILEIRA;2026;1;SBCJ;PARAUAPEBAS;PA;NORTE;BRASIL;AMÉRICA DO SUL;SBCF;CONFINS;MG;SUDESTE;BRASIL;AMÉRICA DO SUL;DOMÉSTICA;NÃO REGULAR;1643;0;0;10;0;3133218;2812366;308204;237213;69173;18007;11;0;16370;0;1914;188278;26,6667;15264
AZU;AZUL LINHAS AÉREAS BRASILEIRAS S/A;BRASILEIRA;2026;1;SBCJ;PARAUAPEBAS;PA;NORTE;BRASIL;AMÉRICA DO SUL;SBCF;CONFINS;MG;SUDESTE;BRASIL;AMÉRICA DO SUL;DOMÉSTICA;REGULAR;2944;11;3264;54;0;8047492;6225511;794668;524964;177425;49110;30;5343168;88398;0;4916;485450;72,1333;23792
AZU;AZUL LINHAS AÉREAS BRASILEIRAS S/A;BRASILEIRA;2026;1;SBCJ;PARAUAPEBAS;PA;NORTE;BRASIL;AMÉRICA DO SUL;SBCJ;PARAUAPEBAS;PA;NORTE;BRASIL;AMÉRICA DO SUL;DOMÉSTICA;IMPRODUTIVO;84;0;0;0;0;0;0;0;0;5868;0;1;0;0;0;174;17309;0,183333;553
AZU;AZUL LINHAS AÉREAS BRASILEIRAS S/A;BRASILEIRA;2026;1;SBCJ;PARAUAPEBAS;PA;NORTE;BRASIL;AMÉRICA DO SUL;SBSL;SÃO LUÍS;MA;NORDESTE;BRASIL;AMÉRICA DO SUL;DOMÉSTICA;NÃO REGULAR;717;0;0;0;0;652500;590250;69549;48784;15826;3750;5;0;0;0;870;92733;6,15;5220
AZU;AZUL LINHAS AÉREAS BRASILEIRAS S/A;BRASILEIRA;2026;1;SBCT;SÃO JOSÉ DOS PINHAIS;PR;SUL;BRASIL;AMÉRICA DO SUL;SBCA;CASCAVEL;PR;SUL;BRASIL;AMÉRICA DO SUL;DOMÉSTICA;REGULAR;1242;13;2443;45;0;891170;545238;83230;44878;26301;12731;29;1072477;19755;0;2030;189618;38,9667;6660
AZU;AZUL LINHAS AÉREAS BRASILEIRAS S/A;BRASILEIRA;2026;1;SBCT;SÃO JOSÉ DOS PINHAIS;PR;SUL;BRASIL;AMÉRICA DO SUL;SBCF;CONFINS;MG;SUDESTE;BRASIL;AMÉRICA DO SUL;DOMÉSTICA;NÃO REGULAR;727;16;3495;25;0;1020276;615042;102224;52593;26378;7614;9;2956770;21150;0;1206;120838;13,65;4153
AZU;AZUL LINHAS AÉREAS BRASILEIRAS S/A;BRASILEIRA;2026;1;SBCT;SÃO JOSÉ DOS PINHAIS;PR;SUL;BRASIL;AMÉRICA DO SUL;SBCF;CONFINS;MG;SUDESTE;BRASIL;AMÉRICA DO SUL;DOMÉSTICA;REGULAR;6651;156;25067;586;0;6796764;5626746;707530;483733;187144;50760;60;21206682;495756;0;8034;836357;94,0166;47927
AZU;AZUL LINHAS AÉREAS BRASILEIRAS S/A;BRASILEIRA;2026;1;SBCT;SÃO JOSÉ DOS PINHAIS;PR;SUL;BRASIL;AMÉRICA DO SUL;SBCT;SÃO JOSÉ DOS PINHAIS;PR;SUL;BRASIL;AMÉRICA DO SUL;DOMÉSTICA;IMPRODUTIVO;817;14;0;0;0;0;0;0;0;21165;0;9;0;0;0;1050;106306;9,61667;5780
AZU;AZUL LINHAS AÉREAS BRASILEIRAS S/A;BRASILEIRA;2026;1;SBCT;SÃO JOSÉ DOS PINHAIS;PR;SUL;BRASIL;AMÉRICA DO SUL;SBFI;FOZ DO IGUAÇU;PR;SUL;BRASIL;AMÉRICA DO SUL;DOMÉSTICA;REGULAR;4691;70;520;127;0;3270488;2500303;321855;200350;140898;27716;52;277160;67691;0;6136;603911;60,3667;23595
AZU;AZUL LINHAS AÉREAS BRASILEIRAS S/A;BRASILEIRA;2026;1;SBCT;SÃO JOSÉ DOS PINHAIS;PR;SUL;BRASIL;AMÉRICA DO SUL;SBFL;FLORIANÓPOLIS;SC;SUL;BRASIL;AMÉRICA DO SUL;DOMÉSTICA;REGULAR;10;0;0;0;0;29028;2460;2738;188;4393;246;1;0;0;0;118;11133;1,98333;18
AZU;AZUL LINHAS AÉREAS BRASILEIRAS S/A;BRASILEIRA;2026;1;SBCT;SÃO JOSÉ DOS PINHAIS;PR;SUL;BRASIL;AMÉRICA DO SUL;SBGL;RIO DE JANEIRO;RJ;SUDESTE;BRASIL;AMÉRICA DO SUL;DOMÉSTICA;REGULAR;9392;61;21782;19;0;8237520;6320816;869667;517412;231723;60570;90;14659286;12787;0;12240;1292293;124,317;42699
AZU;AZUL LINHAS AÉREAS BRASILEIRAS S/A;BRASILEIRA;2026;1;SBCT;SÃO JOSÉ DOS PINHAIS;PR;SUL;BRASIL;AMÉRICA DO SUL;SBGR;GUARULHOS;SP;SUDESTE;BRASIL;AMÉRICA DO SUL;DOMÉSTICA;NÃO REGULAR;128;4;0;0;0;48824;45952;5011;3747;2168;359;1;0;0;0;136;13961;1,25;839
AZU;AZUL LINHAS AÉREAS BRASILEIRAS S/A;BRASILEIRA;2026;1;SBCT;SÃO JOSÉ DOS PINHAIS;PR;SUL;BRASIL;AMÉRICA DO SUL;SBGR;GUARULHOS;SP;SUDESTE;BRASIL;AMÉRICA DO SUL;DOMÉSTICA;REGULAR;10282;152;24237;261;0;4726594;3691238;486490;321686;261125;38413;107;8701083;93699;0;13166;1355268;125,667;100819
AZU;AZUL LINHAS AÉREAS BRASILEIRAS S/A;BRASILEIRA;2026;1;SBCT;SÃO JOSÉ DOS PINHAIS;PR;SUL;BRASIL;AMÉRICA DO SUL;SBKP;CAMPINAS;SP;SUDESTE;BRASIL;AMÉRICA DO SUL;DOMÉSTICA;IMPRODUTIVO;0;0;0;0;0;0;0;0;0;5379;1047;3;0;0;0;0;0;2,58333;0
AZU;AZUL LINHAS AÉREAS BRASILEIRAS S/A;BRASILEIRA;2026;1;SBCT;SÃO JOSÉ DOS PINHAIS;PR;SUL;BRASIL;AMÉRICA DO SUL;SBKP;CAMPINAS;SP;SUDESTE;BRASIL;AMÉRICA DO SUL;DOMÉSTICA;NÃO REGULAR;910;50;1016;290;0;697302;317590;71429;25875;23041;7329;21;354584;101210;0;1998;204692;22,9667;4908
AZU;AZUL LINHAS AÉREAS BRASILEIRAS S/A;BRASILEIRA;2026;1;SBCT;SÃO JOSÉ DOS PINHAIS;PR;SUL;BRASIL;AMÉRICA DO SUL;SBKP;CAMPINAS;SP;SUDESTE;BRASIL;AMÉRICA DO SUL;DOMÉSTICA;REGULAR;18857;678;28625;6601;0;8153338;6602382;858150;553567;314228;60726;174;9990125;2303749;0;23362;2459127;171;138579
AZU;AZUL LINHAS AÉREAS BRASILEIRAS S/A;BRASILEIRA;2026;1;SBCT;SÃO JOSÉ DOS PINHAIS;PR;SUL;BRASIL;AMÉRICA DO SUL;SBLO;LONDRINA;PR;SUL;BRASIL;AMÉRICA DO SUL;DOMÉSTICA;REGULAR;1484;21;3804;92;0;640080;467460;61688;39124;21526;9135;29;1198260;28980;0;2032;195878;30,8333;9144
AZU;AZUL LINHAS AÉREAS BRASILEIRAS S/A;BRASILEIRA;2026;1;SBCT;SÃO JOSÉ DOS PINHAIS;PR;SUL;BRASIL;AMÉRICA DO SUL;SBMG;MARINGÁ;PR;SUL;BRASIL;AMÉRICA DO SUL;DOMÉSTICA;REGULAR;2325;38;2368;207;0;1156050;853275;116889;69767;39388;17249;47;869056;75969;0;3150;318560;57,9667;13417
AZU;AZUL LINHAS AÉREAS BRASILEIRAS S/A;BRASILEIRA;2026;1;SBCT;SÃO JOSÉ DOS PINHAIS;PR;SUL;BRASIL;AMÉRICA DO SUL;SBMO;RIO LARGO;AL;NORDESTE;BRASIL;AMÉRICA DO SUL;DOMÉSTICA;REGULAR;792;8;5;0;0;1978380;1801008;218321;147601;39197;11370;5;11370;0;0;870;96009;15,6333;5504
AZU;AZUL LINHAS AÉREAS BRASILEIRAS S/A;BRASILEIRA;2026;1;SBCT;SÃO JOSÉ DOS PINHAIS;PR;SUL;BRASIL;AMÉRICA DO SUL;SBPA;PORTO ALEGRE;RS;SUL;BRASIL;AMÉRICA DO SUL;DOMÉSTICA;IMPRODUTIVO;0;0;0;0;0;0;0;0;0;2078;534;1;0;0;0;0;0;1,15;0
AZU;AZUL LINHAS AÉREAS BRASILEIRAS S/A;BRASILEIRA;2026;1;SBCT;SÃO JOSÉ DOS PINHAIS;PR;SUL;BRASIL;AMÉRICA DO SUL;SBPA;PORTO ALEGRE;RS;SUL;BRASIL;AMÉRICA DO SUL;DOMÉSTICA;REGULAR;7590;76;4583;68;0;5866524;4053060;580750;321898;245021;50730;95;2447322;36312;0;10986;1087636;113,533;29062
AZU;AZUL LINHAS AÉREAS BRASILEIRAS S/A;BRASILEIRA;2026;1;SBCT;SÃO JOSÉ DOS PINHAIS;PR;SUL;BRASIL;AMÉRICA DO SUL;SBPO;PATO BRANCO;PR;SUL;BRASIL;AMÉRICA DO SUL;DOMÉSTICA;REGULAR;489;8;0;16;0;299520;176040;25445;14575;10410;4680;13;0;5760;0;832;70697;15,0333;3828
AZU;AZUL LINHAS AÉREAS BRASILEIRAS S/A;BRASILEIRA;2026;1;SBCT;SÃO JOSÉ DOS PINHAIS;PR;SUL;BRASIL;AMÉRICA DO SUL;SBRF;RECIFE;PE;NORDESTE;BRASIL;AMÉRICA DO SUL;DOMÉSTICA;REGULAR;1178;4;425;10;0;3003696;2890812;324249;238440;63055;22086;9;1042950;24540;0;1224;132133;31,4667;8391
AZU;AZUL LINHAS AÉREAS BRASILEIRAS S/A;BRASILEIRA;2026;1;SBCT;SÃO JOSÉ DOS PINHAIS;PR;SUL;BRASIL;AMÉRICA DO SUL;SBRP;RIBEIRÃO PRETO;SP;SUDESTE;BRASIL;AMÉRICA DO SUL;DOMÉSTICA;REGULAR;106;4;0;0;0;60062;53954;6157;4373;3584;509;1;0;0;0;118;12098;1,61667;642
AZU;AZUL LINHAS AÉREAS BRASILEIRAS S/A;BRASILEIRA;2026;1;SBCT;SÃO JOSÉ DOS PINHAIS;PR;SUL;BRASIL;AMÉRICA DO SUL;SBSP;SÃO PAULO;SP;SUDESTE;BRASIL;AMÉRICA DO SUL;DOMÉSTICA;REGULAR;12666;262;28966;155;0;5384377;4192446;548852;342190;301888;44354;134;9587746;51305;0;16267;1658347;146;55098
AZU;AZUL LINHAS AÉREAS BRASILEIRAS S/A;BRASILEIRA;2026;1;SBCT;SÃO JOSÉ DOS PINHAIS;PR;SUL;BRASIL;AMÉRICA DO SUL;SBVT;VITÓRIA;ES;SUDESTE;BRASIL;AMÉRICA DO SUL;DOMÉSTICA;IMPRODUTIVO;0;0;0;0;0;0;0;0;0;3651;1083;1;0;0;0;0;0;1,78333;0
AZU;AZUL LINHAS AÉREAS BRASILEIRAS S/A;BRASILEIRA;2026;1;SBCT;SÃO JOSÉ DOS PINHAIS;PR;SUL;BRASIL;AMÉRICA DO SUL;SGAS;ASUNCIÓN;;;PARAGUAI;AMÉRICA DO SUL;INTERNACIONAL;REGULAR;1009;0;0;80;0;1026936;846551;93169;69975;28247;7551;9;0;67120;0;1224;111054;14,0667;7735
AZU;AZUL LINHAS AÉREAS BRASILEIRAS S/A;BRASILEIRA;2026;1;SBCT;SÃO JOSÉ DOS PINHAIS;PR;SUL;BRASIL;AMÉRICA DO SUL;SUMU;MONTEVIDEO, MONTEVIDEO;;;URUGUAI;AMÉRICA DO SUL;INTERNACIONAL;REGULAR;877;2;0;38;0;1333888;1075202;131716;89648;32703;9808;8;0;46588;0;1088;107439;16,7;7351
AZU;AZUL LINHAS AÉREAS BRASILEIRAS S/A;BRASILEIRA;2026;1;SBCX;CAXIAS DO SUL;RS;SUL;BRASIL;AMÉRICA DO SUL;SBKP;CAMPINAS;SP;SUDESTE;BRASIL;AMÉRICA DO SUL;DOMÉSTICA;REGULAR;4297;93;21926;71;0;4057830;3429006;405816;302866;110128;23940;30;17496948;56658;0;5085;508558;44,9333;35350
AZU;AZUL LINHAS AÉREAS BRASILEIRAS S/A;BRASILEIRA;2026;1;SBCY;VÁRZEA GRANDE;MT;CENTRO-OESTE;BRASIL;AMÉRICA DO SUL;SBCF;CONFINS;MG;SUDESTE;BRASIL;AMÉRICA DO SUL;DOMÉSTICA;REGULAR;6346;52;4673;338;0;9736240;8630560;1027739;718236;229276;68000;50;6355280;459680;0;7159;755711;107,6;47508
AZU;AZUL LINHAS AÉREAS BRASILEIRAS S/A;BRASILEIRA;2026;1;SBCY;VÁRZEA GRANDE;MT;CENTRO-OESTE;BRASIL;AMÉRICA DO SUL;SBCY;VÁRZEA GRANDE;MT;CENTRO-OESTE;BRASIL;AMÉRICA DO SUL;DOMÉSTICA;IMPRODUTIVO;151;5;79;0;0;0;0;0;0;9673;0;3;0;0;0;419;42538;2,75;1193
AZU;AZUL LINHAS AÉREAS BRASILEIRAS S/A;BRASILEIRA;2026;1;SBCY;VÁRZEA GRANDE;MT;CENTRO-OESTE;BRASIL;AMÉRICA DO SUL;SBEG;MANAUS;AM;NORTE;BRASIL;AMÉRICA DO SUL;DOMÉSTICA;REGULAR;2;0;0;0;0;;;;;;;;;;;;;;15
AZU;AZUL LINHAS AÉREAS BRASILEIRAS S/A;BRASILEIRA;2026;1;SBCY;VÁRZEA GRANDE;MT;CENTRO-OESTE;BRASIL;AMÉRICA DO SUL;SBGO;GOIÂNIA;GO;CENTRO-OESTE;BRASIL;AMÉRICA DO SUL;DOMÉSTICA;IMPRODUTIVO;0;0;0;0;0;0;0;0;0;2581;745;1;0;0;0;0;0;1,45;0
AZU;AZUL LINHAS AÉREAS BRASILEIRAS S/A;BRASILEIRA;2026;1;SBCY;VÁRZEA GRANDE;MT;CENTRO-OESTE;BRASIL;AMÉRICA DO SUL;SBGR;GUARULHOS;SP;SUDESTE;BRASIL;AMÉRICA DO SUL;DOMÉSTICA;IMPRODUTIVO;0;0;0;0;0;0;0;0;0;4676;1330;1;0;0;0;0;0;2,3;0
AZU;AZUL LINHAS AÉREAS BRASILEIRAS S/A;BRASILEIRA;2026;1;SBCY;VÁRZEA GRANDE;MT;CENTRO-OESTE;BRASIL;AMÉRICA DO SUL;SBGR;GUARULHOS;SP;SUDESTE;BRASIL;AMÉRICA DO SUL;DOMÉSTICA;REGULAR;7199;60;3404;105;0;10395280;9574670;1098640;795326;265236;77140;58;4527320;139650;0;7816;826066;130,483;54683
AZU;AZUL LINHAS AÉREAS BRASILEIRAS S/A;BRASILEIRA;2026;1;SBCY;VÁRZEA GRANDE;MT;CENTRO-OESTE;BRASIL;AMÉRICA DO SUL;SBKP;CAMPINAS;SP;SUDESTE;BRASIL;AMÉRICA DO SUL;DOMÉSTICA;IMPRODUTIVO;0;0;0;0;0;0;0;0;0;8735;2494;2;0;0;0;0;0;4,06667;0
AZU;AZUL LINHAS AÉREAS BRASILEIRAS S/A;BRASILEIRA;2026;1;SBCY;VÁRZEA GRANDE;MT;CENTRO-OESTE;BRASIL;AMÉRICA DO SUL;SBKP;CAMPINAS;SP;SUDESTE;BRASIL;AMÉRICA DO SUL;DOMÉSTICA;NÃO REGULAR;306;4;0;0;0;603548;381582;67102;31527;12954;3741;3;0;0;0;484;53812;6,01667;2333
AZU;AZUL LINHAS AÉREAS BRASILEIRAS S/A;BRASILEIRA;2026;1;SBCY;VÁRZEA GRANDE;MT;CENTRO-OESTE;BRASIL;AMÉRICA DO SUL;SBKP;CAMPINAS;SP;SUDESTE;BRASIL;AMÉRICA DO SUL;DOMÉSTICA;REGULAR;18877;244;7463;1656;0;27059900;23539619;2965685;1969915;642240;159616;128;9306361;2065032;0;21700;2378304;260,65;156531
AZU;AZUL LINHAS AÉREAS BRASILEIRAS S/A;BRASILEIRA;2026;1;SBCY;VÁRZEA GRANDE;MT;CENTRO-OESTE;BRASIL;AMÉRICA DO SUL;SBPV;PORTO VELHO;RO;NORTE;BRASIL;AMÉRICA DO SUL;DOMÉSTICA;IMPRODUTIVO;0;0;0;0;0;0;0;0;0;1986;1145;1;0;0;0;0;0;3,11667;0
AZU;AZUL LINHAS AÉREAS BRASILEIRAS S/A;BRASILEIRA;2026;1;SBCY;VÁRZEA GRANDE;MT;CENTRO-OESTE;BRASIL;AMÉRICA DO SUL;SBPV;PORTO VELHO;RO;NORTE;BRASIL;AMÉRICA DO SUL;DOMÉSTICA;NÃO REGULAR;131;0;1556;0;0;199230;149995;17205;13031;4716;1145;1;1781620;0;0;174;15027;1,71667;0
AZU;AZUL LINHAS AÉREAS BRASILEIRAS S/A;BRASILEIRA;2026;1;SBCY;VÁRZEA GRANDE;MT;CENTRO-OESTE;BRASIL;AMÉRICA DO SUL;SBPV;PORTO VELHO;RO;NORTE;BRASIL;AMÉRICA DO SUL;DOMÉSTICA;REGULAR;667;2;1223;33;0;828980;766005;73403;62953;27613;9160;8;1400335;37785;0;724;64110;18,7333;3571
AZU;AZUL LINHAS AÉREAS BRASILEIRAS S/A;BRASILEIRA;2026;1;SBCY;VÁRZEA GRANDE;MT;CENTRO-OESTE;BRASIL;AMÉRICA DO SUL;SBSI;SINOP;MT;CENTRO-OESTE;BRASIL;AMÉRICA DO SUL;DOMÉSTICA;REGULAR;2448;1;2118;143;0;1438200;1035504;128021;87602;51594;10575;25;895914;60489;0;3400;302680;25,4;21410
AZU;AZUL LINHAS AÉREAS BRASILEIRAS S/A;BRASILEIRA;2026;1;SBCY;VÁRZEA GRANDE;MT;CENTRO-OESTE;BRASIL;AMÉRICA DO SUL;SBSO;SORRISO;MT;CENTRO-OESTE;BRASIL;AMÉRICA DO SUL;DOMÉSTICA;REGULAR;2630;2;12071;169;0;1213800;938910;111017;82926;46703;8925;25;4309347;60333;0;3400;311005;23,6167;22998
AZU;AZUL LINHAS AÉREAS BRASILEIRAS S/A;BRASILEIRA;2026;1;SBCY;VÁRZEA GRANDE;MT;CENTRO-OESTE;BRASIL;AMÉRICA DO SUL;SBSR;SÃO JOSÉ DO RIO PRETO;SP;SUDESTE;BRASIL;AMÉRICA DO SUL;DOMÉSTICA;REGULAR;229;1;0;0;0;255360;208848;22237;17847;7384;3648;4;0;0;0;280;24386;9,63333;2396
AZU;AZUL LINHAS AÉREAS BRASILEIRAS S/A;BRASILEIRA;2026;1;SBDB;BONITO;MS;CENTRO-OESTE;BRASIL;AMÉRICA DO SUL;SBKP;CAMPINAS;SP;SUDESTE;BRASIL;AMÉRICA DO SUL;DOMÉSTICA;REGULAR;1440;16;0;48;0;1713250;1409760;183851;112930;43071;12727;13;0;46992;0;1750;187801;21,25;7359
AZU;AZUL LINHAS AÉREAS BRASILEIRAS S/A;BRASILEIRA;2026;1;SBDN;PRESIDENTE PRUDENTE;SP;SUDESTE;BRASIL;AMÉRICA DO SUL;SBKP;CAMPINAS;SP;SUDESTE;BRASIL;AMÉRICA DO SUL;DOMÉSTICA;REGULAR;2973;111;6742;76;0;1837308;1334877;181490;115064;59328;26491;59;3027158;34124;0;4092;404278;79,6167;26614
AZU;AZUL LINHAS AÉREAS BRASILEIRAS S/A;BRASILEIRA;2026;1;SBDN;PRESIDENTE PRUDENTE;SP;SUDESTE;BRASIL;AMÉRICA DO SUL;SBMG;MARINGÁ;PR;SUL;BRASIL;AMÉRICA DO SUL;DOMÉSTICA;REGULAR;0;0;0;0;0;10676;0;1109;0;445;157;1;0;0;0;68;7069;0,65;0
AZU;AZUL LINHAS AÉREAS BRASILEIRAS S/A;BRASILEIRA;2026;1;SBDN;PRESIDENTE PRUDENTE;SP;SUDESTE;BRASIL;AMÉRICA DO SUL;SBMO;RIO LARGO;AL;NORDESTE;BRASIL;AMÉRICA DO SUL;DOMÉSTICA;REGULAR;1366;14;0;0;0;3418578;2981978;385019;244576;67935;19647;9;0;0;0;1566;176374;27,2333;9589
AZU;AZUL LINHAS AÉREAS BRASILEIRAS S/A;BRASILEIRA;2026;1;SBDN;PRESIDENTE PRUDENTE;SP;SUDESTE;BRASIL;AMÉRICA DO SUL;SBPS;PORTO SEGURO;BA;NORDESTE;BRASIL;AMÉRICA DO SUL;DOMÉSTICA;REGULAR;1232;0;0;17;0;2259738;1777776;243404;143966;48549;12987;9;0;24531;0;1566;168682;19,5167;7372
AZU;AZUL LINHAS AÉREAS BRASILEIRAS S/A;BRASILEIRA;2026;1;SBDN;PRESIDENTE PRUDENTE;SP;SUDESTE;BRASIL;AMÉRICA DO SUL;SBSG;SÃO GONÇALO DO AMARANTE;RN;NORDESTE;BRASIL;AMÉRICA DO SUL;DOMÉSTICA;REGULAR;1322;5;0;0;0;3932226;3319542;437438;270895;75779;22599;9;0;0;0;1566;174210;30,95;8735
AZU;AZUL LINHAS AÉREAS BRASILEIRAS S/A;BRASILEIRA;2026;1;SBDN;PRESIDENTE PRUDENTE;SP;SUDESTE;BRASIL;AMÉRICA DO SUL;SBSR;SÃO JOSÉ DO RIO PRETO;SP;SUDESTE;BRASIL;AMÉRICA DO SUL;DOMÉSTICA;REGULAR;37;1;0;0;0;18576;9546;1737;776;2049;258;1;0;0;0;72;6734;2,85;236
AZU;AZUL LINHAS AÉREAS BRASILEIRAS S/A;BRASILEIRA;2026;1;SBEG;MANAUS;AM;NORTE;BRASIL;AMÉRICA DO SUL;SBBE;BELÉM;PA;NORTE;BRASIL;AMÉRICA DO SUL;DOMÉSTICA;REGULAR;9490;56;15013;87;0;13904496;12327510;1545138;1049797;312703;80538;62;19501887;113013;0;10704;1189505;125,333;81421
AZU;AZUL LINHAS AÉREAS BRASILEIRAS S/A;BRASILEIRA;2026;1;SBEG;MANAUS;AM;NORTE;BRASIL;AMÉRICA DO SUL;SBBV;BOA VISTA;RR;NORTE;BRASIL;AMÉRICA DO SUL;DOMÉSTICA;REGULAR;2792;21;19765;889;0;3528196;3083388;348738;283172;98941;20398;31;13005370;584962;0;5362;530025;38,9333;28681
AZU;AZUL LINHAS AÉREAS BRASILEIRAS S/A;BRASILEIRA;2026;1;SBEG;MANAUS;AM;NORTE;BRASIL;AMÉRICA DO SUL;SBCF;CONFINS;MG;SUDESTE;BRASIL;AMÉRICA DO SUL;DOMÉSTICA;NÃO REGULAR;2018;46;1832;42;0;6522691;5727984;684443;491424;138772;43163;17;4651448;106638;0;2569;269575;61,1167;19224
AZU;AZUL LINHAS AÉREAS BRASILEIRAS S/A;BRASILEIRA;2026;1;SBEG;MANAUS;AM;NORTE;BRASIL;AMÉRICA DO SUL;SBCF;CONFINS;MG;SUDESTE;BRASIL;AMÉRICA DO SUL;DOMÉSTICA;REGULAR;4978;66;19457;306;0;20215518;17150945;2145265;1516975;428939;116794;46;49401323;776934;0;7962;844936;164,6;49364
AZU;AZUL LINHAS AÉREAS BRASILEIRAS S/A;BRASILEIRA;2026;1;SBEG;MANAUS;AM;NORTE;BRASIL;AMÉRICA DO SUL;SBCT;SÃO JOSÉ DOS PINHAIS;PR;SUL;BRASIL;AMÉRICA DO SUL;DOMÉSTICA;REGULAR;101;3;0;0;0;479892;446796;50336;36270;13174;2758;1;0;0;0;174;18251;4,83333;662
AZU;AZUL LINHAS AÉREAS BRASILEIRAS S/A;BRASILEIRA;2026;1;SBEG;MANAUS;AM;NORTE;BRASIL;AMÉRICA DO SUL;SBCY;VÁRZEA GRANDE;MT;CENTRO-OESTE;BRASIL;AMÉRICA DO SUL;DOMÉSTICA;REGULAR;10;0;0;0;0;;;;;;;;;;;;;;116
AZU;AZUL LINHAS AÉREAS BRASILEIRAS S/A;BRASILEIRA;2026;1;SBEG;MANAUS;AM;NORTE;BRASIL;AMÉRICA DO SUL;SBEG;MANAUS;AM;NORTE;BRASIL;AMÉRICA DO SUL;DOMÉSTICA;IMPRODUTIVO;471;4;523;0;0;0;0;0;0;35069;0;5;0;0;0;710;72634;6,35;3257
AZU;AZUL LINHAS AÉREAS BRASILEIRAS S/A;BRASILEIRA;2026;1;SBEG;MANAUS;AM;NORTE;BRASIL;AMÉRICA DO SUL;SBFZ;FORTALEZA;CE;NORDESTE;BRASIL;AMÉRICA DO SUL;DOMÉSTICA;NÃO REGULAR;0;0;2199;0;0;0;0;65203;5255;9160;2390;1;5255610;0;0;0;27282;3,38333;0
AZU;AZUL LINHAS AÉREAS BRASILEIRAS S/A;BRASILEIRA;2026;1;SBEG;MANAUS;AM;NORTE;BRASIL;AMÉRICA DO SUL;SBIH;ITAITUBA;PA;NORTE;BRASIL;AMÉRICA DO SUL;DOMÉSTICA;REGULAR;747;1;569;129;0;428666;350343;37361;28970;13778;6097;13;266861;60501;0;914;79674;18,4667;5187
AZU;AZUL LINHAS AÉREAS BRASILEIRAS S/A;BRASILEIRA;2026;1;SBEG;MANAUS;AM;NORTE;BRASIL;AMÉRICA DO SUL;SBKP;CAMPINAS;SP;SUDESTE;BRASIL;AMÉRICA DO SUL;DOMÉSTICA;NÃO REGULAR;0;0;84371;0;0;0;0;619449;221046;104739;23580;9;221052020;0;0;0;236433;33,25;0
AZU;AZUL LINHAS AÉREAS BRASILEIRAS S/A;BRASILEIRA;2026;1;SBEG;MANAUS;AM;NORTE;BRASIL;AMÉRICA DO SUL;SBKP;CAMPINAS;SP;SUDESTE;BRASIL;AMÉRICA DO SUL;DOMÉSTICA;REGULAR;12362;310;531079;996;0;39837100;36947240;7048845;4536715;1329570;317020;121;1391426980;2609520;0;15205;2690422;450,483;121779
AZU;AZUL LINHAS AÉREAS BRASILEIRAS S/A;BRASILEIRA;2026;1;SBEG;MANAUS;AM;NORTE;BRASIL;AMÉRICA DO SUL;SBPV;PORTO VELHO;RO;NORTE;BRASIL;AMÉRICA DO SUL;DOMÉSTICA;NÃO REGULAR;164;0;2;77;0;132414;124804;12016;9466;3810;761;1;1522;58597;0;174;15791;1,43333;137
AZU;AZUL LINHAS AÉREAS BRASILEIRAS S/A;BRASILEIRA;2026;1;SBEG;MANAUS;AM;NORTE;BRASIL;AMÉRICA DO SUL;SBPV;PORTO VELHO;RO;NORTE;BRASIL;AMÉRICA DO SUL;DOMÉSTICA;REGULAR;800;2;4;153;0;646850;616410;59465;53645;24441;6849;9;3044;116433;0;850;78146;15,25;9627
AZU;AZUL LINHAS AÉREAS BRASILEIRAS S/A;BRASILEIRA;2026;1;SBEG;MANAUS;AM;NORTE;BRASIL;AMÉRICA DO SUL;SBRF;RECIFE;PE;NORDESTE;BRASIL;AMÉRICA DO SUL;DOMÉSTICA;NÃO REGULAR;4130;46;25666;87;0;13234605;11716810;1507655;1047957;281330;79436;28;72814441;246819;0;4665;531431;108,833;33977
AZU;AZUL LINHAS AÉREAS BRASILEIRAS S/A;BRASILEIRA;2026;1;SBEG;MANAUS;AM;NORTE;BRASIL;AMÉRICA DO SUL;SBRF;RECIFE;PE;NORDESTE;BRASIL;AMÉRICA DO SUL;DOMÉSTICA;REGULAR;5702;102;31725;184;0;17646140;16176574;2088342;1434992;346525;87947;31;90003824;522008;0;6220;736114;117,75;46443
AZU;AZUL LINHAS AÉREAS BRASILEIRAS S/A;BRASILEIRA;2026;1;SBEG;MANAUS;AM;NORTE;BRASIL;AMÉRICA DO SUL;SBSN;SANTARÉM;PA;NORTE;BRASIL;AMÉRICA DO SUL;DOMÉSTICA;REGULAR;1740;16;1043;3;0;1528455;1069035;141450;90161;49659;14725;25;614327;1767;0;2595;240175;34,2833;14342
AZU;AZUL LINHAS AÉREAS BRASILEIRAS S/A;BRASILEIRA;2026;1;SBEG;MANAUS;AM;NORTE;BRASIL;AMÉRICA DO SUL;SBTB;ORIXIMINÁ;PA;NORTE;BRASIL;AMÉRICA DO SUL;DOMÉSTICA;REGULAR;305;0;0;0;0;143325;101430;12922;8672;5191;2205;5;0;0;0;325;29307;6,55;4003
AZU;AZUL LINHAS AÉREAS BRASILEIRAS S/A;BRASILEIRA;2026;1;SBEG;MANAUS;AM;NORTE;BRASIL;AMÉRICA DO SUL;SBTF;TEFÉ;AM;NORTE;BRASIL;AMÉRICA DO SUL;DOMÉSTICA;REGULAR;834;28;5859;52;0;797680;433680;63795;39787;35432;6760;13;3046680;27040;0;1534;122695;15,0667;8117
AZU;AZUL LINHAS AÉREAS BRASILEIRAS S/A;BRASILEIRA;2026;1;SBEG;MANAUS;AM;NORTE;BRASIL;AMÉRICA DO SUL;SBTT;TABATINGA;AM;NORTE;BRASIL;AMÉRICA DO SUL;DOMÉSTICA;NÃO REGULAR;55;0;14;0;0;74035;60775;5397;5056;2265;1105;1;15470;0;0;67;4885;2,65;437
AZU;AZUL LINHAS AÉREAS BRASILEIRAS S/A;BRASILEIRA;2026;1;SBEG;MANAUS;AM;NORTE;BRASIL;AMÉRICA DO SUL;SBTT;TABATINGA;AM;NORTE;BRASIL;AMÉRICA DO SUL;DOMÉSTICA;REGULAR;3357;9;9107;42;0;4653155;3709485;391191;324641;175240;49725;45;10063235;46410;0;4211;354040;97,8166;32933
AZU;AZUL LINHAS AÉREAS BRASILEIRAS S/A;BRASILEIRA;2026;1;SBEG;MANAUS;AM;NORTE;BRASIL;AMÉRICA DO SUL;SBUA;SÃO GABRIEL DA CACHOEIRA;AM;NORTE;BRASIL;AMÉRICA DO SUL;DOMÉSTICA;REGULAR;1301;1;50;24;0;1280890;1086335;112247;93939;51070;10855;13;41750;20040;0;1534;134437;19,8;14885
AZU;AZUL LINHAS AÉREAS BRASILEIRAS S/A;BRASILEIRA;2026;1;SBEG;MANAUS;AM;NORTE;BRASIL;AMÉRICA DO SUL;SBUY;COARI;AM;NORTE;BRASIL;AMÉRICA DO SUL;DOMÉSTICA;NÃO REGULAR;2055;0;1298;30;0;1657180;1280265;131884;102933;49271;23674;38;808654;18690;0;2660;211720;64,5667;9832
AZU;AZUL LINHAS AÉREAS BRASILEIRAS S/A;BRASILEIRA;2026;1;SBEG;MANAUS;AM;NORTE;BRASIL;AMÉRICA DO SUL;SWPI;PARINTINS;AM;NORTE;BRASIL;AMÉRICA DO SUL;DOMÉSTICA;NÃO REGULAR;40;0;1;0;0;26424;14680;2057;1233;756;367;1;367;0;0;72;5607;1,18333;359
AZU;AZUL LINHAS AÉREAS BRASILEIRAS S/A;BRASILEIRA;2026;1;SBEG;MANAUS;AM;NORTE;BRASIL;AMÉRICA DO SUL;SWPI;PARINTINS;AM;NORTE;BRASIL;AMÉRICA DO SUL;DOMÉSTICA;REGULAR;597;6;3;98;0;393424;219099;34953;18440;13120;5872;16;1101;35966;0;1072;95264;18,4;5482
AZU;AZUL LINHAS AÉREAS BRASILEIRAS S/A;BRASILEIRA;2026;1;SBEG;MANAUS;AM;NORTE;BRASIL;AMÉRICA DO SUL;TNCC;WILLEMSTAD;;;CURAÇAO;AMÉRICA DO NORTE;INTERNACIONAL;NÃO REGULAR;0;0;0;103;0;681732;333030;67222;28836;20794;3918;2;0;201777;0;348;34315;8,18333;0
AZU;AZUL LINHAS AÉREAS BRASILEIRAS S/A;BRASILEIRA;2026;1;SBEG;MANAUS;AM;NORTE;BRASIL;AMÉRICA DO SUL;TNCC;WILLEMSTAD;;;CURAÇAO;AMÉRICA DO NORTE;INTERNACIONAL;REGULAR;118;0;0;117;0;5112990;3441963;512008;293879;159594;29385;15;0;229203;0;2610;261365;62,9167;1222
AZU;AZUL LINHAS AÉREAS BRASILEIRAS S/A;BRASILEIRA;2026;1;SBFI;FOZ DO IGUAÇU;PR;SUL;BRASIL;AMÉRICA DO SUL;SBCF;CONFINS;MG;SUDESTE;BRASIL;AMÉRICA DO SUL;DOMÉSTICA;REGULAR;2265;37;125;0;0;3005484;2867490;330916;244312;72899;17724;14;158250;0;0;2374;261393;28,3167;22986
AZU;AZUL LINHAS AÉREAS BRASILEIRAS S/A;BRASILEIRA;2026;1;SBFI;FOZ DO IGUAÇU;PR;SUL;BRASIL;AMÉRICA DO SUL;SBCT;SÃO JOSÉ DOS PINHAIS;PR;SUL;BRASIL;AMÉRICA DO SUL;DOMÉSTICA;REGULAR;5363;177;751;51;0;3336047;2858479;344789;234779;140387;28249;53;400283;27183;0;6259;646933;59,1167;37560
AZU;AZUL LINHAS AÉREAS BRASILEIRAS S/A;BRASILEIRA;2026;1;SBFI;FOZ DO IGUAÇU;PR;SUL;BRASIL;AMÉRICA DO SUL;SBKP;CAMPINAS;SP;SUDESTE;BRASIL;AMÉRICA DO SUL;DOMÉSTICA;NÃO REGULAR;2543;98;48;9;0;2269160;2031857;234814;169432;66214;16779;21;38352;7191;0;2840;293898;31,8333;21295
AZU;AZUL LINHAS AÉREAS BRASILEIRAS S/A;BRASILEIRA;2026;1;SBFI;FOZ DO IGUAÇU;PR;SUL;BRASIL;AMÉRICA DO SUL;SBKP;CAMPINAS;SP;SUDESTE;BRASIL;AMÉRICA DO SUL;DOMÉSTICA;REGULAR;9414;278;4573;417;0;8268052;7521786;913491;640319;217264;49538;62;3653827;333183;0;10348;1143337;91,6333;90818
AZU;AZUL LINHAS AÉREAS BRASILEIRAS S/A;BRASILEIRA;2026;1;SBFI;FOZ DO IGUAÇU;PR;SUL;BRASIL;AMÉRICA DO SUL;SBRF;RECIFE;PE;NORDESTE;BRASIL;AMÉRICA DO SUL;DOMÉSTICA;REGULAR;1514;10;1;0;0;4445874;4298246;482521;357960;87776;25551;9;2839;0;0;1566;169963;33,9833;12537
AZU;AZUL LINHAS AÉREAS BRASILEIRAS S/A;BRASILEIRA;2026;1;SBFI;FOZ DO IGUAÇU;PR;SUL;BRASIL;AMÉRICA DO SUL;SBSP;SÃO PAULO;SP;SUDESTE;BRASIL;AMÉRICA DO SUL;DOMÉSTICA;REGULAR;8251;200;601;25;0;7292122;6774071;782953;563443;210661;49260;60;493421;20525;0;8882;953693;100,817;66898
AZU;AZUL LINHAS AÉREAS BRASILEIRAS S/A;BRASILEIRA;2026;1;SBFL;FLORIANÓPOLIS;SC;SUL;BRASIL;AMÉRICA DO SUL;SBCF;CONFINS;MG;SUDESTE;BRASIL;AMÉRICA DO SUL;DOMÉSTICA;REGULAR;6888;178;21633;48;0;7805624;6949992;821826;597723;201907;57513;57;21827697;48432;0;7736;814523;99,3;54187
AZU;AZUL LINHAS AÉREAS BRASILEIRAS S/A;BRASILEIRA;2026;1;SBFL;FLORIANÓPOLIS;SC;SUL;BRASIL;AMÉRICA DO SUL;SBCH;CHAPECÓ;SC;SUL;BRASIL;AMÉRICA DO SUL;DOMÉSTICA;REGULAR;3235;15;895;628;0;1613760;1326350;153477;108167;65024;12300;30;366950;257480;0;3936;374373;31,8167;20343
AZU;AZUL LINHAS AÉREAS BRASILEIRAS S/A;BRASILEIRA;2026;1;SBFL;FLORIANÓPOLIS;SC;SUL;BRASIL;AMÉRICA DO SUL;SBFL;FLORIANÓPOLIS;SC;SUL;BRASIL;AMÉRICA DO SUL;DOMÉSTICA;IMPRODUTIVO;106;2;0;0;0;0;0;0;0;2464;0;1;0;0;0;136;14340;0,183333;968
AZU;AZUL LINHAS AÉREAS BRASILEIRAS S/A;BRASILEIRA;2026;1;SBFL;FLORIANÓPOLIS;SC;SUL;BRASIL;AMÉRICA DO SUL;SBGR;GUARULHOS;SP;SUDESTE;BRASIL;AMÉRICA DO SUL;DOMÉSTICA;IMPRODUTIVO;0;0;0;0;0;0;0;0;0;2650;515;1;0;0;0;0;0;1,33333;0
AZU;AZUL LINHAS AÉREAS BRASILEIRAS S/A;BRASILEIRA;2026;1;SBFL;FLORIANÓPOLIS;SC;SUL;BRASIL;AMÉRICA DO SUL;SBGR;GUARULHOS;SP;SUDESTE;BRASIL;AMÉRICA DO SUL;DOMÉSTICA;REGULAR;81;3;0;0;0;70040;41715;7495;3358;2253;515;1;0;0;0;136;14555;1,18333;446
AZU;AZUL LINHAS AÉREAS BRASILEIRAS S/A;BRASILEIRA;2026;1;SBFL;FLORIANÓPOLIS;SC;SUL;BRASIL;AMÉRICA DO SUL;SBKP;CAMPINAS;SP;SUDESTE;BRASIL;AMÉRICA DO SUL;DOMÉSTICA;NÃO REGULAR;908;32;753;0;0;575660;488504;60707;40436;18951;4304;8;405114;0;0;1070;112845;9,46667;6315
AZU;AZUL LINHAS AÉREAS BRASILEIRAS S/A;BRASILEIRA;2026;1;SBFL;FLORIANÓPOLIS;SC;SUL;BRASIL;AMÉRICA DO SUL;SBKP;CAMPINAS;SP;SUDESTE;BRASIL;AMÉRICA DO SUL;DOMÉSTICA;REGULAR;15132;422;49701;1198;0;8953396;8141016;952087;708347;312384;65636;122;26739138;644524;0;16642;1769807;153,717;132142
AZU;AZUL LINHAS AÉREAS BRASILEIRAS S/A;BRASILEIRA;2026;1;SBFL;FLORIANÓPOLIS;SC;SUL;BRASIL;AMÉRICA DO SUL;SBPS;PORTO SEGURO;BA;NORDESTE;BRASIL;AMÉRICA DO SUL;DOMÉSTICA;REGULAR;0;0;0;0;0;215424;0;22776;0;5245;1584;1;0;0;0;136;14379;2,58333;0
AZU;AZUL LINHAS AÉREAS BRASILEIRAS S/A;BRASILEIRA;2026;1;SBFL;FLORIANÓPOLIS;SC;SUL;BRASIL;AMÉRICA DO SUL;SBRF;RECIFE;PE;NORDESTE;BRASIL;AMÉRICA DO SUL;DOMÉSTICA;NÃO REGULAR;983;18;1059;0;0;2832064;2558749;300360;216408;58852;20824;8;2756577;0;0;1088;115392;28,8167;8355
AZU;AZUL LINHAS AÉREAS BRASILEIRAS S/A;BRASILEIRA;2026;1;SBFL;FLORIANÓPOLIS;SC;SUL;BRASIL;AMÉRICA DO SUL;SBRF;RECIFE;PE;NORDESTE;BRASIL;AMÉRICA DO SUL;DOMÉSTICA;REGULAR;0;0;1380;22;0;354008;0;34882;3592;7558;2603;1;3592140;57266;0;136;13401;3,41667;0
AZU;AZUL LINHAS AÉREAS BRASILEIRAS S/A;BRASILEIRA;2026;1;SBFN;FERNANDO DE NORONHA;PE;NORDESTE;BRASIL;AMÉRICA DO SUL;SBRF;RECIFE;PE;NORDESTE;BRASIL;AMÉRICA DO SUL;DOMÉSTICA;NÃO REGULAR;61;0;0;0;0;38430;33489;3843;2982;1201;549;1;0;0;0;70;7001;1,48333;857
AZU;AZUL LINHAS AÉREAS BRASILEIRAS S/A;BRASILEIRA;2026;1;SBFN;FERNANDO DE NORONHA;PE;NORDESTE;BRASIL;AMÉRICA DO SUL;SBRF;RECIFE;PE;NORDESTE;BRASIL;AMÉRICA DO SUL;DOMÉSTICA;REGULAR;10210;135;2855;189;0;5898456;5605290;648772;471069;182382;43371;79;1567395;103761;0;10744;1181805;92,95;89516
AZU;AZUL LINHAS AÉREAS BRASILEIRAS S/A;BRASILEIRA;2026;1;SBFZ;FORTALEZA;CE;NORDESTE;BRASIL;AMÉRICA DO SUL;SBBE;BELÉM;PA;NORTE;BRASIL;AMÉRICA DO SUL;DOMÉSTICA;REGULAR;10004;127;133186;68;0;12210864;11364544;1340973;1112706;313300;70432;62;151299296;77248;0;10749;1180460;119,85;96038
AZU;AZUL LINHAS AÉREAS BRASILEIRAS S/A;BRASILEIRA;2026;1;SBFZ;FORTALEZA;CE;NORDESTE;BRASIL;AMÉRICA DO SUL;SBCF;CONFINS;MG;SUDESTE;BRASIL;AMÉRICA DO SUL;DOMÉSTICA;REGULAR;9423;123;54515;102;0;18132222;17507934;1975838;1566943;412285;105906;57;101288870;189516;0;9759;1063437;155,683;82125
AZU;AZUL LINHAS AÉREAS BRASILEIRAS S/A;BRASILEIRA;2026;1;SBFZ;FORTALEZA;CE;NORDESTE;BRASIL;AMÉRICA DO SUL;SBEG;MANAUS;AM;NORTE;BRASIL;AMÉRICA DO SUL;DOMÉSTICA;IMPRODUTIVO;0;0;0;0;0;0;0;0;0;13084;2390;1;0;0;0;0;0;3,41667;0
AZU;AZUL LINHAS AÉREAS BRASILEIRAS S/A;BRASILEIRA;2026;1;SBFZ;FORTALEZA;CE;NORDESTE;BRASIL;AMÉRICA DO SUL;SBEG;MANAUS;AM;NORTE;BRASIL;AMÉRICA DO SUL;DOMÉSTICA;NÃO REGULAR;0;0;44134;0;0;0;0;106699;105479;26166;4780;2;105480260;0;0;0;44644;6,9;0
AZU;AZUL LINHAS AÉREAS BRASILEIRAS S/A;BRASILEIRA;2026;1;SBFZ;FORTALEZA;CE;NORDESTE;BRASIL;AMÉRICA DO SUL;SBEG;MANAUS;AM;NORTE;BRASIL;AMÉRICA DO SUL;DOMÉSTICA;REGULAR;0;0;0;0;0;0;0;54492;0;13310;2390;1;0;0;0;0;22800;3,43333;0
AZU;AZUL LINHAS AÉREAS BRASILEIRAS S/A;BRASILEIRA;2026;1;SBFZ;FORTALEZA;CE;NORDESTE;BRASIL;AMÉRICA DO SUL;SBFZ;FORTALEZA;CE;NORDESTE;BRASIL;AMÉRICA DO SUL;DOMÉSTICA;IMPRODUTIVO;701;9;0;0;0;0;0;0;0;37212;0;4;0;0;0;727;76537;0,933333;6961
AZU;AZUL LINHAS AÉREAS BRASILEIRAS S/A;BRASILEIRA;2026;1;SBFZ;FORTALEZA;CE;NORDESTE;BRASIL;AMÉRICA DO SUL;SBKP;CAMPINAS;SP;SUDESTE;BRASIL;AMÉRICA DO SUL;DOMÉSTICA;NÃO REGULAR;256;16;0;11;0;633760;596480;68068;50295;14464;4660;2;0;25630;0;272;29214;6,8;2386
AZU;AZUL LINHAS AÉREAS BRASILEIRAS S/A;BRASILEIRA;2026;1;SBFZ;FORTALEZA;CE;NORDESTE;BRASIL;AMÉRICA DO SUL;SBKP;CAMPINAS;SP;SUDESTE;BRASIL;AMÉRICA DO SUL;DOMÉSTICA;REGULAR;12284;388;41360;1065;0;30562610;28621720;3252998;2534244;679324;163100;70;96368800;2481450;0;13117;1396152;239,767;125013
AZU;AZUL LINHAS AÉREAS BRASILEIRAS S/A;BRASILEIRA;2026;1;SBFZ;FORTALEZA;CE;NORDESTE;BRASIL;AMÉRICA DO SUL;SBRF;RECIFE;PE;NORDESTE;BRASIL;AMÉRICA DO SUL;DOMÉSTICA;IMPRODUTIVO;0;0;0;0;0;0;0;0;0;2539;627;1;0;0;0;0;0;1,15;0
AZU;AZUL LINHAS AÉREAS BRASILEIRAS S/A;BRASILEIRA;2026;1;SBFZ;FORTALEZA;CE;NORDESTE;BRASIL;AMÉRICA DO SUL;SBRF;RECIFE;PE;NORDESTE;BRASIL;AMÉRICA DO SUL;DOMÉSTICA;NÃO REGULAR;4505;65;15827;35;0;3069792;2824635;331406;245544;89540;23199;37;9923529;21945;0;4896;528589;46,9167;37945
AZU;AZUL LINHAS AÉREAS BRASILEIRAS S/A;BRASILEIRA;2026;1;SBFZ;FORTALEZA;CE;NORDESTE;BRASIL;AMÉRICA DO SUL;SBRF;RECIFE;PE;NORDESTE;BRASIL;AMÉRICA DO SUL;DOMÉSTICA;REGULAR;13901;332;72389;325;0;9952371;8715927;1087468;765147;282015;67716;108;45387903;203775;0;15873;1734481;131,183;105451
AZU;AZUL LINHAS AÉREAS BRASILEIRAS S/A;BRASILEIRA;2026;1;SBFZ;FORTALEZA;CE;NORDESTE;BRASIL;AMÉRICA DO SUL;SBRP;RIBEIRÃO PRETO;SP;SUDESTE;BRASIL;AMÉRICA DO SUL;DOMÉSTICA;REGULAR;674;0;345;0;0;1513104;1465276;164111;124999;33267;8696;4;750030;0;0;696;75489;12,6333;6603
AZU;AZUL LINHAS AÉREAS BRASILEIRAS S/A;BRASILEIRA;2026;1;SBFZ;FORTALEZA;CE;NORDESTE;BRASIL;AMÉRICA DO SUL;SBSP;SÃO PAULO;SP;SUDESTE;BRASIL;AMÉRICA DO SUL;DOMÉSTICA;REGULAR;4460;112;23312;23;0;11333448;10583580;1202731;944542;266172;80682;34;55319376;54579;0;4776;506848;124,25;40232
AZU;AZUL LINHAS AÉREAS BRASILEIRAS S/A;BRASILEIRA;2026;1;SBFZ;FORTALEZA;CE;NORDESTE;BRASIL;AMÉRICA DO SUL;SBSR;SÃO JOSÉ DO RIO PRETO;SP;SUDESTE;BRASIL;AMÉRICA DO SUL;DOMÉSTICA;REGULAR;808;1;0;0;0;1940100;1801840;203153;151145;42735;11150;5;0;0;0;870;91101;16,4667;7179
AZU;AZUL LINHAS AÉREAS BRASILEIRAS S/A;BRASILEIRA;2026;1;SBFZ;FORTALEZA;CE;NORDESTE;BRASIL;AMÉRICA DO SUL;SBUL;UBERLÂNDIA;MG;SUDESTE;BRASIL;AMÉRICA DO SUL;DOMÉSTICA;REGULAR;1527;2;5;33;0;3069684;3028041;326756;252716;70091;17847;9;9915;65439;0;1548;164781;26,7333;12914
AZU;AZUL LINHAS AÉREAS BRASILEIRAS S/A;BRASILEIRA;2026;1;SBFZ;FORTALEZA;CE;NORDESTE;BRASIL;AMÉRICA DO SUL;SBVT;VITÓRIA;ES;SUDESTE;BRASIL;AMÉRICA DO SUL;DOMÉSTICA;REGULAR;156;4;0;0;0;298566;287508;34515;24443;9138;1843;1;0;0;0;162;18728;3,6;1563
AZU;AZUL LINHAS AÉREAS BRASILEIRAS S/A;BRASILEIRA;2026;1;SBGL;RIO DE JANEIRO;RJ;SUDESTE;BRASIL;AMÉRICA DO SUL;SBCF;CONFINS;MG;SUDESTE;BRASIL;AMÉRICA DO SUL;DOMÉSTICA;NÃO REGULAR;1907;37;0;30;0;1083828;690334;114710;55698;42302;7964;22;0;10860;0;2994;316911;21,2833;10867
AZU;AZUL LINHAS AÉREAS BRASILEIRAS S/A;BRASILEIRA;2026;1;SBGL;RIO DE JANEIRO;RJ;SUDESTE;BRASIL;AMÉRICA DO SUL;SBCF;CONFINS;MG;SUDESTE;BRASIL;AMÉRICA DO SUL;DOMÉSTICA;REGULAR;9072;140;12708;192;0;3794846;3284064;391994;273430;179948;29684;82;4600296;69504;0;10483;1082967;86,85;62328
AZU;AZUL LINHAS AÉREAS BRASILEIRAS S/A;BRASILEIRA;2026;1;SBGL;RIO DE JANEIRO;RJ;SUDESTE;BRASIL;AMÉRICA DO SUL;SBCT;SÃO JOSÉ DOS PINHAIS;PR;SUL;BRASIL;AMÉRICA DO SUL;DOMÉSTICA;REGULAR;10232;95;1662;254;0;8054464;6886136;797168;555619;248524;59224;88;1118526;170942;0;11968;1184562;125,467;56583
AZU;AZUL LINHAS AÉREAS BRASILEIRAS S/A;BRASILEIRA;2026;1;SBGL;RIO DE JANEIRO;RJ;SUDESTE;BRASIL;AMÉRICA DO SUL;SBGL;RIO DE JANEIRO;RJ;SUDESTE;BRASIL;AMÉRICA DO SUL;DOMÉSTICA;IMPRODUTIVO;355;1;0;0;0;0;0;0;0;7258;0;3;0;0;0;390;41277;2,75;2321
AZU;AZUL LINHAS AÉREAS BRASILEIRAS S/A;BRASILEIRA;2026;1;SBGL;RIO DE JANEIRO;RJ;SUDESTE;BRASIL;AMÉRICA DO SUL;SBGR;GUARULHOS;SP;SUDESTE;BRASIL;AMÉRICA DO SUL;DOMÉSTICA;NÃO REGULAR;59;2;0;0;0;45832;19883;4716;1577;2086;337;1;0;0;0;136;13997;1,26667;257
AZU;AZUL LINHAS AÉREAS BRASILEIRAS S/A;BRASILEIRA;2026;1;SBGL;RIO DE JANEIRO;RJ;SUDESTE;BRASIL;AMÉRICA DO SUL;SBGR;GUARULHOS;SP;SUDESTE;BRASIL;AMÉRICA DO SUL;DOMÉSTICA;REGULAR;0;0;1159;0;0;72118;0;7889;390;2631;337;1;390583;0;0;214;23412;1,16667;0
AZU;AZUL LINHAS AÉREAS BRASILEIRAS S/A;BRASILEIRA;2026;1;SBGL;RIO DE JANEIRO;RJ;SUDESTE;BRASIL;AMÉRICA DO SUL;SBKP;CAMPINAS;SP;SUDESTE;BRASIL;AMÉRICA DO SUL;DOMÉSTICA;IMPRODUTIVO;0;0;0;0;0;0;0;0;0;1754;398;1;0;0;0;0;0;1,01667;0
AZU;AZUL LINHAS AÉREAS BRASILEIRAS S/A;BRASILEIRA;2026;1;SBGL;RIO DE JANEIRO;RJ;SUDESTE;BRASIL;AMÉRICA DO SUL;SBKP;CAMPINAS;SP;SUDESTE;BRASIL;AMÉRICA DO SUL;DOMÉSTICA;NÃO REGULAR;866;39;0;38;0;487948;344668;51847;27137;19945;3582;9;0;15124;0;1226;130280;10,1667;3248
AZU;AZUL LINHAS AÉREAS BRASILEIRAS S/A;BRASILEIRA;2026;1;SBGL;RIO DE JANEIRO;RJ;SUDESTE;BRASIL;AMÉRICA DO SUL;SBKP;CAMPINAS;SP;SUDESTE;BRASIL;AMÉRICA DO SUL;DOMÉSTICA;REGULAR;13594;425;19107;1487;0;6621128;5417576;693629;457133;278763;48954;123;7604586;591826;0;16636;1742923;144,067;108635
AZU;AZUL LINHAS AÉREAS BRASILEIRAS S/A;BRASILEIRA;2026;1;SBGL;RIO DE JANEIRO;RJ;SUDESTE;BRASIL;AMÉRICA DO SUL;SBPA;PORTO ALEGRE;RS;SUL;BRASIL;AMÉRICA DO SUL;DOMÉSTICA;REGULAR;13361;138;1722;170;0;17182308;14991042;1880902;1214981;433520;100980;90;1932084;190740;0;15314;1676424;177,633;79113
AZU;AZUL LINHAS AÉREAS BRASILEIRAS S/A;BRASILEIRA;2026;1;SBGL;RIO DE JANEIRO;RJ;SUDESTE;BRASIL;AMÉRICA DO SUL;SBPS;PORTO SEGURO;BA;NORDESTE;BRASIL;AMÉRICA DO SUL;DOMÉSTICA;NÃO REGULAR;77;0;0;0;0;289536;64064;31883;5395;6894;1664;2;0;0;0;348;38322;3,13333;711
AZU;AZUL LINHAS AÉREAS BRASILEIRAS S/A;BRASILEIRA;2026;1;SBGL;RIO DE JANEIRO;RJ;SUDESTE;BRASIL;AMÉRICA DO SUL;SBRF;RECIFE;PE;NORDESTE;BRASIL;AMÉRICA DO SUL;DOMÉSTICA;NÃO REGULAR;3260;28;3106;0;0;6742593;6060340;734014;506678;144147;39039;21;5774054;0;0;3627;394849;58,5667;24954
AZU;AZUL LINHAS AÉREAS BRASILEIRAS S/A;BRASILEIRA;2026;1;SBGL;RIO DE JANEIRO;RJ;SUDESTE;BRASIL;AMÉRICA DO SUL;SBRF;RECIFE;PE;NORDESTE;BRASIL;AMÉRICA DO SUL;DOMÉSTICA;REGULAR;17758;302;41235;685;0;36674352;33012122;3996189;2814397;784157;213785;115;76655865;1273415;0;19728;2149673;312,033;140877
AZU;AZUL LINHAS AÉREAS BRASILEIRAS S/A;BRASILEIRA;2026;1;SBGL;RIO DE JANEIRO;RJ;SUDESTE;BRASIL;AMÉRICA DO SUL;SBRJ;RIO DE JANEIRO;RJ;SUDESTE;BRASIL;AMÉRICA DO SUL;DOMÉSTICA;IMPRODUTIVO;0;0;0;0;0;0;0;0;0;583;14;1;0;0;0;0;0;0,483333;0
AZU;AZUL LINHAS AÉREAS BRASILEIRAS S/A;BRASILEIRA;2026;1;SBGL;RIO DE JANEIRO;RJ;SUDESTE;BRASIL;AMÉRICA DO SUL;SBSP;SÃO PAULO;SP;SUDESTE;BRASIL;AMÉRICA DO SUL;DOMÉSTICA;NÃO REGULAR;90;0;0;0;0;48960;32400;5189;2652;2060;360;1;0;0;0;136;14415;1,13333;619
AZU;AZUL LINHAS AÉREAS BRASILEIRAS S/A;BRASILEIRA;2026;1;SBGL;RIO DE JANEIRO;RJ;SUDESTE;BRASIL;AMÉRICA DO SUL;SBVT;VITÓRIA;ES;SUDESTE;BRASIL;AMÉRICA DO SUL;DOMÉSTICA;IMPRODUTIVO;0;0;0;0;0;0;0;0;0;1756;418;1;0;0;0;0;0;1,03333;0
AZU;AZUL LINHAS AÉREAS BRASILEIRAS S/A;BRASILEIRA;2026;1;SBGO;GOIÂNIA;GO;CENTRO-OESTE;BRASIL;AMÉRICA DO SUL;SBCF;CONFINS;MG;SUDESTE;BRASIL;AMÉRICA DO SUL;DOMÉSTICA;IMPRODUTIVO;0;0;0;0;0;0;0;0;0;2206;647;1;0;0;0;0;0;1,28333;0
AZU;AZUL LINHAS AÉREAS BRASILEIRAS S/A;BRASILEIRA;2026;1;SBGO;GOIÂNIA;GO;CENTRO-OESTE;BRASIL;AMÉRICA DO SUL;SBCF;CONFINS;MG;SUDESTE;BRASIL;AMÉRICA DO SUL;DOMÉSTICA;NÃO REGULAR;355;4;0;0;0;879273;229685;98176;18504;21727;5176;8;0;0;0;1359;151747;9,35;1981
AZU;AZUL LINHAS AÉREAS BRASILEIRAS S/A;BRASILEIRA;2026;1;SBGO;GOIÂNIA;GO;CENTRO-OESTE;BRASIL;AMÉRICA DO SUL;SBCF;CONFINS;MG;SUDESTE;BRASIL;AMÉRICA DO SUL;DOMÉSTICA;REGULAR;8750;148;27236;152;0;7879166;5661250;824395;482656;247206;59524;92;17621692;98344;0;12178;1274260;120;62569
AZU;AZUL LINHAS AÉREAS BRASILEIRAS S/A;BRASILEIRA;2026;1;SBGO;GOIÂNIA;GO;CENTRO-OESTE;BRASIL;AMÉRICA DO SUL;SBGO;GOIÂNIA;GO;CENTRO-OESTE;BRASIL;AMÉRICA DO SUL;DOMÉSTICA;IMPRODUTIVO;165;0;222;29;0;0;0;0;0;9303;0;3;0;0;0;301;46023;1,2;1018
AZU;AZUL LINHAS AÉREAS BRASILEIRAS S/A;BRASILEIRA;2026;1;SBGO;GOIÂNIA;GO;CENTRO-OESTE;BRASIL;AMÉRICA DO SUL;SBJP;SANTA RITA;PB;NORDESTE;BRASIL;AMÉRICA DO SUL;DOMÉSTICA;REGULAR;577;2;0;0;0;1305000;1081875;144774;88974;26210;7500;4;0;0;0;696;77214;10,5667;4179
AZU;AZUL LINHAS AÉREAS BRASILEIRAS S/A;BRASILEIRA;2026;1;SBGO;GOIÂNIA;GO;CENTRO-OESTE;BRASIL;AMÉRICA DO SUL;SBKP;CAMPINAS;SP;SUDESTE;BRASIL;AMÉRICA DO SUL;DOMÉSTICA;IMPRODUTIVO;0;0;0;0;0;0;0;0;0;3104;742;1;0;0;0;0;0;1,48333;0
AZU;AZUL LINHAS AÉREAS BRASILEIRAS S/A;BRASILEIRA;2026;1;SBGO;GOIÂNIA;GO;CENTRO-OESTE;BRASIL;AMÉRICA DO SUL;SBKP;CAMPINAS;SP;SUDESTE;BRASIL;AMÉRICA DO SUL;DOMÉSTICA;NÃO REGULAR;802;9;0;14;0;984634;595084;110054;48384;25812;5936;8;0;10388;0;1327;148327;11,1833;5063
AZU;AZUL LINHAS AÉREAS BRASILEIRAS S/A;BRASILEIRA;2026;1;SBGO;GOIÂNIA;GO;CENTRO-OESTE;BRASIL;AMÉRICA DO SUL;SBKP;CAMPINAS;SP;SUDESTE;BRASIL;AMÉRICA DO SUL;DOMÉSTICA;REGULAR;16012;363;37014;4473;0;14138068;11880904;1565229;1013163;399285;85330;115;27464388;3318966;0;19054;2109554;167,05;127606
AZU;AZUL LINHAS AÉREAS BRASILEIRAS S/A;BRASILEIRA;2026;1;SBGO;GOIÂNIA;GO;CENTRO-OESTE;BRASIL;AMÉRICA DO SUL;SBMO;RIO LARGO;AL;NORDESTE;BRASIL;AMÉRICA DO SUL;DOMÉSTICA;REGULAR;2714;10;7;47;0;4880595;4491670;546094;365782;100930;28135;17;11585;77785;0;2949;329971;40,1667;17465
AZU;AZUL LINHAS AÉREAS BRASILEIRAS S/A;BRASILEIRA;2026;1;SBGO;GOIÂNIA;GO;CENTRO-OESTE;BRASIL;AMÉRICA DO SUL;SBPJ;PALMAS;TO;NORTE;BRASIL;AMÉRICA DO SUL;DOMÉSTICA;REGULAR;2916;29;9001;573;0;2752992;2073276;261830;171059;79989;20619;29;6399711;407403;0;3872;368277;39,2333;12904
AZU;AZUL LINHAS AÉREAS BRASILEIRAS S/A;BRASILEIRA;2026;1;SBGO;GOIÂNIA;GO;CENTRO-OESTE;BRASIL;AMÉRICA DO SUL;SBPS;PORTO SEGURO;BA;NORDESTE;BRASIL;AMÉRICA DO SUL;DOMÉSTICA;REGULAR;1835;4;0;1;0;2456032;1983635;266565;162469;58083;15134;14;0;1081;0;2272;246598;24,7167;12676
AZU;AZUL LINHAS AÉREAS BRASILEIRAS S/A;BRASILEIRA;2026;1;SBGO;GOIÂNIA;GO;CENTRO-OESTE;BRASIL;AMÉRICA DO SUL;SBRF;RECIFE;PE;NORDESTE;BRASIL;AMÉRICA DO SUL;DOMÉSTICA;NÃO REGULAR;683;13;244;12;0;1564437;1241011;174100;102823;32899;9085;5;443348;21804;0;861;95819;13,45;5122
AZU;AZUL LINHAS AÉREAS BRASILEIRAS S/A;BRASILEIRA;2026;1;SBGO;GOIÂNIA;GO;CENTRO-OESTE;BRASIL;AMÉRICA DO SUL;SBRF;RECIFE;PE;NORDESTE;BRASIL;AMÉRICA DO SUL;DOMÉSTICA;REGULAR;9537;31;15557;32;0;19149363;17328729;2097282;1471687;403144;110837;61;28267069;58144;0;10539;1154275;160,833;79140
AZU;AZUL LINHAS AÉREAS BRASILEIRAS S/A;BRASILEIRA;2026;1;SBGO;GOIÂNIA;GO;CENTRO-OESTE;BRASIL;AMÉRICA DO SUL;SBSV;SALVADOR;BA;NORDESTE;BRASIL;AMÉRICA DO SUL;DOMÉSTICA;REGULAR;1227;4;0;0;0;1933794;1523934;203230;125312;42488;11178;9;0;0;0;1557;163636;17,6333;8874
AZU;AZUL LINHAS AÉREAS BRASILEIRAS S/A;BRASILEIRA;2026;1;SBGR;GUARULHOS;SP;SUDESTE;BRASIL;AMÉRICA DO SUL;SBCF;CONFINS;MG;SUDESTE;BRASIL;AMÉRICA DO SUL;DOMÉSTICA;IMPRODUTIVO;0;0;0;0;0;0;0;0;0;2594;496;1;0;0;0;0;0;1,4;0
AZU;AZUL LINHAS AÉREAS BRASILEIRAS S/A;BRASILEIRA;2026;1;SBGR;GUARULHOS;SP;SUDESTE;BRASIL;AMÉRICA DO SUL;SBCF;CONFINS;MG;SUDESTE;BRASIL;AMÉRICA DO SUL;DOMÉSTICA;NÃO REGULAR;264;9;0;8;0;172608;130944;18271;10815;5021;992;2;0;3968;0;348;36839;2,25;2006
AZU;AZUL LINHAS AÉREAS BRASILEIRAS S/A;BRASILEIRA;2026;1;SBGR;GUARULHOS;SP;SUDESTE;BRASIL;AMÉRICA DO SUL;SBCF;CONFINS;MG;SUDESTE;BRASIL;AMÉRICA DO SUL;DOMÉSTICA;REGULAR;13416;355;61782;693;0;7708832;6654336;801537;611109;272915;57536;116;30643872;343728;0;15542;1616108;140,367;164207
AZU;AZUL LINHAS AÉREAS BRASILEIRAS S/A;BRASILEIRA;2026;1;SBGR;GUARULHOS;SP;SUDESTE;BRASIL;AMÉRICA DO SUL;SBCT;SÃO JOSÉ DOS PINHAIS;PR;SUL;BRASIL;AMÉRICA DO SUL;DOMÉSTICA;REGULAR;10738;155;16537;542;0;4896042;3854942;458618;337553;243034;39849;111;5936783;194578;0;13638;1277648;116,867;118526
AZU;AZUL LINHAS AÉREAS BRASILEIRAS S/A;BRASILEIRA;2026;1;SBGR;GUARULHOS;SP;SUDESTE;BRASIL;AMÉRICA DO SUL;SBCY;VÁRZEA GRANDE;MT;CENTRO-OESTE;BRASIL;AMÉRICA DO SUL;DOMÉSTICA;REGULAR;7589;65;43047;148;0;10701180;10093370;1048906;913031;278973;79800;60;57252510;196840;0;8046;788672;134,15;74291
AZU;AZUL LINHAS AÉREAS BRASILEIRAS S/A;BRASILEIRA;2026;1;SBGR;GUARULHOS;SP;SUDESTE;BRASIL;AMÉRICA DO SUL;SBGR;GUARULHOS;SP;SUDESTE;BRASIL;AMÉRICA DO SUL;DOMÉSTICA;IMPRODUTIVO;264;4;0;0;0;0;0;0;0;6030;0;2;0;0;0;292;29556;0,883333;2462
AZU;AZUL LINHAS AÉREAS BRASILEIRAS S/A;BRASILEIRA;2026;1;SBGR;GUARULHOS;SP;SUDESTE;BRASIL;AMÉRICA DO SUL;SBKP;CAMPINAS;SP;SUDESTE;BRASIL;AMÉRICA DO SUL;DOMÉSTICA;IMPRODUTIVO;0;0;0;0;0;0;0;0;0;976;83;1;0;0;0;0;0;0,783333;0
AZU;AZUL LINHAS AÉREAS BRASILEIRAS S/A;BRASILEIRA;2026;1;SBGR;GUARULHOS;SP;SUDESTE;BRASIL;AMÉRICA DO SUL;SBPA;PORTO ALEGRE;RS;SUL;BRASIL;AMÉRICA DO SUL;DOMÉSTICA;REGULAR;21175;481;20304;586;0;24549368;18337550;2689968;1515739;641794;142024;164;17583264;507476;0;28348;3106299;272,083;141947
AZU;AZUL LINHAS AÉREAS BRASILEIRAS S/A;BRASILEIRA;2026;1;SBGR;GUARULHOS;SP;SUDESTE;BRASIL;AMÉRICA DO SUL;SBRF;RECIFE;PE;NORDESTE;BRASIL;AMÉRICA DO SUL;DOMÉSTICA;NÃO REGULAR;725;1;391;0;0;1808961;1523225;200580;126875;37936;10505;5;821491;0;0;861;95470;15,4;5623
AZU;AZUL LINHAS AÉREAS BRASILEIRAS S/A;BRASILEIRA;2026;1;SBGR;GUARULHOS;SP;SUDESTE;BRASIL;AMÉRICA DO SUL;SBRF;RECIFE;PE;NORDESTE;BRASIL;AMÉRICA DO SUL;DOMÉSTICA;REGULAR;33217;433;138588;457;0;78209725;69788917;8923596;6093141;1526563;378180;180;291173388;960157;0;37225;4247359;547,733;270292
AZU;AZUL LINHAS AÉREAS BRASILEIRAS S/A;BRASILEIRA;2026;1;SBGR;GUARULHOS;SP;SUDESTE;BRASIL;AMÉRICA DO SUL;SBRJ;RIO DE JANEIRO;RJ;SUDESTE;BRASIL;AMÉRICA DO SUL;DOMÉSTICA;IMPRODUTIVO;0;0;0;0;0;0;0;0;0;1725;343;1;0;0;0;0;0;0,933333;0
AZU;AZUL LINHAS AÉREAS BRASILEIRAS S/A;BRASILEIRA;2026;1;SBGR;GUARULHOS;SP;SUDESTE;BRASIL;AMÉRICA DO SUL;SBRJ;RIO DE JANEIRO;RJ;SUDESTE;BRASIL;AMÉRICA DO SUL;DOMÉSTICA;REGULAR;4790;62;7847;505;0;2277520;1642970;233320;135708;98958;17836;52;2691521;173215;0;6640;680319;51,35;28634
AZU;AZUL LINHAS AÉREAS BRASILEIRAS S/A;BRASILEIRA;2026;1;SBGR;GUARULHOS;SP;SUDESTE;BRASIL;AMÉRICA DO SUL;SBSP;SÃO PAULO;SP;SUDESTE;BRASIL;AMÉRICA DO SUL;DOMÉSTICA;IMPRODUTIVO;0;0;0;0;0;0;0;0;0;963;28;1;0;0;0;0;0;0,966667;0
AZU;AZUL LINHAS AÉREAS BRASILEIRAS S/A;BRASILEIRA;2026;1;SBGR;GUARULHOS;SP;SUDESTE;BRASIL;AMÉRICA DO SUL;SBSR;SÃO JOSÉ DO RIO PRETO;SP;SUDESTE;BRASIL;AMÉRICA DO SUL;DOMÉSTICA;NÃO REGULAR;48;0;0;0;0;57120;20160;5740;1512;1774;420;1;0;0;0;136;13667;0,95;0
AZU;AZUL LINHAS AÉREAS BRASILEIRAS S/A;BRASILEIRA;2026;1;SBGR;GUARULHOS;SP;SUDESTE;BRASIL;AMÉRICA DO SUL;SBVT;VITÓRIA;ES;SUDESTE;BRASIL;AMÉRICA DO SUL;DOMÉSTICA;REGULAR;104;3;0;0;0;99280;75920;10335;5846;3591;730;1;0;0;0;136;14158;1,85;209
AZU;AZUL LINHAS AÉREAS BRASILEIRAS S/A;BRASILEIRA;2026;1;SBGR;GUARULHOS;SP;SUDESTE;BRASIL;AMÉRICA DO SUL;SULS;MALDONADO/PUNTA DEL ESTE, MALDONADO;;;URUGUAI;AMÉRICA DO SUL;INTERNACIONAL;IMPRODUTIVO;0;0;0;0;0;0;0;0;0;5441;1519;1;0;0;0;0;0;2,53333;0
AZU;AZUL LINHAS AÉREAS BRASILEIRAS S/A;BRASILEIRA;2026;1;SBGR;GUARULHOS;SP;SUDESTE;BRASIL;AMÉRICA DO SUL;SULS;MALDONADO/PUNTA DEL ESTE, MALDONADO;;;URUGUAI;AMÉRICA DO SUL;INTERNACIONAL;REGULAR;727;0;0;0;0;2100777;1104313;203137;96678;47372;12152;8;0;0;0;1383;133733;20,05;9124
AZU;AZUL LINHAS AÉREAS BRASILEIRAS S/A;BRASILEIRA;2026;1;SBGV;GOVERNADOR VALADARES;MG;SUDESTE;BRASIL;AMÉRICA DO SUL;SBCF;CONFINS;MG;SUDESTE;BRASIL;AMÉRICA DO SUL;DOMÉSTICA;REGULAR;2657;76;2302;0;0;784448;595168;71332;52501;36492;12096;54;515648;0;0;3502;318544;45,4833;32942
AZU;AZUL LINHAS AÉREAS BRASILEIRAS S/A;BRASILEIRA;2026;1;SBHT;ALTAMIRA;PA;NORTE;BRASIL;AMÉRICA DO SUL;SBBE;BELÉM;PA;NORTE;BRASIL;AMÉRICA DO SUL;DOMÉSTICA;REGULAR;4075;51;2256;430;0;2508948;1907100;269288;160549;78688;14508;31;1055808;201240;0;5361;575441;31,3833;35200
AZU;AZUL LINHAS AÉREAS BRASILEIRAS S/A;BRASILEIRA;2026;1;SBIH;ITAITUBA;PA;NORTE;BRASIL;AMÉRICA DO SUL;SBEG;MANAUS;AM;NORTE;BRASIL;AMÉRICA DO SUL;DOMÉSTICA;REGULAR;804;7;125;0;0;430542;377076;40555;32436;13968;6097;13;58625;0;0;918;86485;18,3667;8747
AZU;AZUL LINHAS AÉREAS BRASILEIRAS S/A;BRASILEIRA;2026;1;SBIL;ILHÉUS;BA;NORDESTE;BRASIL;AMÉRICA DO SUL;SBCF;CONFINS;MG;SUDESTE;BRASIL;AMÉRICA DO SUL;DOMÉSTICA;NÃO REGULAR;1241;12;1076;0;0;969206;929509;98827;79111;27743;7490;10;805924;0;0;1294;131953;14,5333;11477
AZU;AZUL LINHAS AÉREAS BRASILEIRAS S/A;BRASILEIRA;2026;1;SBIL;ILHÉUS;BA;NORDESTE;BRASIL;AMÉRICA DO SUL;SBCF;CONFINS;MG;SUDESTE;BRASIL;AMÉRICA DO SUL;DOMÉSTICA;REGULAR;4476;38;7580;24;0;3521798;3406452;347228;289574;100862;28462;38;5677420;17976;0;4702;463612;57,7833;37642
AZU;AZUL LINHAS AÉREAS BRASILEIRAS S/A;BRASILEIRA;2026;1;SBIL;ILHÉUS;BA;NORDESTE;BRASIL;AMÉRICA DO SUL;SBKP;CAMPINAS;SP;SUDESTE;BRASIL;AMÉRICA DO SUL;DOMÉSTICA;REGULAR;4448;46;5914;66;0;5968142;5546656;539992;469507;149615;37410;30;7374758;82302;0;4786;433048;62,9667;37009
AZU;AZUL LINHAS AÉREAS BRASILEIRAS S/A;BRASILEIRA;2026;1;SBIL;ILHÉUS;BA;NORDESTE;BRASIL;AMÉRICA DO SUL;SBRP;RIBEIRÃO PRETO;SP;SUDESTE;BRASIL;AMÉRICA DO SUL;DOMÉSTICA;REGULAR;131;0;597;13;0;202014;152091;18862;12837;6396;1161;1;693117;15093;0;174;16247;2,45;635
AZU;AZUL LINHAS AÉREAS BRASILEIRAS S/A;BRASILEIRA;2026;1;SBIL;ILHÉUS;BA;NORDESTE;BRASIL;AMÉRICA DO SUL;SBSP;SÃO PAULO;SP;SUDESTE;BRASIL;AMÉRICA DO SUL;DOMÉSTICA;REGULAR;3958;58;709;2;0;5329024;5002912;506846;417992;143080;39184;31;896176;2528;0;4216;400998;70,8;33141
AZU;AZUL LINHAS AÉREAS BRASILEIRAS S/A;BRASILEIRA;2026;1;SBIL;ILHÉUS;BA;NORDESTE;BRASIL;AMÉRICA DO SUL;SBSV;SALVADOR;BA;NORDESTE;BRASIL;AMÉRICA DO SUL;DOMÉSTICA;REGULAR;487;5;115;38;0;124200;109575;12562;9490;5290;1800;8;25875;8550;0;552;55850;6,93333;5552
AZU;AZUL LINHAS AÉREAS BRASILEIRAS S/A;BRASILEIRA;2026;1;SBIP;SANTANA DO PARAÍSO;MG;SUDESTE;BRASIL;AMÉRICA DO SUL;SBCF;CONFINS;MG;SUDESTE;BRASIL;AMÉRICA DO SUL;DOMÉSTICA;IMPRODUTIVO;0;0;0;0;0;0;0;0;0;504;156;1;0;0;0;0;0;0,716667;0
AZU;AZUL LINHAS AÉREAS BRASILEIRAS S/A;BRASILEIRA;2026;1;SBIP;SANTANA DO PARAÍSO;MG;SUDESTE;BRASIL;AMÉRICA DO SUL;SBCF;CONFINS;MG;SUDESTE;BRASIL;AMÉRICA DO SUL;DOMÉSTICA;REGULAR;4993;156;2721;534;0;1143324;778908;116411;66559;57333;16536;106;424476;83304;0;7329;746489;75,3334;49819
AZU;AZUL LINHAS AÉREAS BRASILEIRAS S/A;BRASILEIRA;2026;1;SBIP;SANTANA DO PARAÍSO;MG;SUDESTE;BRASIL;AMÉRICA DO SUL;SBIP;SANTANA DO PARAÍSO;MG;SUDESTE;BRASIL;AMÉRICA DO SUL;DOMÉSTICA;IMPRODUTIVO;80;1;0;0;0;0;0;0;0;1058;0;2;0;0;0;138;14048;0,4;863
AZU;AZUL LINHAS AÉREAS BRASILEIRAS S/A;BRASILEIRA;2026;1;SBIZ;IMPERATRIZ;MA;NORDESTE;BRASIL;AMÉRICA DO SUL;SBCF;CONFINS;MG;SUDESTE;BRASIL;AMÉRICA DO SUL;DOMÉSTICA;REGULAR;1982;44;3085;65;0;3668912;3194984;387690;272415;87871;27404;17;4973020;104780;0;2276;240507;42,2833;17261
AZU;AZUL LINHAS AÉREAS BRASILEIRAS S/A;BRASILEIRA;2026;1;SBIZ;IMPERATRIZ;MA;NORDESTE;BRASIL;AMÉRICA DO SUL;SBSL;SÃO LUÍS;MA;NORDESTE;BRASIL;AMÉRICA DO SUL;DOMÉSTICA;REGULAR;2661;9;2616;53;0;2403660;1290585;261137;104551;68403;14065;29;1268760;25705;0;4956;538458;28,4667;13415
AZU;AZUL LINHAS AÉREAS BRASILEIRAS S/A;BRASILEIRA;2026;1;SBJE;CRUZ;CE;NORDESTE;BRASIL;AMÉRICA DO SUL;SBCF;CONFINS;MG;SUDESTE;BRASIL;AMÉRICA DO SUL;DOMÉSTICA;REGULAR;2368;17;0;0;0;4651200;4499200;485902;370584;108105;34200;18;0;0;0;2448;255743;52,6167;17449
AZU;AZUL LINHAS AÉREAS BRASILEIRAS S/A;BRASILEIRA;2026;1;SBJI;JI-PARANÁ;RO;NORTE;BRASIL;AMÉRICA DO SUL;SBKP;CAMPINAS;SP;SUDESTE;BRASIL;AMÉRICA DO SUL;DOMÉSTICA;REGULAR;1072;16;1137;21;0;2525112;2211536;265659;189466;56493;18567;9;2345631;43323;0;1224;128776;26,7;10306
AZU;AZUL LINHAS AÉREAS BRASILEIRAS S/A;BRASILEIRA;2026;1;SBJP;SANTA RITA;PB;NORDESTE;BRASIL;AMÉRICA DO SUL;SBCA;CASCAVEL;PR;SUL;BRASIL;AMÉRICA DO SUL;DOMÉSTICA;REGULAR;759;10;1;0;0;2434260;2123682;212659;177315;53160;13990;5;2798;0;0;870;76005;19,7833;6447
AZU;AZUL LINHAS AÉREAS BRASILEIRAS S/A;BRASILEIRA;2026;1;SBJP;SANTA RITA;PB;NORDESTE;BRASIL;AMÉRICA DO SUL;SBCF;CONFINS;MG;SUDESTE;BRASIL;AMÉRICA DO SUL;DOMÉSTICA;REGULAR;8451;145;20564;70;0;14949900;14324445;1611935;1234733;341173;89835;53;34855980;118650;0;8820;951010;137,183;74079
AZU;AZUL LINHAS AÉREAS BRASILEIRAS S/A;BRASILEIRA;2026;1;SBJP;SANTA RITA;PB;NORDESTE;BRASIL;AMÉRICA DO SUL;SBFN;FERNANDO DE NORONHA;PE;NORDESTE;BRASIL;AMÉRICA DO SUL;DOMÉSTICA;REGULAR;0;0;1071;58;0;62560;0;6463;492;2173;460;1;492660;26680;0;136;14050;1,08333;0
AZU;AZUL LINHAS AÉREAS BRASILEIRAS S/A;BRASILEIRA;2026;1;SBJP;SANTA RITA;PB;NORDESTE;BRASIL;AMÉRICA DO SUL;SBGO;GOIÂNIA;GO;CENTRO-OESTE;BRASIL;AMÉRICA DO SUL;DOMÉSTICA;REGULAR;658;1;0;0;0;1305000;1233750;140573;103651;29340;7500;4;0;0;0;696;74973;11,3167;5931
AZU;AZUL LINHAS AÉREAS BRASILEIRAS S/A;BRASILEIRA;2026;1;SBJP;SANTA RITA;PB;NORDESTE;BRASIL;AMÉRICA DO SUL;SBKP;CAMPINAS;SP;SUDESTE;BRASIL;AMÉRICA DO SUL;DOMÉSTICA;IMPRODUTIVO;0;0;0;0;0;0;0;0;0;7123;2193;1;0;0;0;0;0;3,11667;0
AZU;AZUL LINHAS AÉREAS BRASILEIRAS S/A;BRASILEIRA;2026;1;SBJP;SANTA RITA;PB;NORDESTE;BRASIL;AMÉRICA DO SUL;SBKP;CAMPINAS;SP;SUDESTE;BRASIL;AMÉRICA DO SUL;DOMÉSTICA;NÃO REGULAR;151;19;543;0;0;640356;331143;65622;29131;16246;4386;2;1190799;0;0;292;29924;6,46667;1416
AZU;AZUL LINHAS AÉREAS BRASILEIRAS S/A;BRASILEIRA;2026;1;SBJP;SANTA RITA;PB;NORDESTE;BRASIL;AMÉRICA DO SUL;SBKP;CAMPINAS;SP;SUDESTE;BRASIL;AMÉRICA DO SUL;DOMÉSTICA;REGULAR;4221;107;12774;67;0;9949641;9256653;1094127;819121;230814;59211;27;28013382;146931;0;4537;498926;88,2167;44171
AZU;AZUL LINHAS AÉREAS BRASILEIRAS S/A;BRASILEIRA;2026;1;SBJP;SANTA RITA;PB;NORDESTE;BRASIL;AMÉRICA DO SUL;SBRF;RECIFE;PE;NORDESTE;BRASIL;AMÉRICA DO SUL;DOMÉSTICA;IMPRODUTIVO;0;0;0;0;0;0;0;0;0;2202;218;2;0;0;0;0;0;1,31667;0
AZU;AZUL LINHAS AÉREAS BRASILEIRAS S/A;BRASILEIRA;2026;1;SBJP;SANTA RITA;PB;NORDESTE;BRASIL;AMÉRICA DO SUL;SBRF;RECIFE;PE;NORDESTE;BRASIL;AMÉRICA DO SUL;DOMÉSTICA;REGULAR;1992;58;1635;47;0;233914;217128;24132;18522;12956;3379;31;178215;5123;0;2146;221491;18,9;19047
AZU;AZUL LINHAS AÉREAS BRASILEIRAS S/A;BRASILEIRA;2026;1;SBJP;SANTA RITA;PB;NORDESTE;BRASIL;AMÉRICA DO SUL;SBRP;RIBEIRÃO PRETO;SP;SUDESTE;BRASIL;AMÉRICA DO SUL;DOMÉSTICA;REGULAR;662;10;0;0;0;1403325;1376298;157352;116131;31983;8316;4;0;0;0;675;75687;12,2;6210
AZU;AZUL LINHAS AÉREAS BRASILEIRAS S/A;BRASILEIRA;2026;1;SBJP;SANTA RITA;PB;NORDESTE;BRASIL;AMÉRICA DO SUL;SBSP;SÃO PAULO;SP;SUDESTE;BRASIL;AMÉRICA DO SUL;DOMÉSTICA;REGULAR;4107;59;3190;10;0;9386576;9109326;987838;770406;228289;66540;30;7075420;22180;0;4232;445379;104,983;36134
AZU;AZUL LINHAS AÉREAS BRASILEIRAS S/A;BRASILEIRA;2026;1;SBJP;SANTA RITA;PB;NORDESTE;BRASIL;AMÉRICA DO SUL;SBSR;SÃO JOSÉ DO RIO PRETO;SP;SUDESTE;BRASIL;AMÉRICA DO SUL;DOMÉSTICA;REGULAR;824;8;0;0;0;1891380;1791376;199271;149729;42871;10870;5;0;0;0;870;91662;16,0333;7074
AZU;AZUL LINHAS AÉREAS BRASILEIRAS S/A;BRASILEIRA;2026;1;SBJP;SANTA RITA;PB;NORDESTE;BRASIL;AMÉRICA DO SUL;SBUL;UBERLÂNDIA;MG;SUDESTE;BRASIL;AMÉRICA DO SUL;DOMÉSTICA;REGULAR;1526;6;0;7;0;3038040;2960440;324093;247161;68476;17460;9;0;13580;0;1566;167061;26,4167;12955
AZU;AZUL LINHAS AÉREAS BRASILEIRAS S/A;BRASILEIRA;2026;1;SBJU;JUAZEIRO DO NORTE;CE;NORDESTE;BRASIL;AMÉRICA DO SUL;SBKP;CAMPINAS;SP;SUDESTE;BRASIL;AMÉRICA DO SUL;DOMÉSTICA;REGULAR;3665;88;7474;0;0;7768530;7135755;794544;620906;192157;58410;30;14551878;0;0;3990;408094;87,3667;36563
AZU;AZUL LINHAS AÉREAS BRASILEIRAS S/A;BRASILEIRA;2026;1;SBJU;JUAZEIRO DO NORTE;CE;NORDESTE;BRASIL;AMÉRICA DO SUL;SBRF;RECIFE;PE;NORDESTE;BRASIL;AMÉRICA DO SUL;DOMÉSTICA;IMPRODUTIVO;0;0;0;0;0;0;0;0;0;1030;490;1;0;0;0;0;0;1,36667;0
AZU;AZUL LINHAS AÉREAS BRASILEIRAS S/A;BRASILEIRA;2026;1;SBJU;JUAZEIRO DO NORTE;CE;NORDESTE;BRASIL;AMÉRICA DO SUL;SBRF;RECIFE;PE;NORDESTE;BRASIL;AMÉRICA DO SUL;DOMÉSTICA;NÃO REGULAR;3056;27;4;141;0;1740480;1497440;173635;123810;54945;24990;51;1960;69090;0;3552;354401;73,1667;23514
AZU;AZUL LINHAS AÉREAS BRASILEIRAS S/A;BRASILEIRA;2026;1;SBJV;JOINVILLE;SC;SUL;BRASIL;AMÉRICA DO SUL;SBJV;JOINVILLE;SC;SUL;BRASIL;AMÉRICA DO SUL;DOMÉSTICA;IMPRODUTIVO;171;2;0;0;0;0;0;0;0;3137;0;3;0;0;0;212;20133;1,25;1753
AZU;AZUL LINHAS AÉREAS BRASILEIRAS S/A;BRASILEIRA;2026;1;SBJV;JOINVILLE;SC;SUL;BRASIL;AMÉRICA DO SUL;SBKP;CAMPINAS;SP;SUDESTE;BRASIL;AMÉRICA DO SUL;DOMÉSTICA;REGULAR;3839;90;13250;188;0;1725360;1516405;160445;130191;79727;18960;48;5233750;74260;0;4368;406245;57,8667;28481
AZU;AZUL LINHAS AÉREAS BRASILEIRAS S/A;BRASILEIRA;2026;1;SBKG;CAMPINA GRANDE;PB;NORDESTE;BRASIL;AMÉRICA DO SUL;SBCF;CONFINS;MG;SUDESTE;BRASIL;AMÉRICA DO SUL;DOMÉSTICA;REGULAR;1235;16;4005;151;0;2172045;2009345;198046;178399;61491;19524;12;6516135;245677;0;1335;121728;31,0167;13022
AZU;AZUL LINHAS AÉREAS BRASILEIRAS S/A;BRASILEIRA;2026;1;SBKG;CAMPINA GRANDE;PB;NORDESTE;BRASIL;AMÉRICA DO SUL;SBRF;RECIFE;PE;NORDESTE;BRASIL;AMÉRICA DO SUL;DOMÉSTICA;REGULAR;2057;71;3298;44;0;424424;294151;41020;25917;20702;6149;43;471614;6292;0;2968;286997;27,6167;23817
AZU;AZUL LINHAS AÉREAS BRASILEIRAS S/A;BRASILEIRA;2026;1;SBKP;CAMPINAS;SP;SUDESTE;BRASIL;AMÉRICA DO SUL;KFLL;FORT LAUDERDALE/HOLLYWOOD, FLORIDA;;;ESTADOS UNIDOS DA AMÉRICA;AMÉRICA DO NORTE;INTERNACIONAL;NÃO REGULAR;134;16;2003;0;0;1940874;872742;302926;88094;52901;6513;1;13045539;0;0;298;46511;8,81667;1473
AZU;AZUL LINHAS AÉREAS BRASILEIRAS S/A;BRASILEIRA;2026;1;SBKP;CAMPINAS;SP;SUDESTE;BRASIL;AMÉRICA DO SUL;KFLL;FORT LAUDERDALE/HOLLYWOOD, FLORIDA;;;ESTADOS UNIDOS DA AMÉRICA;AMÉRICA DO NORTE;INTERNACIONAL;REGULAR;7757;120;276526;2677;0;54578940;50521341;9206149;6402691;1842305;201903;31;1801013842;17435301;0;8380;1413506;270,383;124765
AZU;AZUL LINHAS AÉREAS BRASILEIRAS S/A;BRASILEIRA;2026;1;SBKP;CAMPINAS;SP;SUDESTE;BRASIL;AMÉRICA DO SUL;KMCO;ORLANDO, FLORIDA;;;ESTADOS UNIDOS DA AMÉRICA;AMÉRICA DO NORTE;INTERNACIONAL;REGULAR;15351;352;262123;7352;0;116476008;104263992;18972781;11171195;3535841;421104;62;1780339416;49934784;0;17149;2793405;552,05;231314
AZU;AZUL LINHAS AÉREAS BRASILEIRAS S/A;BRASILEIRA;2026;1;SBKP;CAMPINAS;SP;SUDESTE;BRASIL;AMÉRICA DO SUL;LEMD;MADRID;;;ESPANHA;EUROPA;INTERNACIONAL;REGULAR;6017;105;11779;2329;0;53761080;50386358;7269875;4494550;1507124;184228;22;98637350;19503046;0;6420;868150;226,317;73674
AZU;AZUL LINHAS AÉREAS BRASILEIRAS S/A;BRASILEIRA;2026;1;SBKP;CAMPINAS;SP;SUDESTE;BRASIL;AMÉRICA DO SUL;LPPR;PORTO;;;PORTUGAL;EUROPA;INTERNACIONAL;REGULAR;3421;43;58043;454;0;29121444;27952991;4432917;3120905;888846;106223;13;474269354;3709634;0;3564;542519;130,867;67332
AZU;AZUL LINHAS AÉREAS BRASILEIRAS S/A;BRASILEIRA;2026;1;SBKP;CAMPINAS;SP;SUDESTE;BRASIL;AMÉRICA DO SUL;LPPT;LISBOA;;;PORTUGAL;EUROPA;INTERNACIONAL;REGULAR;14551;257;82644;1701;0;121671016;115360328;14854914;11335389;3824041;420184;53;655201632;13485528;0;15347;1873731;510,433;255826
AZU;AZUL LINHAS AÉREAS BRASILEIRAS S/A;BRASILEIRA;2026;1;SBKP;CAMPINAS;SP;SUDESTE;BRASIL;AMÉRICA DO SUL;SAEZ;EZEIZA, BUENOS AIRES PROVINCE;;;ARGENTINA;AMÉRICA DO SUL;INTERNACIONAL;REGULAR;0;0;17744;0;0;0;0;79347;30466;20521;3434;2;30466448;0;0;0;46213;6,58333;0
AZU;AZUL LINHAS AÉREAS BRASILEIRAS S/A;BRASILEIRA;2026;1;SBKP;CAMPINAS;SP;SUDESTE;BRASIL;AMÉRICA DO SUL;SBAE;AREALVA;SP;SUDESTE;BRASIL;AMÉRICA DO SUL;DOMÉSTICA;IMPRODUTIVO;0;0;0;0;0;0;0;0;0;2379;440;2;0;0;0;0;0;1,73333;0
AZU;AZUL LINHAS AÉREAS BRASILEIRAS S/A;BRASILEIRA;2026;1;SBKP;CAMPINAS;SP;SUDESTE;BRASIL;AMÉRICA DO SUL;SBAE;AREALVA;SP;SUDESTE;BRASIL;AMÉRICA DO SUL;DOMÉSTICA;REGULAR;1149;38;0;850;0;457380;252780;43933;20807;17407;6380;29;0;187000;0;2079;199761;24,55;8474
AZU;AZUL LINHAS AÉREAS BRASILEIRAS S/A;BRASILEIRA;2026;1;SBKP;CAMPINAS;SP;SUDESTE;BRASIL;AMÉRICA DO SUL;SBAR;ARACAJU;SE;NORDESTE;BRASIL;AMÉRICA DO SUL;DOMÉSTICA;REGULAR;3652;77;10461;288;0;7151980;6248572;687895;537591;165069;53041;31;17898771;492768;0;4180;402052;79,4833;29846
AZU;AZUL LINHAS AÉREAS BRASILEIRAS S/A;BRASILEIRA;2026;1;SBKP;CAMPINAS;SP;SUDESTE;BRASIL;AMÉRICA DO SUL;SBAT;ALTA FLORESTA;MT;CENTRO-OESTE;BRASIL;AMÉRICA DO SUL;DOMÉSTICA;REGULAR;1469;20;5110;470;0;2847840;2563405;262554;231017;68757;20940;12;8916950;820150;0;1632;150464;32,6667;17105
AZU;AZUL LINHAS AÉREAS BRASILEIRAS S/A;BRASILEIRA;2026;1;SBKP;CAMPINAS;SP;SUDESTE;BRASIL;AMÉRICA DO SUL;SBAU;ARAÇATUBA;SP;SUDESTE;BRASIL;AMÉRICA DO SUL;DOMÉSTICA;REGULAR;1377;34;3921;187;0;828142;546669;79352;46455;26729;11910;30;1556637;74239;0;2086;199912;37,45;9856
AZU;AZUL LINHAS AÉREAS BRASILEIRAS S/A;BRASILEIRA;2026;1;SBKP;CAMPINAS;SP;SUDESTE;BRASIL;AMÉRICA DO SUL;SBBE;BELÉM;PA;NORTE;BRASIL;AMÉRICA DO SUL;DOMÉSTICA;NÃO REGULAR;35;4;0;0;0;397485;84315;45327;7636;8231;2409;1;0;0;0;165;18816;3,4;545
AZU;AZUL LINHAS AÉREAS BRASILEIRAS S/A;BRASILEIRA;2026;1;SBKP;CAMPINAS;SP;SUDESTE;BRASIL;AMÉRICA DO SUL;SBBE;BELÉM;PA;NORTE;BRASIL;AMÉRICA DO SUL;DOMÉSTICA;REGULAR;12779;264;179714;2144;0;38341644;32155332;4515526;3148467;861282;236082;98;432931027;5164896;0;15916;1874460;329,75;118467
AZU;AZUL LINHAS AÉREAS BRASILEIRAS S/A;BRASILEIRA;2026;1;SBKP;CAMPINAS;SP;SUDESTE;BRASIL;AMÉRICA DO SUL;SBBH;BELO HORIZONTE;MG;SUDESTE;BRASIL;AMÉRICA DO SUL;DOMÉSTICA;IMPRODUTIVO;0;0;0;0;0;0;0;0;0;2018;962;2;0;0;0;0;0;2,95;0
AZU;AZUL LINHAS AÉREAS BRASILEIRAS S/A;BRASILEIRA;2026;1;SBKP;CAMPINAS;SP;SUDESTE;BRASIL;AMÉRICA DO SUL;SBBR;BRASÍLIA;DF;CENTRO-OESTE;BRASIL;AMÉRICA DO SUL;DOMÉSTICA;NÃO REGULAR;136;0;0;22;0;108528;108528;10550;8339;3029;798;1;0;17556;0;136;13221;1,66667;250
AZU;AZUL LINHAS AÉREAS BRASILEIRAS S/A;BRASILEIRA;2026;1;SBKP;CAMPINAS;SP;SUDESTE;BRASIL;AMÉRICA DO SUL;SBBR;BRASÍLIA;DF;CENTRO-OESTE;BRASIL;AMÉRICA DO SUL;DOMÉSTICA;REGULAR;17703;270;45530;5473;0;16119600;14126994;1522046;1178814;456717;113316;142;36332940;4367454;0;20200;1907411;219,75;104044
AZU;AZUL LINHAS AÉREAS BRASILEIRAS S/A;BRASILEIRA;2026;1;SBKP;CAMPINAS;SP;SUDESTE;BRASIL;AMÉRICA DO SUL;SBBV;BOA VISTA;RR;NORTE;BRASIL;AMÉRICA DO SUL;DOMÉSTICA;REGULAR;1894;6;0;0;0;;;;;;;;;;;;;;30480
AZU;AZUL LINHAS AÉREAS BRASILEIRAS S/A;BRASILEIRA;2026;1;SBKP;CAMPINAS;SP;SUDESTE;BRASIL;AMÉRICA DO SUL;SBCA;CASCAVEL;PR;SUL;BRASIL;AMÉRICA DO SUL;DOMÉSTICA;REGULAR;5874;85;6249;977;0;5064336;4017816;466265;332643;162676;38304;56;4274316;668268;0;7404;681719;77,6;39561
AZU;AZUL LINHAS AÉREAS BRASILEIRAS S/A;BRASILEIRA;2026;1;SBKP;CAMPINAS;SP;SUDESTE;BRASIL;AMÉRICA DO SUL;SBCF;CONFINS;MG;SUDESTE;BRASIL;AMÉRICA DO SUL;DOMÉSTICA;IMPRODUTIVO;0;0;0;0;0;0;0;0;0;17251;1996;4;0;0;0;0;0;5,53333;0
AZU;AZUL LINHAS AÉREAS BRASILEIRAS S/A;BRASILEIRA;2026;1;SBKP;CAMPINAS;SP;SUDESTE;BRASIL;AMÉRICA DO SUL;SBCF;CONFINS;MG;SUDESTE;BRASIL;AMÉRICA DO SUL;DOMÉSTICA;NÃO REGULAR;419;28;0;253;0;418162;209081;43357;17020;13691;3493;7;0;126247;0;838;86893;8,86667;2690
AZU;AZUL LINHAS AÉREAS BRASILEIRAS S/A;BRASILEIRA;2026;1;SBKP;CAMPINAS;SP;SUDESTE;BRASIL;AMÉRICA DO SUL;SBCF;CONFINS;MG;SUDESTE;BRASIL;AMÉRICA DO SUL;DOMÉSTICA;REGULAR;21922;657;101026;11775;0;13867210;10939078;1465841;953567;474841;97804;196;50411974;5875725;0;27790;2937755;229,55;165983
AZU;AZUL LINHAS AÉREAS BRASILEIRAS S/A;BRASILEIRA;2026;1;SBKP;CAMPINAS;SP;SUDESTE;BRASIL;AMÉRICA DO SUL;SBCG;CAMPO GRANDE;MS;CENTRO-OESTE;BRASIL;AMÉRICA DO SUL;DOMÉSTICA;REGULAR;10333;100;44839;2594;0;9310860;8555724;903890;745583;263282;67896;82;37126692;2147832;0;11245;1091700;131,45;80698
AZU;AZUL LINHAS AÉREAS BRASILEIRAS S/A;BRASILEIRA;2026;1;SBKP;CAMPINAS;SP;SUDESTE;BRASIL;AMÉRICA DO SUL;SBCH;CHAPECÓ;SC;SUL;BRASIL;AMÉRICA DO SUL;DOMÉSTICA;IMPRODUTIVO;0;0;0;0;0;0;0;0;0;3075;721;1;0;0;0;0;0;1,45;0
AZU;AZUL LINHAS AÉREAS BRASILEIRAS S/A;BRASILEIRA;2026;1;SBKP;CAMPINAS;SP;SUDESTE;BRASIL;AMÉRICA DO SUL;SBCH;CHAPECÓ;SC;SUL;BRASIL;AMÉRICA DO SUL;DOMÉSTICA;REGULAR;3594;38;7511;718;0;3013780;2591274;285134;214677;91451;22351;31;5415431;517678;0;4180;395492;45,65;20707
AZU;AZUL LINHAS AÉREAS BRASILEIRAS S/A;BRASILEIRA;2026;1;SBKP;CAMPINAS;SP;SUDESTE;BRASIL;AMÉRICA DO SUL;SBCT;SÃO JOSÉ DOS PINHAIS;PR;SUL;BRASIL;AMÉRICA DO SUL;DOMÉSTICA;IMPRODUTIVO;0;0;0;0;0;0;0;0;0;4361;1047;3;0;0;0;0;0;2,78333;0
AZU;AZUL LINHAS AÉREAS BRASILEIRAS S/A;BRASILEIRA;2026;1;SBKP;CAMPINAS;SP;SUDESTE;BRASIL;AMÉRICA DO SUL;SBCT;SÃO JOSÉ DOS PINHAIS;PR;SUL;BRASIL;AMÉRICA DO SUL;DOMÉSTICA;NÃO REGULAR;1364;49;1514;371;0;698349;476036;65871;38844;24509;7329;21;528386;129479;0;2001;188767;22,55;7515
AZU;AZUL LINHAS AÉREAS BRASILEIRAS S/A;BRASILEIRA;2026;1;SBKP;CAMPINAS;SP;SUDESTE;BRASIL;AMÉRICA DO SUL;SBCT;SÃO JOSÉ DOS PINHAIS;PR;SUL;BRASIL;AMÉRICA DO SUL;DOMÉSTICA;REGULAR;19599;448;39898;6271;0;7880071;6840051;780607;577837;311924;58632;168;13924402;2188579;0;22579;2236945;157,883;146116
AZU;AZUL LINHAS AÉREAS BRASILEIRAS S/A;BRASILEIRA;2026;1;SBKP;CAMPINAS;SP;SUDESTE;BRASIL;AMÉRICA DO SUL;SBCX;CAXIAS DO SUL;RS;SUL;BRASIL;AMÉRICA DO SUL;DOMÉSTICA;REGULAR;4005;56;8193;490;0;4057830;3195990;407673;267405;114517;23940;30;6538014;391020;0;5085;510884;45,8167;26543
AZU;AZUL LINHAS AÉREAS BRASILEIRAS S/A;BRASILEIRA;2026;1;SBKP;CAMPINAS;SP;SUDESTE;BRASIL;AMÉRICA DO SUL;SBCY;VÁRZEA GRANDE;MT;CENTRO-OESTE;BRASIL;AMÉRICA DO SUL;DOMÉSTICA;IMPRODUTIVO;0;0;0;0;0;0;0;0;0;4750;1247;1;0;0;0;0;0;2,06667;0
AZU;AZUL LINHAS AÉREAS BRASILEIRAS S/A;BRASILEIRA;2026;1;SBKP;CAMPINAS;SP;SUDESTE;BRASIL;AMÉRICA DO SUL;SBCY;VÁRZEA GRANDE;MT;CENTRO-OESTE;BRASIL;AMÉRICA DO SUL;DOMÉSTICA;NÃO REGULAR;308;1;505;58;0;386570;384076;38370;31732;9353;2494;2;629735;72326;0;310;30771;3,95;1843
AZU;AZUL LINHAS AÉREAS BRASILEIRAS S/A;BRASILEIRA;2026;1;SBKP;CAMPINAS;SP;SUDESTE;BRASIL;AMÉRICA DO SUL;SBCY;VÁRZEA GRANDE;MT;CENTRO-OESTE;BRASIL;AMÉRICA DO SUL;DOMÉSTICA;REGULAR;20746;119;102287;3292;0;27526278;25870262;2637562;2323644;686174;162110;130;127551889;4105124;0;22074;2115181;266,8;205204
AZU;AZUL LINHAS AÉREAS BRASILEIRAS S/A;BRASILEIRA;2026;1;SBKP;CAMPINAS;SP;SUDESTE;BRASIL;AMÉRICA DO SUL;SBDB;BONITO;MS;CENTRO-OESTE;BRASIL;AMÉRICA DO SUL;DOMÉSTICA;REGULAR;1449;7;0;61;0;1713250;1418571;154004;113023;45471;12727;13;0;59719;0;1750;157312;22,2167;6781
AZU;AZUL LINHAS AÉREAS BRASILEIRAS S/A;BRASILEIRA;2026;1;SBKP;CAMPINAS;SP;SUDESTE;BRASIL;AMÉRICA DO SUL;SBDN;PRESIDENTE PRUDENTE;SP;SUDESTE;BRASIL;AMÉRICA DO SUL;DOMÉSTICA;NÃO REGULAR;0;0;0;0;0;78126;0;7021;0;2495;449;1;0;0;0;174;15638;1,2;0
AZU;AZUL LINHAS AÉREAS BRASILEIRAS S/A;BRASILEIRA;2026;1;SBKP;CAMPINAS;SP;SUDESTE;BRASIL;AMÉRICA DO SUL;SBDN;PRESIDENTE PRUDENTE;SP;SUDESTE;BRASIL;AMÉRICA DO SUL;DOMÉSTICA;REGULAR;2809;85;4894;1234;0;1931149;1261241;175513;107337;65650;27838;62;2197406;554066;0;4301;390965;89,25;23563
AZU;AZUL LINHAS AÉREAS BRASILEIRAS S/A;BRASILEIRA;2026;1;SBKP;CAMPINAS;SP;SUDESTE;BRASIL;AMÉRICA DO SUL;SBEG;MANAUS;AM;NORTE;BRASIL;AMÉRICA DO SUL;DOMÉSTICA;IMPRODUTIVO;0;0;0;0;0;0;0;0;0;26484;5240;2;0;0;0;0;0;7,31667;0
AZU;AZUL LINHAS AÉREAS BRASILEIRAS S/A;BRASILEIRA;2026;1;SBKP;CAMPINAS;SP;SUDESTE;BRASIL;AMÉRICA DO SUL;SBEG;MANAUS;AM;NORTE;BRASIL;AMÉRICA DO SUL;DOMÉSTICA;NÃO REGULAR;0;0;214321;0;0;0;0;638790;561515;136392;26200;10;561521020;0;0;0;243815;36,45;0
AZU;AZUL LINHAS AÉREAS BRASILEIRAS S/A;BRASILEIRA;2026;1;SBKP;CAMPINAS;SP;SUDESTE;BRASIL;AMÉRICA DO SUL;SBEG;MANAUS;AM;NORTE;BRASIL;AMÉRICA DO SUL;DOMÉSTICA;REGULAR;12342;180;602109;2405;0;40541880;37298320;6027480;4843634;1275185;298680;114;1577525580;6301100;0;15474;2300587;414,617;148448
AZU;AZUL LINHAS AÉREAS BRASILEIRAS S/A;BRASILEIRA;2026;1;SBKP;CAMPINAS;SP;SUDESTE;BRASIL;AMÉRICA DO SUL;SBFI;FOZ DO IGUAÇU;PR;SUL;BRASIL;AMÉRICA DO SUL;DOMÉSTICA;NÃO REGULAR;2461;62;660;594;0;2269160;1966339;212743;159949;67883;16779;21;527340;474606;0;2840;266275;32,95;14965
AZU;AZUL LINHAS AÉREAS BRASILEIRAS S/A;BRASILEIRA;2026;1;SBKP;CAMPINAS;SP;SUDESTE;BRASIL;AMÉRICA DO SUL;SBFI;FOZ DO IGUAÇU;PR;SUL;BRASIL;AMÉRICA DO SUL;DOMÉSTICA;REGULAR;8665;203;4478;1514;0;8270449;6923335;804723;568320;223800;49538;62;3577922;1209686;0;10351;1007205;94,25;56970
AZU;AZUL LINHAS AÉREAS BRASILEIRAS S/A;BRASILEIRA;2026;1;SBKP;CAMPINAS;SP;SUDESTE;BRASIL;AMÉRICA DO SUL;SBFL;FLORIANÓPOLIS;SC;SUL;BRASIL;AMÉRICA DO SUL;DOMÉSTICA;NÃO REGULAR;527;9;929;139;0;575660;283526;51283;22855;17275;4304;8;499802;74782;0;1070;95330;9,2;2035
AZU;AZUL LINHAS AÉREAS BRASILEIRAS S/A;BRASILEIRA;2026;1;SBKP;CAMPINAS;SP;SUDESTE;BRASIL;AMÉRICA DO SUL;SBFL;FLORIANÓPOLIS;SC;SUL;BRASIL;AMÉRICA DO SUL;DOMÉSTICA;REGULAR;14265;321;21027;3151;0;9076060;7674570;871763;645513;296576;66174;123;11312526;1695238;0;16870;1620485;147,25;109055
AZU;AZUL LINHAS AÉREAS BRASILEIRAS S/A;BRASILEIRA;2026;1;SBKP;CAMPINAS;SP;SUDESTE;BRASIL;AMÉRICA DO SUL;SBFZ;FORTALEZA;CE;NORDESTE;BRASIL;AMÉRICA DO SUL;DOMÉSTICA;NÃO REGULAR;369;11;656;0;0;950640;859770;101463;74971;20623;6990;3;1528480;0;0;408;43547;10,4167;3846
AZU;AZUL LINHAS AÉREAS BRASILEIRAS S/A;BRASILEIRA;2026;1;SBKP;CAMPINAS;SP;SUDESTE;BRASIL;AMÉRICA DO SUL;SBFZ;FORTALEZA;CE;NORDESTE;BRASIL;AMÉRICA DO SUL;DOMÉSTICA;REGULAR;11759;238;51193;1567;0;30940070;27398470;3469377;2381845;619091;165430;71;119279690;3651110;0;13279;1489019;230,75;89149
AZU;AZUL LINHAS AÉREAS BRASILEIRAS S/A;BRASILEIRA;2026;1;SBKP;CAMPINAS;SP;SUDESTE;BRASIL;AMÉRICA DO SUL;SBGL;RIO DE JANEIRO;RJ;SUDESTE;BRASIL;AMÉRICA DO SUL;DOMÉSTICA;IMPRODUTIVO;0;0;0;0;0;0;0;0;0;1969;398;1;0;0;0;0;0;1,01667;0
AZU;AZUL LINHAS AÉREAS BRASILEIRAS S/A;BRASILEIRA;2026;1;SBKP;CAMPINAS;SP;SUDESTE;BRASIL;AMÉRICA DO SUL;SBGL;RIO DE JANEIRO;RJ;SUDESTE;BRASIL;AMÉRICA DO SUL;DOMÉSTICA;NÃO REGULAR;617;12;5512;61;0;534116;245566;56344;21395;17908;3980;10;2193776;24278;0;1342;141579;10,1333;1983
AZU;AZUL LINHAS AÉREAS BRASILEIRAS S/A;BRASILEIRA;2026;1;SBKP;CAMPINAS;SP;SUDESTE;BRASIL;AMÉRICA DO SUL;SBGL;RIO DE JANEIRO;RJ;SUDESTE;BRASIL;AMÉRICA DO SUL;DOMÉSTICA;REGULAR;12997;279;35511;2461;0;6413372;5172806;661181;437739;238103;47760;120;14133378;979478;0;16114;1661405;130,667;89710
AZU;AZUL LINHAS AÉREAS BRASILEIRAS S/A;BRASILEIRA;2026;1;SBKP;CAMPINAS;SP;SUDESTE;BRASIL;AMÉRICA DO SUL;SBGO;GOIÂNIA;GO;CENTRO-OESTE;BRASIL;AMÉRICA DO SUL;DOMÉSTICA;IMPRODUTIVO;0;0;0;0;0;0;0;0;0;7524;2226;3;0;0;0;0;0;4,13333;0
AZU;AZUL LINHAS AÉREAS BRASILEIRAS S/A;BRASILEIRA;2026;1;SBKP;CAMPINAS;SP;SUDESTE;BRASIL;AMÉRICA DO SUL;SBGO;GOIÂNIA;GO;CENTRO-OESTE;BRASIL;AMÉRICA DO SUL;DOMÉSTICA;NÃO REGULAR;1235;19;3812;81;0;1012830;916370;112185;75719;26453;5936;8;2828504;60102;0;1365;151199;10,9167;5616
AZU;AZUL LINHAS AÉREAS BRASILEIRAS S/A;BRASILEIRA;2026;1;SBKP;CAMPINAS;SP;SUDESTE;BRASIL;AMÉRICA DO SUL;SBGO;GOIÂNIA;GO;CENTRO-OESTE;BRASIL;AMÉRICA DO SUL;DOMÉSTICA;REGULAR;16867;188;49946;5558;0;14028994;12515314;1533143;1072451;388342;84588;114;37059932;4124036;0;18907;2066311;163,483;130456
AZU;AZUL LINHAS AÉREAS BRASILEIRAS S/A;BRASILEIRA;2026;1;SBKP;CAMPINAS;SP;SUDESTE;BRASIL;AMÉRICA DO SUL;SBGR;GUARULHOS;SP;SUDESTE;BRASIL;AMÉRICA DO SUL;DOMÉSTICA;IMPRODUTIVO;0;0;0;0;0;0;0;0;0;1111;83;1;0;0;0;0;0;0,766667;0
AZU;AZUL LINHAS AÉREAS BRASILEIRAS S/A;BRASILEIRA;2026;1;SBKP;CAMPINAS;SP;SUDESTE;BRASIL;AMÉRICA DO SUL;SBGR;GUARULHOS;SP;SUDESTE;BRASIL;AMÉRICA DO SUL;DOMÉSTICA;REGULAR;111;2;79;1;0;43824;9213;4298;812;4308;332;4;6557;83;0;528;51815;2,71667;1403
AZU;AZUL LINHAS AÉREAS BRASILEIRAS S/A;BRASILEIRA;2026;1;SBKP;CAMPINAS;SP;SUDESTE;BRASIL;AMÉRICA DO SUL;SBIL;ILHÉUS;BA;NORDESTE;BRASIL;AMÉRICA DO SUL;DOMÉSTICA;REGULAR;3874;31;5175;344;0;6185120;4830878;610951;403976;146773;38657;31;6453225;428968;0;4960;489948;63,6167;28246
AZU;AZUL LINHAS AÉREAS BRASILEIRAS S/A;BRASILEIRA;2026;1;SBKP;CAMPINAS;SP;SUDESTE;BRASIL;AMÉRICA DO SUL;SBIP;SANTANA DO PARAÍSO;MG;SUDESTE;BRASIL;AMÉRICA DO SUL;DOMÉSTICA;IMPRODUTIVO;0;0;0;0;0;0;0;0;0;1016;622;1;0;0;0;0;0;1,55;0
AZU;AZUL LINHAS AÉREAS BRASILEIRAS S/A;BRASILEIRA;2026;1;SBKP;CAMPINAS;SP;SUDESTE;BRASIL;AMÉRICA DO SUL;SBJI;JI-PARANÁ;RO;NORTE;BRASIL;AMÉRICA DO SUL;DOMÉSTICA;REGULAR;1099;3;2306;272;0;2525112;2267237;244874;205045;58190;18567;9;4757278;561136;0;1224;118700;28,0667;14663
AZU;AZUL LINHAS AÉREAS BRASILEIRAS S/A;BRASILEIRA;2026;1;SBKP;CAMPINAS;SP;SUDESTE;BRASIL;AMÉRICA DO SUL;SBJP;SANTA RITA;PB;NORDESTE;BRASIL;AMÉRICA DO SUL;DOMÉSTICA;IMPRODUTIVO;0;0;0;0;0;0;0;0;0;6590;2193;1;0;0;0;0;0;3,05;0
AZU;AZUL LINHAS AÉREAS BRASILEIRAS S/A;BRASILEIRA;2026;1;SBKP;CAMPINAS;SP;SUDESTE;BRASIL;AMÉRICA DO SUL;SBJP;SANTA RITA;PB;NORDESTE;BRASIL;AMÉRICA DO SUL;DOMÉSTICA;NÃO REGULAR;160;0;0;100;0;381582;350880;42384;28300;8345;2193;1;0;219300;0;174;19327;3,38333;905
AZU;AZUL LINHAS AÉREAS BRASILEIRAS S/A;BRASILEIRA;2026;1;SBKP;CAMPINAS;SP;SUDESTE;BRASIL;AMÉRICA DO SUL;SBJP;SANTA RITA;PB;NORDESTE;BRASIL;AMÉRICA DO SUL;DOMÉSTICA;REGULAR;4497;96;7200;544;0;11660181;9861921;1313670;848437;238852;67983;31;15789600;1192992;0;5317;599034;95,65;42417
AZU;AZUL LINHAS AÉREAS BRASILEIRAS S/A;BRASILEIRA;2026;1;SBKP;CAMPINAS;SP;SUDESTE;BRASIL;AMÉRICA DO SUL;SBJU;JUAZEIRO DO NORTE;CE;NORDESTE;BRASIL;AMÉRICA DO SUL;DOMÉSTICA;REGULAR;3596;66;13880;786;0;8033322;7001412;726524;612656;190970;60357;31;27024360;1530342;0;4126;373158;86,6833;31094
AZU;AZUL LINHAS AÉREAS BRASILEIRAS S/A;BRASILEIRA;2026;1;SBKP;CAMPINAS;SP;SUDESTE;BRASIL;AMÉRICA DO SUL;SBJV;JOINVILLE;SC;SUL;BRASIL;AMÉRICA DO SUL;DOMÉSTICA;REGULAR;3743;50;4182;1192;0;1694550;1478485;156511;123144;70460;18565;47;1651890;470840;0;4290;396298;54,8833;26918
AZU;AZUL LINHAS AÉREAS BRASILEIRAS S/A;BRASILEIRA;2026;1;SBKP;CAMPINAS;SP;SUDESTE;BRASIL;AMÉRICA DO SUL;SBKP;CAMPINAS;SP;SUDESTE;BRASIL;AMÉRICA DO SUL;DOMÉSTICA;IMPRODUTIVO;3965;73;451;23;0;0;0;0;0;296410;0;39;0;0;0;5384;648005;25,4333;30709
AZU;AZUL LINHAS AÉREAS BRASILEIRAS S/A;BRASILEIRA;2026;1;SBKP;CAMPINAS;SP;SUDESTE;BRASIL;AMÉRICA DO SUL;SBLO;LONDRINA;PR;SUL;BRASIL;AMÉRICA DO SUL;DOMÉSTICA;NÃO REGULAR;31;0;53;23;0;48498;12741;3890;1031;2066;411;1;21783;9453;0;118;9466;0,916667;131
AZU;AZUL LINHAS AÉREAS BRASILEIRAS S/A;BRASILEIRA;2026;1;SBKP;CAMPINAS;SP;SUDESTE;BRASIL;AMÉRICA DO SUL;SBLO;LONDRINA;PR;SUL;BRASIL;AMÉRICA DO SUL;DOMÉSTICA;REGULAR;3757;43;6387;1000;0;1738530;1544127;163539;129409;70012;20550;50;2625057;411000;0;4230;397970;63,15;26762
AZU;AZUL LINHAS AÉREAS BRASILEIRAS S/A;BRASILEIRA;2026;1;SBKP;CAMPINAS;SP;SUDESTE;BRASIL;AMÉRICA DO SUL;SBMG;MARINGÁ;PR;SUL;BRASIL;AMÉRICA DO SUL;DOMÉSTICA;IMPRODUTIVO;0;0;0;0;0;0;0;0;0;1914;1002;2;0;0;0;0;0;2,68333;0
AZU;AZUL LINHAS AÉREAS BRASILEIRAS S/A;BRASILEIRA;2026;1;SBKP;CAMPINAS;SP;SUDESTE;BRASIL;AMÉRICA DO SUL;SBMG;MARINGÁ;PR;SUL;BRASIL;AMÉRICA DO SUL;DOMÉSTICA;REGULAR;6489;108;7441;2527;0;4181346;3250989;394335;273767;160700;33567;67;3727941;1266027;0;8346;787158;80,1333;52393
AZU;AZUL LINHAS AÉREAS BRASILEIRAS S/A;BRASILEIRA;2026;1;SBKP;CAMPINAS;SP;SUDESTE;BRASIL;AMÉRICA DO SUL;SBML;MARÍLIA;SP;SUDESTE;BRASIL;AMÉRICA DO SUL;DOMÉSTICA;REGULAR;726;32;1;345;0;500563;218526;45066;17705;16884;7224;24;301;103845;0;1663;149765;25,1667;4415
AZU;AZUL LINHAS AÉREAS BRASILEIRAS S/A;BRASILEIRA;2026;1;SBKP;CAMPINAS;SP;SUDESTE;BRASIL;AMÉRICA DO SUL;SBMO;RIO LARGO;AL;NORDESTE;BRASIL;AMÉRICA DO SUL;DOMÉSTICA;NÃO REGULAR;699;10;574;10;0;1571616;1346274;172284;111609;33040;11556;6;1105524;19260;0;816;89453;17,05;4951
AZU;AZUL LINHAS AÉREAS BRASILEIRAS S/A;BRASILEIRA;2026;1;SBKP;CAMPINAS;SP;SUDESTE;BRASIL;AMÉRICA DO SUL;SBMO;RIO LARGO;AL;NORDESTE;BRASIL;AMÉRICA DO SUL;DOMÉSTICA;REGULAR;9605;229;22311;545;0;20723760;18499230;2299040;1552187;438314;129042;67;42970986;1049670;0;10760;1193703;186,95;63243
AZU;AZUL LINHAS AÉREAS BRASILEIRAS S/A;BRASILEIRA;2026;1;SBKP;CAMPINAS;SP;SUDESTE;BRASIL;AMÉRICA DO SUL;SBMQ;MACAPÁ;AP;NORTE;BRASIL;AMÉRICA DO SUL;DOMÉSTICA;REGULAR;569;5;0;0;0;;;;;;;;;;;;;;7699
AZU;AZUL LINHAS AÉREAS BRASILEIRAS S/A;BRASILEIRA;2026;1;SBKP;CAMPINAS;SP;SUDESTE;BRASIL;AMÉRICA DO SUL;SBNF;NAVEGANTES;SC;SUL;BRASIL;AMÉRICA DO SUL;DOMÉSTICA;NÃO REGULAR;661;37;1405;595;0;559368;302077;52297;23834;18198;4113;9;642085;271915;0;1224;114444;10,05;1178
AZU;AZUL LINHAS AÉREAS BRASILEIRAS S/A;BRASILEIRA;2026;1;SBKP;CAMPINAS;SP;SUDESTE;BRASIL;AMÉRICA DO SUL;SBNF;NAVEGANTES;SC;SUL;BRASIL;AMÉRICA DO SUL;DOMÉSTICA;REGULAR;13897;264;20610;3472;0;7433562;6350929;695446;531323;260796;54840;120;9418770;1586704;0;16266;1521900;133,267;99878
AZU;AZUL LINHAS AÉREAS BRASILEIRAS S/A;BRASILEIRA;2026;1;SBKP;CAMPINAS;SP;SUDESTE;BRASIL;AMÉRICA DO SUL;SBPA;PORTO ALEGRE;RS;SUL;BRASIL;AMÉRICA DO SUL;DOMÉSTICA;IMPRODUTIVO;0;0;0;0;0;0;0;0;0;3583;874;1;0;0;0;0;0;1,6;0
AZU;AZUL LINHAS AÉREAS BRASILEIRAS S/A;BRASILEIRA;2026;1;SBKP;CAMPINAS;SP;SUDESTE;BRASIL;AMÉRICA DO SUL;SBPA;PORTO ALEGRE;RS;SUL;BRASIL;AMÉRICA DO SUL;DOMÉSTICA;NÃO REGULAR;1128;55;3349;59;0;1532122;985872;164422;82186;39064;9614;11;2927026;51566;0;1753;188132;17,7;6093
AZU;AZUL LINHAS AÉREAS BRASILEIRAS S/A;BRASILEIRA;2026;1;SBKP;CAMPINAS;SP;SUDESTE;BRASIL;AMÉRICA DO SUL;SBPA;PORTO ALEGRE;RS;SUL;BRASIL;AMÉRICA DO SUL;DOMÉSTICA;REGULAR;20495;899;96155;6294;0;23102442;17912630;2614729;1553505;617106;145084;166;84039470;5500956;0;26433;2991769;271,383;144285
AZU;AZUL LINHAS AÉREAS BRASILEIRAS S/A;BRASILEIRA;2026;1;SBKP;CAMPINAS;SP;SUDESTE;BRASIL;AMÉRICA DO SUL;SBPF;PASSO FUNDO;RS;SUL;BRASIL;AMÉRICA DO SUL;DOMÉSTICA;REGULAR;3909;50;7551;330;0;3978414;3052929;410215;253398;113273;23430;30;5897331;257730;0;5094;525260;44,7667;23747
AZU;AZUL LINHAS AÉREAS BRASILEIRAS S/A;BRASILEIRA;2026;1;SBKP;CAMPINAS;SP;SUDESTE;BRASIL;AMÉRICA DO SUL;SBPJ;PALMAS;TO;NORTE;BRASIL;AMÉRICA DO SUL;DOMÉSTICA;REGULAR;4207;27;28171;499;0;7196560;5973940;658239;528037;170987;44020;31;40002820;708580;0;5068;463559;66,9667;28172
AZU;AZUL LINHAS AÉREAS BRASILEIRAS S/A;BRASILEIRA;2026;1;SBKP;CAMPINAS;SP;SUDESTE;BRASIL;AMÉRICA DO SUL;SBPL;PETROLINA;PE;NORDESTE;BRASIL;AMÉRICA DO SUL;DOMÉSTICA;REGULAR;3381;57;6150;1013;0;6890420;5646270;728059;481126;160457;51770;31;10270500;1691710;0;4126;435972;77,6;28384
AZU;AZUL LINHAS AÉREAS BRASILEIRAS S/A;BRASILEIRA;2026;1;SBKP;CAMPINAS;SP;SUDESTE;BRASIL;AMÉRICA DO SUL;SBPO;PATO BRANCO;PR;SUL;BRASIL;AMÉRICA DO SUL;DOMÉSTICA;REGULAR;648;8;8;53;0;539460;431568;45495;34833;21334;10656;16;5328;35298;0;810;68320;29,4667;3706
AZU;AZUL LINHAS AÉREAS BRASILEIRAS S/A;BRASILEIRA;2026;1;SBKP;CAMPINAS;SP;SUDESTE;BRASIL;AMÉRICA DO SUL;SBPP;PONTA PORÃ;MS;CENTRO-OESTE;BRASIL;AMÉRICA DO SUL;DOMÉSTICA;REGULAR;1156;9;0;21;0;1460800;1017280;128778;84611;45311;11440;13;0;18480;0;1660;146345;20,95;9457
AZU;AZUL LINHAS AÉREAS BRASILEIRAS S/A;BRASILEIRA;2026;1;SBKP;CAMPINAS;SP;SUDESTE;BRASIL;AMÉRICA DO SUL;SBPS;PORTO SEGURO;BA;NORDESTE;BRASIL;AMÉRICA DO SUL;DOMÉSTICA;IMPRODUTIVO;0;0;0;0;0;0;0;0;0;4014;1115;1;0;0;0;0;0;1,68333;0
AZU;AZUL LINHAS AÉREAS BRASILEIRAS S/A;BRASILEIRA;2026;1;SBKP;CAMPINAS;SP;SUDESTE;BRASIL;AMÉRICA DO SUL;SBPS;PORTO SEGURO;BA;NORDESTE;BRASIL;AMÉRICA DO SUL;DOMÉSTICA;NÃO REGULAR;1;0;0;0;0;131570;1115;9707;83;4050;1115;1;0;0;0;118;8706;1,83333;0
AZU;AZUL LINHAS AÉREAS BRASILEIRAS S/A;BRASILEIRA;2026;1;SBKP;CAMPINAS;SP;SUDESTE;BRASIL;AMÉRICA DO SUL;SBPS;PORTO SEGURO;BA;NORDESTE;BRASIL;AMÉRICA DO SUL;DOMÉSTICA;REGULAR;9088;110;6731;1477;0;13342090;10133120;1449510;828211;316549;79165;71;7505065;1646855;0;11966;1300040;131,333;54496
AZU;AZUL LINHAS AÉREAS BRASILEIRAS S/A;BRASILEIRA;2026;1;SBKP;CAMPINAS;SP;SUDESTE;BRASIL;AMÉRICA DO SUL;SBRD;RONDONÓPOLIS;MT;CENTRO-OESTE;BRASIL;AMÉRICA DO SUL;DOMÉSTICA;REGULAR;1935;22;7555;340;0;2842488;2064645;241458;183846;85946;22407;21;8061185;362780;0;2664;226307;40,9833;19634
AZU;AZUL LINHAS AÉREAS BRASILEIRAS S/A;BRASILEIRA;2026;1;SBKP;CAMPINAS;SP;SUDESTE;BRASIL;AMÉRICA DO SUL;SBRF;RECIFE;PE;NORDESTE;BRASIL;AMÉRICA DO SUL;DOMÉSTICA;IMPRODUTIVO;0;0;0;0;0;0;0;0;0;15329;2106;1;0;0;0;0;0;2,96667;0
AZU;AZUL LINHAS AÉREAS BRASILEIRAS S/A;BRASILEIRA;2026;1;SBKP;CAMPINAS;SP;SUDESTE;BRASIL;AMÉRICA DO SUL;SBRF;RECIFE;PE;NORDESTE;BRASIL;AMÉRICA DO SUL;DOMÉSTICA;NÃO REGULAR;3818;71;3604;623;0;9348534;8040708;990505;656625;201289;67392;32;7590024;1312038;0;4439;470333;99,0167;21841
AZU;AZUL LINHAS AÉREAS BRASILEIRAS S/A;BRASILEIRA;2026;1;SBKP;CAMPINAS;SP;SUDESTE;BRASIL;AMÉRICA DO SUL;SBRF;RECIFE;PE;NORDESTE;BRASIL;AMÉRICA DO SUL;DOMÉSTICA;REGULAR;32694;549;131818;5986;0;79221402;68853564;9116324;5950777;1539853;381186;181;277608708;12606516;0;37617;4328786;549,533;241803
AZU;AZUL LINHAS AÉREAS BRASILEIRAS S/A;BRASILEIRA;2026;1;SBKP;CAMPINAS;SP;SUDESTE;BRASIL;AMÉRICA DO SUL;SBRJ;RIO DE JANEIRO;RJ;SUDESTE;BRASIL;AMÉRICA DO SUL;DOMÉSTICA;IMPRODUTIVO;0;0;0;0;0;0;0;0;0;2134;407;1;0;0;0;0;0;1,16667;0
AZU;AZUL LINHAS AÉREAS BRASILEIRAS S/A;BRASILEIRA;2026;1;SBKP;CAMPINAS;SP;SUDESTE;BRASIL;AMÉRICA DO SUL;SBRJ;RIO DE JANEIRO;RJ;SUDESTE;BRASIL;AMÉRICA DO SUL;DOMÉSTICA;NÃO REGULAR;108;1;0;0;0;48026;43956;5128;3321;2270;407;1;0;0;0;118;12601;1,06667;60
AZU;AZUL LINHAS AÉREAS BRASILEIRAS S/A;BRASILEIRA;2026;1;SBKP;CAMPINAS;SP;SUDESTE;BRASIL;AMÉRICA DO SUL;SBRJ;RIO DE JANEIRO;RJ;SUDESTE;BRASIL;AMÉRICA DO SUL;DOMÉSTICA;REGULAR;25998;824;11795;5738;0;13399254;10581186;1402472;859509;494603;98901;243;4800565;2335366;0;32922;3446163;260,517;150477
AZU;AZUL LINHAS AÉREAS BRASILEIRAS S/A;BRASILEIRA;2026;1;SBKP;CAMPINAS;SP;SUDESTE;BRASIL;AMÉRICA DO SUL;SBRP;RIBEIRÃO PRETO;SP;SUDESTE;BRASIL;AMÉRICA DO SUL;DOMÉSTICA;IMPRODUTIVO;0;0;0;0;0;0;0;0;0;570;218;1;0;0;0;0;0;0,833333;0
AZU;AZUL LINHAS AÉREAS BRASILEIRAS S/A;BRASILEIRA;2026;1;SBKP;CAMPINAS;SP;SUDESTE;BRASIL;AMÉRICA DO SUL;SBRP;RIBEIRÃO PRETO;SP;SUDESTE;BRASIL;AMÉRICA DO SUL;DOMÉSTICA;REGULAR;7204;180;13772;2232;0;2196786;1570472;210322;133175;95843;30520;140;3002296;486576;0;10077;965126;125,933;57146
AZU;AZUL LINHAS AÉREAS BRASILEIRAS S/A;BRASILEIRA;2026;1;SBKP;CAMPINAS;SP;SUDESTE;BRASIL;AMÉRICA DO SUL;SBSG;SÃO GONÇALO DO AMARANTE;RN;NORDESTE;BRASIL;AMÉRICA DO SUL;DOMÉSTICA;NÃO REGULAR;591;8;695;1;0;1560600;1356345;135883;114105;33974;11475;5;1595025;2295;0;680;59209;16,3333;4700
AZU;AZUL LINHAS AÉREAS BRASILEIRAS S/A;BRASILEIRA;2026;1;SBKP;CAMPINAS;SP;SUDESTE;BRASIL;AMÉRICA DO SUL;SBSG;SÃO GONÇALO DO AMARANTE;RN;NORDESTE;BRASIL;AMÉRICA DO SUL;DOMÉSTICA;REGULAR;5561;66;12124;305;0;13763115;12762495;1245887;1073009;299411;80325;35;27824580;699975;0;5997;542877;113,15;38351
AZU;AZUL LINHAS AÉREAS BRASILEIRAS S/A;BRASILEIRA;2026;1;SBKP;CAMPINAS;SP;SUDESTE;BRASIL;AMÉRICA DO SUL;SBSI;SINOP;MT;CENTRO-OESTE;BRASIL;AMÉRICA DO SUL;DOMÉSTICA;REGULAR;4984;16;19762;609;0;7865004;7605584;764902;691403;186723;45780;30;30156812;929334;0;5154;501257;70,3833;59529
AZU;AZUL LINHAS AÉREAS BRASILEIRAS S/A;BRASILEIRA;2026;1;SBKP;CAMPINAS;SP;SUDESTE;BRASIL;AMÉRICA DO SUL;SBSL;SÃO LUÍS;MA;NORDESTE;BRASIL;AMÉRICA DO SUL;DOMÉSTICA;REGULAR;4402;55;27641;291;0;11939028;10089384;1298881;907352;257337;71052;31;63353172;666972;0;5209;566709;99,15;38094
AZU;AZUL LINHAS AÉREAS BRASILEIRAS S/A;BRASILEIRA;2026;1;SBKP;CAMPINAS;SP;SUDESTE;BRASIL;AMÉRICA DO SUL;SBSP;SÃO PAULO;SP;SUDESTE;BRASIL;AMÉRICA DO SUL;DOMÉSTICA;IMPRODUTIVO;0;0;0;0;0;0;0;0;0;6771;672;8;0;0;0;0;0;5,15;0
AZU;AZUL LINHAS AÉREAS BRASILEIRAS S/A;BRASILEIRA;2026;1;SBKP;CAMPINAS;SP;SUDESTE;BRASIL;AMÉRICA DO SUL;SBSP;SÃO PAULO;SP;SUDESTE;BRASIL;AMÉRICA DO SUL;DOMÉSTICA;NÃO REGULAR;136;0;0;0;0;11424;11424;1127;935;1550;84;1;0;0;0;136;13426;0,95;938
AZU;AZUL LINHAS AÉREAS BRASILEIRAS S/A;BRASILEIRA;2026;1;SBKP;CAMPINAS;SP;SUDESTE;BRASIL;AMÉRICA DO SUL;SBSP;SÃO PAULO;SP;SUDESTE;BRASIL;AMÉRICA DO SUL;DOMÉSTICA;REGULAR;88;5;571;0;0;19824;7392;1931;617;2309;168;2;47964;0;0;236;22992;1,4;185
AZU;AZUL LINHAS AÉREAS BRASILEIRAS S/A;BRASILEIRA;2026;1;SBKP;CAMPINAS;SP;SUDESTE;BRASIL;AMÉRICA DO SUL;SBSR;SÃO JOSÉ DO RIO PRETO;SP;SUDESTE;BRASIL;AMÉRICA DO SUL;DOMÉSTICA;IMPRODUTIVO;0;0;0;0;0;0;0;0;0;1869;338;1;0;0;0;0;0;0,933333;0
AZU;AZUL LINHAS AÉREAS BRASILEIRAS S/A;BRASILEIRA;2026;1;SBKP;CAMPINAS;SP;SUDESTE;BRASIL;AMÉRICA DO SUL;SBSR;SÃO JOSÉ DO RIO PRETO;SP;SUDESTE;BRASIL;AMÉRICA DO SUL;DOMÉSTICA;NÃO REGULAR;243;5;832;163;0;187928;82134;17639;6737;6402;2704;8;281216;55094;0;556;52201;9;886
AZU;AZUL LINHAS AÉREAS BRASILEIRAS S/A;BRASILEIRA;2026;1;SBKP;CAMPINAS;SP;SUDESTE;BRASIL;AMÉRICA DO SUL;SBSR;SÃO JOSÉ DO RIO PRETO;SP;SUDESTE;BRASIL;AMÉRICA DO SUL;DOMÉSTICA;REGULAR;5351;202;8141;994;0;2634372;1808638;243029;153057;95715;35490;105;2751658;335972;0;7794;719185;119,783;43531
AZU;AZUL LINHAS AÉREAS BRASILEIRAS S/A;BRASILEIRA;2026;1;SBKP;CAMPINAS;SP;SUDESTE;BRASIL;AMÉRICA DO SUL;SBSV;SALVADOR;BA;NORDESTE;BRASIL;AMÉRICA DO SUL;DOMÉSTICA;NÃO REGULAR;121;3;766;540;0;198288;176418;20859;14393;4553;1458;1;1116828;787320;0;136;14307;2,3;31
AZU;AZUL LINHAS AÉREAS BRASILEIRAS S/A;BRASILEIRA;2026;1;SBKP;CAMPINAS;SP;SUDESTE;BRASIL;AMÉRICA DO SUL;SBSV;SALVADOR;BA;NORDESTE;BRASIL;AMÉRICA DO SUL;DOMÉSTICA;REGULAR;19744;384;93672;2854;0;34623126;28786752;3696394;2506007;783758;215784;148;136573776;4161132;0;23747;2535301;337,133;144378
AZU;AZUL LINHAS AÉREAS BRASILEIRAS S/A;BRASILEIRA;2026;1;SBKP;CAMPINAS;SP;SUDESTE;BRASIL;AMÉRICA DO SUL;SBTE;TERESINA;PI;NORDESTE;BRASIL;AMÉRICA DO SUL;DOMÉSTICA;REGULAR;4276;73;17633;663;0;10661888;8757248;1163085;772981;226567;63488;31;36112384;1357824;0;5206;567920;90,25;39107
AZU;AZUL LINHAS AÉREAS BRASILEIRAS S/A;BRASILEIRA;2026;1;SBKP;CAMPINAS;SP;SUDESTE;BRASIL;AMÉRICA DO SUL;SBUL;UBERLÂNDIA;MG;SUDESTE;BRASIL;AMÉRICA DO SUL;DOMÉSTICA;IMPRODUTIVO;0;0;0;0;0;0;0;0;0;2495;472;1;0;0;0;0;0;1,08333;0
AZU;AZUL LINHAS AÉREAS BRASILEIRAS S/A;BRASILEIRA;2026;1;SBKP;CAMPINAS;SP;SUDESTE;BRASIL;AMÉRICA DO SUL;SBUL;UBERLÂNDIA;MG;SUDESTE;BRASIL;AMÉRICA DO SUL;DOMÉSTICA;NÃO REGULAR;441;4;218;363;0;354944;208152;35980;16784;12965;3776;8;102896;171336;0;752;76236;10,0167;2277
AZU;AZUL LINHAS AÉREAS BRASILEIRAS S/A;BRASILEIRA;2026;1;SBKP;CAMPINAS;SP;SUDESTE;BRASIL;AMÉRICA DO SUL;SBUL;UBERLÂNDIA;MG;SUDESTE;BRASIL;AMÉRICA DO SUL;DOMÉSTICA;REGULAR;7217;74;9181;2279;0;4314552;3406424;436978;286640;163041;43896;93;4333432;1075688;0;9141;925895;118,483;56928
AZU;AZUL LINHAS AÉREAS BRASILEIRAS S/A;BRASILEIRA;2026;1;SBKP;CAMPINAS;SP;SUDESTE;BRASIL;AMÉRICA DO SUL;SBVH;VILHENA;RO;NORTE;BRASIL;AMÉRICA DO SUL;DOMÉSTICA;REGULAR;1059;3;0;182;0;2186064;1891374;203657;165285;52934;16074;9;0;325052;0;1224;114032;25,65;13122
AZU;AZUL LINHAS AÉREAS BRASILEIRAS S/A;BRASILEIRA;2026;1;SBKP;CAMPINAS;SP;SUDESTE;BRASIL;AMÉRICA DO SUL;SBVT;VITÓRIA;ES;SUDESTE;BRASIL;AMÉRICA DO SUL;DOMÉSTICA;NÃO REGULAR;934;20;18514;239;0;1047018;720114;117186;72580;34070;7710;10;14274294;184269;0;1358;151997;15,25;5583
AZU;AZUL LINHAS AÉREAS BRASILEIRAS S/A;BRASILEIRA;2026;1;SBKP;CAMPINAS;SP;SUDESTE;BRASIL;AMÉRICA DO SUL;SBVT;VITÓRIA;ES;SUDESTE;BRASIL;AMÉRICA DO SUL;DOMÉSTICA;REGULAR;12179;158;58747;3127;0;11079270;9390009;1094025;818306;312927;66306;86;45293937;2410917;0;14370;1419029;129,683;89238
AZU;AZUL LINHAS AÉREAS BRASILEIRAS S/A;BRASILEIRA;2026;1;SBKP;CAMPINAS;SP;SUDESTE;BRASIL;AMÉRICA DO SUL;SBZM;GOIANÁ;MG;SUDESTE;BRASIL;AMÉRICA DO SUL;DOMÉSTICA;REGULAR;1538;30;4058;160;0;915640;676720;80559;56189;29161;13200;30;1785520;70400;0;2081;183126;41,7833;8328
AZU;AZUL LINHAS AÉREAS BRASILEIRAS S/A;BRASILEIRA;2026;1;SBKP;CAMPINAS;SP;SUDESTE;BRASIL;AMÉRICA DO SUL;SSKW;CACOAL;RO;NORTE;BRASIL;AMÉRICA DO SUL;DOMÉSTICA;REGULAR;1024;8;4428;505;0;2159680;2032640;210182;185586;50730;15880;8;8789580;1002425;0;1088;105887;24,1667;12268
AZU;AZUL LINHAS AÉREAS BRASILEIRAS S/A;BRASILEIRA;2026;1;SBLE;LENÇÓIS;BA;NORDESTE;BRASIL;AMÉRICA DO SUL;SBCF;CONFINS;MG;SUDESTE;BRASIL;AMÉRICA DO SUL;DOMÉSTICA;IMPRODUTIVO;0;0;0;0;0;0;0;0;0;1670;845;1;0;0;0;0;0;2,08333;0
AZU;AZUL LINHAS AÉREAS BRASILEIRAS S/A;BRASILEIRA;2026;1;SBLE;LENÇÓIS;BA;NORDESTE;BRASIL;AMÉRICA DO SUL;SBSV;SALVADOR;BA;NORDESTE;BRASIL;AMÉRICA DO SUL;DOMÉSTICA;REGULAR;378;4;0;0;0;156168;122472;15184;10165;5184;2268;7;0;0;0;482;46875;6,95;3034
AZU;AZUL LINHAS AÉREAS BRASILEIRAS S/A;BRASILEIRA;2026;1;SBLO;LONDRINA;PR;SUL;BRASIL;AMÉRICA DO SUL;SBCA;CASCAVEL;PR;SUL;BRASIL;AMÉRICA DO SUL;DOMÉSTICA;IMPRODUTIVO;0;0;0;0;0;0;0;0;0;619;304;1;0;0;0;0;0;1;0
AZU;AZUL LINHAS AÉREAS BRASILEIRAS S/A;BRASILEIRA;2026;1;SBLO;LONDRINA;PR;SUL;BRASIL;AMÉRICA DO SUL;SBCT;SÃO JOSÉ DOS PINHAIS;PR;SUL;BRASIL;AMÉRICA DO SUL;DOMÉSTICA;REGULAR;1414;31;7458;11;0;616770;445410;59188;37958;20302;8820;28;2349270;3465;0;1958;187933;26,6333;7041
AZU;AZUL LINHAS AÉREAS BRASILEIRAS S/A;BRASILEIRA;2026;1;SBLO;LONDRINA;PR;SUL;BRASIL;AMÉRICA DO SUL;SBKP;CAMPINAS;SP;SUDESTE;BRASIL;AMÉRICA DO SUL;DOMÉSTICA;NÃO REGULAR;103;5;0;0;0;48498;42333;4436;3615;2361;411;1;0;0;0;118;10795;0,983333;1072
AZU;AZUL LINHAS AÉREAS BRASILEIRAS S/A;BRASILEIRA;2026;1;SBLO;LONDRINA;PR;SUL;BRASIL;AMÉRICA DO SUL;SBKP;CAMPINAS;SP;SUDESTE;BRASIL;AMÉRICA DO SUL;DOMÉSTICA;REGULAR;3801;102;21787;121;0;1764423;1562211;170257;139950;71096;20961;51;8954457;49731;0;4293;414314;61,3;33708
AZU;AZUL LINHAS AÉREAS BRASILEIRAS S/A;BRASILEIRA;2026;1;SBLO;LONDRINA;PR;SUL;BRASIL;AMÉRICA DO SUL;SBLO;LONDRINA;PR;SUL;BRASIL;AMÉRICA DO SUL;DOMÉSTICA;IMPRODUTIVO;161;0;0;0;0;0;0;0;0;7845;0;1;0;0;0;174;19509;0,216667;1380
AZU;AZUL LINHAS AÉREAS BRASILEIRAS S/A;BRASILEIRA;2026;1;SBLO;LONDRINA;PR;SUL;BRASIL;AMÉRICA DO SUL;SBMO;RIO LARGO;AL;NORDESTE;BRASIL;AMÉRICA DO SUL;DOMÉSTICA;REGULAR;670;7;692;0;0;1559736;1501470;170939;125304;31269;8964;4;1550772;0;0;696;76279;12,8833;4973
AZU;AZUL LINHAS AÉREAS BRASILEIRAS S/A;BRASILEIRA;2026;1;SBLO;LONDRINA;PR;SUL;BRASIL;AMÉRICA DO SUL;SBNF;NAVEGANTES;SC;SUL;BRASIL;AMÉRICA DO SUL;DOMÉSTICA;REGULAR;68;0;558;0;0;55106;31756;4837;2708;2645;467;1;260586;0;0;118;10358;0,933333;141
AZU;AZUL LINHAS AÉREAS BRASILEIRAS S/A;BRASILEIRA;2026;1;SBMA;MARABÁ;PA;NORTE;BRASIL;AMÉRICA DO SUL;SBBE;BELÉM;PA;NORTE;BRASIL;AMÉRICA DO SUL;DOMÉSTICA;REGULAR;3479;57;9491;41;0;3189696;1562071;342251;131543;96512;18409;41;4261459;18409;0;7104;762295;41,9333;22597
AZU;AZUL LINHAS AÉREAS BRASILEIRAS S/A;BRASILEIRA;2026;1;SBMA;MARABÁ;PA;NORTE;BRASIL;AMÉRICA DO SUL;SBCF;CONFINS;MG;SUDESTE;BRASIL;AMÉRICA DO SUL;DOMÉSTICA;REGULAR;1901;39;10950;0;0;4340342;3195581;434971;288860;99819;28577;17;18406950;0;0;2582;258763;42,6333;18317
AZU;AZUL LINHAS AÉREAS BRASILEIRAS S/A;BRASILEIRA;2026;1;SBMG;MARINGÁ;PR;SUL;BRASIL;AMÉRICA DO SUL;SBCT;SÃO JOSÉ DOS PINHAIS;PR;SUL;BRASIL;AMÉRICA DO SUL;DOMÉSTICA;REGULAR;2081;54;2558;4;0;1158619;763727;116540;62272;36419;16515;45;938786;1468;0;3157;317606;50,5667;11109
AZU;AZUL LINHAS AÉREAS BRASILEIRAS S/A;BRASILEIRA;2026;1;SBMG;MARINGÁ;PR;SUL;BRASIL;AMÉRICA DO SUL;SBKP;CAMPINAS;SP;SUDESTE;BRASIL;AMÉRICA DO SUL;DOMÉSTICA;IMPRODUTIVO;0;0;0;0;0;0;0;0;0;6225;2004;4;0;0;0;0;0;4,63333;0
AZU;AZUL LINHAS AÉREAS BRASILEIRAS S/A;BRASILEIRA;2026;1;SBMG;MARINGÁ;PR;SUL;BRASIL;AMÉRICA DO SUL;SBKP;CAMPINAS;SP;SUDESTE;BRASIL;AMÉRICA DO SUL;DOMÉSTICA;REGULAR;6445;180;18933;335;0;4106196;3228945;426796;278865;147996;33567;67;9485433;167835;0;8196;851958;77,7167;54375
AZU;AZUL LINHAS AÉREAS BRASILEIRAS S/A;BRASILEIRA;2026;1;SBMG;MARINGÁ;PR;SUL;BRASIL;AMÉRICA DO SUL;SBMG;MARINGÁ;PR;SUL;BRASIL;AMÉRICA DO SUL;DOMÉSTICA;IMPRODUTIVO;115;5;0;0;0;0;0;0;0;2221;0;2;0;0;0;138;13764;0,416667;740
AZU;AZUL LINHAS AÉREAS BRASILEIRAS S/A;BRASILEIRA;2026;1;SBMK;MONTES CLAROS;MG;SUDESTE;BRASIL;AMÉRICA DO SUL;SBCF;CONFINS;MG;SUDESTE;BRASIL;AMÉRICA DO SUL;DOMÉSTICA;REGULAR;5485;137;1051;36;0;2014025;1782625;201011;148585;70975;28600;88;341575;11700;0;6197;618620;92,1167;44901
AZU;AZUL LINHAS AÉREAS BRASILEIRAS S/A;BRASILEIRA;2026;1;SBMK;MONTES CLAROS;MG;SUDESTE;BRASIL;AMÉRICA DO SUL;SBMK;MONTES CLAROS;MG;SUDESTE;BRASIL;AMÉRICA DO SUL;DOMÉSTICA;IMPRODUTIVO;66;3;0;0;0;0;0;0;0;714;0;1;0;0;0;72;7019;2,1;547
AZU;AZUL LINHAS AÉREAS BRASILEIRAS S/A;BRASILEIRA;2026;1;SBML;MARÍLIA;SP;SUDESTE;BRASIL;AMÉRICA DO SUL;SBAE;AREALVA;SP;SUDESTE;BRASIL;AMÉRICA DO SUL;DOMÉSTICA;REGULAR;;;;;;6230;890;561;74;320;89;1;0;0;0;70;6311;0,516667;
AZU;AZUL LINHAS AÉREAS BRASILEIRAS S/A;BRASILEIRA;2026;1;SBML;MARÍLIA;SP;SUDESTE;BRASIL;AMÉRICA DO SUL;SBKP;CAMPINAS;SP;SUDESTE;BRASIL;AMÉRICA DO SUL;DOMÉSTICA;REGULAR;816;47;2;38;0;479192;242606;46024;19783;15762;6923;23;602;11438;0;1592;152940;22,1333;5406
AZU;AZUL LINHAS AÉREAS BRASILEIRAS S/A;BRASILEIRA;2026;1;SBMO;RIO LARGO;AL;NORDESTE;BRASIL;AMÉRICA DO SUL;SBAE;AREALVA;SP;SUDESTE;BRASIL;AMÉRICA DO SUL;DOMÉSTICA;REGULAR;1386;0;0;0;0;3125736;2766456;270362;226953;70883;17964;9;0;0;0;1566;135454;26,3;9756
AZU;AZUL LINHAS AÉREAS BRASILEIRAS S/A;BRASILEIRA;2026;1;SBMO;RIO LARGO;AL;NORDESTE;BRASIL;AMÉRICA DO SUL;SBCA;CASCAVEL;PR;SUL;BRASIL;AMÉRICA DO SUL;DOMÉSTICA;REGULAR;1372;11;0;0;0;3961008;3490368;351027;288601;87404;22896;9;0;0;0;1557;137984;32,3167;10545
AZU;AZUL LINHAS AÉREAS BRASILEIRAS S/A;BRASILEIRA;2026;1;SBMO;RIO LARGO;AL;NORDESTE;BRASIL;AMÉRICA DO SUL;SBCF;CONFINS;MG;SUDESTE;BRASIL;AMÉRICA DO SUL;DOMÉSTICA;NÃO REGULAR;110;13;11;0;0;248298;156970;28007;13201;5003;1427;1;15697;0;0;174;19627;2,13333;990
AZU;AZUL LINHAS AÉREAS BRASILEIRAS S/A;BRASILEIRA;2026;1;SBMO;RIO LARGO;AL;NORDESTE;BRASIL;AMÉRICA DO SUL;SBCF;CONFINS;MG;SUDESTE;BRASIL;AMÉRICA DO SUL;DOMÉSTICA;REGULAR;11950;195;4867;173;0;17803252;17052650;1931151;1426408;411236;104171;73;6945209;246871;0;12476;1353322;161,8;98493
AZU;AZUL LINHAS AÉREAS BRASILEIRAS S/A;BRASILEIRA;2026;1;SBMO;RIO LARGO;AL;NORDESTE;BRASIL;AMÉRICA DO SUL;SBCT;SÃO JOSÉ DOS PINHAIS;PR;SUL;BRASIL;AMÉRICA DO SUL;DOMÉSTICA;REGULAR;820;7;63;0;0;1978380;1864680;173346;154832;43882;11370;5;143262;0;0;870;76230;16,1833;6526
AZU;AZUL LINHAS AÉREAS BRASILEIRAS S/A;BRASILEIRA;2026;1;SBMO;RIO LARGO;AL;NORDESTE;BRASIL;AMÉRICA DO SUL;SBDN;PRESIDENTE PRUDENTE;SP;SUDESTE;BRASIL;AMÉRICA DO SUL;DOMÉSTICA;REGULAR;1319;12;0;0;0;3038736;2879377;271603;241123;69884;17464;8;0;0;0;1392;124419;25,2167;11532
AZU;AZUL LINHAS AÉREAS BRASILEIRAS S/A;BRASILEIRA;2026;1;SBMO;RIO LARGO;AL;NORDESTE;BRASIL;AMÉRICA DO SUL;SBGL;RIO DE JANEIRO;RJ;SUDESTE;BRASIL;AMÉRICA DO SUL;DOMÉSTICA;REGULAR;170;0;0;0;0;291972;285260;32333;24342;7755;1678;1;0;0;0;174;19269;3,13333;1757
AZU;AZUL LINHAS AÉREAS BRASILEIRAS S/A;BRASILEIRA;2026;1;SBMO;RIO LARGO;AL;NORDESTE;BRASIL;AMÉRICA DO SUL;SBGO;GOIÂNIA;GO;CENTRO-OESTE;BRASIL;AMÉRICA DO SUL;DOMÉSTICA;REGULAR;2867;14;5;0;0;4895490;4744885;488584;398091;112276;28135;17;8275;0;0;2958;295222;43,1833;25513
AZU;AZUL LINHAS AÉREAS BRASILEIRAS S/A;BRASILEIRA;2026;1;SBMO;RIO LARGO;AL;NORDESTE;BRASIL;AMÉRICA DO SUL;SBGR;GUARULHOS;SP;SUDESTE;BRASIL;AMÉRICA DO SUL;DOMÉSTICA;NÃO REGULAR;163;3;0;0;0;334080;312960;39010;28164;7551;1920;1;0;0;0;174;20318;3,13333;2444
AZU;AZUL LINHAS AÉREAS BRASILEIRAS S/A;BRASILEIRA;2026;1;SBMO;RIO LARGO;AL;NORDESTE;BRASIL;AMÉRICA DO SUL;SBKP;CAMPINAS;SP;SUDESTE;BRASIL;AMÉRICA DO SUL;DOMÉSTICA;NÃO REGULAR;777;32;164;2;0;1798884;1496502;183296;127214;43545;13482;7;315864;3852;0;934;95171;20,2;7614
AZU;AZUL LINHAS AÉREAS BRASILEIRAS S/A;BRASILEIRA;2026;1;SBMO;RIO LARGO;AL;NORDESTE;BRASIL;AMÉRICA DO SUL;SBKP;CAMPINAS;SP;SUDESTE;BRASIL;AMÉRICA DO SUL;DOMÉSTICA;REGULAR;10337;184;2095;917;0;20735316;19909062;2184035;1677116;482123;129042;67;4034970;1766142;0;10766;1133991;196,25;93425
AZU;AZUL LINHAS AÉREAS BRASILEIRAS S/A;BRASILEIRA;2026;1;SBMO;RIO LARGO;AL;NORDESTE;BRASIL;AMÉRICA DO SUL;SBLO;LONDRINA;PR;SUL;BRASIL;AMÉRICA DO SUL;DOMÉSTICA;REGULAR;682;5;0;0;0;1559736;1528362;142478;126620;36167;8964;4;0;0;0;696;63579;13,4333;5352
AZU;AZUL LINHAS AÉREAS BRASILEIRAS S/A;BRASILEIRA;2026;1;SBMO;RIO LARGO;AL;NORDESTE;BRASIL;AMÉRICA DO SUL;SBMO;RIO LARGO;AL;NORDESTE;BRASIL;AMÉRICA DO SUL;DOMÉSTICA;IMPRODUTIVO;68;0;0;0;0;0;0;0;0;643;0;1;0;0;0;68;7232;0,116667;587
AZU;AZUL LINHAS AÉREAS BRASILEIRAS S/A;BRASILEIRA;2026;1;SBMO;RIO LARGO;AL;NORDESTE;BRASIL;AMÉRICA DO SUL;SBRF;RECIFE;PE;NORDESTE;BRASIL;AMÉRICA DO SUL;DOMÉSTICA;IMPRODUTIVO;0;0;0;0;0;0;0;0;0;2650;543;3;0;0;0;0;0;2,2;0
AZU;AZUL LINHAS AÉREAS BRASILEIRAS S/A;BRASILEIRA;2026;1;SBMO;RIO LARGO;AL;NORDESTE;BRASIL;AMÉRICA DO SUL;SBRF;RECIFE;PE;NORDESTE;BRASIL;AMÉRICA DO SUL;DOMÉSTICA;REGULAR;3679;102;3464;268;0;790608;665899;81238;56887;37865;10860;60;626984;48508;0;4368;448982;48,7333;35054
AZU;AZUL LINHAS AÉREAS BRASILEIRAS S/A;BRASILEIRA;2026;1;SBMO;RIO LARGO;AL;NORDESTE;BRASIL;AMÉRICA DO SUL;SBRP;RIBEIRÃO PRETO;SP;SUDESTE;BRASIL;AMÉRICA DO SUL;DOMÉSTICA;REGULAR;2193;5;5;0;0;4049904;3993453;371011;332934;94338;23673;13;9105;0;0;2224;203744;36,05;18354
AZU;AZUL LINHAS AÉREAS BRASILEIRAS S/A;BRASILEIRA;2026;1;SBMO;RIO LARGO;AL;NORDESTE;BRASIL;AMÉRICA DO SUL;SBSP;SÃO PAULO;SP;SUDESTE;BRASIL;AMÉRICA DO SUL;DOMÉSTICA;REGULAR;5618;70;145;26;0;11232168;10943864;1167754;909511;274841;79868;41;282460;50648;0;5766;599475;128,467;45409
AZU;AZUL LINHAS AÉREAS BRASILEIRAS S/A;BRASILEIRA;2026;1;SBMO;RIO LARGO;AL;NORDESTE;BRASIL;AMÉRICA DO SUL;SBSR;SÃO JOSÉ DO RIO PRETO;SP;SUDESTE;BRASIL;AMÉRICA DO SUL;DOMÉSTICA;REGULAR;3669;2;136;23;0;7351575;7062825;728650;585892;167609;42350;22;261800;44275;0;3819;378525;63,05;29054
AZU;AZUL LINHAS AÉREAS BRASILEIRAS S/A;BRASILEIRA;2026;1;SBMO;RIO LARGO;AL;NORDESTE;BRASIL;AMÉRICA DO SUL;SBUL;UBERLÂNDIA;MG;SUDESTE;BRASIL;AMÉRICA DO SUL;DOMÉSTICA;REGULAR;2927;5;0;0;0;5057060;4967119;541427;412464;115012;30546;18;0;0;0;2980;319055;46,2333;23536
AZU;AZUL LINHAS AÉREAS BRASILEIRAS S/A;BRASILEIRA;2026;1;SBMQ;MACAPÁ;AP;NORTE;BRASIL;AMÉRICA DO SUL;SBBE;BELÉM;PA;NORTE;BRASIL;AMÉRICA DO SUL;DOMÉSTICA;REGULAR;6327;55;23110;419;0;2673783;2294117;286418;199772;101863;15463;47;7603190;137851;0;8127;870644;43,3833;53349
AZU;AZUL LINHAS AÉREAS BRASILEIRAS S/A;BRASILEIRA;2026;1;SBMQ;MACAPÁ;AP;NORTE;BRASIL;AMÉRICA DO SUL;SBKP;CAMPINAS;SP;SUDESTE;BRASIL;AMÉRICA DO SUL;DOMÉSTICA;REGULAR;646;4;0;0;0;;;;;;;;;;;;;;7854
AZU;AZUL LINHAS AÉREAS BRASILEIRAS S/A;BRASILEIRA;2026;1;SBMQ;MACAPÁ;AP;NORTE;BRASIL;AMÉRICA DO SUL;SBMQ;MACAPÁ;AP;NORTE;BRASIL;AMÉRICA DO SUL;DOMÉSTICA;IMPRODUTIVO;333;1;0;0;0;0;0;0;0;4627;0;2;0;0;0;348;37043;0,866667;2822
AZU;AZUL LINHAS AÉREAS BRASILEIRAS S/A;BRASILEIRA;2026;1;SBNF;NAVEGANTES;SC;SUL;BRASIL;AMÉRICA DO SUL;SBCF;CONFINS;MG;SUDESTE;BRASIL;AMÉRICA DO SUL;DOMÉSTICA;REGULAR;1049;8;0;15;0;1019456;982913;103960;81024;27114;7496;8;0;14055;0;1088;110955;13,15;7801
AZU;AZUL LINHAS AÉREAS BRASILEIRAS S/A;BRASILEIRA;2026;1;SBNF;NAVEGANTES;SC;SUL;BRASIL;AMÉRICA DO SUL;SBGL;RIO DE JANEIRO;RJ;SUDESTE;BRASIL;AMÉRICA DO SUL;DOMÉSTICA;REGULAR;122;7;770;1;0;96288;86376;10224;7755;4631;708;1;545160;708;0;136;14441;2,26667;1034
AZU;AZUL LINHAS AÉREAS BRASILEIRAS S/A;BRASILEIRA;2026;1;SBNF;NAVEGANTES;SC;SUL;BRASIL;AMÉRICA DO SUL;SBKP;CAMPINAS;SP;SUDESTE;BRASIL;AMÉRICA DO SUL;DOMÉSTICA;NÃO REGULAR;849;38;1954;37;0;559368;387993;58526;32447;18626;4113;9;892978;16909;0;1224;128073;9,7;5380
AZU;AZUL LINHAS AÉREAS BRASILEIRAS S/A;BRASILEIRA;2026;1;SBNF;NAVEGANTES;SC;SUL;BRASIL;AMÉRICA DO SUL;SBKP;CAMPINAS;SP;SUDESTE;BRASIL;AMÉRICA DO SUL;DOMÉSTICA;REGULAR;14319;443;65581;551;0;7247106;6543783;762398;575935;259777;53469;117;29970517;251807;0;15858;1668393;130,267;120869
AZU;AZUL LINHAS AÉREAS BRASILEIRAS S/A;BRASILEIRA;2026;1;SBNF;NAVEGANTES;SC;SUL;BRASIL;AMÉRICA DO SUL;SBLO;LONDRINA;PR;SUL;BRASIL;AMÉRICA DO SUL;DOMÉSTICA;REGULAR;68;0;558;0;0;55106;31756;5411;2708;4835;467;1;260586;0;0;118;11587;1,9;141
AZU;AZUL LINHAS AÉREAS BRASILEIRAS S/A;BRASILEIRA;2026;1;SBNF;NAVEGANTES;SC;SUL;BRASIL;AMÉRICA DO SUL;SBNF;NAVEGANTES;SC;SUL;BRASIL;AMÉRICA DO SUL;DOMÉSTICA;IMPRODUTIVO;248;3;0;0;0;0;0;0;0;4417;0;2;0;0;0;272;28719;0,3;1299
AZU;AZUL LINHAS AÉREAS BRASILEIRAS S/A;BRASILEIRA;2026;1;SBNF;NAVEGANTES;SC;SUL;BRASIL;AMÉRICA DO SUL;SBRP;RIBEIRÃO PRETO;SP;SUDESTE;BRASIL;AMÉRICA DO SUL;DOMÉSTICA;REGULAR;120;2;1055;0;0;87720;77400;8787;6658;3901;645;1;680475;0;0;136;13624;1,81667;269
AZU;AZUL LINHAS AÉREAS BRASILEIRAS S/A;BRASILEIRA;2026;1;SBNF;NAVEGANTES;SC;SUL;BRASIL;AMÉRICA DO SUL;SBSP;SÃO PAULO;SP;SUDESTE;BRASIL;AMÉRICA DO SUL;DOMÉSTICA;REGULAR;1804;60;765;240;0;837936;746856;85584;61554;40209;7038;17;316710;99360;0;2024;206743;17,8;12633
AZU;AZUL LINHAS AÉREAS BRASILEIRAS S/A;BRASILEIRA;2026;1;SBNM;SANTO ÂNGELO;RS;SUL;BRASIL;AMÉRICA DO SUL;SBPA;PORTO ALEGRE;RS;SUL;BRASIL;AMÉRICA DO SUL;DOMÉSTICA;REGULAR;961;12;484;4;0;416208;334428;40058;28139;13248;5916;17;168432;1392;0;1196;115139;18,7167;8326
AZU;AZUL LINHAS AÉREAS BRASILEIRAS S/A;BRASILEIRA;2026;1;SBOI;OIAPOQUE;AP;NORTE;BRASIL;AMÉRICA DO SUL;SBBE;BELÉM;PA;NORTE;BRASIL;AMÉRICA DO SUL;DOMÉSTICA;NÃO REGULAR;457;0;101;0;0;1835400;315330;130708;24995;47153;26220;38;69690;0;0;2660;189455;71,6667;1876
AZU;AZUL LINHAS AÉREAS BRASILEIRAS S/A;BRASILEIRA;2026;1;SBPA;PORTO ALEGRE;RS;SUL;BRASIL;AMÉRICA DO SUL;SBCF;CONFINS;MG;SUDESTE;BRASIL;AMÉRICA DO SUL;DOMÉSTICA;REGULAR;11308;236;58411;223;0;16876542;15401496;1813151;1363395;397113;104874;77;79555782;303726;0;12391;1331269;163,5;94539
AZU;AZUL LINHAS AÉREAS BRASILEIRAS S/A;BRASILEIRA;2026;1;SBPA;PORTO ALEGRE;RS;SUL;BRASIL;AMÉRICA DO SUL;SBCT;SÃO JOSÉ DOS PINHAIS;PR;SUL;BRASIL;AMÉRICA DO SUL;DOMÉSTICA;REGULAR;8558;140;6781;176;0;5958906;4569972;527683;366576;261695;51264;96;3621054;93984;0;11159;988255;111,883;37924
AZU;AZUL LINHAS AÉREAS BRASILEIRAS S/A;BRASILEIRA;2026;1;SBPA;PORTO ALEGRE;RS;SUL;BRASIL;AMÉRICA DO SUL;SBFL;FLORIANÓPOLIS;SC;SUL;BRASIL;AMÉRICA DO SUL;DOMÉSTICA;REGULAR;118;7;0;0;0;49368;42834;5503;3502;4628;363;1;0;0;0;136;15161;2,35;798
AZU;AZUL LINHAS AÉREAS BRASILEIRAS S/A;BRASILEIRA;2026;1;SBPA;PORTO ALEGRE;RS;SUL;BRASIL;AMÉRICA DO SUL;SBGL;RIO DE JANEIRO;RJ;SUDESTE;BRASIL;AMÉRICA DO SUL;DOMÉSTICA;REGULAR;14381;150;16850;121;0;17404464;16135482;1875891;1333263;413289;102102;91;18905700;135762;0;15512;1671956;168,683;92905
AZU;AZUL LINHAS AÉREAS BRASILEIRAS S/A;BRASILEIRA;2026;1;SBPA;PORTO ALEGRE;RS;SUL;BRASIL;AMÉRICA DO SUL;SBGR;GUARULHOS;SP;SUDESTE;BRASIL;AMÉRICA DO SUL;DOMÉSTICA;REGULAR;25374;351;50282;155;0;24248000;21973884;2575663;1854529;699877;140292;162;43544212;134230;0;28000;2974292;286,95;188262
AZU;AZUL LINHAS AÉREAS BRASILEIRAS S/A;BRASILEIRA;2026;1;SBPA;PORTO ALEGRE;RS;SUL;BRASIL;AMÉRICA DO SUL;SBKP;CAMPINAS;SP;SUDESTE;BRASIL;AMÉRICA DO SUL;DOMÉSTICA;IMPRODUTIVO;0;0;0;0;0;0;0;0;0;1685;874;1;0;0;0;0;0;2,33333;0
AZU;AZUL LINHAS AÉREAS BRASILEIRAS S/A;BRASILEIRA;2026;1;SBPA;PORTO ALEGRE;RS;SUL;BRASIL;AMÉRICA DO SUL;SBKP;CAMPINAS;SP;SUDESTE;BRASIL;AMÉRICA DO SUL;DOMÉSTICA;NÃO REGULAR;1476;96;5652;75;0;1565334;1290024;173050;111305;45031;10488;12;4939848;65550;0;1791;198004;19,55;11007
AZU;AZUL LINHAS AÉREAS BRASILEIRAS S/A;BRASILEIRA;2026;1;SBPA;PORTO ALEGRE;RS;SUL;BRASIL;AMÉRICA DO SUL;SBKP;CAMPINAS;SP;SUDESTE;BRASIL;AMÉRICA DO SUL;DOMÉSTICA;REGULAR;24916;702;59938;6148;0;23517592;21776584;2453595;1875536;626290;144210;165;52385812;5373352;0;26908;2807409;264,517;217388
AZU;AZUL LINHAS AÉREAS BRASILEIRAS S/A;BRASILEIRA;2026;1;SBPA;PORTO ALEGRE;RS;SUL;BRASIL;AMÉRICA DO SUL;SBNM;SANTO ÂNGELO;RS;SUL;BRASIL;AMÉRICA DO SUL;DOMÉSTICA;REGULAR;780;12;1963;30;0;416904;271440;36347;22958;13075;5916;17;683124;10440;0;1198;104469;20,3333;5530
AZU;AZUL LINHAS AÉREAS BRASILEIRAS S/A;BRASILEIRA;2026;1;SBPA;PORTO ALEGRE;RS;SUL;BRASIL;AMÉRICA DO SUL;SBPA;PORTO ALEGRE;RS;SUL;BRASIL;AMÉRICA DO SUL;DOMÉSTICA;IMPRODUTIVO;630;23;0;0;0;0;0;0;0;19381;0;4;0;0;0;698;75925;3,46667;4535
AZU;AZUL LINHAS AÉREAS BRASILEIRAS S/A;BRASILEIRA;2026;1;SBPA;PORTO ALEGRE;RS;SUL;BRASIL;AMÉRICA DO SUL;SBPK;PELOTAS;RS;SUL;BRASIL;AMÉRICA DO SUL;DOMÉSTICA;REGULAR;535;13;203;194;0;186524;118235;17007;9776;7170;2652;12;44863;42874;0;844;76987;11,0667;3934
AZU;AZUL LINHAS AÉREAS BRASILEIRAS S/A;BRASILEIRA;2026;1;SBPA;PORTO ALEGRE;RS;SUL;BRASIL;AMÉRICA DO SUL;SBRF;RECIFE;PE;NORDESTE;BRASIL;AMÉRICA DO SUL;DOMÉSTICA;REGULAR;6996;151;34395;152;0;22163240;20729148;2364751;1837818;466767;162965;55;101912385;450376;0;7480;798104;222,6;61170
AZU;AZUL LINHAS AÉREAS BRASILEIRAS S/A;BRASILEIRA;2026;1;SBPA;PORTO ALEGRE;RS;SUL;BRASIL;AMÉRICA DO SUL;SBSM;SANTA MARIA;RS;SUL;BRASIL;AMÉRICA DO SUL;DOMÉSTICA;REGULAR;474;8;855;137;0;206780;116130;19527;9931;7750;2940;12;209475;33565;0;844;79720;11,9667;4158
AZU;AZUL LINHAS AÉREAS BRASILEIRAS S/A;BRASILEIRA;2026;1;SBPA;PORTO ALEGRE;RS;SUL;BRASIL;AMÉRICA DO SUL;SBSP;SÃO PAULO;SP;SUDESTE;BRASIL;AMÉRICA DO SUL;DOMÉSTICA;REGULAR;16559;247;18915;232;0;15571716;13876442;1623385;1142627;445225;105588;126;15850770;194416;0;18582;1937289;204,3;102754
AZU;AZUL LINHAS AÉREAS BRASILEIRAS S/A;BRASILEIRA;2026;1;SBPA;PORTO ALEGRE;RS;SUL;BRASIL;AMÉRICA DO SUL;SBUG;URUGUAIANA;RS;SUL;BRASIL;AMÉRICA DO SUL;DOMÉSTICA;REGULAR;935;7;1961;45;0;676936;529210;58946;44789;20102;9622;17;1109926;25470;0;1196;104162;29,8667;7063
AZU;AZUL LINHAS AÉREAS BRASILEIRAS S/A;BRASILEIRA;2026;1;SBPA;PORTO ALEGRE;RS;SUL;BRASIL;AMÉRICA DO SUL;SCEL;SANTIAGO;;;CHILE;AMÉRICA DO SUL;INTERNACIONAL;REGULAR;0;0;24954;0;0;0;0;198678;47186;37960;7564;4;47188014;0;0;0;105066;12,7833;0
AZU;AZUL LINHAS AÉREAS BRASILEIRAS S/A;BRASILEIRA;2026;1;SBPF;PASSO FUNDO;RS;SUL;BRASIL;AMÉRICA DO SUL;SBKP;CAMPINAS;SP;SUDESTE;BRASIL;AMÉRICA DO SUL;DOMÉSTICA;REGULAR;4744;60;21045;109;0;3978414;3705064;418326;324709;105041;23430;30;16436145;85129;0;5094;535649;41,1167;38936
AZU;AZUL LINHAS AÉREAS BRASILEIRAS S/A;BRASILEIRA;2026;1;SBPJ;PALMAS;TO;NORTE;BRASIL;AMÉRICA DO SUL;SBCF;CONFINS;MG;SUDESTE;BRASIL;AMÉRICA DO SUL;DOMÉSTICA;REGULAR;1358;18;882;74;0;1933440;1548120;198217;128131;52526;14820;13;1005480;84360;0;1696;173882;24,1333;9670
AZU;AZUL LINHAS AÉREAS BRASILEIRAS S/A;BRASILEIRA;2026;1;SBPJ;PALMAS;TO;NORTE;BRASIL;AMÉRICA DO SUL;SBGO;GOIÂNIA;GO;CENTRO-OESTE;BRASIL;AMÉRICA DO SUL;DOMÉSTICA;REGULAR;2990;31;944;50;0;2752992;2125890;290675;173152;78968;20619;29;671184;35550;0;3872;408846;39,6;18360
AZU;AZUL LINHAS AÉREAS BRASILEIRAS S/A;BRASILEIRA;2026;1;SBPJ;PALMAS;TO;NORTE;BRASIL;AMÉRICA DO SUL;SBKP;CAMPINAS;SP;SUDESTE;BRASIL;AMÉRICA DO SUL;DOMÉSTICA;REGULAR;4222;76;3373;65;0;7196560;5995240;800088;498986;168919;44020;31;4789660;92300;0;5068;563454;69,4333;31386
AZU;AZUL LINHAS AÉREAS BRASILEIRAS S/A;BRASILEIRA;2026;1;SBPJ;PALMAS;TO;NORTE;BRASIL;AMÉRICA DO SUL;SBPJ;PALMAS;TO;NORTE;BRASIL;AMÉRICA DO SUL;DOMÉSTICA;IMPRODUTIVO;111;3;0;0;0;0;0;0;0;2674;0;1;0;0;0;136;14405;0,0833333;723
AZU;AZUL LINHAS AÉREAS BRASILEIRAS S/A;BRASILEIRA;2026;1;SBPK;PELOTAS;RS;SUL;BRASIL;AMÉRICA DO SUL;SBPA;PORTO ALEGRE;RS;SUL;BRASIL;AMÉRICA DO SUL;DOMÉSTICA;REGULAR;659;24;0;13;0;186524;145639;18012;12238;7448;2652;12;0;2873;0;844;81524;10,2333;5983
AZU;AZUL LINHAS AÉREAS BRASILEIRAS S/A;BRASILEIRA;2026;1;SBPL;PETROLINA;PE;NORDESTE;BRASIL;AMÉRICA DO SUL;SBKP;CAMPINAS;SP;SUDESTE;BRASIL;AMÉRICA DO SUL;DOMÉSTICA;REGULAR;3539;76;2560;65;0;6663300;5910130;693237;497310;167986;50100;30;4275200;108550;0;3990;415122;78,7167;29814
AZU;AZUL LINHAS AÉREAS BRASILEIRAS S/A;BRASILEIRA;2026;1;SBPL;PETROLINA;PE;NORDESTE;BRASIL;AMÉRICA DO SUL;SBRF;RECIFE;PE;NORDESTE;BRASIL;AMÉRICA DO SUL;DOMÉSTICA;NÃO REGULAR;648;10;4;0;0;863600;411480;95828;32837;23169;6350;10;2540;0;0;1360;150917;12,5333;3116
AZU;AZUL LINHAS AÉREAS BRASILEIRAS S/A;BRASILEIRA;2026;1;SBPL;PETROLINA;PE;NORDESTE;BRASIL;AMÉRICA DO SUL;SBRF;RECIFE;PE;NORDESTE;BRASIL;AMÉRICA DO SUL;DOMÉSTICA;REGULAR;2885;29;489;68;0;2331720;1831975;247956;150355;67402;17145;27;310515;43180;0;3672;390502;36,0667;19937
AZU;AZUL LINHAS AÉREAS BRASILEIRAS S/A;BRASILEIRA;2026;1;SBPO;PATO BRANCO;PR;SUL;BRASIL;AMÉRICA DO SUL;SBCT;SÃO JOSÉ DOS PINHAIS;PR;SUL;BRASIL;AMÉRICA DO SUL;DOMÉSTICA;REGULAR;526;17;0;6;0;328320;189360;26654;15691;10348;4680;13;0;2160;0;912;74055;13,7333;4153
AZU;AZUL LINHAS AÉREAS BRASILEIRAS S/A;BRASILEIRA;2026;1;SBPO;PATO BRANCO;PR;SUL;BRASIL;AMÉRICA DO SUL;SBKP;CAMPINAS;SP;SUDESTE;BRASIL;AMÉRICA DO SUL;DOMÉSTICA;REGULAR;817;12;0;120;0;695970;544122;54357;44645;20044;10656;16;0;79920;0;1045;81631;28;5771
AZU;AZUL LINHAS AÉREAS BRASILEIRAS S/A;BRASILEIRA;2026;1;SBPP;PONTA PORÃ;MS;CENTRO-OESTE;BRASIL;AMÉRICA DO SUL;SBKP;CAMPINAS;SP;SUDESTE;BRASIL;AMÉRICA DO SUL;DOMÉSTICA;REGULAR;1015;20;0;47;0;1460800;893200;152264;75269;41527;11440;13;0;41360;0;1660;173034;19,4333;9417
AZU;AZUL LINHAS AÉREAS BRASILEIRAS S/A;BRASILEIRA;2026;1;SBPS;PORTO SEGURO;BA;NORDESTE;BRASIL;AMÉRICA DO SUL;SBAE;AREALVA;SP;SUDESTE;BRASIL;AMÉRICA DO SUL;DOMÉSTICA;REGULAR;770;0;0;0;0;1066620;944020;91298;77788;26643;6130;5;0;0;0;870;74470;10,25;5700
AZU;AZUL LINHAS AÉREAS BRASILEIRAS S/A;BRASILEIRA;2026;1;SBPS;PORTO SEGURO;BA;NORDESTE;BRASIL;AMÉRICA DO SUL;SBAR;ARACAJU;SE;NORDESTE;BRASIL;AMÉRICA DO SUL;DOMÉSTICA;REGULAR;15;0;0;0;0;;;;;;;;;;;;;;148
AZU;AZUL LINHAS AÉREAS BRASILEIRAS S/A;BRASILEIRA;2026;1;SBPS;PORTO SEGURO;BA;NORDESTE;BRASIL;AMÉRICA DO SUL;SBCA;CASCAVEL;PR;SUL;BRASIL;AMÉRICA DO SUL;DOMÉSTICA;REGULAR;579;0;0;0;0;1235400;1027725;110438;85123;28381;7100;4;0;0;0;696;62220;11,2;4533
AZU;AZUL LINHAS AÉREAS BRASILEIRAS S/A;BRASILEIRA;2026;1;SBPS;PORTO SEGURO;BA;NORDESTE;BRASIL;AMÉRICA DO SUL;SBCF;CONFINS;MG;SUDESTE;BRASIL;AMÉRICA DO SUL;DOMÉSTICA;IMPRODUTIVO;0;0;0;0;0;0;0;0;0;1369;627;1;0;0;0;0;0;1,81667;0
AZU;AZUL LINHAS AÉREAS BRASILEIRAS S/A;BRASILEIRA;2026;1;SBPS;PORTO SEGURO;BA;NORDESTE;BRASIL;AMÉRICA DO SUL;SBCF;CONFINS;MG;SUDESTE;BRASIL;AMÉRICA DO SUL;DOMÉSTICA;NÃO REGULAR;313;0;0;0;0;299706;196251;29961;16521;9198;2508;4;0;0;0;478;47788;5,71667;2876
AZU;AZUL LINHAS AÉREAS BRASILEIRAS S/A;BRASILEIRA;2026;1;SBPS;PORTO SEGURO;BA;NORDESTE;BRASIL;AMÉRICA DO SUL;SBCF;CONFINS;MG;SUDESTE;BRASIL;AMÉRICA DO SUL;DOMÉSTICA;REGULAR;18426;196;2011;351;0;12222111;11614548;1317221;956309;370365;77748;124;1260897;220077;0;19493;2100925;158,667;132975
AZU;AZUL LINHAS AÉREAS BRASILEIRAS S/A;BRASILEIRA;2026;1;SBPS;PORTO SEGURO;BA;NORDESTE;BRASIL;AMÉRICA DO SUL;SBCT;SÃO JOSÉ DOS PINHAIS;PR;SUL;BRASIL;AMÉRICA DO SUL;DOMÉSTICA;REGULAR;128;4;0;0;0;197880;186240;20743;15188;5775;1455;1;0;0;0;136;14257;2,78333;839
AZU;AZUL LINHAS AÉREAS BRASILEIRAS S/A;BRASILEIRA;2026;1;SBPS;PORTO SEGURO;BA;NORDESTE;BRASIL;AMÉRICA DO SUL;SBDN;PRESIDENTE PRUDENTE;SP;SUDESTE;BRASIL;AMÉRICA DO SUL;DOMÉSTICA;REGULAR;1326;0;0;0;0;2259738;1913418;190402;158820;53987;12987;9;0;0;0;1566;131953;20,3667;10615
AZU;AZUL LINHAS AÉREAS BRASILEIRAS S/A;BRASILEIRA;2026;1;SBPS;PORTO SEGURO;BA;NORDESTE;BRASIL;AMÉRICA DO SUL;SBGL;RIO DE JANEIRO;RJ;SUDESTE;BRASIL;AMÉRICA DO SUL;DOMÉSTICA;NÃO REGULAR;105;0;0;0;0;289536;87360;32084;7421;6893;1664;2;0;0;0;348;38563;3,18333;1046
AZU;AZUL LINHAS AÉREAS BRASILEIRAS S/A;BRASILEIRA;2026;1;SBPS;PORTO SEGURO;BA;NORDESTE;BRASIL;AMÉRICA DO SUL;SBGO;GOIÂNIA;GO;CENTRO-OESTE;BRASIL;AMÉRICA DO SUL;DOMÉSTICA;REGULAR;1973;2;1;0;0;2267938;2132813;249148;176069;55869;14053;13;1081;0;0;2098;230485;23,8667;14907
AZU;AZUL LINHAS AÉREAS BRASILEIRAS S/A;BRASILEIRA;2026;1;SBPS;PORTO SEGURO;BA;NORDESTE;BRASIL;AMÉRICA DO SUL;SBKP;CAMPINAS;SP;SUDESTE;BRASIL;AMÉRICA DO SUL;DOMÉSTICA;IMPRODUTIVO;0;0;0;0;0;0;0;0;0;3974;1115;1;0;0;0;0;0;2,01667;0
AZU;AZUL LINHAS AÉREAS BRASILEIRAS S/A;BRASILEIRA;2026;1;SBPS;PORTO SEGURO;BA;NORDESTE;BRASIL;AMÉRICA DO SUL;SBKP;CAMPINAS;SP;SUDESTE;BRASIL;AMÉRICA DO SUL;DOMÉSTICA;REGULAR;10816;177;13785;225;0;13345435;12059840;1452352;1015201;351143;79165;71;15370275;250875;0;11969;1302590;138,317;85544
AZU;AZUL LINHAS AÉREAS BRASILEIRAS S/A;BRASILEIRA;2026;1;SBPS;PORTO SEGURO;BA;NORDESTE;BRASIL;AMÉRICA DO SUL;SBMO;RIO LARGO;AL;NORDESTE;BRASIL;AMÉRICA DO SUL;DOMÉSTICA;NÃO REGULAR;7;0;5;0;0;100064;5936;9645;569;3173;848;1;4240;0;0;118;11374;1,48333;142
AZU;AZUL LINHAS AÉREAS BRASILEIRAS S/A;BRASILEIRA;2026;1;SBPS;PORTO SEGURO;BA;NORDESTE;BRASIL;AMÉRICA DO SUL;SBPS;PORTO SEGURO;BA;NORDESTE;BRASIL;AMÉRICA DO SUL;DOMÉSTICA;IMPRODUTIVO;313;11;0;0;0;0;0;0;0;8299;0;2;0;0;0;348;36878;0,166667;1827
AZU;AZUL LINHAS AÉREAS BRASILEIRAS S/A;BRASILEIRA;2026;1;SBPS;PORTO SEGURO;BA;NORDESTE;BRASIL;AMÉRICA DO SUL;SBRF;RECIFE;PE;NORDESTE;BRASIL;AMÉRICA DO SUL;DOMÉSTICA;NÃO REGULAR;0;0;0;0;0;139808;0;14351;0;3690;1028;1;0;0;0;136;13961;1,86667;0
AZU;AZUL LINHAS AÉREAS BRASILEIRAS S/A;BRASILEIRA;2026;1;SBPS;PORTO SEGURO;BA;NORDESTE;BRASIL;AMÉRICA DO SUL;SBRF;RECIFE;PE;NORDESTE;BRASIL;AMÉRICA DO SUL;DOMÉSTICA;REGULAR;3;0;0;0;0;;;;;;;;;;;;;;82
AZU;AZUL LINHAS AÉREAS BRASILEIRAS S/A;BRASILEIRA;2026;1;SBPS;PORTO SEGURO;BA;NORDESTE;BRASIL;AMÉRICA DO SUL;SBRP;RIBEIRÃO PRETO;SP;SUDESTE;BRASIL;AMÉRICA DO SUL;DOMÉSTICA;REGULAR;2357;7;0;3;0;3282156;2484278;349854;205179;79374;18972;18;0;3162;0;3114;331938;31,5167;17899
AZU;AZUL LINHAS AÉREAS BRASILEIRAS S/A;BRASILEIRA;2026;1;SBPS;PORTO SEGURO;BA;NORDESTE;BRASIL;AMÉRICA DO SUL;SBSP;SÃO PAULO;SP;SUDESTE;BRASIL;AMÉRICA DO SUL;DOMÉSTICA;REGULAR;3883;50;102;43;0;4756768;4364492;506937;358889;134761;33720;30;114648;48332;0;4232;451023;67,3333;27983
AZU;AZUL LINHAS AÉREAS BRASILEIRAS S/A;BRASILEIRA;2026;1;SBPS;PORTO SEGURO;BA;NORDESTE;BRASIL;AMÉRICA DO SUL;SBSR;SÃO JOSÉ DO RIO PRETO;SP;SUDESTE;BRASIL;AMÉRICA DO SUL;DOMÉSTICA;REGULAR;2659;2;0;0;0;3677320;3169528;393471;259836;87963;21456;18;0;0;0;3085;330101;35,0167;18567
AZU;AZUL LINHAS AÉREAS BRASILEIRAS S/A;BRASILEIRA;2026;1;SBPS;PORTO SEGURO;BA;NORDESTE;BRASIL;AMÉRICA DO SUL;SBSV;SALVADOR;BA;NORDESTE;BRASIL;AMÉRICA DO SUL;DOMÉSTICA;REGULAR;481;3;686;41;0;247016;221753;24186;18868;8416;3609;9;275086;16441;0;616;60326;11,6;4247
AZU;AZUL LINHAS AÉREAS BRASILEIRAS S/A;BRASILEIRA;2026;1;SBPS;PORTO SEGURO;BA;NORDESTE;BRASIL;AMÉRICA DO SUL;SBUL;UBERLÂNDIA;MG;SUDESTE;BRASIL;AMÉRICA DO SUL;DOMÉSTICA;REGULAR;2815;2;0;0;0;2939532;2831890;321592;232772;76425;17102;17;0;0;0;2922;319684;30,0333;20268
AZU;AZUL LINHAS AÉREAS BRASILEIRAS S/A;BRASILEIRA;2026;1;SBPS;PORTO SEGURO;BA;NORDESTE;BRASIL;AMÉRICA DO SUL;SBVT;VITÓRIA;ES;SUDESTE;BRASIL;AMÉRICA DO SUL;DOMÉSTICA;REGULAR;155;11;0;0;0;77256;68820;8217;5684;5078;444;1;0;0;0;174;18509;2,11667;1179
AZU;AZUL LINHAS AÉREAS BRASILEIRAS S/A;BRASILEIRA;2026;1;SBPV;PORTO VELHO;RO;NORTE;BRASIL;AMÉRICA DO SUL;SBCF;CONFINS;MG;SUDESTE;BRASIL;AMÉRICA DO SUL;DOMÉSTICA;NÃO REGULAR;294;9;847;0;0;857472;724416;90824;64470;18459;4928;2;2087008;0;0;348;36861;6,86667;3268
AZU;AZUL LINHAS AÉREAS BRASILEIRAS S/A;BRASILEIRA;2026;1;SBPV;PORTO VELHO;RO;NORTE;BRASIL;AMÉRICA DO SUL;SBCF;CONFINS;MG;SUDESTE;BRASIL;AMÉRICA DO SUL;DOMÉSTICA;REGULAR;1635;48;6201;19;0;4612608;4028640;497668;362642;99356;27104;11;15279264;46816;0;1872;201977;38,15;18352
AZU;AZUL LINHAS AÉREAS BRASILEIRAS S/A;BRASILEIRA;2026;1;SBPV;PORTO VELHO;RO;NORTE;BRASIL;AMÉRICA DO SUL;SBCY;VÁRZEA GRANDE;MT;CENTRO-OESTE;BRASIL;AMÉRICA DO SUL;DOMÉSTICA;REGULAR;760;3;4;153;0;954930;881650;85946;75593;34437;10305;9;4580;175185;0;834;75067;21,0333;8154
AZU;AZUL LINHAS AÉREAS BRASILEIRAS S/A;BRASILEIRA;2026;1;SBPV;PORTO VELHO;RO;NORTE;BRASIL;AMÉRICA DO SUL;SBEG;MANAUS;AM;NORTE;BRASIL;AMÉRICA DO SUL;DOMÉSTICA;NÃO REGULAR;36;0;0;14;0;53270;27396;4288;2330;1423;761;1;0;10654;0;70;5636;1,93333;363
AZU;AZUL LINHAS AÉREAS BRASILEIRAS S/A;BRASILEIRA;2026;1;SBPV;PORTO VELHO;RO;NORTE;BRASIL;AMÉRICA DO SUL;SBEG;MANAUS;AM;NORTE;BRASIL;AMÉRICA DO SUL;DOMÉSTICA;REGULAR;648;8;12;0;0;560857;494650;50522;41326;19459;6088;8;9132;0;0;737;66394;13,6167;5532
AZU;AZUL LINHAS AÉREAS BRASILEIRAS S/A;BRASILEIRA;2026;1;SBRB;RIO BRANCO;AC;NORTE;BRASIL;AMÉRICA DO SUL;SBCF;CONFINS;MG;SUDESTE;BRASIL;AMÉRICA DO SUL;DOMÉSTICA;REGULAR;2652;34;3409;95;0;8129808;7393776;884274;649388;170374;47396;17;9504292;264860;0;2916;317175;64,1333;30616
AZU;AZUL LINHAS AÉREAS BRASILEIRAS S/A;BRASILEIRA;2026;1;SBRD;RONDONÓPOLIS;MT;CENTRO-OESTE;BRASIL;AMÉRICA DO SUL;SBCT;SÃO JOSÉ DOS PINHAIS;PR;SUL;BRASIL;AMÉRICA DO SUL;DOMÉSTICA;REGULAR;100;1;53;23;0;156264;114900;16302;9268;4560;1149;1;60897;26427;0;136;14188;2,21667;514
AZU;AZUL LINHAS AÉREAS BRASILEIRAS S/A;BRASILEIRA;2026;1;SBRD;RONDONÓPOLIS;MT;CENTRO-OESTE;BRASIL;AMÉRICA DO SUL;SBKP;CAMPINAS;SP;SUDESTE;BRASIL;AMÉRICA DO SUL;DOMÉSTICA;IMPRODUTIVO;0;0;0;0;0;0;0;0;0;3243;1067;1;0;0;0;0;0;1,93333;0
AZU;AZUL LINHAS AÉREAS BRASILEIRAS S/A;BRASILEIRA;2026;1;SBRD;RONDONÓPOLIS;MT;CENTRO-OESTE;BRASIL;AMÉRICA DO SUL;SBKP;CAMPINAS;SP;SUDESTE;BRASIL;AMÉRICA DO SUL;DOMÉSTICA;REGULAR;1461;19;964;293;0;2552264;1558887;248614;128712;70237;20273;19;1028588;312631;0;2392;233012;34,1333;10102
AZU;AZUL LINHAS AÉREAS BRASILEIRAS S/A;BRASILEIRA;2026;1;SBRF;RECIFE;PE;NORDESTE;BRASIL;AMÉRICA DO SUL;KMCO;ORLANDO, FLORIDA;;;ESTADOS UNIDOS DA AMÉRICA;AMÉRICA DO NORTE;INTERNACIONAL;REGULAR;2021;14;15581;16;0;14139224;12982904;2574128;1283538;514746;57816;9;100092344;102784;0;2201;400706;80,95;32648
AZU;AZUL LINHAS AÉREAS BRASILEIRAS S/A;BRASILEIRA;2026;1;SBRF;RECIFE;PE;NORDESTE;BRASIL;AMÉRICA DO SUL;LEMD;MADRID;;;ESPANHA;EUROPA;INTERNACIONAL;NÃO REGULAR;226;0;0;0;0;1628333;1420862;125105;113342;51590;6287;1;0;0;0;259;19899;8,03333;1078
AZU;AZUL LINHAS AÉREAS BRASILEIRAS S/A;BRASILEIRA;2026;1;SBRF;RECIFE;PE;NORDESTE;BRASIL;AMÉRICA DO SUL;LEMD;MADRID;;;ESPANHA;EUROPA;INTERNACIONAL;REGULAR;2143;16;0;0;0;14089167;13473041;1214638;1188409;424031;50296;8;0;0;0;2241;193199;63,8167;28302
AZU;AZUL LINHAS AÉREAS BRASILEIRAS S/A;BRASILEIRA;2026;1;SBRF;RECIFE;PE;NORDESTE;BRASIL;AMÉRICA DO SUL;LPPR;PORTO;;;PORTUGAL;EUROPA;INTERNACIONAL;IMPRODUTIVO;0;0;0;0;0;0;0;0;0;15787;6109;1;0;0;0;0;0;8,01667;0
AZU;AZUL LINHAS AÉREAS BRASILEIRAS S/A;BRASILEIRA;2026;1;SBRF;RECIFE;PE;NORDESTE;BRASIL;AMÉRICA DO SUL;LPPR;PORTO;;;PORTUGAL;EUROPA;INTERNACIONAL;REGULAR;4027;51;6960;0;0;25932705;24600943;2451461;2302267;782940;91635;15;42518640;0;0;4245;401288;117,317;67881
AZU;AZUL LINHAS AÉREAS BRASILEIRAS S/A;BRASILEIRA;2026;1;SBRF;RECIFE;PE;NORDESTE;BRASIL;AMÉRICA DO SUL;SBAE;AREALVA;SP;SUDESTE;BRASIL;AMÉRICA DO SUL;DOMÉSTICA;REGULAR;787;19;0;160;0;1891380;1710938;173948;140562;42654;10870;5;0;347840;0;870;80014;15,6667;5632
AZU;AZUL LINHAS AÉREAS BRASILEIRAS S/A;BRASILEIRA;2026;1;SBRF;RECIFE;PE;NORDESTE;BRASIL;AMÉRICA DO SUL;SBAR;ARACAJU;SE;NORDESTE;BRASIL;AMÉRICA DO SUL;DOMÉSTICA;IMPRODUTIVO;0;0;0;0;0;0;0;0;0;1793;396;1;0;0;0;0;0;1,03333;0
AZU;AZUL LINHAS AÉREAS BRASILEIRAS S/A;BRASILEIRA;2026;1;SBRF;RECIFE;PE;NORDESTE;BRASIL;AMÉRICA DO SUL;SBAR;ARACAJU;SE;NORDESTE;BRASIL;AMÉRICA DO SUL;DOMÉSTICA;REGULAR;2915;62;8698;359;0;1669536;1329372;164053;113050;57551;24156;61;3444408;142164;0;4216;414344;80,9167;21610
AZU;AZUL LINHAS AÉREAS BRASILEIRAS S/A;BRASILEIRA;2026;1;SBRF;RECIFE;PE;NORDESTE;BRASIL;AMÉRICA DO SUL;SBBE;BELÉM;PA;NORTE;BRASIL;AMÉRICA DO SUL;DOMÉSTICA;REGULAR;9950;105;83929;517;0;18011652;16696100;1900538;1539962;426545;104036;62;140832862;867526;0;10734;1132639;161,8;87578
AZU;AZUL LINHAS AÉREAS BRASILEIRAS S/A;BRASILEIRA;2026;1;SBRF;RECIFE;PE;NORDESTE;BRASIL;AMÉRICA DO SUL;SBBR;BRASÍLIA;DF;CENTRO-OESTE;BRASIL;AMÉRICA DO SUL;DOMÉSTICA;NÃO REGULAR;4171;11;5617;72;0;7376840;6898834;674804;579454;175772;43004;26;9290518;119088;0;4460;407991;66,9333;31901
AZU;AZUL LINHAS AÉREAS BRASILEIRAS S/A;BRASILEIRA;2026;1;SBRF;RECIFE;PE;NORDESTE;BRASIL;AMÉRICA DO SUL;SBBR;BRASÍLIA;DF;CENTRO-OESTE;BRASIL;AMÉRICA DO SUL;DOMÉSTICA;REGULAR;13568;124;38464;1071;0;24027658;22441472;2238222;1924595;569630;138936;84;63619456;1771434;0;14527;1353241;215,6;107561
AZU;AZUL LINHAS AÉREAS BRASILEIRAS S/A;BRASILEIRA;2026;1;SBRF;RECIFE;PE;NORDESTE;BRASIL;AMÉRICA DO SUL;SBCF;CONFINS;MG;SUDESTE;BRASIL;AMÉRICA DO SUL;DOMÉSTICA;IMPRODUTIVO;0;0;0;0;0;0;0;0;0;38118;4824;3;0;0;0;0;0;7,73333;0
AZU;AZUL LINHAS AÉREAS BRASILEIRAS S/A;BRASILEIRA;2026;1;SBRF;RECIFE;PE;NORDESTE;BRASIL;AMÉRICA DO SUL;SBCF;CONFINS;MG;SUDESTE;BRASIL;AMÉRICA DO SUL;DOMÉSTICA;NÃO REGULAR;5731;53;1801;326;0;9744480;9215448;1020574;762626;232148;70752;44;2896008;524208;0;6060;634698;111,267;42657
AZU;AZUL LINHAS AÉREAS BRASILEIRAS S/A;BRASILEIRA;2026;1;SBRF;RECIFE;PE;NORDESTE;BRASIL;AMÉRICA DO SUL;SBCF;CONFINS;MG;SUDESTE;BRASIL;AMÉRICA DO SUL;DOMÉSTICA;REGULAR;27142;446;67849;2465;0;47116008;43575192;5061523;3710582;1081201;273360;170;109101192;3963720;0;29301;3147765;420,183;207748
AZU;AZUL LINHAS AÉREAS BRASILEIRAS S/A;BRASILEIRA;2026;1;SBRF;RECIFE;PE;NORDESTE;BRASIL;AMÉRICA DO SUL;SBCT;SÃO JOSÉ DOS PINHAIS;PR;SUL;BRASIL;AMÉRICA DO SUL;DOMÉSTICA;REGULAR;1189;10;2624;8;0;3003696;2917806;295220;249164;70925;22086;9;6439296;19632;0;1224;120304;32,8833;9737
AZU;AZUL LINHAS AÉREAS BRASILEIRAS S/A;BRASILEIRA;2026;1;SBRF;RECIFE;PE;NORDESTE;BRASIL;AMÉRICA DO SUL;SBEG;MANAUS;AM;NORTE;BRASIL;AMÉRICA DO SUL;DOMÉSTICA;IMPRODUTIVO;0;0;0;0;0;0;0;0;0;15783;2837;1;0;0;0;0;0;4;0
AZU;AZUL LINHAS AÉREAS BRASILEIRAS S/A;BRASILEIRA;2026;1;SBRF;RECIFE;PE;NORDESTE;BRASIL;AMÉRICA DO SUL;SBEG;MANAUS;AM;NORTE;BRASIL;AMÉRICA DO SUL;DOMÉSTICA;NÃO REGULAR;4335;29;43341;49;0;13112614;12298395;1312577;1173555;306139;76599;27;122958417;139013;0;4622;462669;109,7;45200
AZU;AZUL LINHAS AÉREAS BRASILEIRAS S/A;BRASILEIRA;2026;1;SBRF;RECIFE;PE;NORDESTE;BRASIL;AMÉRICA DO SUL;SBEG;MANAUS;AM;NORTE;BRASIL;AMÉRICA DO SUL;DOMÉSTICA;REGULAR;5937;53;97946;164;0;17799338;16843269;2170052;1733279;442577;99295;35;277872806;465268;0;6274;764917;139,7;67739
AZU;AZUL LINHAS AÉREAS BRASILEIRAS S/A;BRASILEIRA;2026;1;SBRF;RECIFE;PE;NORDESTE;BRASIL;AMÉRICA DO SUL;SBFI;FOZ DO IGUAÇU;PR;SUL;BRASIL;AMÉRICA DO SUL;DOMÉSTICA;REGULAR;1530;5;0;0;0;4445874;4343670;407390;361490;98478;25551;9;0;0;0;1566;143499;35,9667;12582
AZU;AZUL LINHAS AÉREAS BRASILEIRAS S/A;BRASILEIRA;2026;1;SBRF;RECIFE;PE;NORDESTE;BRASIL;AMÉRICA DO SUL;SBFL;FLORIANÓPOLIS;SC;SUL;BRASIL;AMÉRICA DO SUL;DOMÉSTICA;NÃO REGULAR;1129;15;121;0;0;3186072;2938787;293171;244725;72250;23427;9;314963;0;0;1224;112629;34,2833;9222
AZU;AZUL LINHAS AÉREAS BRASILEIRAS S/A;BRASILEIRA;2026;1;SBRF;RECIFE;PE;NORDESTE;BRASIL;AMÉRICA DO SUL;SBFN;FERNANDO DE NORONHA;PE;NORDESTE;BRASIL;AMÉRICA DO SUL;DOMÉSTICA;NÃO REGULAR;10;0;0;0;0;38430;5490;3169;539;1094;549;1;0;0;0;70;5774;1,65;232
AZU;AZUL LINHAS AÉREAS BRASILEIRAS S/A;BRASILEIRA;2026;1;SBRF;RECIFE;PE;NORDESTE;BRASIL;AMÉRICA DO SUL;SBFN;FERNANDO DE NORONHA;PE;NORDESTE;BRASIL;AMÉRICA DO SUL;DOMÉSTICA;REGULAR;9598;83;75984;780;0;5823792;5269302;582955;487777;192354;42822;78;41715216;428220;0;10608;1061911;95,05;92717
AZU;AZUL LINHAS AÉREAS BRASILEIRAS S/A;BRASILEIRA;2026;1;SBRF;RECIFE;PE;NORDESTE;BRASIL;AMÉRICA DO SUL;SBFZ;FORTALEZA;CE;NORDESTE;BRASIL;AMÉRICA DO SUL;DOMÉSTICA;IMPRODUTIVO;0;0;0;0;0;0;0;0;0;4014;1254;2;0;0;0;0;0;3,45;0
AZU;AZUL LINHAS AÉREAS BRASILEIRAS S/A;BRASILEIRA;2026;1;SBRF;RECIFE;PE;NORDESTE;BRASIL;AMÉRICA DO SUL;SBFZ;FORTALEZA;CE;NORDESTE;BRASIL;AMÉRICA DO SUL;DOMÉSTICA;NÃO REGULAR;4262;30;10837;762;0;3136254;2672274;311705;223759;97905;23199;37;6794799;477774;0;5002;497169;50,2167;26416
AZU;AZUL LINHAS AÉREAS BRASILEIRAS S/A;BRASILEIRA;2026;1;SBRF;RECIFE;PE;NORDESTE;BRASIL;AMÉRICA DO SUL;SBFZ;FORTALEZA;CE;NORDESTE;BRASIL;AMÉRICA DO SUL;DOMÉSTICA;REGULAR;12764;126;59765;838;0;10041405;8003028;999308;678324;308785;68343;109;37472655;525426;0;16015;1593870;145,767;64874
AZU;AZUL LINHAS AÉREAS BRASILEIRAS S/A;BRASILEIRA;2026;1;SBRF;RECIFE;PE;NORDESTE;BRASIL;AMÉRICA DO SUL;SBGL;RIO DE JANEIRO;RJ;SUDESTE;BRASIL;AMÉRICA DO SUL;DOMÉSTICA;NÃO REGULAR;3316;25;3265;71;0;6742593;6164444;614258;519748;158267;39039;21;6069635;131989;0;3627;330430;60,2;27625
AZU;AZUL LINHAS AÉREAS BRASILEIRAS S/A;BRASILEIRA;2026;1;SBRF;RECIFE;PE;NORDESTE;BRASIL;AMÉRICA DO SUL;SBGL;RIO DE JANEIRO;RJ;SUDESTE;BRASIL;AMÉRICA DO SUL;DOMÉSTICA;REGULAR;18559;239;70950;939;0;37761867;34501181;3563285;3007414;904487;219362;118;131896050;1745601;0;20313;1916804;341,117;154912
AZU;AZUL LINHAS AÉREAS BRASILEIRAS S/A;BRASILEIRA;2026;1;SBRF;RECIFE;PE;NORDESTE;BRASIL;AMÉRICA DO SUL;SBGO;GOIÂNIA;GO;CENTRO-OESTE;BRASIL;AMÉRICA DO SUL;DOMÉSTICA;NÃO REGULAR;817;1;1943;0;0;1580790;1484489;155223;124712;35408;9085;5;3530431;0;0;870;85430;13,3333;5419
AZU;AZUL LINHAS AÉREAS BRASILEIRAS S/A;BRASILEIRA;2026;1;SBRF;RECIFE;PE;NORDESTE;BRASIL;AMÉRICA DO SUL;SBGO;GOIÂNIA;GO;CENTRO-OESTE;BRASIL;AMÉRICA DO SUL;DOMÉSTICA;REGULAR;9961;31;14121;771;0;18765976;18099137;1813712;1543919;433259;109020;60;25657857;1400907;0;10328;998209;164,4;88527
AZU;AZUL LINHAS AÉREAS BRASILEIRAS S/A;BRASILEIRA;2026;1;SBRF;RECIFE;PE;NORDESTE;BRASIL;AMÉRICA DO SUL;SBGR;GUARULHOS;SP;SUDESTE;BRASIL;AMÉRICA DO SUL;DOMÉSTICA;NÃO REGULAR;820;15;2752;11;0;1808961;1722820;178935;148602;43923;10505;5;5781952;23111;0;861;85168;16,4167;6478
AZU;AZUL LINHAS AÉREAS BRASILEIRAS S/A;BRASILEIRA;2026;1;SBRF;RECIFE;PE;NORDESTE;BRASIL;AMÉRICA DO SUL;SBGR;GUARULHOS;SP;SUDESTE;BRASIL;AMÉRICA DO SUL;DOMÉSTICA;REGULAR;34867;576;152177;810;0;77314699;73255567;7978931;6431582;1689334;373978;178;319723877;1701810;0;36799;3797724;568,917;294040
AZU;AZUL LINHAS AÉREAS BRASILEIRAS S/A;BRASILEIRA;2026;1;SBRF;RECIFE;PE;NORDESTE;BRASIL;AMÉRICA DO SUL;SBIL;ILHÉUS;BA;NORDESTE;BRASIL;AMÉRICA DO SUL;DOMÉSTICA;REGULAR;7;0;0;0;0;;;;;;;;;;;;;;79
AZU;AZUL LINHAS AÉREAS BRASILEIRAS S/A;BRASILEIRA;2026;1;SBRF;RECIFE;PE;NORDESTE;BRASIL;AMÉRICA DO SUL;SBJP;SANTA RITA;PB;NORDESTE;BRASIL;AMÉRICA DO SUL;DOMÉSTICA;REGULAR;1607;11;6641;920;0;247866;175163;25319;15095;19095;3488;32;723869;100280;0;2274;232440;23,0833;11478
AZU;AZUL LINHAS AÉREAS BRASILEIRAS S/A;BRASILEIRA;2026;1;SBRF;RECIFE;PE;NORDESTE;BRASIL;AMÉRICA DO SUL;SBJU;JUAZEIRO DO NORTE;CE;NORDESTE;BRASIL;AMÉRICA DO SUL;DOMÉSTICA;NÃO REGULAR;2678;9;4474;356;0;1771840;1312220;164014;106391;56367;25480;52;2192260;174440;0;3616;334758;79,8167;11856
AZU;AZUL LINHAS AÉREAS BRASILEIRAS S/A;BRASILEIRA;2026;1;SBRF;RECIFE;PE;NORDESTE;BRASIL;AMÉRICA DO SUL;SBKG;CAMPINA GRANDE;PB;NORDESTE;BRASIL;AMÉRICA DO SUL;DOMÉSTICA;REGULAR;1855;39;9871;535;0;424710;265265;43080;23795;24387;6149;43;1411553;76505;0;2970;301400;34,65;17555
AZU;AZUL LINHAS AÉREAS BRASILEIRAS S/A;BRASILEIRA;2026;1;SBRF;RECIFE;PE;NORDESTE;BRASIL;AMÉRICA DO SUL;SBKP;CAMPINAS;SP;SUDESTE;BRASIL;AMÉRICA DO SUL;DOMÉSTICA;IMPRODUTIVO;0;0;0;0;0;0;0;0;0;26621;4212;2;0;0;0;0;0;7,2;0
AZU;AZUL LINHAS AÉREAS BRASILEIRAS S/A;BRASILEIRA;2026;1;SBRF;RECIFE;PE;NORDESTE;BRASIL;AMÉRICA DO SUL;SBKP;CAMPINAS;SP;SUDESTE;BRASIL;AMÉRICA DO SUL;DOMÉSTICA;NÃO REGULAR;4000;89;173;62;0;9123192;8424000;871798;697965;219260;65286;31;364338;130572;0;4332;413968;100,217;31251
AZU;AZUL LINHAS AÉREAS BRASILEIRAS S/A;BRASILEIRA;2026;1;SBRF;RECIFE;PE;NORDESTE;BRASIL;AMÉRICA DO SUL;SBKP;CAMPINAS;SP;SUDESTE;BRASIL;AMÉRICA DO SUL;DOMÉSTICA;REGULAR;35368;678;43654;6306;0;79158222;74485008;8210422;6323581;1687421;379080;180;91935324;13280436;0;37587;3898625;561,267;306438
AZU;AZUL LINHAS AÉREAS BRASILEIRAS S/A;BRASILEIRA;2026;1;SBRF;RECIFE;PE;NORDESTE;BRASIL;AMÉRICA DO SUL;SBMO;RIO LARGO;AL;NORDESTE;BRASIL;AMÉRICA DO SUL;DOMÉSTICA;REGULAR;3256;37;14178;1284;0;784092;589336;78622;51119;36619;11041;61;2566218;232404;0;4332;434523;51,9833;24206
AZU;AZUL LINHAS AÉREAS BRASILEIRAS S/A;BRASILEIRA;2026;1;SBRF;RECIFE;PE;NORDESTE;BRASIL;AMÉRICA DO SUL;SBPA;PORTO ALEGRE;RS;SUL;BRASIL;AMÉRICA DO SUL;DOMÉSTICA;REGULAR;7230;156;8951;1156;0;22969176;21422490;2367390;1788990;516199;168891;57;26521813;3425228;0;7752;798994;244,983;52584
AZU;AZUL LINHAS AÉREAS BRASILEIRAS S/A;BRASILEIRA;2026;1;SBRF;RECIFE;PE;NORDESTE;BRASIL;AMÉRICA DO SUL;SBPL;PETROLINA;PE;NORDESTE;BRASIL;AMÉRICA DO SUL;DOMÉSTICA;NÃO REGULAR;846;2;1468;6;0;863600;537210;84628;44850;25257;6350;10;932180;3810;0;1360;133280;13;5719
AZU;AZUL LINHAS AÉREAS BRASILEIRAS S/A;BRASILEIRA;2026;1;SBRF;RECIFE;PE;NORDESTE;BRASIL;AMÉRICA DO SUL;SBPL;PETROLINA;PE;NORDESTE;BRASIL;AMÉRICA DO SUL;DOMÉSTICA;REGULAR;2691;20;8409;124;0;2331720;1708785;229508;144201;69970;17145;27;5339715;78740;0;3672;361450;35,7167;16878
AZU;AZUL LINHAS AÉREAS BRASILEIRAS S/A;BRASILEIRA;2026;1;SBRF;RECIFE;PE;NORDESTE;BRASIL;AMÉRICA DO SUL;SBPS;PORTO SEGURO;BA;NORDESTE;BRASIL;AMÉRICA DO SUL;DOMÉSTICA;REGULAR;4;0;0;0;0;;;;;;;;;;;;;;20
AZU;AZUL LINHAS AÉREAS BRASILEIRAS S/A;BRASILEIRA;2026;1;SBRF;RECIFE;PE;NORDESTE;BRASIL;AMÉRICA DO SUL;SBRF;RECIFE;PE;NORDESTE;BRASIL;AMÉRICA DO SUL;DOMÉSTICA;IMPRODUTIVO;1747;27;834;0;0;0;0;0;0;75257;0;16;0;0;0;2313;234351;5,23333;14119
AZU;AZUL LINHAS AÉREAS BRASILEIRAS S/A;BRASILEIRA;2026;1;SBRF;RECIFE;PE;NORDESTE;BRASIL;AMÉRICA DO SUL;SBRP;RIBEIRÃO PRETO;SP;SUDESTE;BRASIL;AMÉRICA DO SUL;DOMÉSTICA;REGULAR;2166;6;4030;18;0;4461768;4329834;423994;368394;104495;25987;13;8055970;35982;0;2232;212106;39,1333;17813
AZU;AZUL LINHAS AÉREAS BRASILEIRAS S/A;BRASILEIRA;2026;1;SBRF;RECIFE;PE;NORDESTE;BRASIL;AMÉRICA DO SUL;SBSG;SÃO GONÇALO DO AMARANTE;RN;NORDESTE;BRASIL;AMÉRICA DO SUL;DOMÉSTICA;NÃO REGULAR;1852;15;7330;275;0;600750;494484;59691;43110;25178;8277;31;1957110;73425;0;2250;223623;33,85;15291
AZU;AZUL LINHAS AÉREAS BRASILEIRAS S/A;BRASILEIRA;2026;1;SBRF;RECIFE;PE;NORDESTE;BRASIL;AMÉRICA DO SUL;SBSG;SÃO GONÇALO DO AMARANTE;RN;NORDESTE;BRASIL;AMÉRICA DO SUL;DOMÉSTICA;REGULAR;3405;33;9977;492;0;1127274;909135;110184;77297;45339;16287;61;2663859;131364;0;4222;412790;66,5167;24255
AZU;AZUL LINHAS AÉREAS BRASILEIRAS S/A;BRASILEIRA;2026;1;SBRF;RECIFE;PE;NORDESTE;BRASIL;AMÉRICA DO SUL;SBSL;SÃO LUÍS;MA;NORDESTE;BRASIL;AMÉRICA DO SUL;DOMÉSTICA;REGULAR;8133;50;68351;471;0;11918724;9767733;1159998;893395;293951;69658;58;82089551;565671;0;9924;965885;114,083;65571
AZU;AZUL LINHAS AÉREAS BRASILEIRAS S/A;BRASILEIRA;2026;1;SBRF;RECIFE;PE;NORDESTE;BRASIL;AMÉRICA DO SUL;SBSP;SÃO PAULO;SP;SUDESTE;BRASIL;AMÉRICA DO SUL;DOMÉSTICA;NÃO REGULAR;146;8;585;0;0;370446;310834;38843;27361;8458;2129;1;1245465;0;0;174;18245;3,33333;1317
AZU;AZUL LINHAS AÉREAS BRASILEIRAS S/A;BRASILEIRA;2026;1;SBRF;RECIFE;PE;NORDESTE;BRASIL;AMÉRICA DO SUL;SBSP;SÃO PAULO;SP;SUDESTE;BRASIL;AMÉRICA DO SUL;DOMÉSTICA;REGULAR;24540;405;75397;2634;0;54655688;52245660;5615968;4525169;1304199;327866;154;160520213;5607786;0;25672;2637880;519,617;209632
AZU;AZUL LINHAS AÉREAS BRASILEIRAS S/A;BRASILEIRA;2026;1;SBRF;RECIFE;PE;NORDESTE;BRASIL;AMÉRICA DO SUL;SBSR;SÃO JOSÉ DO RIO PRETO;SP;SUDESTE;BRASIL;AMÉRICA DO SUL;DOMÉSTICA;REGULAR;2159;8;152;0;0;4706100;4533900;479918;377146;104915;27300;13;319200;0;0;2241;228535;39,5167;17520
AZU;AZUL LINHAS AÉREAS BRASILEIRAS S/A;BRASILEIRA;2026;1;SBRF;RECIFE;PE;NORDESTE;BRASIL;AMÉRICA DO SUL;SBSV;SALVADOR;BA;NORDESTE;BRASIL;AMÉRICA DO SUL;DOMÉSTICA;IMPRODUTIVO;0;0;0;0;0;0;0;0;0;1266;649;1;0;0;0;0;0;1,91667;0
AZU;AZUL LINHAS AÉREAS BRASILEIRAS S/A;BRASILEIRA;2026;1;SBRF;RECIFE;PE;NORDESTE;BRASIL;AMÉRICA DO SUL;SBSV;SALVADOR;BA;NORDESTE;BRASIL;AMÉRICA DO SUL;DOMÉSTICA;NÃO REGULAR;2818;30;10659;98;0;1966470;1828882;196258;154505;60516;14278;22;6917691;63602;0;3030;302421;30,4;16077
AZU;AZUL LINHAS AÉREAS BRASILEIRAS S/A;BRASILEIRA;2026;1;SBRF;RECIFE;PE;NORDESTE;BRASIL;AMÉRICA DO SUL;SBSV;SALVADOR;BA;NORDESTE;BRASIL;AMÉRICA DO SUL;DOMÉSTICA;REGULAR;14256;157;70670;696;0;10238624;9026941;997283;774521;316258;75284;116;45864830;451704;0;15776;1536741;159,817;82194
AZU;AZUL LINHAS AÉREAS BRASILEIRAS S/A;BRASILEIRA;2026;1;SBRF;RECIFE;PE;NORDESTE;BRASIL;AMÉRICA DO SUL;SBTE;TERESINA;PI;NORDESTE;BRASIL;AMÉRICA DO SUL;DOMÉSTICA;REGULAR;3023;32;36841;197;0;3440664;2832551;333046;268987;95456;25299;27;34520017;184589;0;3672;355453;46,3833;23520
AZU;AZUL LINHAS AÉREAS BRASILEIRAS S/A;BRASILEIRA;2026;1;SBRF;RECIFE;PE;NORDESTE;BRASIL;AMÉRICA DO SUL;SBUL;UBERLÂNDIA;MG;SUDESTE;BRASIL;AMÉRICA DO SUL;DOMÉSTICA;REGULAR;2198;3;4105;21;0;4194036;4108062;425604;348314;97277;24297;13;7672245;39249;0;2244;227721;36,8333;17412
AZU;AZUL LINHAS AÉREAS BRASILEIRAS S/A;BRASILEIRA;2026;1;SBRF;RECIFE;PE;NORDESTE;BRASIL;AMÉRICA DO SUL;SBVC;VITÓRIA DA CONQUISTA;BA;NORDESTE;BRASIL;AMÉRICA DO SUL;DOMÉSTICA;REGULAR;41;0;0;0;0;;;;;;;;;;;;;;423
AZU;AZUL LINHAS AÉREAS BRASILEIRAS S/A;BRASILEIRA;2026;1;SBRF;RECIFE;PE;NORDESTE;BRASIL;AMÉRICA DO SUL;SBVT;VITÓRIA;ES;SUDESTE;BRASIL;AMÉRICA DO SUL;DOMÉSTICA;REGULAR;4900;36;26961;87;0;8137449;7188300;764896;635802;195900;46944;32;39551787;127629;0;5547;521412;75;38954
AZU;AZUL LINHAS AÉREAS BRASILEIRAS S/A;BRASILEIRA;2026;1;SBRF;RECIFE;PE;NORDESTE;BRASIL;AMÉRICA DO SUL;SUMU;MONTEVIDEO, MONTEVIDEO;;;URUGUAI;AMÉRICA DO SUL;INTERNACIONAL;REGULAR;876;0;0;0;0;3990784;3213168;345536;264887;87288;29344;8;0;0;0;1088;94204;41,95;6517
AZU;AZUL LINHAS AÉREAS BRASILEIRAS S/A;BRASILEIRA;2026;1;SBRJ;RIO DE JANEIRO;RJ;SUDESTE;BRASIL;AMÉRICA DO SUL;SBCF;CONFINS;MG;SUDESTE;BRASIL;AMÉRICA DO SUL;DOMÉSTICA;REGULAR;19260;411;76479;425;0;8330250;7222500;750846;613024;399656;67875;181;28679625;159375;0;22214;2002460;187,083;113968
AZU;AZUL LINHAS AÉREAS BRASILEIRAS S/A;BRASILEIRA;2026;1;SBRJ;RIO DE JANEIRO;RJ;SUDESTE;BRASIL;AMÉRICA DO SUL;SBCT;SÃO JOSÉ DOS PINHAIS;PR;SUL;BRASIL;AMÉRICA DO SUL;DOMÉSTICA;REGULAR;103;14;0;0;0;159536;69628;12454;5428;8905;1352;2;0;0;0;236;18425;3,93333;306
AZU;AZUL LINHAS AÉREAS BRASILEIRAS S/A;BRASILEIRA;2026;1;SBRJ;RIO DE JANEIRO;RJ;SUDESTE;BRASIL;AMÉRICA DO SUL;SBGL;RIO DE JANEIRO;RJ;SUDESTE;BRASIL;AMÉRICA DO SUL;DOMÉSTICA;REGULAR;126;2;145;0;0;3808;1764;340;138;7555;28;2;2030;0;0;272;24347;3,76667;297
AZU;AZUL LINHAS AÉREAS BRASILEIRAS S/A;BRASILEIRA;2026;1;SBRJ;RIO DE JANEIRO;RJ;SUDESTE;BRASIL;AMÉRICA DO SUL;SBGR;GUARULHOS;SP;SUDESTE;BRASIL;AMÉRICA DO SUL;DOMÉSTICA;REGULAR;4621;65;9240;99;0;2065203;1585003;186517;132742;106841;17150;50;3169320;33957;0;6021;543844;51,95;31250
AZU;AZUL LINHAS AÉREAS BRASILEIRAS S/A;BRASILEIRA;2026;1;SBRJ;RIO DE JANEIRO;RJ;SUDESTE;BRASIL;AMÉRICA DO SUL;SBKP;CAMPINAS;SP;SUDESTE;BRASIL;AMÉRICA DO SUL;DOMÉSTICA;IMPRODUTIVO;0;0;0;0;0;0;0;0;0;1695;407;1;0;0;0;0;0;0,966667;0
AZU;AZUL LINHAS AÉREAS BRASILEIRAS S/A;BRASILEIRA;2026;1;SBRJ;RIO DE JANEIRO;RJ;SUDESTE;BRASIL;AMÉRICA DO SUL;SBKP;CAMPINAS;SP;SUDESTE;BRASIL;AMÉRICA DO SUL;DOMÉSTICA;REGULAR;28543;781;32896;2768;0;13365066;11617001;1234518;964702;551238;98901;243;13388672;1126576;0;32838;3033504;273,05;196935
AZU;AZUL LINHAS AÉREAS BRASILEIRAS S/A;BRASILEIRA;2026;1;SBRJ;RIO DE JANEIRO;RJ;SUDESTE;BRASIL;AMÉRICA DO SUL;SBRJ;RIO DE JANEIRO;RJ;SUDESTE;BRASIL;AMÉRICA DO SUL;DOMÉSTICA;IMPRODUTIVO;390;20;389;0;0;0;0;0;0;13336;0;5;0;0;0;662;60626;2,83333;3881
AZU;AZUL LINHAS AÉREAS BRASILEIRAS S/A;BRASILEIRA;2026;1;SBRJ;RIO DE JANEIRO;RJ;SUDESTE;BRASIL;AMÉRICA DO SUL;SBSP;SÃO PAULO;SP;SUDESTE;BRASIL;AMÉRICA DO SUL;DOMÉSTICA;IMPRODUTIVO;0;0;0;0;0;0;0;0;0;1750;366;1;0;0;0;0;0;1,03333;0
AZU;AZUL LINHAS AÉREAS BRASILEIRAS S/A;BRASILEIRA;2026;1;SBRJ;RIO DE JANEIRO;RJ;SUDESTE;BRASIL;AMÉRICA DO SUL;SBSP;SÃO PAULO;SP;SUDESTE;BRASIL;AMÉRICA DO SUL;DOMÉSTICA;REGULAR;22010;476;20256;300;0;9238206;8055660;781236;642530;560243;85278;233;7413696;109800;0;25241;2134852;252,183;84855
AZU;AZUL LINHAS AÉREAS BRASILEIRAS S/A;BRASILEIRA;2026;1;SBRJ;RIO DE JANEIRO;RJ;SUDESTE;BRASIL;AMÉRICA DO SUL;SBVT;VITÓRIA;ES;SUDESTE;BRASIL;AMÉRICA DO SUL;DOMÉSTICA;REGULAR;130;0;0;0;0;56984;54470;5506;4380;3906;419;1;0;0;0;136;13141;1,95;704
AZU;AZUL LINHAS AÉREAS BRASILEIRAS S/A;BRASILEIRA;2026;1;SBRP;RIBEIRÃO PRETO;SP;SUDESTE;BRASIL;AMÉRICA DO SUL;SBCF;CONFINS;MG;SUDESTE;BRASIL;AMÉRICA DO SUL;DOMÉSTICA;IMPRODUTIVO;0;0;0;0;0;0;0;0;0;888;431;1;0;0;0;0;0;1,3;0
AZU;AZUL LINHAS AÉREAS BRASILEIRAS S/A;BRASILEIRA;2026;1;SBRP;RIBEIRÃO PRETO;SP;SUDESTE;BRASIL;AMÉRICA DO SUL;SBCF;CONFINS;MG;SUDESTE;BRASIL;AMÉRICA DO SUL;DOMÉSTICA;REGULAR;1636;26;3817;68;0;913720;705116;91272;58774;34822;12930;30;1645127;29308;0;2120;211805;43,7333;9882
AZU;AZUL LINHAS AÉREAS BRASILEIRAS S/A;BRASILEIRA;2026;1;SBRP;RIBEIRÃO PRETO;SP;SUDESTE;BRASIL;AMÉRICA DO SUL;SBFZ;FORTALEZA;CE;NORDESTE;BRASIL;AMÉRICA DO SUL;DOMÉSTICA;REGULAR;658;0;0;0;0;1513104;1430492;164788;118479;29999;8696;4;0;0;0;696;75801;12,0833;5149
AZU;AZUL LINHAS AÉREAS BRASILEIRAS S/A;BRASILEIRA;2026;1;SBRP;RIBEIRÃO PRETO;SP;SUDESTE;BRASIL;AMÉRICA DO SUL;SBGR;GUARULHOS;SP;SUDESTE;BRASIL;AMÉRICA DO SUL;DOMÉSTICA;REGULAR;106;4;0;0;0;34102;30634;3389;2483;2855;289;1;0;0;0;118;11727;1,33333;642
AZU;AZUL LINHAS AÉREAS BRASILEIRAS S/A;BRASILEIRA;2026;1;SBRP;RIBEIRÃO PRETO;SP;SUDESTE;BRASIL;AMÉRICA DO SUL;SBJP;SANTA RITA;PB;NORDESTE;BRASIL;AMÉRICA DO SUL;DOMÉSTICA;REGULAR;466;6;0;0;0;1041579;968814;118985;79085;21655;6237;3;0;0;0;501;57233;8,66667;3091
AZU;AZUL LINHAS AÉREAS BRASILEIRAS S/A;BRASILEIRA;2026;1;SBRP;RIBEIRÃO PRETO;SP;SUDESTE;BRASIL;AMÉRICA DO SUL;SBKP;CAMPINAS;SP;SUDESTE;BRASIL;AMÉRICA DO SUL;DOMÉSTICA;IMPRODUTIVO;0;0;0;0;0;0;0;0;0;5299;1090;5;0;0;0;0;0;4,23333;0
AZU;AZUL LINHAS AÉREAS BRASILEIRAS S/A;BRASILEIRA;2026;1;SBRP;RIBEIRÃO PRETO;SP;SUDESTE;BRASIL;AMÉRICA DO SUL;SBKP;CAMPINAS;SP;SUDESTE;BRASIL;AMÉRICA DO SUL;DOMÉSTICA;NÃO REGULAR;33;6;724;0;0;59296;7194;6206;723;3024;436;2;157832;0;0;272;28473;1,73333;123
AZU;AZUL LINHAS AÉREAS BRASILEIRAS S/A;BRASILEIRA;2026;1;SBRP;RIBEIRÃO PRETO;SP;SUDESTE;BRASIL;AMÉRICA DO SUL;SBKP;CAMPINAS;SP;SUDESTE;BRASIL;AMÉRICA DO SUL;DOMÉSTICA;REGULAR;6352;280;11478;156;0;2243656;1384736;226732;117487;98876;30520;140;2502204;34008;0;10292;1040378;123,6;51354
AZU;AZUL LINHAS AÉREAS BRASILEIRAS S/A;BRASILEIRA;2026;1;SBRP;RIBEIRÃO PRETO;SP;SUDESTE;BRASIL;AMÉRICA DO SUL;SBMO;RIO LARGO;AL;NORDESTE;BRASIL;AMÉRICA DO SUL;DOMÉSTICA;REGULAR;1901;6;9;0;0;3798606;3461721;425017;284487;79564;21852;12;16389;0;0;2086;233402;31,6333;13645
AZU;AZUL LINHAS AÉREAS BRASILEIRAS S/A;BRASILEIRA;2026;1;SBRP;RIBEIRÃO PRETO;SP;SUDESTE;BRASIL;AMÉRICA DO SUL;SBPS;PORTO SEGURO;BA;NORDESTE;BRASIL;AMÉRICA DO SUL;DOMÉSTICA;REGULAR;1878;5;0;47;0;3098760;1979412;337825;162825;71609;17918;17;0;49538;0;2940;320524;29,1333;13642
AZU;AZUL LINHAS AÉREAS BRASILEIRAS S/A;BRASILEIRA;2026;1;SBRP;RIBEIRÃO PRETO;SP;SUDESTE;BRASIL;AMÉRICA DO SUL;SBRF;RECIFE;PE;NORDESTE;BRASIL;AMÉRICA DO SUL;DOMÉSTICA;REGULAR;1935;9;1558;0;0;4459769;3868065;483686;321197;93581;25987;13;3114442;0;0;2231;241967;36,9167;13999
AZU;AZUL LINHAS AÉREAS BRASILEIRAS S/A;BRASILEIRA;2026;1;SBRP;RIBEIRÃO PRETO;SP;SUDESTE;BRASIL;AMÉRICA DO SUL;SBRP;RIBEIRÃO PRETO;SP;SUDESTE;BRASIL;AMÉRICA DO SUL;DOMÉSTICA;IMPRODUTIVO;153;0;0;0;0;0;0;0;0;7861;0;3;0;0;0;304;33168;0,8;941
AZU;AZUL LINHAS AÉREAS BRASILEIRAS S/A;BRASILEIRA;2026;1;SBRP;RIBEIRÃO PRETO;SP;SUDESTE;BRASIL;AMÉRICA DO SUL;SBSG;SÃO GONÇALO DO AMARANTE;RN;NORDESTE;BRASIL;AMÉRICA DO SUL;DOMÉSTICA;REGULAR;1508;6;329;0;0;3775800;3272360;416936;270354;74885;21700;10;713930;0;0;1740;192139;29,8333;11160
AZU;AZUL LINHAS AÉREAS BRASILEIRAS S/A;BRASILEIRA;2026;1;SBRP;RIBEIRÃO PRETO;SP;SUDESTE;BRASIL;AMÉRICA DO SUL;SBSP;SÃO PAULO;SP;SUDESTE;BRASIL;AMÉRICA DO SUL;DOMÉSTICA;IMPRODUTIVO;0;0;0;0;0;0;0;0;0;2245;300;1;0;0;0;0;0;1,01667;0
AZU;AZUL LINHAS AÉREAS BRASILEIRAS S/A;BRASILEIRA;2026;1;SBRP;RIBEIRÃO PRETO;SP;SUDESTE;BRASIL;AMÉRICA DO SUL;SBSV;SALVADOR;BA;NORDESTE;BRASIL;AMÉRICA DO SUL;DOMÉSTICA;REGULAR;974;1;1580;0;0;2102184;1322692;223125;112020;44988;12222;9;2145640;0;0;1548;164307;18,8167;7862
AZU;AZUL LINHAS AÉREAS BRASILEIRAS S/A;BRASILEIRA;2026;1;SBRP;RIBEIRÃO PRETO;SP;SUDESTE;BRASIL;AMÉRICA DO SUL;SBUL;UBERLÂNDIA;MG;SUDESTE;BRASIL;AMÉRICA DO SUL;DOMÉSTICA;REGULAR;0;0;0;0;0;30090;0;2999;0;1708;255;1;0;0;0;118;11763;0,733333;0
AZU;AZUL LINHAS AÉREAS BRASILEIRAS S/A;BRASILEIRA;2026;1;SBSG;SÃO GONÇALO DO AMARANTE;RN;NORDESTE;BRASIL;AMÉRICA DO SUL;SBCF;CONFINS;MG;SUDESTE;BRASIL;AMÉRICA DO SUL;DOMÉSTICA;REGULAR;9213;134;31024;16;0;17204400;16583400;1850603;1437123;383500;99000;55;55843200;28800;0;9558;1028124;146,3;76415
AZU;AZUL LINHAS AÉREAS BRASILEIRAS S/A;BRASILEIRA;2026;1;SBSG;SÃO GONÇALO DO AMARANTE;RN;NORDESTE;BRASIL;AMÉRICA DO SUL;SBDN;PRESIDENTE PRUDENTE;SP;SUDESTE;BRASIL;AMÉRICA DO SUL;DOMÉSTICA;REGULAR;1481;17;2;18;0;3932226;3718791;412308;310513;85593;22599;9;5022;45198;0;1566;164203;32,6333;12586
AZU;AZUL LINHAS AÉREAS BRASILEIRAS S/A;BRASILEIRA;2026;1;SBSG;SÃO GONÇALO DO AMARANTE;RN;NORDESTE;BRASIL;AMÉRICA DO SUL;SBKP;CAMPINAS;SP;SUDESTE;BRASIL;AMÉRICA DO SUL;DOMÉSTICA;NÃO REGULAR;656;10;561;5;0;1560600;1505520;164986;128770;34926;11475;5;1287495;11475;0;680;71891;17,0167;6349
AZU;AZUL LINHAS AÉREAS BRASILEIRAS S/A;BRASILEIRA;2026;1;SBSG;SÃO GONÇALO DO AMARANTE;RN;NORDESTE;BRASIL;AMÉRICA DO SUL;SBKP;CAMPINAS;SP;SUDESTE;BRASIL;AMÉRICA DO SUL;DOMÉSTICA;REGULAR;5693;119;13257;72;0;13760820;13065435;1514955;1132671;312974;80325;35;30424815;165240;0;5996;660118;118,333;53315
AZU;AZUL LINHAS AÉREAS BRASILEIRAS S/A;BRASILEIRA;2026;1;SBSG;SÃO GONÇALO DO AMARANTE;RN;NORDESTE;BRASIL;AMÉRICA DO SUL;SBRF;RECIFE;PE;NORDESTE;BRASIL;AMÉRICA DO SUL;DOMÉSTICA;IMPRODUTIVO;0;0;0;0;0;0;0;0;0;1209;534;2;0;0;0;0;0;1,66667;0
AZU;AZUL LINHAS AÉREAS BRASILEIRAS S/A;BRASILEIRA;2026;1;SBSG;SÃO GONÇALO DO AMARANTE;RN;NORDESTE;BRASIL;AMÉRICA DO SUL;SBRF;RECIFE;PE;NORDESTE;BRASIL;AMÉRICA DO SUL;DOMÉSTICA;NÃO REGULAR;1964;76;6116;39;0;601284;524388;62778;45630;22702;8277;31;1632972;10413;0;2252;235167;28,9667;17552
AZU;AZUL LINHAS AÉREAS BRASILEIRAS S/A;BRASILEIRA;2026;1;SBSG;SÃO GONÇALO DO AMARANTE;RN;NORDESTE;BRASIL;AMÉRICA DO SUL;SBRF;RECIFE;PE;NORDESTE;BRASIL;AMÉRICA DO SUL;DOMÉSTICA;REGULAR;3735;99;3363;142;0;1074408;997245;110092;85483;41145;15486;58;897921;37914;0;4024;412416;54,3833;36793
AZU;AZUL LINHAS AÉREAS BRASILEIRAS S/A;BRASILEIRA;2026;1;SBSG;SÃO GONÇALO DO AMARANTE;RN;NORDESTE;BRASIL;AMÉRICA DO SUL;SBRP;RIBEIRÃO PRETO;SP;SUDESTE;BRASIL;AMÉRICA DO SUL;DOMÉSTICA;REGULAR;1679;0;0;0;0;3769290;3643430;406968;303335;84837;21700;10;0;0;0;1737;187545;32,4833;13863
AZU;AZUL LINHAS AÉREAS BRASILEIRAS S/A;BRASILEIRA;2026;1;SBSG;SÃO GONÇALO DO AMARANTE;RN;NORDESTE;BRASIL;AMÉRICA DO SUL;SBSG;SÃO GONÇALO DO AMARANTE;RN;NORDESTE;BRASIL;AMÉRICA DO SUL;DOMÉSTICA;IMPRODUTIVO;157;4;2;0;0;0;0;0;0;7447;0;2;0;0;0;246;25694;0,75;1195
AZU;AZUL LINHAS AÉREAS BRASILEIRAS S/A;BRASILEIRA;2026;1;SBSG;SÃO GONÇALO DO AMARANTE;RN;NORDESTE;BRASIL;AMÉRICA DO SUL;SBSP;SÃO PAULO;SP;SUDESTE;BRASIL;AMÉRICA DO SUL;DOMÉSTICA;REGULAR;5265;80;8778;9;0;12740168;12235860;1378916;1042505;289618;81340;35;20400072;20916;0;5482;593344;122,317;44937
AZU;AZUL LINHAS AÉREAS BRASILEIRAS S/A;BRASILEIRA;2026;1;SBSG;SÃO GONÇALO DO AMARANTE;RN;NORDESTE;BRASIL;AMÉRICA DO SUL;SBSR;SÃO JOSÉ DO RIO PRETO;SP;SUDESTE;BRASIL;AMÉRICA DO SUL;DOMÉSTICA;REGULAR;1553;2;0;0;0;3532896;3503568;379199;291517;78210;20304;9;0;0;0;1566;168087;29,4333;12745
AZU;AZUL LINHAS AÉREAS BRASILEIRAS S/A;BRASILEIRA;2026;1;SBSG;SÃO GONÇALO DO AMARANTE;RN;NORDESTE;BRASIL;AMÉRICA DO SUL;SBUL;UBERLÂNDIA;MG;SUDESTE;BRASIL;AMÉRICA DO SUL;DOMÉSTICA;REGULAR;1530;1;85;0;0;3138452;3086010;330003;256531;71651;18153;9;171445;0;0;1556;163613;26,9667;12352
AZU;AZUL LINHAS AÉREAS BRASILEIRAS S/A;BRASILEIRA;2026;1;SBSG;SÃO GONÇALO DO AMARANTE;RN;NORDESTE;BRASIL;AMÉRICA DO SUL;SBVT;VITÓRIA;ES;SUDESTE;BRASIL;AMÉRICA DO SUL;DOMÉSTICA;REGULAR;162;3;0;0;0;295104;274752;32312;22853;9796;1696;1;0;0;0;174;19052;3,91667;1325
AZU;AZUL LINHAS AÉREAS BRASILEIRAS S/A;BRASILEIRA;2026;1;SBSI;SINOP;MT;CENTRO-OESTE;BRASIL;AMÉRICA DO SUL;SBCT;SÃO JOSÉ DOS PINHAIS;PR;SUL;BRASIL;AMÉRICA DO SUL;DOMÉSTICA;REGULAR;144;0;192;0;0;273900;239040;26679;19863;8231;1660;1;318720;0;0;165;16072;3,23333;974
AZU;AZUL LINHAS AÉREAS BRASILEIRAS S/A;BRASILEIRA;2026;1;SBSI;SINOP;MT;CENTRO-OESTE;BRASIL;AMÉRICA DO SUL;SBCY;VÁRZEA GRANDE;MT;CENTRO-OESTE;BRASIL;AMÉRICA DO SUL;DOMÉSTICA;REGULAR;2748;11;531;79;0;1438200;1162404;140870;95089;51116;10575;25;224613;33417;0;3400;333056;25,7167;18200
AZU;AZUL LINHAS AÉREAS BRASILEIRAS S/A;BRASILEIRA;2026;1;SBSI;SINOP;MT;CENTRO-OESTE;BRASIL;AMÉRICA DO SUL;SBKP;CAMPINAS;SP;SUDESTE;BRASIL;AMÉRICA DO SUL;DOMÉSTICA;REGULAR;4240;41;4379;58;0;7608636;6470240;731147;543263;173250;44254;29;6682354;88508;0;4986;479137;69,0167;33635
AZU;AZUL LINHAS AÉREAS BRASILEIRAS S/A;BRASILEIRA;2026;1;SBSL;SÃO LUÍS;MA;NORDESTE;BRASIL;AMÉRICA DO SUL;SBBE;BELÉM;PA;NORTE;BRASIL;AMÉRICA DO SUL;DOMÉSTICA;REGULAR;4606;24;8068;48;0;2622480;2256940;278119;191876;90047;15190;31;3953320;23520;0;5352;567619;36,4667;38097
AZU;AZUL LINHAS AÉREAS BRASILEIRAS S/A;BRASILEIRA;2026;1;SBSL;SÃO LUÍS;MA;NORDESTE;BRASIL;AMÉRICA DO SUL;SBCF;CONFINS;MG;SUDESTE;BRASIL;AMÉRICA DO SUL;DOMÉSTICA;NÃO REGULAR;153;0;0;4;0;257720;147810;26257;12480;5986;1895;1;0;7580;0;136;13856;3,11667;1533
AZU;AZUL LINHAS AÉREAS BRASILEIRAS S/A;BRASILEIRA;2026;1;SBSL;SÃO LUÍS;MA;NORDESTE;BRASIL;AMÉRICA DO SUL;SBCF;CONFINS;MG;SUDESTE;BRASIL;AMÉRICA DO SUL;DOMÉSTICA;REGULAR;4359;56;1766;44;0;9006935;8260305;965114;703019;203611;54955;29;3346570;83380;0;4753;509303;82,4333;42303
AZU;AZUL LINHAS AÉREAS BRASILEIRAS S/A;BRASILEIRA;2026;1;SBSL;SÃO LUÍS;MA;NORDESTE;BRASIL;AMÉRICA DO SUL;SBCJ;PARAUAPEBAS;PA;NORTE;BRASIL;AMÉRICA DO SUL;DOMÉSTICA;NÃO REGULAR;767;0;0;10;0;652500;631500;57084;53498;19627;3750;5;0;7500;0;870;76115;7,68333;7386
AZU;AZUL LINHAS AÉREAS BRASILEIRAS S/A;BRASILEIRA;2026;1;SBSL;SÃO LUÍS;MA;NORDESTE;BRASIL;AMÉRICA DO SUL;SBCT;SÃO JOSÉ DOS PINHAIS;PR;SUL;BRASIL;AMÉRICA DO SUL;DOMÉSTICA;REGULAR;148;5;0;0;0;453444;385688;50837;31608;10544;2606;1;0;0;0;174;19508;4,08333;1029
AZU;AZUL LINHAS AÉREAS BRASILEIRAS S/A;BRASILEIRA;2026;1;SBSL;SÃO LUÍS;MA;NORDESTE;BRASIL;AMÉRICA DO SUL;SBIZ;IMPERATRIZ;MA;NORDESTE;BRASIL;AMÉRICA DO SUL;DOMÉSTICA;REGULAR;3127;13;32850;263;0;2408025;1516595;235737;135879;76954;14065;29;15932250;127555;0;4965;486083;30,4333;12809
AZU;AZUL LINHAS AÉREAS BRASILEIRAS S/A;BRASILEIRA;2026;1;SBSL;SÃO LUÍS;MA;NORDESTE;BRASIL;AMÉRICA DO SUL;SBKP;CAMPINAS;SP;SUDESTE;BRASIL;AMÉRICA DO SUL;DOMÉSTICA;REGULAR;4435;105;2097;53;0;11168916;10165020;1242257;857744;254636;66468;29;4806324;121476;0;4873;542004;98,2333;39518
AZU;AZUL LINHAS AÉREAS BRASILEIRAS S/A;BRASILEIRA;2026;1;SBSL;SÃO LUÍS;MA;NORDESTE;BRASIL;AMÉRICA DO SUL;SBRF;RECIFE;PE;NORDESTE;BRASIL;AMÉRICA DO SUL;DOMÉSTICA;REGULAR;8375;107;5430;151;0;11698941;10058375;1273328;837309;265481;68457;57;6521430;181351;0;9741;1060249;108,05;63642
AZU;AZUL LINHAS AÉREAS BRASILEIRAS S/A;BRASILEIRA;2026;1;SBSL;SÃO LUÍS;MA;NORDESTE;BRASIL;AMÉRICA DO SUL;SBRP;RIBEIRÃO PRETO;SP;SUDESTE;BRASIL;AMÉRICA DO SUL;DOMÉSTICA;REGULAR;159;7;0;0;0;365052;333582;38280;27498;9875;2098;1;0;0;0;174;18246;3,73333;1182
AZU;AZUL LINHAS AÉREAS BRASILEIRAS S/A;BRASILEIRA;2026;1;SBSL;SÃO LUÍS;MA;NORDESTE;BRASIL;AMÉRICA DO SUL;SBSL;SÃO LUÍS;MA;NORDESTE;BRASIL;AMÉRICA DO SUL;DOMÉSTICA;IMPRODUTIVO;264;7;771;10;0;0;0;0;0;13821;0;3;0;0;0;522;50807;3,13333;1637
AZU;AZUL LINHAS AÉREAS BRASILEIRAS S/A;BRASILEIRA;2026;1;SBSM;SANTA MARIA;RS;SUL;BRASIL;AMÉRICA DO SUL;SBPA;PORTO ALEGRE;RS;SUL;BRASIL;AMÉRICA DO SUL;DOMÉSTICA;REGULAR;556;26;688;128;0;206780;136220;20725;11817;7430;2940;12;168560;31360;0;844;84617;10,1167;5872
AZU;AZUL LINHAS AÉREAS BRASILEIRAS S/A;BRASILEIRA;2026;1;SBSN;SANTARÉM;PA;NORTE;BRASIL;AMÉRICA DO SUL;SBBE;BELÉM;PA;NORTE;BRASIL;AMÉRICA DO SUL;DOMÉSTICA;REGULAR;7826;84;15692;55;0;6117360;5556460;657126;473482;164510;36920;52;11141320;39050;0;8616;925565;71,0833;64270
AZU;AZUL LINHAS AÉREAS BRASILEIRAS S/A;BRASILEIRA;2026;1;SBSN;SANTARÉM;PA;NORTE;BRASIL;AMÉRICA DO SUL;SBEG;MANAUS;AM;NORTE;BRASIL;AMÉRICA DO SUL;DOMÉSTICA;NÃO REGULAR;59;2;0;2;0;42408;34751;3545;2827;1166;589;1;0;1178;0;72;6019;1,71667;376
AZU;AZUL LINHAS AÉREAS BRASILEIRAS S/A;BRASILEIRA;2026;1;SBSN;SANTARÉM;PA;NORTE;BRASIL;AMÉRICA DO SUL;SBEG;MANAUS;AM;NORTE;BRASIL;AMÉRICA DO SUL;DOMÉSTICA;REGULAR;2202;56;0;0;0;1360001;1228065;120399;102837;50395;12369;21;0;0;0;2309;204433;28,5333;19648
AZU;AZUL LINHAS AÉREAS BRASILEIRAS S/A;BRASILEIRA;2026;1;SBSN;SANTARÉM;PA;NORTE;BRASIL;AMÉRICA DO SUL;SBTB;ORIXIMINÁ;PA;NORTE;BRASIL;AMÉRICA DO SUL;DOMÉSTICA;REGULAR;90;2;2;3;0;111488;89232;9337;7918;4982;1664;8;416;624;0;536;44904;6,73333;1276
AZU;AZUL LINHAS AÉREAS BRASILEIRAS S/A;BRASILEIRA;2026;1;SBSO;SORRISO;MT;CENTRO-OESTE;BRASIL;AMÉRICA DO SUL;SBCY;VÁRZEA GRANDE;MT;CENTRO-OESTE;BRASIL;AMÉRICA DO SUL;DOMÉSTICA;REGULAR;2156;12;2164;14;0;1213800;769692;118450;64221;43984;8925;25;772548;4998;0;3400;331833;21,1667;16058
AZU;AZUL LINHAS AÉREAS BRASILEIRAS S/A;BRASILEIRA;2026;1;SBSP;SÃO PAULO;SP;SUDESTE;BRASIL;AMÉRICA DO SUL;SBAR;ARACAJU;SE;NORDESTE;BRASIL;AMÉRICA DO SUL;DOMÉSTICA;REGULAR;2495;32;2770;21;0;4716480;4326330;472086;362062;107345;34680;20;4803180;36414;0;2720;272258;53,9;18912
AZU;AZUL LINHAS AÉREAS BRASILEIRAS S/A;BRASILEIRA;2026;1;SBSP;SÃO PAULO;SP;SUDESTE;BRASIL;AMÉRICA DO SUL;SBBR;BRASÍLIA;DF;CENTRO-OESTE;BRASIL;AMÉRICA DO SUL;DOMÉSTICA;REGULAR;9685;110;23856;106;0;9687048;8445320;946331;694032;294997;72376;83;20802432;92432;0;11109;1085298;146,867;45729
AZU;AZUL LINHAS AÉREAS BRASILEIRAS S/A;BRASILEIRA;2026;1;SBSP;SÃO PAULO;SP;SUDESTE;BRASIL;AMÉRICA DO SUL;SBCF;CONFINS;MG;SUDESTE;BRASIL;AMÉRICA DO SUL;DOMÉSTICA;IMPRODUTIVO;0;0;0;0;0;0;0;0;0;1959;524;1;0;0;0;0;0;1,18333;0
AZU;AZUL LINHAS AÉREAS BRASILEIRAS S/A;BRASILEIRA;2026;1;SBSP;SÃO PAULO;SP;SUDESTE;BRASIL;AMÉRICA DO SUL;SBCF;CONFINS;MG;SUDESTE;BRASIL;AMÉRICA DO SUL;DOMÉSTICA;REGULAR;21083;552;53541;554;0;13851416;11047492;1385306;922172;561754;109516;209;28055484;290296;0;26434;2643920;261,683;125306
AZU;AZUL LINHAS AÉREAS BRASILEIRAS S/A;BRASILEIRA;2026;1;SBSP;SÃO PAULO;SP;SUDESTE;BRASIL;AMÉRICA DO SUL;SBCT;SÃO JOSÉ DOS PINHAIS;PR;SUL;BRASIL;AMÉRICA DO SUL;DOMÉSTICA;REGULAR;11655;284;23356;250;0;5298648;3857805;483592;314584;262618;43692;132;7730836;82750;0;16008;1461205;125,933;53117
AZU;AZUL LINHAS AÉREAS BRASILEIRAS S/A;BRASILEIRA;2026;1;SBSP;SÃO PAULO;SP;SUDESTE;BRASIL;AMÉRICA DO SUL;SBFI;FOZ DO IGUAÇU;PR;SUL;BRASIL;AMÉRICA DO SUL;DOMÉSTICA;REGULAR;7509;214;1697;202;0;7403778;6164889;715385;497611;214313;50081;61;1393237;165842;0;9018;871395;102,967;41271
AZU;AZUL LINHAS AÉREAS BRASILEIRAS S/A;BRASILEIRA;2026;1;SBSP;SÃO PAULO;SP;SUDESTE;BRASIL;AMÉRICA DO SUL;SBFZ;FORTALEZA;CE;NORDESTE;BRASIL;AMÉRICA DO SUL;DOMÉSTICA;REGULAR;4253;81;13380;27;0;11653803;10092369;1122520;866453;244790;83055;35;31750740;64071;0;4911;473046;119,417;32783
AZU;AZUL LINHAS AÉREAS BRASILEIRAS S/A;BRASILEIRA;2026;1;SBSP;SÃO PAULO;SP;SUDESTE;BRASIL;AMÉRICA DO SUL;SBIL;ILHÉUS;BA;NORDESTE;BRASIL;AMÉRICA DO SUL;DOMÉSTICA;REGULAR;3499;45;2725;85;0;5157120;4422736;486586;366956;122707;37920;30;3444400;107440;0;4080;384971;63,3333;25176
AZU;AZUL LINHAS AÉREAS BRASILEIRAS S/A;BRASILEIRA;2026;1;SBSP;SÃO PAULO;SP;SUDESTE;BRASIL;AMÉRICA DO SUL;SBJP;SANTA RITA;PB;NORDESTE;BRASIL;AMÉRICA DO SUL;DOMÉSTICA;REGULAR;3964;88;4942;85;0;9688224;8792152;1008835;732404;207775;68758;31;10961356;188530;0;4368;454847;101,183;27973
AZU;AZUL LINHAS AÉREAS BRASILEIRAS S/A;BRASILEIRA;2026;1;SBSP;SÃO PAULO;SP;SUDESTE;BRASIL;AMÉRICA DO SUL;SBKP;CAMPINAS;SP;SUDESTE;BRASIL;AMÉRICA DO SUL;DOMÉSTICA;IMPRODUTIVO;0;0;0;0;0;0;0;0;0;6930;420;5;0;0;0;0;0;3,35;0
AZU;AZUL LINHAS AÉREAS BRASILEIRAS S/A;BRASILEIRA;2026;1;SBSP;SÃO PAULO;SP;SUDESTE;BRASIL;AMÉRICA DO SUL;SBMO;RIO LARGO;AL;NORDESTE;BRASIL;AMÉRICA DO SUL;DOMÉSTICA;REGULAR;5601;71;6000;2;0;11497096;10910748;1194591;903007;248239;81816;42;11688000;3896;0;5902;613249;121,5;37491
AZU;AZUL LINHAS AÉREAS BRASILEIRAS S/A;BRASILEIRA;2026;1;SBSP;SÃO PAULO;SP;SUDESTE;BRASIL;AMÉRICA DO SUL;SBNF;NAVEGANTES;SC;SUL;BRASIL;AMÉRICA DO SUL;DOMÉSTICA;REGULAR;1717;27;469;10;0;799434;710838;74386;58282;39358;7038;17;194166;4140;0;1931;179702;17,7667;11557
AZU;AZUL LINHAS AÉREAS BRASILEIRAS S/A;BRASILEIRA;2026;1;SBSP;SÃO PAULO;SP;SUDESTE;BRASIL;AMÉRICA DO SUL;SBPA;PORTO ALEGRE;RS;SUL;BRASIL;AMÉRICA DO SUL;DOMÉSTICA;REGULAR;11829;225;17217;247;0;15482888;9912702;1641435;804362;421543;105588;126;14427846;206986;0;18476;1958817;204,1;55543
AZU;AZUL LINHAS AÉREAS BRASILEIRAS S/A;BRASILEIRA;2026;1;SBSP;SÃO PAULO;SP;SUDESTE;BRASIL;AMÉRICA DO SUL;SBPS;PORTO SEGURO;BA;NORDESTE;BRASIL;AMÉRICA DO SUL;DOMÉSTICA;REGULAR;3791;30;2234;0;0;4909632;4261084;508151;342418;119452;34844;31;2511016;0;0;4368;452106;59,8667;18099
AZU;AZUL LINHAS AÉREAS BRASILEIRAS S/A;BRASILEIRA;2026;1;SBSP;SÃO PAULO;SP;SUDESTE;BRASIL;AMÉRICA DO SUL;SBRF;RECIFE;PE;NORDESTE;BRASIL;AMÉRICA DO SUL;DOMÉSTICA;NÃO REGULAR;95;2;0;0;0;370446;202255;41128;17195;6984;2129;1;0;0;0;174;19318;2,96667;952
AZU;AZUL LINHAS AÉREAS BRASILEIRAS S/A;BRASILEIRA;2026;1;SBSP;SÃO PAULO;SP;SUDESTE;BRASIL;AMÉRICA DO SUL;SBRF;RECIFE;PE;NORDESTE;BRASIL;AMÉRICA DO SUL;DOMÉSTICA;REGULAR;23292;413;44770;273;0;55598835;49588668;5684628;4204317;1154793;334253;157;95315330;581217;0;26115;2670128;484,067;183151
AZU;AZUL LINHAS AÉREAS BRASILEIRAS S/A;BRASILEIRA;2026;1;SBSP;SÃO PAULO;SP;SUDESTE;BRASIL;AMÉRICA DO SUL;SBRJ;RIO DE JANEIRO;RJ;SUDESTE;BRASIL;AMÉRICA DO SUL;DOMÉSTICA;REGULAR;19921;407;4884;539;0;10064634;7291086;960440;578012;476933;84912;232;1787544;197274;0;27499;2624468;226,533;80626
AZU;AZUL LINHAS AÉREAS BRASILEIRAS S/A;BRASILEIRA;2026;1;SBSP;SÃO PAULO;SP;SUDESTE;BRASIL;AMÉRICA DO SUL;SBSG;SÃO GONÇALO DO AMARANTE;RN;NORDESTE;BRASIL;AMÉRICA DO SUL;DOMÉSTICA;REGULAR;4945;69;5155;0;0;12998132;11492180;1187042;959324;269982;83664;36;11980220;0;0;5593;510783;117,917;36767
AZU;AZUL LINHAS AÉREAS BRASILEIRAS S/A;BRASILEIRA;2026;1;SBSP;SÃO PAULO;SP;SUDESTE;BRASIL;AMÉRICA DO SUL;SBSP;SÃO PAULO;SP;SUDESTE;BRASIL;AMÉRICA DO SUL;DOMÉSTICA;IMPRODUTIVO;1058;20;781;0;0;0;0;0;0;41444;0;10;0;0;0;1418;136210;3,53333;7129
AZU;AZUL LINHAS AÉREAS BRASILEIRAS S/A;BRASILEIRA;2026;1;SBSP;SÃO PAULO;SP;SUDESTE;BRASIL;AMÉRICA DO SUL;SBSV;SALVADOR;BA;NORDESTE;BRASIL;AMÉRICA DO SUL;DOMÉSTICA;REGULAR;7558;129;18198;40;0;12479360;11185840;1286968;949690;292438;91760;62;26933040;59200;0;8432;869593;147,883;56656
AZU;AZUL LINHAS AÉREAS BRASILEIRAS S/A;BRASILEIRA;2026;1;SBSP;SÃO PAULO;SP;SUDESTE;BRASIL;AMÉRICA DO SUL;SBTC;UNA;BA;NORDESTE;BRASIL;AMÉRICA DO SUL;DOMÉSTICA;REGULAR;612;1;0;0;0;849120;746640;84952;66569;19570;4880;4;0;0;0;696;69634;8,01667;8666
AZU;AZUL LINHAS AÉREAS BRASILEIRAS S/A;BRASILEIRA;2026;1;SBSP;SÃO PAULO;SP;SUDESTE;BRASIL;AMÉRICA DO SUL;SBVT;VITÓRIA;ES;SUDESTE;BRASIL;AMÉRICA DO SUL;DOMÉSTICA;REGULAR;95;4;0;0;0;102816;71820;10856;5559;4414;756;1;0;0;0;136;14361;2,16667;229
AZU;AZUL LINHAS AÉREAS BRASILEIRAS S/A;BRASILEIRA;2026;1;SBSR;SÃO JOSÉ DO RIO PRETO;SP;SUDESTE;BRASIL;AMÉRICA DO SUL;SBCF;CONFINS;MG;SUDESTE;BRASIL;AMÉRICA DO SUL;DOMÉSTICA;IMPRODUTIVO;0;0;0;0;0;0;0;0;0;2278;582;1;0;0;0;0;0;1,08333;0
AZU;AZUL LINHAS AÉREAS BRASILEIRAS S/A;BRASILEIRA;2026;1;SBSR;SÃO JOSÉ DO RIO PRETO;SP;SUDESTE;BRASIL;AMÉRICA DO SUL;SBCF;CONFINS;MG;SUDESTE;BRASIL;AMÉRICA DO SUL;DOMÉSTICA;REGULAR;1193;26;1063;12;0;1070880;694326;96648;57221;35575;15132;26;618666;6984;0;1840;166083;44,7333;7802
AZU;AZUL LINHAS AÉREAS BRASILEIRAS S/A;BRASILEIRA;2026;1;SBSR;SÃO JOSÉ DO RIO PRETO;SP;SUDESTE;BRASIL;AMÉRICA DO SUL;SBCY;VÁRZEA GRANDE;MT;CENTRO-OESTE;BRASIL;AMÉRICA DO SUL;DOMÉSTICA;REGULAR;279;0;0;0;0;278160;254448;25441;21680;9009;4560;5;0;0;0;305;27898;12,2;2849
AZU;AZUL LINHAS AÉREAS BRASILEIRAS S/A;BRASILEIRA;2026;1;SBSR;SÃO JOSÉ DO RIO PRETO;SP;SUDESTE;BRASIL;AMÉRICA DO SUL;SBFZ;FORTALEZA;CE;NORDESTE;BRASIL;AMÉRICA DO SUL;DOMÉSTICA;REGULAR;737;0;0;0;0;1895500;1643510;187139;133969;37987;11150;5;0;0;0;850;83920;15,95;4802
AZU;AZUL LINHAS AÉREAS BRASILEIRAS S/A;BRASILEIRA;2026;1;SBSR;SÃO JOSÉ DO RIO PRETO;SP;SUDESTE;BRASIL;AMÉRICA DO SUL;SBGR;GUARULHOS;SP;SUDESTE;BRASIL;AMÉRICA DO SUL;DOMÉSTICA;IMPRODUTIVO;0;0;0;0;0;0;0;0;0;1720;420;1;0;0;0;0;0;1,03333;0
AZU;AZUL LINHAS AÉREAS BRASILEIRAS S/A;BRASILEIRA;2026;1;SBSR;SÃO JOSÉ DO RIO PRETO;SP;SUDESTE;BRASIL;AMÉRICA DO SUL;SBJP;SANTA RITA;PB;NORDESTE;BRASIL;AMÉRICA DO SUL;DOMÉSTICA;REGULAR;701;4;0;0;0;1891380;1523974;175966;123048;37462;10870;5;0;0;0;870;80942;15,6667;4026
AZU;AZUL LINHAS AÉREAS BRASILEIRAS S/A;BRASILEIRA;2026;1;SBSR;SÃO JOSÉ DO RIO PRETO;SP;SUDESTE;BRASIL;AMÉRICA DO SUL;SBKP;CAMPINAS;SP;SUDESTE;BRASIL;AMÉRICA DO SUL;DOMÉSTICA;NÃO REGULAR;353;16;0;0;0;229840;119314;22343;9363;8254;3042;9;0;0;0;680;66117;8,76667;1240
AZU;AZUL LINHAS AÉREAS BRASILEIRAS S/A;BRASILEIRA;2026;1;SBSR;SÃO JOSÉ DO RIO PRETO;SP;SUDESTE;BRASIL;AMÉRICA DO SUL;SBKP;CAMPINAS;SP;SUDESTE;BRASIL;AMÉRICA DO SUL;DOMÉSTICA;REGULAR;5732;254;3961;538;0;2617810;1937416;257083;161541;93926;35490;105;1338818;181844;0;7745;760779;113,55;44223
AZU;AZUL LINHAS AÉREAS BRASILEIRAS S/A;BRASILEIRA;2026;1;SBSR;SÃO JOSÉ DO RIO PRETO;SP;SUDESTE;BRASIL;AMÉRICA DO SUL;SBMO;RIO LARGO;AL;NORDESTE;BRASIL;AMÉRICA DO SUL;DOMÉSTICA;REGULAR;3279;1;15;24;0;7351575;6312075;693604;510364;150330;42350;22;28875;46200;0;3819;360318;60,65;19190
AZU;AZUL LINHAS AÉREAS BRASILEIRAS S/A;BRASILEIRA;2026;1;SBSR;SÃO JOSÉ DO RIO PRETO;SP;SUDESTE;BRASIL;AMÉRICA DO SUL;SBPS;PORTO SEGURO;BA;NORDESTE;BRASIL;AMÉRICA DO SUL;DOMÉSTICA;REGULAR;2368;5;0;0;0;3660632;2822656;369599;227011;84031;21456;18;0;0;0;3071;310073;34,9;12852
AZU;AZUL LINHAS AÉREAS BRASILEIRAS S/A;BRASILEIRA;2026;1;SBSR;SÃO JOSÉ DO RIO PRETO;SP;SUDESTE;BRASIL;AMÉRICA DO SUL;SBRF;RECIFE;PE;NORDESTE;BRASIL;AMÉRICA DO SUL;DOMÉSTICA;REGULAR;2108;11;656;168;0;4636800;4426800;438510;362604;96896;27300;13;1377600;352800;0;2208;208818;38,8667;13915
AZU;AZUL LINHAS AÉREAS BRASILEIRAS S/A;BRASILEIRA;2026;1;SBSR;SÃO JOSÉ DO RIO PRETO;SP;SUDESTE;BRASIL;AMÉRICA DO SUL;SBSG;SÃO GONÇALO DO AMARANTE;RN;NORDESTE;BRASIL;AMÉRICA DO SUL;DOMÉSTICA;REGULAR;1531;0;0;0;0;3499056;3453936;332089;279863;71181;20304;9;0;0;0;1551;147205;28,6;9230
AZU;AZUL LINHAS AÉREAS BRASILEIRAS S/A;BRASILEIRA;2026;1;SBSR;SÃO JOSÉ DO RIO PRETO;SP;SUDESTE;BRASIL;AMÉRICA DO SUL;SBSR;SÃO JOSÉ DO RIO PRETO;SP;SUDESTE;BRASIL;AMÉRICA DO SUL;DOMÉSTICA;IMPRODUTIVO;36;2;0;0;0;0;0;0;0;791;0;1;0;0;0;72;7234;0,1;189
AZU;AZUL LINHAS AÉREAS BRASILEIRAS S/A;BRASILEIRA;2026;1;SBSR;SÃO JOSÉ DO RIO PRETO;SP;SUDESTE;BRASIL;AMÉRICA DO SUL;SBSV;SALVADOR;BA;NORDESTE;BRASIL;AMÉRICA DO SUL;DOMÉSTICA;REGULAR;912;7;787;0;0;1868370;1340640;185585;111963;44402;13230;9;1156890;0;0;1271;126251;20,7333;6982
AZU;AZUL LINHAS AÉREAS BRASILEIRAS S/A;BRASILEIRA;2026;1;SBSV;SALVADOR;BA;NORDESTE;BRASIL;AMÉRICA DO SUL;SBAR;ARACAJU;SE;NORDESTE;BRASIL;AMÉRICA DO SUL;DOMÉSTICA;REGULAR;904;8;2401;80;0;472098;329153;47307;27473;17633;6831;27;607453;20240;0;1866;187022;24,9833;5330
AZU;AZUL LINHAS AÉREAS BRASILEIRAS S/A;BRASILEIRA;2026;1;SBSV;SALVADOR;BA;NORDESTE;BRASIL;AMÉRICA DO SUL;SBBH;BELO HORIZONTE;MG;SUDESTE;BRASIL;AMÉRICA DO SUL;DOMÉSTICA;IMPRODUTIVO;0;0;0;0;0;0;0;0;0;1958;978;1;0;0;0;0;0;2,78333;0
AZU;AZUL LINHAS AÉREAS BRASILEIRAS S/A;BRASILEIRA;2026;1;SBSV;SALVADOR;BA;NORDESTE;BRASIL;AMÉRICA DO SUL;SBCF;CONFINS;MG;SUDESTE;BRASIL;AMÉRICA DO SUL;DOMÉSTICA;NÃO REGULAR;1787;27;2048;0;0;1823040;1715520;194339;144888;47448;12480;13;1966080;0;0;1899;202442;21,5333;14859
AZU;AZUL LINHAS AÉREAS BRASILEIRAS S/A;BRASILEIRA;2026;1;SBSV;SALVADOR;BA;NORDESTE;BRASIL;AMÉRICA DO SUL;SBCF;CONFINS;MG;SUDESTE;BRASIL;AMÉRICA DO SUL;DOMÉSTICA;REGULAR;15952;230;14351;507;0;15672960;14672640;1685768;1230064;415033;100800;105;13776960;486720;0;16326;1756062;177,833;125742
AZU;AZUL LINHAS AÉREAS BRASILEIRAS S/A;BRASILEIRA;2026;1;SBSV;SALVADOR;BA;NORDESTE;BRASIL;AMÉRICA DO SUL;SBGO;GOIÂNIA;GO;CENTRO-OESTE;BRASIL;AMÉRICA DO SUL;DOMÉSTICA;REGULAR;1447;1;42;0;0;1933794;1797174;187221;148628;46626;11178;9;52164;0;0;1557;150746;18,4;11105
AZU;AZUL LINHAS AÉREAS BRASILEIRAS S/A;BRASILEIRA;2026;1;SBSV;SALVADOR;BA;NORDESTE;BRASIL;AMÉRICA DO SUL;SBIL;ILHÉUS;BA;NORDESTE;BRASIL;AMÉRICA DO SUL;DOMÉSTICA;IMPRODUTIVO;0;0;0;0;0;0;0;0;0;2031;450;2;0;0;0;0;0;1,86667;0
AZU;AZUL LINHAS AÉREAS BRASILEIRAS S/A;BRASILEIRA;2026;1;SBSV;SALVADOR;BA;NORDESTE;BRASIL;AMÉRICA DO SUL;SBIL;ILHÉUS;BA;NORDESTE;BRASIL;AMÉRICA DO SUL;DOMÉSTICA;REGULAR;321;3;6;0;0;109350;91350;10229;7653;4287;1575;7;1350;0;0;486;45481;6,31667;3109
AZU;AZUL LINHAS AÉREAS BRASILEIRAS S/A;BRASILEIRA;2026;1;SBSV;SALVADOR;BA;NORDESTE;BRASIL;AMÉRICA DO SUL;SBKP;CAMPINAS;SP;SUDESTE;BRASIL;AMÉRICA DO SUL;DOMÉSTICA;NÃO REGULAR;63;0;0;0;0;198288;91854;17510;7371;4404;1458;1;0;0;0;136;12010;2,35;331
AZU;AZUL LINHAS AÉREAS BRASILEIRAS S/A;BRASILEIRA;2026;1;SBSV;SALVADOR;BA;NORDESTE;BRASIL;AMÉRICA DO SUL;SBKP;CAMPINAS;SP;SUDESTE;BRASIL;AMÉRICA DO SUL;DOMÉSTICA;REGULAR;21607;537;12146;1686;0;34378182;31503006;3324112;2651804;858698;214326;147;17708868;2458188;0;23579;2279963;346,167;186172
AZU;AZUL LINHAS AÉREAS BRASILEIRAS S/A;BRASILEIRA;2026;1;SBSV;SALVADOR;BA;NORDESTE;BRASIL;AMÉRICA DO SUL;SBLE;LENÇÓIS;BA;NORDESTE;BRASIL;AMÉRICA DO SUL;DOMÉSTICA;REGULAR;461;3;5;54;0;178848;149364;16001;12474;6659;2592;8;1620;17496;0;552;49400;9,2;3927
AZU;AZUL LINHAS AÉREAS BRASILEIRAS S/A;BRASILEIRA;2026;1;SBSV;SALVADOR;BA;NORDESTE;BRASIL;AMÉRICA DO SUL;SBPS;PORTO SEGURO;BA;NORDESTE;BRASIL;AMÉRICA DO SUL;DOMÉSTICA;REGULAR;500;9;11;34;0;303156;262655;28651;22092;10315;4010;10;4411;13634;0;756;71461;12,5333;4437
AZU;AZUL LINHAS AÉREAS BRASILEIRAS S/A;BRASILEIRA;2026;1;SBSV;SALVADOR;BA;NORDESTE;BRASIL;AMÉRICA DO SUL;SBRF;RECIFE;PE;NORDESTE;BRASIL;AMÉRICA DO SUL;DOMÉSTICA;IMPRODUTIVO;0;0;0;0;0;0;0;0;0;4640;1947;3;0;0;0;0;0;4,8;0
AZU;AZUL LINHAS AÉREAS BRASILEIRAS S/A;BRASILEIRA;2026;1;SBSV;SALVADOR;BA;NORDESTE;BRASIL;AMÉRICA DO SUL;SBRF;RECIFE;PE;NORDESTE;BRASIL;AMÉRICA DO SUL;DOMÉSTICA;NÃO REGULAR;2818;55;1006;23;0;2010602;1828882;217121;148936;58506;14927;23;652894;14927;0;3098;334568;31,4833;17145
AZU;AZUL LINHAS AÉREAS BRASILEIRAS S/A;BRASILEIRA;2026;1;SBSV;SALVADOR;BA;NORDESTE;BRASIL;AMÉRICA DO SUL;SBRF;RECIFE;PE;NORDESTE;BRASIL;AMÉRICA DO SUL;DOMÉSTICA;REGULAR;13866;285;10813;289;0;10038732;8841976;1077900;724206;288130;73986;114;7017637;187561;0;15468;1660955;144,117;85413
AZU;AZUL LINHAS AÉREAS BRASILEIRAS S/A;BRASILEIRA;2026;1;SBSV;SALVADOR;BA;NORDESTE;BRASIL;AMÉRICA DO SUL;SBRP;RIBEIRÃO PRETO;SP;SUDESTE;BRASIL;AMÉRICA DO SUL;DOMÉSTICA;REGULAR;1370;8;27;68;0;2102184;1860460;201768;156863;51745;12222;9;36666;92344;0;1548;148580;20,3167;12736
AZU;AZUL LINHAS AÉREAS BRASILEIRAS S/A;BRASILEIRA;2026;1;SBSV;SALVADOR;BA;NORDESTE;BRASIL;AMÉRICA DO SUL;SBSP;SÃO PAULO;SP;SUDESTE;BRASIL;AMÉRICA DO SUL;DOMÉSTICA;REGULAR;7722;137;2235;73;0;12076800;11428560;1241494;951475;319930;88800;60;3307800;108040;0;8160;838868;158,483;61523
AZU;AZUL LINHAS AÉREAS BRASILEIRAS S/A;BRASILEIRA;2026;1;SBSV;SALVADOR;BA;NORDESTE;BRASIL;AMÉRICA DO SUL;SBSR;SÃO JOSÉ DO RIO PRETO;SP;SUDESTE;BRASIL;AMÉRICA DO SUL;DOMÉSTICA;REGULAR;1235;3;23;0;0;2022720;1815450;197068;152013;49058;13230;9;33810;0;0;1376;134063;21,1833;10766
AZU;AZUL LINHAS AÉREAS BRASILEIRAS S/A;BRASILEIRA;2026;1;SBSV;SALVADOR;BA;NORDESTE;BRASIL;AMÉRICA DO SUL;SBSV;SALVADOR;BA;NORDESTE;BRASIL;AMÉRICA DO SUL;DOMÉSTICA;IMPRODUTIVO;265;1;0;0;0;0;0;0;0;6005;0;3;0;0;0;312;31915;0,766667;2357
AZU;AZUL LINHAS AÉREAS BRASILEIRAS S/A;BRASILEIRA;2026;1;SBSV;SALVADOR;BA;NORDESTE;BRASIL;AMÉRICA DO SUL;SBUL;UBERLÂNDIA;MG;SUDESTE;BRASIL;AMÉRICA DO SUL;DOMÉSTICA;REGULAR;1403;1;281;10;0;1935000;1753750;205329;146349;47506;11250;9;351250;12500;0;1548;164267;18,5167;11576
AZU;AZUL LINHAS AÉREAS BRASILEIRAS S/A;BRASILEIRA;2026;1;SBSV;SALVADOR;BA;NORDESTE;BRASIL;AMÉRICA DO SUL;SBVC;VITÓRIA DA CONQUISTA;BA;NORDESTE;BRASIL;AMÉRICA DO SUL;DOMÉSTICA;REGULAR;551;3;1;42;0;320586;287742;30404;23973;12055;4641;13;357;14994;0;898;85186;15,9;4656
AZU;AZUL LINHAS AÉREAS BRASILEIRAS S/A;BRASILEIRA;2026;1;SBSV;SALVADOR;BA;NORDESTE;BRASIL;AMÉRICA DO SUL;SNBR;BARREIRAS;BA;NORDESTE;BRASIL;AMÉRICA DO SUL;DOMÉSTICA;REGULAR;536;1;178;27;0;609024;545340;52092;46652;18959;8784;12;130296;19764;0;832;71173;24,5;5898
AZU;AZUL LINHAS AÉREAS BRASILEIRAS S/A;BRASILEIRA;2026;1;SBSV;SALVADOR;BA;NORDESTE;BRASIL;AMÉRICA DO SUL;SNGI;GUANAMBI;BA;NORDESTE;BRASIL;AMÉRICA DO SUL;DOMÉSTICA;REGULAR;375;1;0;14;0;422500;305000;30932;25042;14972;6500;13;0;7000;0;845;61871;21,2;2728
AZU;AZUL LINHAS AÉREAS BRASILEIRAS S/A;BRASILEIRA;2026;1;SBTB;ORIXIMINÁ;PA;NORTE;BRASIL;AMÉRICA DO SUL;SBEG;MANAUS;AM;NORTE;BRASIL;AMÉRICA DO SUL;DOMÉSTICA;REGULAR;274;0;2;3;0;247842;172431;22202;14746;7992;3528;8;882;1323;0;562;50354;10,85;2712
AZU;AZUL LINHAS AÉREAS BRASILEIRAS S/A;BRASILEIRA;2026;1;SBTB;ORIXIMINÁ;PA;NORTE;BRASIL;AMÉRICA DO SUL;SBSN;SANTARÉM;PA;NORTE;BRASIL;AMÉRICA DO SUL;DOMÉSTICA;REGULAR;11;3;0;0;0;72800;32864;6675;2816;2701;1040;5;0;0;0;350;32103;3,36667;56
AZU;AZUL LINHAS AÉREAS BRASILEIRAS S/A;BRASILEIRA;2026;1;SBTC;UNA;BA;NORDESTE;BRASIL;AMÉRICA DO SUL;SBCF;CONFINS;MG;SUDESTE;BRASIL;AMÉRICA DO SUL;DOMÉSTICA;REGULAR;649;0;0;0;0;494160;460790;48276;40743;13372;2840;4;0;0;0;696;67997;5,38333;8713
AZU;AZUL LINHAS AÉREAS BRASILEIRAS S/A;BRASILEIRA;2026;1;SBTC;UNA;BA;NORDESTE;BRASIL;AMÉRICA DO SUL;SBSP;SÃO PAULO;SP;SUDESTE;BRASIL;AMÉRICA DO SUL;DOMÉSTICA;REGULAR;584;0;0;0;0;780800;712480;75828;64474;21633;4880;4;0;0;0;640;62155;8,66667;9049
AZU;AZUL LINHAS AÉREAS BRASILEIRAS S/A;BRASILEIRA;2026;1;SBTE;TERESINA;PI;NORDESTE;BRASIL;AMÉRICA DO SUL;SBCF;CONFINS;MG;SUDESTE;BRASIL;AMÉRICA DO SUL;DOMÉSTICA;NÃO REGULAR;95;1;0;0;0;180264;154280;14162;12543;6396;1624;1;0;0;0;111;8721;2,58333;599
AZU;AZUL LINHAS AÉREAS BRASILEIRAS S/A;BRASILEIRA;2026;1;SBTE;TERESINA;PI;NORDESTE;BRASIL;AMÉRICA DO SUL;SBCF;CONFINS;MG;SUDESTE;BRASIL;AMÉRICA DO SUL;DOMÉSTICA;REGULAR;4227;40;710;28;0;7595448;6864648;796533;572829;178326;50344;31;1153040;45472;0;4677;490485;79,8667;35002
AZU;AZUL LINHAS AÉREAS BRASILEIRAS S/A;BRASILEIRA;2026;1;SBTE;TERESINA;PI;NORDESTE;BRASIL;AMÉRICA DO SUL;SBKP;CAMPINAS;SP;SUDESTE;BRASIL;AMÉRICA DO SUL;DOMÉSTICA;REGULAR;4668;106;3243;96;0;10330112;9560064;1140145;819461;234824;61440;30;6641664;196608;0;5044;556718;91,2167;46792
AZU;AZUL LINHAS AÉREAS BRASILEIRAS S/A;BRASILEIRA;2026;1;SBTE;TERESINA;PI;NORDESTE;BRASIL;AMÉRICA DO SUL;SBRF;RECIFE;PE;NORDESTE;BRASIL;AMÉRICA DO SUL;DOMÉSTICA;REGULAR;3219;87;4887;58;0;3440664;3016203;370971;254461;89433;25299;27;4579119;54346;0;3672;395929;45,4;25278
AZU;AZUL LINHAS AÉREAS BRASILEIRAS S/A;BRASILEIRA;2026;1;SBTF;TEFÉ;AM;NORTE;BRASIL;AMÉRICA DO SUL;SBEG;MANAUS;AM;NORTE;BRASIL;AMÉRICA DO SUL;DOMÉSTICA;REGULAR;870;26;394;14;0;797680;452400;73739;38363;32011;6760;13;204880;7280;0;1534;141817;13,0833;8146
AZU;AZUL LINHAS AÉREAS BRASILEIRAS S/A;BRASILEIRA;2026;1;SBTT;TABATINGA;AM;NORTE;BRASIL;AMÉRICA DO SUL;SBEG;MANAUS;AM;NORTE;BRASIL;AMÉRICA DO SUL;DOMÉSTICA;NÃO REGULAR;59;1;1;0;0;77350;65195;6100;5721;2440;1105;1;1105;0;0;70;5521;2,71667;752
AZU;AZUL LINHAS AÉREAS BRASILEIRAS S/A;BRASILEIRA;2026;1;SBTT;TABATINGA;AM;NORTE;BRASIL;AMÉRICA DO SUL;SBEG;MANAUS;AM;NORTE;BRASIL;AMÉRICA DO SUL;DOMÉSTICA;REGULAR;3037;22;1160;0;0;4860895;3355885;441546;282753;161950;49725;45;1281800;0;0;4399;399609;92,4166;26968
AZU;AZUL LINHAS AÉREAS BRASILEIRAS S/A;BRASILEIRA;2026;1;SBUA;SÃO GABRIEL DA CACHOEIRA;AM;NORTE;BRASIL;AMÉRICA DO SUL;SBBV;BOA VISTA;RR;NORTE;BRASIL;AMÉRICA DO SUL;DOMÉSTICA;REGULAR;114;0;0;0;0;91450;88350;8642;7381;6771;775;1;0;0;0;118;11152;2,65;974
AZU;AZUL LINHAS AÉREAS BRASILEIRAS S/A;BRASILEIRA;2026;1;SBUA;SÃO GABRIEL DA CACHOEIRA;AM;NORTE;BRASIL;AMÉRICA DO SUL;SBEG;MANAUS;AM;NORTE;BRASIL;AMÉRICA DO SUL;DOMÉSTICA;REGULAR;1164;9;13;0;0;1182360;971940;107888;82553;43559;10020;12;10855;0;0;1416;129213;16,7667;11561
AZU;AZUL LINHAS AÉREAS BRASILEIRAS S/A;BRASILEIRA;2026;1;SBUG;URUGUAIANA;RS;SUL;BRASIL;AMÉRICA DO SUL;SBPA;PORTO ALEGRE;RS;SUL;BRASIL;AMÉRICA DO SUL;DOMÉSTICA;REGULAR;1007;14;732;0;0;644674;569962;57585;48220;19333;9622;17;414312;0;0;1139;101758;26,5667;8952
AZU;AZUL LINHAS AÉREAS BRASILEIRAS S/A;BRASILEIRA;2026;1;SBUL;UBERLÂNDIA;MG;SUDESTE;BRASIL;AMÉRICA DO SUL;SBCF;CONFINS;MG;SUDESTE;BRASIL;AMÉRICA DO SUL;DOMÉSTICA;IMPRODUTIVO;0;0;0;0;0;0;0;0;0;806;454;1;0;0;0;0;0;1,3;0
AZU;AZUL LINHAS AÉREAS BRASILEIRAS S/A;BRASILEIRA;2026;1;SBUL;UBERLÂNDIA;MG;SUDESTE;BRASIL;AMÉRICA DO SUL;SBCF;CONFINS;MG;SUDESTE;BRASIL;AMÉRICA DO SUL;DOMÉSTICA;REGULAR;6847;107;12246;141;0;3643350;3108538;362400;261911;119534;50848;112;5559684;64014;0;8025;798373;147,983;51245
AZU;AZUL LINHAS AÉREAS BRASILEIRAS S/A;BRASILEIRA;2026;1;SBUL;UBERLÂNDIA;MG;SUDESTE;BRASIL;AMÉRICA DO SUL;SBFZ;FORTALEZA;CE;NORDESTE;BRASIL;AMÉRICA DO SUL;DOMÉSTICA;REGULAR;1450;3;535;0;0;3069684;2875350;272444;238406;64965;17847;9;1060905;0;0;1548;137391;25,1667;10942
AZU;AZUL LINHAS AÉREAS BRASILEIRAS S/A;BRASILEIRA;2026;1;SBUL;UBERLÂNDIA;MG;SUDESTE;BRASIL;AMÉRICA DO SUL;SBJP;SANTA RITA;PB;NORDESTE;BRASIL;AMÉRICA DO SUL;DOMÉSTICA;REGULAR;1464;0;0;0;0;3038040;2840160;338019;232141;61535;17460;9;0;0;0;1566;174239;25,0333;9862
AZU;AZUL LINHAS AÉREAS BRASILEIRAS S/A;BRASILEIRA;2026;1;SBUL;UBERLÂNDIA;MG;SUDESTE;BRASIL;AMÉRICA DO SUL;SBKP;CAMPINAS;SP;SUDESTE;BRASIL;AMÉRICA DO SUL;DOMÉSTICA;IMPRODUTIVO;0;0;0;0;0;0;0;0;0;2131;472;1;0;0;0;0;0;1,03333;0
AZU;AZUL LINHAS AÉREAS BRASILEIRAS S/A;BRASILEIRA;2026;1;SBUL;UBERLÂNDIA;MG;SUDESTE;BRASIL;AMÉRICA DO SUL;SBKP;CAMPINAS;SP;SUDESTE;BRASIL;AMÉRICA DO SUL;DOMÉSTICA;NÃO REGULAR;535;7;0;13;0;354000;252520;34881;20535;14240;3776;8;0;6136;0;750;73909;10,1333;3390
AZU;AZUL LINHAS AÉREAS BRASILEIRAS S/A;BRASILEIRA;2026;1;SBUL;UBERLÂNDIA;MG;SUDESTE;BRASIL;AMÉRICA DO SUL;SBKP;CAMPINAS;SP;SUDESTE;BRASIL;AMÉRICA DO SUL;DOMÉSTICA;REGULAR;7220;169;6478;300;0;4397624;3407840;444361;284386;171741;44368;94;3057616;141600;0;9317;941542;121;54636
AZU;AZUL LINHAS AÉREAS BRASILEIRAS S/A;BRASILEIRA;2026;1;SBUL;UBERLÂNDIA;MG;SUDESTE;BRASIL;AMÉRICA DO SUL;SBMO;RIO LARGO;AL;NORDESTE;BRASIL;AMÉRICA DO SUL;DOMÉSTICA;NÃO REGULAR;146;1;0;0;0;295278;247762;32446;20253;6123;1697;1;0;0;0;174;19120;2,36667;985
AZU;AZUL LINHAS AÉREAS BRASILEIRAS S/A;BRASILEIRA;2026;1;SBUL;UBERLÂNDIA;MG;SUDESTE;BRASIL;AMÉRICA DO SUL;SBMO;RIO LARGO;AL;NORDESTE;BRASIL;AMÉRICA DO SUL;DOMÉSTICA;REGULAR;2577;3;124;196;0;4761782;4373169;527595;358957;100272;28849;17;210428;332612;0;2806;310903;42,9;18130
AZU;AZUL LINHAS AÉREAS BRASILEIRAS S/A;BRASILEIRA;2026;1;SBUL;UBERLÂNDIA;MG;SUDESTE;BRASIL;AMÉRICA DO SUL;SBPS;PORTO SEGURO;BA;NORDESTE;BRASIL;AMÉRICA DO SUL;DOMÉSTICA;REGULAR;2824;1;0;0;0;2939532;2840944;310357;232091;73536;17102;17;0;0;0;2922;308515;28,3167;18915
AZU;AZUL LINHAS AÉREAS BRASILEIRAS S/A;BRASILEIRA;2026;1;SBUL;UBERLÂNDIA;MG;SUDESTE;BRASIL;AMÉRICA DO SUL;SBRF;RECIFE;PE;NORDESTE;BRASIL;AMÉRICA DO SUL;DOMÉSTICA;REGULAR;2104;5;769;33;0;4194036;3932376;440617;324468;88589;24297;13;1437261;61677;0;2244;235753;34,6333;15040
AZU;AZUL LINHAS AÉREAS BRASILEIRAS S/A;BRASILEIRA;2026;1;SBUL;UBERLÂNDIA;MG;SUDESTE;BRASIL;AMÉRICA DO SUL;SBSG;SÃO GONÇALO DO AMARANTE;RN;NORDESTE;BRASIL;AMÉRICA DO SUL;DOMÉSTICA;REGULAR;1473;5;15;0;0;3140469;2971041;268055;243046;66112;18153;9;30255;0;0;1557;132900;25,1667;10011
AZU;AZUL LINHAS AÉREAS BRASILEIRAS S/A;BRASILEIRA;2026;1;SBUL;UBERLÂNDIA;MG;SUDESTE;BRASIL;AMÉRICA DO SUL;SBSV;SALVADOR;BA;NORDESTE;BRASIL;AMÉRICA DO SUL;DOMÉSTICA;REGULAR;1011;1;313;0;0;1935000;1263750;206611;104350;42185;11250;9;391250;0;0;1548;165291;18,0167;7345
AZU;AZUL LINHAS AÉREAS BRASILEIRAS S/A;BRASILEIRA;2026;1;SBUL;UBERLÂNDIA;MG;SUDESTE;BRASIL;AMÉRICA DO SUL;SBUL;UBERLÂNDIA;MG;SUDESTE;BRASIL;AMÉRICA DO SUL;DOMÉSTICA;IMPRODUTIVO;115;1;0;0;0;0;0;0;0;2203;0;1;0;0;0;136;14869;0,183333;878
AZU;AZUL LINHAS AÉREAS BRASILEIRAS S/A;BRASILEIRA;2026;1;SBUR;UBERABA;MG;SUDESTE;BRASIL;AMÉRICA DO SUL;SBCF;CONFINS;MG;SUDESTE;BRASIL;AMÉRICA DO SUL;DOMÉSTICA;REGULAR;1664;24;1890;34;0;909568;695552;88865;58153;31754;12540;30;790020;14212;0;2176;212630;37,5833;12467
AZU;AZUL LINHAS AÉREAS BRASILEIRAS S/A;BRASILEIRA;2026;1;SBUY;COARI;AM;NORTE;BRASIL;AMÉRICA DO SUL;SBEG;MANAUS;AM;NORTE;BRASIL;AMÉRICA DO SUL;DOMÉSTICA;NÃO REGULAR;1959;0;223;0;0;1657180;1220457;128360;94244;49139;23674;38;138929;0;0;2660;206067;63,3833;4159
AZU;AZUL LINHAS AÉREAS BRASILEIRAS S/A;BRASILEIRA;2026;1;SBVC;VITÓRIA DA CONQUISTA;BA;NORDESTE;BRASIL;AMÉRICA DO SUL;SBAR;ARACAJU;SE;NORDESTE;BRASIL;AMÉRICA DO SUL;DOMÉSTICA;REGULAR;51;3;0;0;0;;;;;;;;;;;;;;251
AZU;AZUL LINHAS AÉREAS BRASILEIRAS S/A;BRASILEIRA;2026;1;SBVC;VITÓRIA DA CONQUISTA;BA;NORDESTE;BRASIL;AMÉRICA DO SUL;SBCF;CONFINS;MG;SUDESTE;BRASIL;AMÉRICA DO SUL;DOMÉSTICA;REGULAR;3135;86;3018;48;0;2658036;2060163;268547;171655;83197;24063;39;1862106;29616;0;4308;435277;53,4667;23248
AZU;AZUL LINHAS AÉREAS BRASILEIRAS S/A;BRASILEIRA;2026;1;SBVC;VITÓRIA DA CONQUISTA;BA;NORDESTE;BRASIL;AMÉRICA DO SUL;SBRF;RECIFE;PE;NORDESTE;BRASIL;AMÉRICA DO SUL;DOMÉSTICA;REGULAR;32;0;0;0;0;;;;;;;;;;;;;;382
AZU;AZUL LINHAS AÉREAS BRASILEIRAS S/A;BRASILEIRA;2026;1;SBVC;VITÓRIA DA CONQUISTA;BA;NORDESTE;BRASIL;AMÉRICA DO SUL;SBSV;SALVADOR;BA;NORDESTE;BRASIL;AMÉRICA DO SUL;DOMÉSTICA;REGULAR;584;7;845;39;0;323442;288456;32188;24403;10949;4641;13;301665;13923;0;906;90178;15,2667;4928
AZU;AZUL LINHAS AÉREAS BRASILEIRAS S/A;BRASILEIRA;2026;1;SBVH;VILHENA;RO;NORTE;BRASIL;AMÉRICA DO SUL;SBKP;CAMPINAS;SP;SUDESTE;BRASIL;AMÉRICA DO SUL;DOMÉSTICA;REGULAR;1011;14;846;127;0;2186064;1805646;224945;155514;49736;16074;9;1510956;226822;0;1224;125952;23,9;10406
AZU;AZUL LINHAS AÉREAS BRASILEIRAS S/A;BRASILEIRA;2026;1;SBVT;VITÓRIA;ES;SUDESTE;BRASIL;AMÉRICA DO SUL;SBCF;CONFINS;MG;SUDESTE;BRASIL;AMÉRICA DO SUL;DOMÉSTICA;NÃO REGULAR;1484;80;14501;0;0;1184624;581728;120888;52976;47397;9016;23;5684392;0;0;3022;308414;21,8833;9376
AZU;AZUL LINHAS AÉREAS BRASILEIRAS S/A;BRASILEIRA;2026;1;SBVT;VITÓRIA;ES;SUDESTE;BRASIL;AMÉRICA DO SUL;SBCF;CONFINS;MG;SUDESTE;BRASIL;AMÉRICA DO SUL;DOMÉSTICA;REGULAR;10891;261;54580;126;0;4952136;4269272;508379;375632;221025;38416;98;21395360;49392;0;12633;1297013;97,3833;86954
AZU;AZUL LINHAS AÉREAS BRASILEIRAS S/A;BRASILEIRA;2026;1;SBVT;VITÓRIA;ES;SUDESTE;BRASIL;AMÉRICA DO SUL;SBKP;CAMPINAS;SP;SUDESTE;BRASIL;AMÉRICA DO SUL;DOMÉSTICA;NÃO REGULAR;1162;28;15655;73;0;1030827;895902;129119;85033;36990;7710;10;12070005;56283;0;1337;167475;16,1167;7491
AZU;AZUL LINHAS AÉREAS BRASILEIRAS S/A;BRASILEIRA;2026;1;SBVT;VITÓRIA;ES;SUDESTE;BRASIL;AMÉRICA DO SUL;SBKP;CAMPINAS;SP;SUDESTE;BRASIL;AMÉRICA DO SUL;DOMÉSTICA;REGULAR;12985;289;94612;4098;0;10979811;10011435;1214931;908754;336401;65535;85;72945852;3159558;0;14241;1575835;134,45;110238
AZU;AZUL LINHAS AÉREAS BRASILEIRAS S/A;BRASILEIRA;2026;1;SBVT;VITÓRIA;ES;SUDESTE;BRASIL;AMÉRICA DO SUL;SBRF;RECIFE;PE;NORDESTE;BRASIL;AMÉRICA DO SUL;DOMÉSTICA;IMPRODUTIVO;0;0;0;0;0;0;0;0;0;4716;1467;1;0;0;0;0;0;2,13333;0
AZU;AZUL LINHAS AÉREAS BRASILEIRAS S/A;BRASILEIRA;2026;1;SBVT;VITÓRIA;ES;SUDESTE;BRASIL;AMÉRICA DO SUL;SBRF;RECIFE;PE;NORDESTE;BRASIL;AMÉRICA DO SUL;DOMÉSTICA;REGULAR;4591;49;22744;78;0;7612263;6734997;825924;586718;165016;44010;30;33365448;114426;0;5189;563012;65,3;32885
AZU;AZUL LINHAS AÉREAS BRASILEIRAS S/A;BRASILEIRA;2026;1;SBVT;VITÓRIA;ES;SUDESTE;BRASIL;AMÉRICA DO SUL;SBRP;RIBEIRÃO PRETO;SP;SUDESTE;BRASIL;AMÉRICA DO SUL;DOMÉSTICA;REGULAR;0;0;0;0;0;136590;0;15439;0;5058;785;1;0;0;0;174;19668;1,95;0
AZU;AZUL LINHAS AÉREAS BRASILEIRAS S/A;BRASILEIRA;2026;1;SBVT;VITÓRIA;ES;SUDESTE;BRASIL;AMÉRICA DO SUL;SBVT;VITÓRIA;ES;SUDESTE;BRASIL;AMÉRICA DO SUL;DOMÉSTICA;IMPRODUTIVO;125;1;0;0;0;0;0;0;0;2138;0;1;0;0;0;136;13726;1,66667;541
AZU;AZUL LINHAS AÉREAS BRASILEIRAS S/A;BRASILEIRA;2026;1;SBZM;GOIANÁ;MG;SUDESTE;BRASIL;AMÉRICA DO SUL;SBKP;CAMPINAS;SP;SUDESTE;BRASIL;AMÉRICA DO SUL;DOMÉSTICA;REGULAR;1579;39;2489;86;0;880440;694760;88980;57720;32905;13200;30;1095160;37840;0;2001;202264;42,5;10299
AZU;AZUL LINHAS AÉREAS BRASILEIRAS S/A;BRASILEIRA;2026;1;SCEL;SANTIAGO;;;CHILE;AMÉRICA DO SUL;SBKP;CAMPINAS;SP;SUDESTE;BRASIL;AMÉRICA DO SUL;INTERNACIONAL;REGULAR;0;0;93364;0;0;0;0;254314;240971;53810;10324;4;240972480;0;0;0;98534;14,5833;0
AZU;AZUL LINHAS AÉREAS BRASILEIRAS S/A;BRASILEIRA;2026;1;SGAS;ASUNCIÓN;;;PARAGUAI;AMÉRICA DO SUL;SBCT;SÃO JOSÉ DOS PINHAIS;PR;SUL;BRASIL;AMÉRICA DO SUL;INTERNACIONAL;REGULAR;1097;3;0;0;0;1026936;920383;105526;76460;26797;7551;9;0;0;0;1224;125781;13,0167;8862
AZU;AZUL LINHAS AÉREAS BRASILEIRAS S/A;BRASILEIRA;2026;1;SNBR;BARREIRAS;BA;NORDESTE;BRASIL;AMÉRICA DO SUL;SBCF;CONFINS;MG;SUDESTE;BRASIL;AMÉRICA DO SUL;DOMÉSTICA;NÃO REGULAR;45;0;0;0;0;60912;38070;5054;3092;1515;846;1;0;0;0;72;5974;1,95;280
AZU;AZUL LINHAS AÉREAS BRASILEIRAS S/A;BRASILEIRA;2026;1;SNBR;BARREIRAS;BA;NORDESTE;BRASIL;AMÉRICA DO SUL;SBCF;CONFINS;MG;SUDESTE;BRASIL;AMÉRICA DO SUL;DOMÉSTICA;REGULAR;1104;25;313;36;0;1704690;1110798;144270;92138;47640;24534;29;264798;30456;0;2015;170547;64,4333;8351
AZU;AZUL LINHAS AÉREAS BRASILEIRAS S/A;BRASILEIRA;2026;1;SNBR;BARREIRAS;BA;NORDESTE;BRASIL;AMÉRICA DO SUL;SBGL;RIO DE JANEIRO;RJ;SUDESTE;BRASIL;AMÉRICA DO SUL;DOMÉSTICA;REGULAR;0;0;79;0;0;86976;0;6861;95;2759;1208;1;95432;0;0;72;5680;3,6;0
AZU;AZUL LINHAS AÉREAS BRASILEIRAS S/A;BRASILEIRA;2026;1;SNBR;BARREIRAS;BA;NORDESTE;BRASIL;AMÉRICA DO SUL;SBSV;SALVADOR;BA;NORDESTE;BRASIL;AMÉRICA DO SUL;DOMÉSTICA;REGULAR;505;8;543;12;0;559248;492636;50972;41127;16318;8052;11;397476;8784;0;764;69642;21,4667;4109
AZU;AZUL LINHAS AÉREAS BRASILEIRAS S/A;BRASILEIRA;2026;1;SNGI;GUANAMBI;BA;NORDESTE;BRASIL;AMÉRICA DO SUL;SBCF;CONFINS;MG;SUDESTE;BRASIL;AMÉRICA DO SUL;DOMÉSTICA;REGULAR;678;27;0;14;0;723184;562408;58510;46629;21672;10472;17;0;8624;0;1174;94996;27,2167;5625
AZU;AZUL LINHAS AÉREAS BRASILEIRAS S/A;BRASILEIRA;2026;1;SNGI;GUANAMBI;BA;NORDESTE;BRASIL;AMÉRICA DO SUL;SBSV;SALVADOR;BA;NORDESTE;BRASIL;AMÉRICA DO SUL;DOMÉSTICA;REGULAR;422;12;0;0;0;449000;317000;36718;25876;13404;6500;13;0;0;0;898;73441;18,8;2731
AZU;AZUL LINHAS AÉREAS BRASILEIRAS S/A;BRASILEIRA;2026;1;SSKW;CACOAL;RO;NORTE;BRASIL;AMÉRICA DO SUL;SBKP;CAMPINAS;SP;SUDESTE;BRASIL;AMÉRICA DO SUL;DOMÉSTICA;REGULAR;943;13;807;0;0;2159680;1871855;224164;161309;48597;15880;8;1601895;0;0;1088;112931;23,1833;9734
AZU;AZUL LINHAS AÉREAS BRASILEIRAS S/A;BRASILEIRA;2026;1;SULS;MALDONADO/PUNTA DEL ESTE, MALDONADO;;;URUGUAI;AMÉRICA DO SUL;SBGR;GUARULHOS;SP;SUDESTE;BRASIL;AMÉRICA DO SUL;INTERNACIONAL;NÃO REGULAR;136;0;0;0;0;264306;206584;27966;20309;5533;1519;1;0;0;0;174;18411;2,25;3170
AZU;AZUL LINHAS AÉREAS BRASILEIRAS S/A;BRASILEIRA;2026;1;SULS;MALDONADO/PUNTA DEL ESTE, MALDONADO;;;URUGUAI;AMÉRICA DO SUL;SBGR;GUARULHOS;SP;SUDESTE;BRASIL;AMÉRICA DO SUL;INTERNACIONAL;REGULAR;1030;0;0;0;0;2100777;1564570;223346;145312;45623;12152;8;0;0;0;1383;147037;18,4;18416
AZU;AZUL LINHAS AÉREAS BRASILEIRAS S/A;BRASILEIRA;2026;1;SUMU;MONTEVIDEO, MONTEVIDEO;;;URUGUAI;AMÉRICA DO SUL;SBCT;SÃO JOSÉ DOS PINHAIS;PR;SUL;BRASIL;AMÉRICA DO SUL;INTERNACIONAL;REGULAR;977;5;34;0;0;1333888;1197802;124899;103192;31778;9808;8;41684;0;0;1088;101878;15,3667;10864
AZU;AZUL LINHAS AÉREAS BRASILEIRAS S/A;BRASILEIRA;2026;1;SUMU;MONTEVIDEO, MONTEVIDEO;;;URUGUAI;AMÉRICA DO SUL;SBRF;RECIFE;PE;NORDESTE;BRASIL;AMÉRICA DO SUL;INTERNACIONAL;REGULAR;964;1;0;0;0;3990784;3535952;385844;291749;80429;29344;8;0;0;0;1088;105193;39,3167;7240
AZU;AZUL LINHAS AÉREAS BRASILEIRAS S/A;BRASILEIRA;2026;1;SWPI;PARINTINS;AM;NORTE;BRASIL;AMÉRICA DO SUL;SBEG;MANAUS;AM;NORTE;BRASIL;AMÉRICA DO SUL;DOMÉSTICA;NÃO REGULAR;47;0;0;0;0;26424;17249;2291;1465;801;367;1;0;0;0;72;6244;1,01667;467
AZU;AZUL LINHAS AÉREAS BRASILEIRAS S/A;BRASILEIRA;2026;1;SWPI;PARINTINS;AM;NORTE;BRASIL;AMÉRICA DO SUL;SBEG;MANAUS;AM;NORTE;BRASIL;AMÉRICA DO SUL;DOMÉSTICA;REGULAR;798;10;4;38;0;413242;292866;38853;24566;13595;5872;16;1468;13946;0;1126;105886;17,95;7104
AZU;AZUL LINHAS AÉREAS BRASILEIRAS S/A;BRASILEIRA;2026;1;TNCC;WILLEMSTAD;;;CURAÇAO;AMÉRICA DO NORTE;SBCF;CONFINS;MG;SUDESTE;BRASIL;AMÉRICA DO SUL;INTERNACIONAL;NÃO REGULAR;238;11;0;0;0;;;;;;;;;;;;;;3297
AZU;AZUL LINHAS AÉREAS BRASILEIRAS S/A;BRASILEIRA;2026;1;TNCC;WILLEMSTAD;;;CURAÇAO;AMÉRICA DO NORTE;SBCF;CONFINS;MG;SUDESTE;BRASIL;AMÉRICA DO SUL;INTERNACIONAL;REGULAR;1777;29;0;0;0;;;;;;;;;;;;;;22032
AZU;AZUL LINHAS AÉREAS BRASILEIRAS S/A;BRASILEIRA;2026;1;TNCC;WILLEMSTAD;;;CURAÇAO;AMÉRICA DO NORTE;SBEG;MANAUS;AM;NORTE;BRASIL;AMÉRICA DO SUL;INTERNACIONAL;NÃO REGULAR;;;;;;681732;466242;67404;41426;20408;3918;2;0;0;0;348;34408;8,03333;
AZU;AZUL LINHAS AÉREAS BRASILEIRAS S/A;BRASILEIRA;2026;1;TNCC;WILLEMSTAD;;;CURAÇAO;AMÉRICA DO NORTE;SBEG;MANAUS;AM;NORTE;BRASIL;AMÉRICA DO SUL;INTERNACIONAL;REGULAR;;;;;;5112990;3481143;418707;304239;154804;29385;15;0;0;0;2610;213739;60,8167;
BAW;BRITISH AIRWAYS PLC;ESTRANGEIRA;2026;1;EGLL;LONDON, ENGLAND;;;REINO UNIDO;EUROPA;SAEZ;EZEIZA, BUENOS AIRES PROVINCE;;;ARGENTINA;AMÉRICA DO SUL;INTERNACIONAL;REGULAR;3417;50;134558;0;2697;;;;;;;;;;;;;;0
BAW;BRITISH AIRWAYS PLC;ESTRANGEIRA;2026;1;EGLL;LONDON, ENGLAND;;;REINO UNIDO;EUROPA;SBGL;RIO DE JANEIRO;RJ;SUDESTE;BRASIL;AMÉRICA DO SUL;INTERNACIONAL;REGULAR;4629;171;175278;0;14;78029728;74457684;14343700;9593487;0;286874;31;2867222348;0;25087594;8432;1550000;366,548;0
BAW;BRITISH AIRWAYS PLC;ESTRANGEIRA;2026;1;EGLL;LONDON, ENGLAND;;;REINO UNIDO;EUROPA;SBGR;GUARULHOS;SP;SUDESTE;BRASIL;AMÉRICA DO SUL;INTERNACIONAL;REGULAR;9678;330;315747;0;2306;97079321;91563558;17597460;11249804;0;293291;31;2987282378;0;21817066;10261;1860000;365,214;0
BAW;BRITISH AIRWAYS PLC;ESTRANGEIRA;2026;1;SAEZ;EZEIZA, BUENOS AIRES PROVINCE;;;ARGENTINA;AMÉRICA DO SUL;EGLL;LONDON, ENGLAND;;;REINO UNIDO;EUROPA;INTERNACIONAL;REGULAR;3275;25;390741;0;15;;;;;;;;;;;;;;0
BAW;BRITISH AIRWAYS PLC;ESTRANGEIRA;2026;1;SAEZ;EZEIZA, BUENOS AIRES PROVINCE;;;ARGENTINA;AMÉRICA DO SUL;SBGL;RIO DE JANEIRO;RJ;SUDESTE;BRASIL;AMÉRICA DO SUL;INTERNACIONAL;REGULAR;4391;169;5752;0;0;16830272;15301336;3093800;2168535;0;61876;31;791400028;0;29940;8432;1550000;88,516;0
BAW;BRITISH AIRWAYS PLC;ESTRANGEIRA;2026;1;SBGL;RIO DE JANEIRO;RJ;SUDESTE;BRASIL;AMÉRICA DO SUL;EGLL;LONDON, ENGLAND;;;REINO UNIDO;EUROPA;INTERNACIONAL;REGULAR;4983;133;47298;0;0;78029728;76419532;14343700;10931494;0;286874;31;4053612924;0;138810;8432;1550000;352,416;0
BAW;BRITISH AIRWAYS PLC;ESTRANGEIRA;2026;1;SBGL;RIO DE JANEIRO;RJ;SUDESTE;BRASIL;AMÉRICA DO SUL;SAEZ;EZEIZA, BUENOS AIRES PROVINCE;;;ARGENTINA;AMÉRICA DO SUL;INTERNACIONAL;REGULAR;3411;80;0;0;0;16830272;13628688;3093800;1500528;0;61876;31;268577768;0;5383212;8432;1550000;102,699;0
BAW;BRITISH AIRWAYS PLC;ESTRANGEIRA;2026;1;SBGR;GUARULHOS;SP;SUDESTE;BRASIL;AMÉRICA DO SUL;EGLL;LONDON, ENGLAND;;;REINO UNIDO;EUROPA;INTERNACIONAL;REGULAR;9967;259;474038;0;0;97079321;94297787;17597460;12971658;0;293291;31;4484873496;0;0;10261;1860000;349,83;0
BOV;BOA BOLIVIANA DE AVIACIÓN;ESTRANGEIRA;2026;1;SBGL;RIO DE JANEIRO;RJ;SUDESTE;BRASIL;AMÉRICA DO SUL;SLVR;SANTA CRUZ;;;BOLÍVIA;AMÉRICA DO SUL;INTERNACIONAL;REGULAR;1423;0;0;0;0;3252312;3060873;377496;275474;0;19359;9;0;0;0;1512;175500;31,016;0
BOV;BOA BOLIVIANA DE AVIACIÓN;ESTRANGEIRA;2026;1;SBGR;GUARULHOS;SP;SUDESTE;BRASIL;AMÉRICA DO SUL;SLVR;SANTA CRUZ;;;BOLÍVIA;AMÉRICA DO SUL;INTERNACIONAL;REGULAR;7020;0;12264;0;0;13725127;12979980;1718625;1190855;0;75809;41;22676136;0;0;7423;929500;119,951;0
BOV;BOA BOLIVIANA DE AVIACIÓN;ESTRANGEIRA;2026;1;SLVR;SANTA CRUZ;;;BOLÍVIA;AMÉRICA DO SUL;SBGL;RIO DE JANEIRO;RJ;SUDESTE;BRASIL;AMÉRICA DO SUL;INTERNACIONAL;REGULAR;1459;0;0;0;0;3252312;3138309;377496;282445;0;19359;9;0;0;0;1512;175500;27,55;0
BOV;BOA BOLIVIANA DE AVIACIÓN;ESTRANGEIRA;2026;1;SLVR;SANTA CRUZ;;;BOLÍVIA;AMÉRICA DO SUL;SBGR;GUARULHOS;SP;SUDESTE;BRASIL;AMÉRICA DO SUL;INTERNACIONAL;REGULAR;6921;0;1635;0;0;13216652;12796929;1634496;1154720;0;73960;40;3023115;0;0;7148;884000;112,965;0
BPC;BRASPRESS AIR CARGO TRANSPORTES AÉREOS LTDA;BRASILEIRA;2026;1;SBBV;BOA VISTA;RR;NORTE;BRASIL;AMÉRICA DO SUL;SBEG;MANAUS;AM;NORTE;BRASIL;AMÉRICA DO SUL;DOMÉSTICA;NÃO REGULAR;0;0;16229;0;0;0;0;9870;10678;4530;658;1;10678682;0;0;0;15000;1,55;0
BPC;BRASPRESS AIR CARGO TRANSPORTES AÉREOS LTDA;BRASILEIRA;2026;1;SBEG;MANAUS;AM;NORTE;BRASIL;AMÉRICA DO SUL;SBKP;CAMPINAS;SP;SUDESTE;BRASIL;AMÉRICA DO SUL;DOMÉSTICA;NÃO REGULAR;0;0;193150;0;0;0;0;734648;506046;219453;47160;18;506053000;0;0;0;280400;68,4833;0
BPC;BRASPRESS AIR CARGO TRANSPORTES AÉREOS LTDA;BRASILEIRA;2026;1;SBKP;CAMPINAS;SP;SUDESTE;BRASIL;AMÉRICA DO SUL;SBBV;BOA VISTA;RR;NORTE;BRASIL;AMÉRICA DO SUL;DOMÉSTICA;NÃO REGULAR;0;0;16595;0;0;0;0;50679;53568;16040;3228;1;53568660;0;0;0;15700;4,85;0
BPC;BRASPRESS AIR CARGO TRANSPORTES AÉREOS LTDA;BRASILEIRA;2026;1;SBKP;CAMPINAS;SP;SUDESTE;BRASIL;AMÉRICA DO SUL;SBEG;MANAUS;AM;NORTE;BRASIL;AMÉRICA DO SUL;DOMÉSTICA;NÃO REGULAR;0;0;235990;0;0;0;0;706090;618287;213701;44540;17;618293800;0;0;0;269500;63,75;0
BPC;BRASPRESS AIR CARGO TRANSPORTES AÉREOS LTDA;BRASILEIRA;2026;1;SBKP;CAMPINAS;SP;SUDESTE;BRASIL;AMÉRICA DO SUL;SBPA;PORTO ALEGRE;RS;SUL;BRASIL;AMÉRICA DO SUL;DOMÉSTICA;IMPRODUTIVO;0;0;0;0;0;0;0;0;0;4220;874;1;0;0;0;0;0;1,61667;0
CCA;AIR CHINA;ESTRANGEIRA;2026;1;LEMD;MADRID;;;ESPANHA;EUROPA;SBGR;GUARULHOS;SP;SUDESTE;BRASIL;AMÉRICA DO SUL;INTERNACIONAL;REGULAR;1130;0;29115;0;0;29457048;22804916;5378676;3708968;0;100536;12;1654303128;0;2228548;3516;642000;126,835;0
CCA;AIR CHINA;ESTRANGEIRA;2026;1;LEMD;MADRID;;;ESPANHA;EUROPA;ZBAA;BEIJING;;;CHINA;ÁSIA;INTERNACIONAL;REGULAR;1582;0;0;0;0;32364780;26289480;5909604;2622360;0;110460;12;256313225;0;0;3516;642000;125,55;0
CCA;AIR CHINA;ESTRANGEIRA;2026;1;SBGR;GUARULHOS;SP;SUDESTE;BRASIL;AMÉRICA DO SUL;LEMD;MADRID;;;ESPANHA;EUROPA;INTERNACIONAL;REGULAR;1764;0;60350;0;0;29457048;25452364;5378676;3029604;0;100536;12;738897698;0;0;3516;642000;123,382;0
CCA;AIR CHINA;ESTRANGEIRA;2026;1;SBGR;GUARULHOS;SP;SUDESTE;BRASIL;AMÉRICA DO SUL;ZBAA;BEIJING;;;CHINA;ÁSIA;INTERNACIONAL;REGULAR;1274;0;27845;0;0;;;;;;;;;;;;;;0
CCA;AIR CHINA;ESTRANGEIRA;2026;1;ZBAA;BEIJING;;;CHINA;ÁSIA;LEMD;MADRID;;;ESPANHA;EUROPA;INTERNACIONAL;REGULAR;1463;0;20355;0;0;32364780;28121275;5909604;4270322;0;110460;12;1736965088;0;2448530;3516;642000;142,949;0
CCA;AIR CHINA;ESTRANGEIRA;2026;1;ZBAA;BEIJING;;;CHINA;ÁSIA;SBGR;GUARULHOS;SP;SUDESTE;BRASIL;AMÉRICA DO SUL;INTERNACIONAL;REGULAR;1592;0;168343;0;266;;;;;;;;;;;;;;0
CKS;KALITTA AIR LLC;ESTRANGEIRA;2026;1;KDFW;DALLAS & FORT WORTH, TEXAS;;;ESTADOS UNIDOS DA AMÉRICA;AMÉRICA DO NORTE;SBKP;CAMPINAS;SP;SUDESTE;BRASIL;AMÉRICA DO SUL;INTERNACIONAL;NÃO REGULAR;0;0;57934;0;0;0;0;1014905;472915;0;8163;1;472915232;0;0;0;124330;9,833;0
CKS;KALITTA AIR LLC;ESTRANGEIRA;2026;1;KMIA;MIAMI, FLORIDA;;;ESTADOS UNIDOS DA AMÉRICA;AMÉRICA DO NORTE;SBKP;CAMPINAS;SP;SUDESTE;BRASIL;AMÉRICA DO SUL;INTERNACIONAL;REGULAR;0;0;181757;0;0;0;0;2650368;1180692;0;25984;4;1180693472;0;0;0;408000;32,2;0
CKS;KALITTA AIR LLC;ESTRANGEIRA;2026;1;SBKP;CAMPINAS;SP;SUDESTE;BRASIL;AMÉRICA DO SUL;KLAX;LOS ANGELES, CALIFORNIA;;;ESTADOS UNIDOS DA AMÉRICA;AMÉRICA DO NORTE;INTERNACIONAL;IMPRODUTIVO;0;0;0;0;0;0;0;0;0;0;9836;1;0;0;0;0;0;10,25;0
CKS;KALITTA AIR LLC;ESTRANGEIRA;2026;1;SBKP;CAMPINAS;SP;SUDESTE;BRASIL;AMÉRICA DO SUL;KMIA;MIAMI, FLORIDA;;;ESTADOS UNIDOS DA AMÉRICA;AMÉRICA DO NORTE;INTERNACIONAL;IMPRODUTIVO;0;0;0;0;0;;;;;;;;;;;;;;0
CKS;KALITTA AIR LLC;ESTRANGEIRA;2026;1;SBKP;CAMPINAS;SP;SUDESTE;BRASIL;AMÉRICA DO SUL;SCEL;SANTIAGO;;;CHILE;AMÉRICA DO SUL;INTERNACIONAL;REGULAR;0;0;135939;0;0;0;0;1053048;350857;0;10324;4;350858560;0;0;0;408000;15,783;0
CKS;KALITTA AIR LLC;ESTRANGEIRA;2026;1;SCEL;SANTIAGO;;;CHILE;AMÉRICA DO SUL;KMIA;MIAMI, FLORIDA;;;ESTADOS UNIDOS DA AMÉRICA;AMÉRICA DO NORTE;INTERNACIONAL;IMPRODUTIVO;0;0;0;0;0;0;0;0;0;0;26628;4;0;0;0;0;0;35,316;0
CLX;CARGOLUX AIRLINES INTERNATIONAL S/A;ESTRANGEIRA;2026;1;EHAM;HAARLEMMERMEER, NEAR AMSTERDAM;;;HOLANDA;EUROPA;ELLX;LUXEMBOURG CITY;;;LUXEMBURGO;EUROPA;INTERNACIONAL;NÃO REGULAR;0;0;0;0;0;0;0;302400;0;0;315;1;0;0;0;0;120000;0,95;0
CLX;CARGOLUX AIRLINES INTERNATIONAL S/A;ESTRANGEIRA;2026;1;EHAM;HAARLEMMERMEER, NEAR AMSTERDAM;;;HOLANDA;EUROPA;ELLX;LUXEMBOURG CITY;;;LUXEMBURGO;EUROPA;INTERNACIONAL;REGULAR;0;0;0;0;0;0;0;264600;0;0;2205;7;0;0;0;0;840000;7,382;0
CLX;CARGOLUX AIRLINES INTERNATIONAL S/A;ESTRANGEIRA;2026;1;EHBK;BEEK;;;HOLANDA;EUROPA;ELLX;LUXEMBOURG CITY;;;LUXEMBURGO;EUROPA;INTERNACIONAL;NÃO REGULAR;0;0;0;0;0;0;0;17640;0;0;0;0;0;0;0;0;0;0;0
CLX;CARGOLUX AIRLINES INTERNATIONAL S/A;ESTRANGEIRA;2026;1;EHBK;BEEK;;;HOLANDA;EUROPA;ELLX;LUXEMBOURG CITY;;;LUXEMBURGO;EUROPA;INTERNACIONAL;REGULAR;0;0;0;0;0;0;0;17640;0;0;147;1;0;0;0;0;120000;0,667;0
CLX;CARGOLUX AIRLINES INTERNATIONAL S/A;ESTRANGEIRA;2026;1;ELLX;LUXEMBOURG CITY;;;LUXEMBURGO;EUROPA;EHAM;HAARLEMMERMEER, NEAR AMSTERDAM;;;HOLANDA;EUROPA;INTERNACIONAL;NÃO REGULAR;0;0;0;0;0;;;;;;;;;;;;;;0
CLX;CARGOLUX AIRLINES INTERNATIONAL S/A;ESTRANGEIRA;2026;1;ELLX;LUXEMBOURG CITY;;;LUXEMBURGO;EUROPA;EHBK;BEEK;;;HOLANDA;EUROPA;INTERNACIONAL;NÃO REGULAR;0;0;0;0;0;;;;;;;;;;;;;;0
CLX;CARGOLUX AIRLINES INTERNATIONAL S/A;ESTRANGEIRA;2026;1;ELLX;LUXEMBOURG CITY;;;LUXEMBURGO;EUROPA;ELLX;LUXEMBOURG CITY;;;LUXEMBURGO;EUROPA;INTERNACIONAL;NÃO REGULAR;0;0;0;0;0;;;;;;;;;;;;;;0
CLX;CARGOLUX AIRLINES INTERNATIONAL S/A;ESTRANGEIRA;2026;1;ELLX;LUXEMBOURG CITY;;;LUXEMBURGO;EUROPA;KMIA;MIAMI, FLORIDA;;;ESTADOS UNIDOS DA AMÉRICA;AMÉRICA DO NORTE;INTERNACIONAL;NÃO REGULAR;0;0;0;0;0;;;;;;;;;;;;;;0
CLX;CARGOLUX AIRLINES INTERNATIONAL S/A;ESTRANGEIRA;2026;1;ELLX;LUXEMBOURG CITY;;;LUXEMBURGO;EUROPA;LPPR;PORTO;;;PORTUGAL;EUROPA;INTERNACIONAL;NÃO REGULAR;0;0;0;0;0;0;0;712320;0;0;5936;4;0;0;0;0;480000;10,266;0
CLX;CARGOLUX AIRLINES INTERNATIONAL S/A;ESTRANGEIRA;2026;1;ELLX;LUXEMBOURG CITY;;;LUXEMBURGO;EUROPA;SBCT;SÃO JOSÉ DOS PINHAIS;PR;SUL;BRASIL;AMÉRICA DO SUL;INTERNACIONAL;REGULAR;0;0;179711;0;0;;;;;;;;;;;;;;0
CLX;CARGOLUX AIRLINES INTERNATIONAL S/A;ESTRANGEIRA;2026;1;ELLX;LUXEMBOURG CITY;;;LUXEMBURGO;EUROPA;SBGL;RIO DE JANEIRO;RJ;SUDESTE;BRASIL;AMÉRICA DO SUL;INTERNACIONAL;NÃO REGULAR;0;0;49417;0;0;0;0;1129800;320232;0;9415;1;320232384;0;0;0;120000;11,817;0
CLX;CARGOLUX AIRLINES INTERNATIONAL S/A;ESTRANGEIRA;2026;1;ELLX;LUXEMBOURG CITY;;;LUXEMBURGO;EUROPA;SBGL;RIO DE JANEIRO;RJ;SUDESTE;BRASIL;AMÉRICA DO SUL;INTERNACIONAL;REGULAR;0;0;148971;0;0;0;0;3389400;2387755;0;28245;3;2387756992;0;0;0;360000;34,167;0
CLX;CARGOLUX AIRLINES INTERNATIONAL S/A;ESTRANGEIRA;2026;1;ELLX;LUXEMBOURG CITY;;;LUXEMBURGO;EUROPA;SBKP;CAMPINAS;SP;SUDESTE;BRASIL;AMÉRICA DO SUL;INTERNACIONAL;REGULAR;0;0;657928;0;0;0;0;12719520;7493621;0;105996;11;7493628096;0;0;0;1320000;128,084;0
CLX;CARGOLUX AIRLINES INTERNATIONAL S/A;ESTRANGEIRA;2026;1;ELLX;LUXEMBOURG CITY;;;LUXEMBURGO;EUROPA;SBSJ;SÃO JOSÉ DOS CAMPOS;SP;SUDESTE;BRASIL;AMÉRICA DO SUL;INTERNACIONAL;NÃO REGULAR;0;0;0;0;0;;;;;;;;;;;;;;0
CLX;CARGOLUX AIRLINES INTERNATIONAL S/A;ESTRANGEIRA;2026;1;ELLX;LUXEMBOURG CITY;;;LUXEMBURGO;EUROPA;SEQM;QUITO;;;EQUADOR;AMÉRICA DO SUL;INTERNACIONAL;NÃO REGULAR;0;0;29268;0;0;;;;;;;;;;;;;;0
CLX;CARGOLUX AIRLINES INTERNATIONAL S/A;ESTRANGEIRA;2026;1;KMIA;MIAMI, FLORIDA;;;ESTADOS UNIDOS DA AMÉRICA;AMÉRICA DO NORTE;EHAM;HAARLEMMERMEER, NEAR AMSTERDAM;;;HOLANDA;EUROPA;INTERNACIONAL;NÃO REGULAR;0;0;0;0;0;0;0;7145280;743228;0;7443;1;743228224;0;0;0;120000;8;0
CLX;CARGOLUX AIRLINES INTERNATIONAL S/A;ESTRANGEIRA;2026;1;KMIA;MIAMI, FLORIDA;;;ESTADOS UNIDOS DA AMÉRICA;AMÉRICA DO NORTE;EHAM;HAARLEMMERMEER, NEAR AMSTERDAM;;;HOLANDA;EUROPA;INTERNACIONAL;REGULAR;0;0;0;0;0;0;0;6252120;3519874;0;52101;7;3519876544;0;0;0;840000;57,935;0
CLX;CARGOLUX AIRLINES INTERNATIONAL S/A;ESTRANGEIRA;2026;1;KMIA;MIAMI, FLORIDA;;;ESTADOS UNIDOS DA AMÉRICA;AMÉRICA DO NORTE;EHBK;BEEK;;;HOLANDA;EUROPA;INTERNACIONAL;NÃO REGULAR;0;0;0;0;0;0;0;905640;0;0;0;0;0;0;0;0;0;0;0
CLX;CARGOLUX AIRLINES INTERNATIONAL S/A;ESTRANGEIRA;2026;1;KMIA;MIAMI, FLORIDA;;;ESTADOS UNIDOS DA AMÉRICA;AMÉRICA DO NORTE;EHBK;BEEK;;;HOLANDA;EUROPA;INTERNACIONAL;REGULAR;0;0;0;0;0;0;0;905640;721734;0;7547;1;721734720;0;0;0;120000;8,017;0
CLX;CARGOLUX AIRLINES INTERNATIONAL S/A;ESTRANGEIRA;2026;1;KMIA;MIAMI, FLORIDA;;;ESTADOS UNIDOS DA AMÉRICA;AMÉRICA DO NORTE;ELLX;LUXEMBOURG CITY;;;LUXEMBURGO;EUROPA;INTERNACIONAL;NÃO REGULAR;0;0;0;0;0;;;;;;;;;;;;;;0
CLX;CARGOLUX AIRLINES INTERNATIONAL S/A;ESTRANGEIRA;2026;1;KMIA;MIAMI, FLORIDA;;;ESTADOS UNIDOS DA AMÉRICA;AMÉRICA DO NORTE;ELLX;LUXEMBOURG CITY;;;LUXEMBURGO;EUROPA;INTERNACIONAL;REGULAR;0;0;0;0;0;;;;;;;;;;;;;;0
CLX;CARGOLUX AIRLINES INTERNATIONAL S/A;ESTRANGEIRA;2026;1;LPPR;PORTO;;;PORTUGAL;EUROPA;ELLX;LUXEMBOURG CITY;;;LUXEMBURGO;EUROPA;INTERNACIONAL;NÃO REGULAR;0;0;0;0;0;;;;;;;;;;;;;;0
CLX;CARGOLUX AIRLINES INTERNATIONAL S/A;ESTRANGEIRA;2026;1;LPPR;PORTO;;;PORTUGAL;EUROPA;SBSJ;SÃO JOSÉ DOS CAMPOS;SP;SUDESTE;BRASIL;AMÉRICA DO SUL;INTERNACIONAL;NÃO REGULAR;0;0;24779;0;0;0;0;3902880;201475;0;32524;4;201478048;0;0;0;480000;42,267;0
CLX;CARGOLUX AIRLINES INTERNATIONAL S/A;ESTRANGEIRA;2026;1;SBCT;SÃO JOSÉ DOS PINHAIS;PR;SUL;BRASIL;AMÉRICA DO SUL;EHAM;HAARLEMMERMEER, NEAR AMSTERDAM;;;HOLANDA;EUROPA;INTERNACIONAL;NÃO REGULAR;0;0;0;0;0;;;;;;;;;;;;;;0
CLX;CARGOLUX AIRLINES INTERNATIONAL S/A;ESTRANGEIRA;2026;1;SBCT;SÃO JOSÉ DOS PINHAIS;PR;SUL;BRASIL;AMÉRICA DO SUL;EHAM;HAARLEMMERMEER, NEAR AMSTERDAM;;;HOLANDA;EUROPA;INTERNACIONAL;REGULAR;0;0;0;0;0;;;;;;;;;;;;;;0
CLX;CARGOLUX AIRLINES INTERNATIONAL S/A;ESTRANGEIRA;2026;1;SBCT;SÃO JOSÉ DOS PINHAIS;PR;SUL;BRASIL;AMÉRICA DO SUL;EHBK;BEEK;;;HOLANDA;EUROPA;INTERNACIONAL;NÃO REGULAR;0;0;0;0;0;;;;;;;;;;;;;;0
CLX;CARGOLUX AIRLINES INTERNATIONAL S/A;ESTRANGEIRA;2026;1;SBCT;SÃO JOSÉ DOS PINHAIS;PR;SUL;BRASIL;AMÉRICA DO SUL;EHBK;BEEK;;;HOLANDA;EUROPA;INTERNACIONAL;REGULAR;0;0;0;0;0;;;;;;;;;;;;;;0
CLX;CARGOLUX AIRLINES INTERNATIONAL S/A;ESTRANGEIRA;2026;1;SBCT;SÃO JOSÉ DOS PINHAIS;PR;SUL;BRASIL;AMÉRICA DO SUL;ELLX;LUXEMBOURG CITY;;;LUXEMBURGO;EUROPA;INTERNACIONAL;NÃO REGULAR;0;0;0;0;0;;;;;;;;;;;;;;0
CLX;CARGOLUX AIRLINES INTERNATIONAL S/A;ESTRANGEIRA;2026;1;SBCT;SÃO JOSÉ DOS PINHAIS;PR;SUL;BRASIL;AMÉRICA DO SUL;ELLX;LUXEMBOURG CITY;;;LUXEMBURGO;EUROPA;INTERNACIONAL;REGULAR;0;0;0;0;0;;;;;;;;;;;;;;0
CLX;CARGOLUX AIRLINES INTERNATIONAL S/A;ESTRANGEIRA;2026;1;SBCT;SÃO JOSÉ DOS PINHAIS;PR;SUL;BRASIL;AMÉRICA DO SUL;KMIA;MIAMI, FLORIDA;;;ESTADOS UNIDOS DA AMÉRICA;AMÉRICA DO NORTE;INTERNACIONAL;NÃO REGULAR;0;0;0;0;0;;;;;;;;;;;;;;0
CLX;CARGOLUX AIRLINES INTERNATIONAL S/A;ESTRANGEIRA;2026;1;SBCT;SÃO JOSÉ DOS PINHAIS;PR;SUL;BRASIL;AMÉRICA DO SUL;KMIA;MIAMI, FLORIDA;;;ESTADOS UNIDOS DA AMÉRICA;AMÉRICA DO NORTE;INTERNACIONAL;REGULAR;0;0;0;0;0;;;;;;;;;;;;;;0
CLX;CARGOLUX AIRLINES INTERNATIONAL S/A;ESTRANGEIRA;2026;1;SBCT;SÃO JOSÉ DOS PINHAIS;PR;SUL;BRASIL;AMÉRICA DO SUL;SEQM;QUITO;;;EQUADOR;AMÉRICA DO SUL;INTERNACIONAL;NÃO REGULAR;0;0;0;0;0;0;0;4050240;507250;0;0;0;507254588;0;0;0;0;0;0
CLX;CARGOLUX AIRLINES INTERNATIONAL S/A;ESTRANGEIRA;2026;1;SBCT;SÃO JOSÉ DOS PINHAIS;PR;SUL;BRASIL;AMÉRICA DO SUL;SEQM;QUITO;;;EQUADOR;AMÉRICA DO SUL;INTERNACIONAL;REGULAR;0;0;0;0;0;0;0;4050240;0;0;33752;8;0;0;0;0;960000;43,984;0
CLX;CARGOLUX AIRLINES INTERNATIONAL S/A;ESTRANGEIRA;2026;1;SBGL;RIO DE JANEIRO;RJ;SUDESTE;BRASIL;AMÉRICA DO SUL;ELLX;LUXEMBOURG CITY;;;LUXEMBURGO;EUROPA;INTERNACIONAL;NÃO REGULAR;0;0;47548;0;0;0;0;1129800;0;0;9415;1;0;0;0;0;120000;11,1;0
CLX;CARGOLUX AIRLINES INTERNATIONAL S/A;ESTRANGEIRA;2026;1;SBGL;RIO DE JANEIRO;RJ;SUDESTE;BRASIL;AMÉRICA DO SUL;ELLX;LUXEMBOURG CITY;;;LUXEMBURGO;EUROPA;INTERNACIONAL;REGULAR;0;0;3930;0;0;0;0;1129800;851982;0;9415;1;851982208;0;0;0;120000;10,75;0
CLX;CARGOLUX AIRLINES INTERNATIONAL S/A;ESTRANGEIRA;2026;1;SBGL;RIO DE JANEIRO;RJ;SUDESTE;BRASIL;AMÉRICA DO SUL;SBKP;CAMPINAS;SP;SUDESTE;BRASIL;AMÉRICA DO SUL;INTERNACIONAL;REGULAR;0;0;0;0;0;0;0;143280;60570;0;1194;3;60571222;0;0;0;360000;3,95;0
CLX;CARGOLUX AIRLINES INTERNATIONAL S/A;ESTRANGEIRA;2026;1;SBKP;CAMPINAS;SP;SUDESTE;BRASIL;AMÉRICA DO SUL;EHAM;HAARLEMMERMEER, NEAR AMSTERDAM;;;HOLANDA;EUROPA;INTERNACIONAL;NÃO REGULAR;0;0;0;0;0;;;;;;;;;;;;;;0
CLX;CARGOLUX AIRLINES INTERNATIONAL S/A;ESTRANGEIRA;2026;1;SBKP;CAMPINAS;SP;SUDESTE;BRASIL;AMÉRICA DO SUL;EHBK;BEEK;;;HOLANDA;EUROPA;INTERNACIONAL;NÃO REGULAR;0;0;0;0;0;;;;;;;;;;;;;;0
CLX;CARGOLUX AIRLINES INTERNATIONAL S/A;ESTRANGEIRA;2026;1;SBKP;CAMPINAS;SP;SUDESTE;BRASIL;AMÉRICA DO SUL;ELLX;LUXEMBOURG CITY;;;LUXEMBURGO;EUROPA;INTERNACIONAL;NÃO REGULAR;0;0;0;0;0;0;0;3468960;458172;0;0;0;458172524;0;0;0;0;0;0
CLX;CARGOLUX AIRLINES INTERNATIONAL S/A;ESTRANGEIRA;2026;1;SBKP;CAMPINAS;SP;SUDESTE;BRASIL;AMÉRICA DO SUL;ELLX;LUXEMBOURG CITY;;;LUXEMBURGO;EUROPA;INTERNACIONAL;REGULAR;0;0;365114;0;0;0;0;5781600;2684125;0;48180;5;2684127104;0;0;0;600000;55,899;0
CLX;CARGOLUX AIRLINES INTERNATIONAL S/A;ESTRANGEIRA;2026;1;SBKP;CAMPINAS;SP;SUDESTE;BRASIL;AMÉRICA DO SUL;KMIA;MIAMI, FLORIDA;;;ESTADOS UNIDOS DA AMÉRICA;AMÉRICA DO NORTE;INTERNACIONAL;NÃO REGULAR;0;0;0;0;0;;;;;;;;;;;;;;0
CLX;CARGOLUX AIRLINES INTERNATIONAL S/A;ESTRANGEIRA;2026;1;SBKP;CAMPINAS;SP;SUDESTE;BRASIL;AMÉRICA DO SUL;SBCT;SÃO JOSÉ DOS PINHAIS;PR;SUL;BRASIL;AMÉRICA DO SUL;INTERNACIONAL;REGULAR;0;0;0;0;0;0;0;335040;104677;0;2792;8;104679758;0;0;0;960000;7,949;0
CLX;CARGOLUX AIRLINES INTERNATIONAL S/A;ESTRANGEIRA;2026;1;SBKP;CAMPINAS;SP;SUDESTE;BRASIL;AMÉRICA DO SUL;SBGL;RIO DE JANEIRO;RJ;SUDESTE;BRASIL;AMÉRICA DO SUL;INTERNACIONAL;NÃO REGULAR;0;0;0;0;0;0;0;47760;6130;0;0;0;6130792;0;0;0;0;0;0
CLX;CARGOLUX AIRLINES INTERNATIONAL S/A;ESTRANGEIRA;2026;1;SBKP;CAMPINAS;SP;SUDESTE;BRASIL;AMÉRICA DO SUL;SBGL;RIO DE JANEIRO;RJ;SUDESTE;BRASIL;AMÉRICA DO SUL;INTERNACIONAL;REGULAR;0;0;0;0;0;0;0;47760;34451;0;398;1;34451676;0;0;0;120000;1,433;0
CLX;CARGOLUX AIRLINES INTERNATIONAL S/A;ESTRANGEIRA;2026;1;SBKP;CAMPINAS;SP;SUDESTE;BRASIL;AMÉRICA DO SUL;SEQM;QUITO;;;EQUADOR;AMÉRICA DO SUL;INTERNACIONAL;NÃO REGULAR;0;0;90963;0;0;;;;;;;;;;;;;;0
CLX;CARGOLUX AIRLINES INTERNATIONAL S/A;ESTRANGEIRA;2026;1;SBSJ;SÃO JOSÉ DOS CAMPOS;SP;SUDESTE;BRASIL;AMÉRICA DO SUL;EHAM;HAARLEMMERMEER, NEAR AMSTERDAM;;;HOLANDA;EUROPA;INTERNACIONAL;NÃO REGULAR;0;0;0;0;0;;;;;;;;;;;;;;0
CLX;CARGOLUX AIRLINES INTERNATIONAL S/A;ESTRANGEIRA;2026;1;SBSJ;SÃO JOSÉ DOS CAMPOS;SP;SUDESTE;BRASIL;AMÉRICA DO SUL;ELLX;LUXEMBOURG CITY;;;LUXEMBURGO;EUROPA;INTERNACIONAL;NÃO REGULAR;0;0;0;0;0;0;0;3452400;0;0;28770;3;0;0;0;0;360000;35,067;0
CLX;CARGOLUX AIRLINES INTERNATIONAL S/A;ESTRANGEIRA;2026;1;SBSJ;SÃO JOSÉ DOS CAMPOS;SP;SUDESTE;BRASIL;AMÉRICA DO SUL;KMIA;MIAMI, FLORIDA;;;ESTADOS UNIDOS DA AMÉRICA;AMÉRICA DO NORTE;INTERNACIONAL;NÃO REGULAR;0;0;0;0;0;;;;;;;;;;;;;;0
CLX;CARGOLUX AIRLINES INTERNATIONAL S/A;ESTRANGEIRA;2026;1;SBSJ;SÃO JOSÉ DOS CAMPOS;SP;SUDESTE;BRASIL;AMÉRICA DO SUL;SEQM;QUITO;;;EQUADOR;AMÉRICA DO SUL;INTERNACIONAL;NÃO REGULAR;0;0;0;0;0;0;0;521880;0;0;4349;1;0;0;0;0;120000;5,75;0
CLX;CARGOLUX AIRLINES INTERNATIONAL S/A;ESTRANGEIRA;2026;1;SEQM;QUITO;;;EQUADOR;AMÉRICA DO SUL;EHAM;HAARLEMMERMEER, NEAR AMSTERDAM;;;HOLANDA;EUROPA;INTERNACIONAL;NÃO REGULAR;0;0;99856;0;0;;;;;;;;;;;;;;0
CLX;CARGOLUX AIRLINES INTERNATIONAL S/A;ESTRANGEIRA;2026;1;SEQM;QUITO;;;EQUADOR;AMÉRICA DO SUL;EHAM;HAARLEMMERMEER, NEAR AMSTERDAM;;;HOLANDA;EUROPA;INTERNACIONAL;REGULAR;0;0;472911;0;0;;;;;;;;;;;;;;0
CLX;CARGOLUX AIRLINES INTERNATIONAL S/A;ESTRANGEIRA;2026;1;SEQM;QUITO;;;EQUADOR;AMÉRICA DO SUL;EHBK;BEEK;;;HOLANDA;EUROPA;INTERNACIONAL;NÃO REGULAR;0;0;0;0;0;;;;;;;;;;;;;;0
CLX;CARGOLUX AIRLINES INTERNATIONAL S/A;ESTRANGEIRA;2026;1;SEQM;QUITO;;;EQUADOR;AMÉRICA DO SUL;EHBK;BEEK;;;HOLANDA;EUROPA;INTERNACIONAL;REGULAR;0;0;95632;0;0;;;;;;;;;;;;;;0
CLX;CARGOLUX AIRLINES INTERNATIONAL S/A;ESTRANGEIRA;2026;1;SEQM;QUITO;;;EQUADOR;AMÉRICA DO SUL;ELLX;LUXEMBOURG CITY;;;LUXEMBURGO;EUROPA;INTERNACIONAL;NÃO REGULAR;0;0;0;0;0;;;;;;;;;;;;;;0
CLX;CARGOLUX AIRLINES INTERNATIONAL S/A;ESTRANGEIRA;2026;1;SEQM;QUITO;;;EQUADOR;AMÉRICA DO SUL;ELLX;LUXEMBOURG CITY;;;LUXEMBURGO;EUROPA;INTERNACIONAL;REGULAR;0;0;0;0;0;;;;;;;;;;;;;;0
CLX;CARGOLUX AIRLINES INTERNATIONAL S/A;ESTRANGEIRA;2026;1;SEQM;QUITO;;;EQUADOR;AMÉRICA DO SUL;KMIA;MIAMI, FLORIDA;;;ESTADOS UNIDOS DA AMÉRICA;AMÉRICA DO NORTE;INTERNACIONAL;NÃO REGULAR;0;0;0;0;0;0;0;3119040;288384;0;2888;1;288384128;0;0;0;120000;3,833;0
CLX;CARGOLUX AIRLINES INTERNATIONAL S/A;ESTRANGEIRA;2026;1;SEQM;QUITO;;;EQUADOR;AMÉRICA DO SUL;KMIA;MIAMI, FLORIDA;;;ESTADOS UNIDOS DA AMÉRICA;AMÉRICA DO NORTE;INTERNACIONAL;REGULAR;0;0;91753;0;0;0;0;2772480;1906931;0;23104;8;1906934848;0;0;0;960000;31,967;0
CMP;COMPAÑIA PANAMEÑA DE AVIACION S.A. (COPA AIRLINES);ESTRANGEIRA;2026;1;MPTO;PANAMA;;;PANAMÁ;AMÉRICA CENTRAL;SBBR;BRASÍLIA;DF;CENTRO-OESTE;BRASIL;AMÉRICA DO SUL;INTERNACIONAL;REGULAR;4862;0;2374;0;0;23485896;21577556;3049633;1952500;0;137578;31;10535812;0;0;5292;687164;193,397;0
CMP;COMPAÑIA PANAMEÑA DE AVIACION S.A. (COPA AIRLINES);ESTRANGEIRA;2026;1;MPTO;PANAMA;;;PANAMÁ;AMÉRICA CENTRAL;SBCF;CONFINS;MG;SUDESTE;BRASIL;AMÉRICA DO SUL;INTERNACIONAL;REGULAR;4664;0;2714;0;0;25843212;23422608;3878467;2121649;0;155682;31;13629708;0;0;5146;772300;214,915;0
CMP;COMPAÑIA PANAMEÑA DE AVIACION S.A. (COPA AIRLINES);ESTRANGEIRA;2026;1;MPTO;PANAMA;;;PANAMÁ;AMÉRICA CENTRAL;SBEG;MANAUS;AM;NORTE;BRASIL;AMÉRICA DO SUL;INTERNACIONAL;REGULAR;4727;45;2265;0;0;12994154;11964037;1653993;1082484;0;78461;31;5732715;0;0;5134;653500;119,533;0
CMP;COMPAÑIA PANAMEÑA DE AVIACION S.A. (COPA AIRLINES);ESTRANGEIRA;2026;1;MPTO;PANAMA;;;PANAMÁ;AMÉRICA CENTRAL;SBFL;FLORIANÓPOLIS;SC;SUL;BRASIL;AMÉRICA DO SUL;INTERNACIONAL;REGULAR;2874;7;4218;0;0;17473160;15125862;2578860;1383517;0;105260;20;22199334;0;0;3320;490000;144,434;0
CMP;COMPAÑIA PANAMEÑA DE AVIACION S.A. (COPA AIRLINES);ESTRANGEIRA;2026;1;MPTO;PANAMA;;;PANAMÁ;AMÉRICA CENTRAL;SBGL;RIO DE JANEIRO;RJ;SUDESTE;BRASIL;AMÉRICA DO SUL;INTERNACIONAL;REGULAR;12381;177;4946;0;0;75390210;65557395;10854750;5926313;0;434190;82;26189070;0;0;14238;2050000;593,968;0
CMP;COMPAÑIA PANAMEÑA DE AVIACION S.A. (COPA AIRLINES);ESTRANGEIRA;2026;1;MPTO;PANAMA;;;PANAMÁ;AMÉRICA CENTRAL;SBGR;GUARULHOS;SP;SUDESTE;BRASIL;AMÉRICA DO SUL;INTERNACIONAL;REGULAR;26604;133;90869;0;0;148104320;135307944;22307307;12639784;0;874792;172;462159734;0;0;29120;4386022;1191,35;0
CMP;COMPAÑIA PANAMEÑA DE AVIACION S.A. (COPA AIRLINES);ESTRANGEIRA;2026;1;MPTO;PANAMA;;;PANAMÁ;AMÉRICA CENTRAL;SBPA;PORTO ALEGRE;RS;SUL;BRASIL;AMÉRICA DO SUL;INTERNACIONAL;REGULAR;4572;0;1542;0;0;27212048;24176736;3196596;2184046;0;163928;31;8154096;0;0;5146;604500;222,718;0
CMP;COMPAÑIA PANAMEÑA DE AVIACION S.A. (COPA AIRLINES);ESTRANGEIRA;2026;1;MPTO;PANAMA;;;PANAMÁ;AMÉRICA CENTRAL;SBSV;SALVADOR;BA;NORDESTE;BRASIL;AMÉRICA DO SUL;INTERNACIONAL;REGULAR;2027;0;2756;0;0;11970924;10441077;1477602;953885;0;72114;14;14196156;0;0;2324;286860;98,866;0
CMP;COMPAÑIA PANAMEÑA DE AVIACION S.A. (COPA AIRLINES);ESTRANGEIRA;2026;1;SBBR;BRASÍLIA;DF;CENTRO-OESTE;BRASIL;AMÉRICA DO SUL;MPTO;PANAMA;;;PANAMÁ;AMÉRICA CENTRAL;INTERNACIONAL;REGULAR;5113;0;458;0;0;23485896;22691494;3049633;2044252;0;137578;31;2032604;0;0;5292;687164;185,634;0
CMP;COMPAÑIA PANAMEÑA DE AVIACION S.A. (COPA AIRLINES);ESTRANGEIRA;2026;1;SBCF;CONFINS;MG;SUDESTE;BRASIL;AMÉRICA DO SUL;MPTO;PANAMA;;;PANAMÁ;AMÉRICA CENTRAL;INTERNACIONAL;REGULAR;4934;10;5919;0;0;25843212;24778548;3262273;2259779;0;155682;31;29725218;0;0;5146;649600;209,347;0
CMP;COMPAÑIA PANAMEÑA DE AVIACION S.A. (COPA AIRLINES);ESTRANGEIRA;2026;1;SBEG;MANAUS;AM;NORTE;BRASIL;AMÉRICA DO SUL;MPTO;PANAMA;;;PANAMÁ;AMÉRICA CENTRAL;INTERNACIONAL;REGULAR;4422;38;2774;264;0;12576539;11192082;1602108;1014295;0;75930;30;7020994;668184;0;4969;633000;112,424;0
CMP;COMPAÑIA PANAMEÑA DE AVIACION S.A. (COPA AIRLINES);ESTRANGEIRA;2026;1;SBFL;FLORIANÓPOLIS;SC;SUL;BRASIL;AMÉRICA DO SUL;MPTO;PANAMA;;;PANAMÁ;AMÉRICA CENTRAL;INTERNACIONAL;REGULAR;3179;13;5860;0;0;17473160;16731077;2578860;1536630;0;105260;20;30841180;0;0;3320;490000;138,4;0
CMP;COMPAÑIA PANAMEÑA DE AVIACION S.A. (COPA AIRLINES);ESTRANGEIRA;2026;1;SBGL;RIO DE JANEIRO;RJ;SUDESTE;BRASIL;AMÉRICA DO SUL;MPTO;PANAMA;;;PANAMÁ;AMÉRICA CENTRAL;INTERNACIONAL;REGULAR;13699;193;7446;0;0;76470390;72536205;10987125;6567641;0;439485;83;39426570;0;0;14442;2075000;585,414;0
CMP;COMPAÑIA PANAMEÑA DE AVIACION S.A. (COPA AIRLINES);ESTRANGEIRA;2026;1;SBGR;GUARULHOS;SP;SUDESTE;BRASIL;AMÉRICA DO SUL;MPTO;PANAMA;;;PANAMÁ;AMÉRICA CENTRAL;INTERNACIONAL;REGULAR;27051;135;77878;0;0;148094148;137581386;22307196;12778326;0;874792;172;396087508;0;0;29118;4386000;1164,62;0
CMP;COMPAÑIA PANAMEÑA DE AVIACION S.A. (COPA AIRLINES);ESTRANGEIRA;2026;1;SBPA;PORTO ALEGRE;RS;SUL;BRASIL;AMÉRICA DO SUL;MPTO;PANAMA;;;PANAMÁ;AMÉRICA CENTRAL;INTERNACIONAL;REGULAR;4913;0;16467;0;0;27212048;25979944;3196596;2425256;0;163928;31;87077496;0;0;5146;604500;217,109;0
CMP;COMPAÑIA PANAMEÑA DE AVIACION S.A. (COPA AIRLINES);ESTRANGEIRA;2026;1;SBSV;SALVADOR;BA;NORDESTE;BRASIL;AMÉRICA DO SUL;MPTO;PANAMA;;;PANAMÁ;AMÉRICA CENTRAL;INTERNACIONAL;REGULAR;2143;9;703;0;0;11970924;11038593;1477602;997088;0;72114;14;3621153;0;0;2324;286860;95,901;0
CQB;APUÍ TÁXI AÉREO S/A;BRASILEIRA;2026;1;SBEG;MANAUS;AM;NORTE;BRASIL;AMÉRICA DO SUL;SBMY;MANICORÉ;AM;NORTE;BRASIL;AMÉRICA DO SUL;DOMÉSTICA;REGULAR;12;0;0;0;0;5070;4056;414;331;340;338;1;0;0;0;15;1225;1,167;82
CQB;APUÍ TÁXI AÉREO S/A;BRASILEIRA;2026;1;SBEG;MANAUS;AM;NORTE;BRASIL;AMÉRICA DO SUL;SWYN;APUÍ;AM;NORTE;BRASIL;AMÉRICA DO SUL;DOMÉSTICA;REGULAR;79;0;0;0;0;48300;36340;3878;2954;3150;3220;7;0;0;0;105;8435;10,116;501
CQB;APUÍ TÁXI AÉREO S/A;BRASILEIRA;2026;1;SBMY;MANICORÉ;AM;NORTE;BRASIL;AMÉRICA DO SUL;SBEG;MANAUS;AM;NORTE;BRASIL;AMÉRICA DO SUL;DOMÉSTICA;REGULAR;37;0;0;0;0;35490;12506;2898;1018;2380;2366;7;0;0;0;105;8575;7,966;250
CQB;APUÍ TÁXI AÉREO S/A;BRASILEIRA;2026;1;SBMY;MANICORÉ;AM;NORTE;BRASIL;AMÉRICA DO SUL;SWYN;APUÍ;AM;NORTE;BRASIL;AMÉRICA DO SUL;DOMÉSTICA;REGULAR;6;0;0;0;0;3300;1320;269;106;230;220;1;0;0;0;15;1225;0,833;35
CQB;APUÍ TÁXI AÉREO S/A;BRASILEIRA;2026;1;SWYN;APUÍ;AM;NORTE;BRASIL;AMÉRICA DO SUL;SBEG;MANAUS;AM;NORTE;BRASIL;AMÉRICA DO SUL;DOMÉSTICA;REGULAR;7;0;0;10;0;6900;3220;554;259;450;460;1;0;4600;0;15;1205;1,5;40
CQB;APUÍ TÁXI AÉREO S/A;BRASILEIRA;2026;1;SWYN;APUÍ;AM;NORTE;BRASIL;AMÉRICA DO SUL;SBMY;MANICORÉ;AM;NORTE;BRASIL;AMÉRICA DO SUL;DOMÉSTICA;REGULAR;46;0;0;30;0;23100;10120;1883;823;1610;1540;7;0;6600;0;105;8575;5,416;304
CVK;CAVOK AIR;ESTRANGEIRA;2026;1;GVAC;ILHA DO SAL;;;CABO VERDE;ÁFRICA;DIAP;ABIDJAN;;;COSTA DO MARFIM;ÁFRICA;INTERNACIONAL;NÃO REGULAR;0;0;0;0;0;0;0;48680;21740;0;2434;1;21740488;0;0;0;20000;5,083;0
CVK;CAVOK AIR;ESTRANGEIRA;2026;1;GVAC;ILHA DO SAL;;;CABO VERDE;ÁFRICA;SBFZ;FORTALEZA;CE;NORDESTE;BRASIL;AMÉRICA DO SUL;INTERNACIONAL;IMPRODUTIVO;0;0;0;0;0;0;0;0;0;0;2852;1;0;0;0;0;0;6,383;0
CVK;CAVOK AIR;ESTRANGEIRA;2026;1;GVAC;ILHA DO SAL;;;CABO VERDE;ÁFRICA;SBGL;RIO DE JANEIRO;RJ;SUDESTE;BRASIL;AMÉRICA DO SUL;INTERNACIONAL;IMPRODUTIVO;0;0;0;0;0;;;;;;;;;;;;;;0
CVK;CAVOK AIR;ESTRANGEIRA;2026;1;SBFZ;FORTALEZA;CE;NORDESTE;BRASIL;AMÉRICA DO SUL;DIAP;ABIDJAN;;;COSTA DO MARFIM;ÁFRICA;INTERNACIONAL;NÃO REGULAR;0;0;0;0;0;;;;;;;;;;;;;;0
CVK;CAVOK AIR;ESTRANGEIRA;2026;1;SBFZ;FORTALEZA;CE;NORDESTE;BRASIL;AMÉRICA DO SUL;GVAC;ILHA DO SAL;;;CABO VERDE;ÁFRICA;INTERNACIONAL;NÃO REGULAR;0;0;0;0;0;0;0;57040;25474;0;2852;1;25474064;0;0;0;20000;5,767;0
CVK;CAVOK AIR;ESTRANGEIRA;2026;1;SBFZ;FORTALEZA;CE;NORDESTE;BRASIL;AMÉRICA DO SUL;SBGL;RIO DE JANEIRO;RJ;SUDESTE;BRASIL;AMÉRICA DO SUL;INTERNACIONAL;IMPRODUTIVO;0;0;0;0;0;0;0;0;0;0;2177;1;0;0;0;0;0;4,9;0
CVK;CAVOK AIR;ESTRANGEIRA;2026;1;SBGL;RIO DE JANEIRO;RJ;SUDESTE;BRASIL;AMÉRICA DO SUL;DIAP;ABIDJAN;;;COSTA DO MARFIM;ÁFRICA;INTERNACIONAL;NÃO REGULAR;0;0;8932;0;0;;;;;;;;;;;;;;0
CVK;CAVOK AIR;ESTRANGEIRA;2026;1;SBGL;RIO DE JANEIRO;RJ;SUDESTE;BRASIL;AMÉRICA DO SUL;GVAC;ILHA DO SAL;;;CABO VERDE;ÁFRICA;INTERNACIONAL;NÃO REGULAR;0;0;0;0;0;;;;;;;;;;;;;;0
CVK;CAVOK AIR;ESTRANGEIRA;2026;1;SBGL;RIO DE JANEIRO;RJ;SUDESTE;BRASIL;AMÉRICA DO SUL;SBFZ;FORTALEZA;CE;NORDESTE;BRASIL;AMÉRICA DO SUL;INTERNACIONAL;NÃO REGULAR;0;0;0;0;0;0;0;43540;19444;0;2177;1;19444964;0;0;0;20000;5,35;0
DAE;DHL AERO EXPRESO;ESTRANGEIRA;2026;1;KMIA;MIAMI, FLORIDA;;;ESTADOS UNIDOS DA AMÉRICA;AMÉRICA DO NORTE;SBKP;CAMPINAS;SP;SUDESTE;BRASIL;AMÉRICA DO SUL;INTERNACIONAL;REGULAR;0;0;486662;0;0;0;0;6622443;3161345;0;136416;21;3161356352;0;0;0;1019466;191,915;0
DAE;DHL AERO EXPRESO;ESTRANGEIRA;2026;1;SBKP;CAMPINAS;SP;SUDESTE;BRASIL;AMÉRICA DO SUL;KMIA;MIAMI, FLORIDA;;;ESTADOS UNIDOS DA AMÉRICA;AMÉRICA DO NORTE;INTERNACIONAL;REGULAR;0;0;399799;0;0;;;;;;;;;;;;;;0
DAE;DHL AERO EXPRESO;ESTRANGEIRA;2026;1;SBKP;CAMPINAS;SP;SUDESTE;BRASIL;AMÉRICA DO SUL;SKBO;BOGOTÁ;;;COLÔMBIA;AMÉRICA DO SUL;INTERNACIONAL;REGULAR;0;0;244105;0;0;0;0;4616525;2739154;0;89334;21;2739167616;0;0;0;1085222;128,902;0
DAE;DHL AERO EXPRESO;ESTRANGEIRA;2026;1;SKBO;BOGOTÁ;;;COLÔMBIA;AMÉRICA DO SUL;KMIA;MIAMI, FLORIDA;;;ESTADOS UNIDOS DA AMÉRICA;AMÉRICA DO NORTE;INTERNACIONAL;REGULAR;0;0;361790;0;0;0;0;2658759;1854461;0;51135;21;1854469208;0;0;0;1091897;84,234;0
DAL;DELTA AIR LINES INC.;ESTRANGEIRA;2026;1;KATL;ATLANTA;;;ESTADOS UNIDOS DA AMÉRICA;AMÉRICA DO NORTE;SBGL;RIO DE JANEIRO;RJ;SUDESTE;BRASIL;AMÉRICA DO SUL;INTERNACIONAL;REGULAR;7390;305;48035;0;8118;64642860;56466990;10718310;5511076;0;229230;30;367035432;0;62029639;8460;1402740;280,967;0
DAL;DELTA AIR LINES INC.;ESTRANGEIRA;2026;1;KATL;ATLANTA;;;ESTADOS UNIDOS DA AMÉRICA;AMÉRICA DO NORTE;SBGR;GUARULHOS;SP;SUDESTE;BRASIL;AMÉRICA DO SUL;INTERNACIONAL;REGULAR;16324;341;207089;0;7888;131102070;122593240;21024820;12647837;0;465620;62;1555238390;0;59238880;17457;2799582;582,533;0
DAL;DELTA AIR LINES INC.;ESTRANGEIRA;2026;1;KJFK;NEW YORK, NEW YORK;;;ESTADOS UNIDOS DA AMÉRICA;AMÉRICA DO NORTE;SBGL;RIO DE JANEIRO;RJ;SUDESTE;BRASIL;AMÉRICA DO SUL;INTERNACIONAL;REGULAR;5843;103;2591;0;285;50083920;45160547;9301230;4086663;0;231870;30;20025839;0;2202765;6480;1203420;292,883;0
DAL;DELTA AIR LINES INC.;ESTRANGEIRA;2026;1;KJFK;NEW YORK, NEW YORK;;;ESTADOS UNIDOS DA AMÉRICA;AMÉRICA DO NORTE;SBGR;GUARULHOS;SP;SUDESTE;BRASIL;AMÉRICA DO SUL;INTERNACIONAL;REGULAR;7600;86;79637;0;8156;62461600;58246400;9602105;5915008;0;222256;29;610337968;0;62507584;8150;1252886;284,2;0
DAL;DELTA AIR LINES INC.;ESTRANGEIRA;2026;1;SBGL;RIO DE JANEIRO;RJ;SUDESTE;BRASIL;AMÉRICA DO SUL;KATL;ATLANTA;;;ESTADOS UNIDOS DA AMÉRICA;AMÉRICA DO NORTE;INTERNACIONAL;NÃO REGULAR;122;157;0;0;0;2154762;932202;357277;83898;0;7641;1;0;0;0;282;46758;10,1;0
DAL;DELTA AIR LINES INC.;ESTRANGEIRA;2026;1;SBGL;RIO DE JANEIRO;RJ;SUDESTE;BRASIL;AMÉRICA DO SUL;KATL;ATLANTA;;;ESTADOS UNIDOS DA AMÉRICA;AMÉRICA DO NORTE;INTERNACIONAL;REGULAR;7525;310;59850;0;0;62488098;57498525;10361033;5632167;0;221589;29;457313851;0;0;8178;1355982;291,083;0
DAL;DELTA AIR LINES INC.;ESTRANGEIRA;2026;1;SBGL;RIO DE JANEIRO;RJ;SUDESTE;BRASIL;AMÉRICA DO SUL;KJFK;NEW YORK, NEW YORK;;;ESTADOS UNIDOS DA AMÉRICA;AMÉRICA DO NORTE;INTERNACIONAL;REGULAR;6090;211;68647;0;0;50083920;47069610;9301230;4766822;0;231870;30;530572671;0;0;6480;1203420;308,383;0
DAL;DELTA AIR LINES INC.;ESTRANGEIRA;2026;1;SBGR;GUARULHOS;SP;SUDESTE;BRASIL;AMÉRICA DO SUL;KATL;ATLANTA;;;ESTADOS UNIDOS DA AMÉRICA;AMÉRICA DO NORTE;INTERNACIONAL;NÃO REGULAR;47;24;7735;0;0;2110310;352970;323500;89857;0;7510;1;58089848;0;0;281;43076;10,0667;0
DAL;DELTA AIR LINES INC.;ESTRANGEIRA;2026;1;SBGR;GUARULHOS;SP;SUDESTE;BRASIL;AMÉRICA DO SUL;KATL;ATLANTA;;;ESTADOS UNIDOS DA AMÉRICA;AMÉRICA DO NORTE;INTERNACIONAL;REGULAR;15717;425;246504;0;0;128999270;118034670;20728972;12474340;0;458110;61;1851245042;0;0;17177;2760188;607,8;0
DAL;DELTA AIR LINES INC.;ESTRANGEIRA;2026;1;SBGR;GUARULHOS;SP;SUDESTE;BRASIL;AMÉRICA DO SUL;KJFK;NEW YORK, NEW YORK;;;ESTADOS UNIDOS DA AMÉRICA;AMÉRICA DO NORTE;INTERNACIONAL;REGULAR;7410;203;156539;0;0;62461600;56790240;9602105;6310818;0;222256;29;1199714896;0;0;8150;1252886;289,583;0
DLH;DEUTSCHE LUFTHANSA A.G.;ESTRANGEIRA;2026;1;EDDF;FRANKFURT AM MAIN;;;ALEMANHA;EUROPA;SBGL;RIO DE JANEIRO;RJ;SUDESTE;BRASIL;AMÉRICA DO SUL;INTERNACIONAL;REGULAR;5392;0;284230;0;10;64296960;51590656;11577280;7362758;0;210496;22;2719512640;0;95680;6720;1210000;258,018;0
DLH;DEUTSCHE LUFTHANSA A.G.;ESTRANGEIRA;2026;1;EDDF;FRANKFURT AM MAIN;;;ALEMANHA;EUROPA;SBGR;GUARULHOS;SP;SUDESTE;BRASIL;AMÉRICA DO SUL;INTERNACIONAL;REGULAR;10686;0;378905;0;5225;110560632;104701428;20654184;13186820;0;303738;31;3712511192;0;51194550;11284;2108000;370,517;0
DLH;DEUTSCHE LUFTHANSA A.G.;ESTRANGEIRA;2026;1;EDDM;MUNICH;;;ALEMANHA;EUROPA;SBGR;GUARULHOS;SP;SUDESTE;BRASIL;AMÉRICA DO SUL;INTERNACIONAL;REGULAR;3573;0;87470;0;0;37545313;35219061;7175896;4031900;0;128141;13;862191789;0;0;3809;728000;162,833;0
DLH;DEUTSCHE LUFTHANSA A.G.;ESTRANGEIRA;2026;1;SBGL;RIO DE JANEIRO;RJ;SUDESTE;BRASIL;AMÉRICA DO SUL;EDDF;FRANKFURT AM MAIN;;;ALEMANHA;EUROPA;INTERNACIONAL;REGULAR;5566;0;264096;0;1388;63914240;53255488;11577280;7333132;0;210496;22;2526870528;0;13280384;6680;1210000;243,934;0
DLH;DEUTSCHE LUFTHANSA A.G.;ESTRANGEIRA;2026;1;SBGR;GUARULHOS;SP;SUDESTE;BRASIL;AMÉRICA DO SUL;EDDF;FRANKFURT AM MAIN;;;ALEMANHA;EUROPA;INTERNACIONAL;REGULAR;10804;0;334047;0;17237;110560632;105857592;20654184;12969045;0;303738;31;3272992498;0;168888126;11284;2108000;351,249;0
DLH;DEUTSCHE LUFTHANSA A.G.;ESTRANGEIRA;2026;1;SBGR;GUARULHOS;SP;SUDESTE;BRASIL;AMÉRICA DO SUL;EDDM;MUNICH;;;ALEMANHA;EUROPA;INTERNACIONAL;REGULAR;3666;0;67985;0;0;37545313;36135762;7175896;3922341;0;128141;13;670128151;0;0;3809;728000;147,416;0
DTA;TAAG LINHAS AÉREAS DE ANGOLA (ANGOLA AIRLINES);ESTRANGEIRA;2026;1;FNBJ;LUANDA; ; ;ANGOLA;ÁFRICA;SBGR;GUARULHOS;SP;SUDESTE;BRASIL;AMÉRICA DO SUL;INTERNACIONAL;REGULAR;4096;0;70366;0;0;40890406;26845184;6681170;2877237;0;111418;17;461178760;0;0;6239;1019405;135,001;0
DTA;TAAG LINHAS AÉREAS DE ANGOLA (ANGOLA AIRLINES);ESTRANGEIRA;2026;1;SBGR;GUARULHOS;SP;SUDESTE;BRASIL;AMÉRICA DO SUL;FNBJ;LUANDA; ; ;ANGOLA;ÁFRICA;INTERNACIONAL;REGULAR;5547;0;20961;0;0;40890406;36355038;6681170;3409324;0;111418;17;137378396;0;0;6239;1019405;139,752;0
DWI;ARAJET S.A.;ESTRANGEIRA;2026;1;MDPC;PUNTA CANA;;;REPÚBLICA DOMINICANA;AMÉRICA CENTRAL;SBGR;GUARULHOS;SP;SUDESTE;BRASIL;AMÉRICA DO SUL;INTERNACIONAL;REGULAR;5781;4;0;0;0;34112400;30292440;4456620;2726305;0;183400;35;0;0;0;6510;850500;252,482;0
DWI;ARAJET S.A.;ESTRANGEIRA;2026;1;SBGR;GUARULHOS;SP;SUDESTE;BRASIL;AMÉRICA DO SUL;MDPC;PUNTA CANA;;;REPÚBLICA DOMINICANA;AMÉRICA CENTRAL;INTERNACIONAL;REGULAR;5565;10;0;0;0;32163120;29160600;4201956;2624441;0;172920;33;0;0;0;6138;801900;216,902;0
ETH;ETHIOPIAN AIRLINES GROUP;ESTRANGEIRA;2026;1;DNMM;IKEJA,  LAGOS STATE;;;NIGÉRIA;ÁFRICA;SBGR;GUARULHOS;SP;SUDESTE;BRASIL;AMÉRICA DO SUL;INTERNACIONAL;REGULAR;0;0;981810;0;0;0;0;7403842;6864518;0;69872;11;6864523840;0;0;0;1165593;84,5;0
ETH;ETHIOPIAN AIRLINES GROUP;ESTRANGEIRA;2026;1;DNMM;IKEJA,  LAGOS STATE;;;NIGÉRIA;ÁFRICA;SCEL;SANTIAGO;;;CHILE;AMÉRICA DO SUL;INTERNACIONAL;REGULAR;0;0;98877;0;0;;;;;;;;;;;;;;0
ETH;ETHIOPIAN AIRLINES GROUP;ESTRANGEIRA;2026;1;HAAB;ADDIS ABABA;;;ETIÓPIA;ÁFRICA;SAEZ;EZEIZA, BUENOS AIRES PROVINCE;;;ARGENTINA;AMÉRICA DO SUL;INTERNACIONAL;REGULAR;3904;1;216481;0;312;;;;;;;;;;;;;;0
ETH;ETHIOPIAN AIRLINES GROUP;ESTRANGEIRA;2026;1;HAAB;ADDIS ABABA;;;ETIÓPIA;ÁFRICA;SBGL;RIO DE JANEIRO;RJ;SUDESTE;BRASIL;AMÉRICA DO SUL;INTERNACIONAL;REGULAR;0;0;0;0;0;3020850;2848230;504338;350514;0;9590;1;94173800;0;0;315;52590;12,633;0
ETH;ETHIOPIAN AIRLINES GROUP;ESTRANGEIRA;2026;1;HAAB;ADDIS ABABA;;;ETIÓPIA;ÁFRICA;SBGR;GUARULHOS;SP;SUDESTE;BRASIL;AMÉRICA DO SUL;INTERNACIONAL;REGULAR;4485;8;12751;0;699;90683145;77361111;15137120;9067633;0;287883;29;2096026476;0;9122913;9135;1524845;342,382;0
ETH;ETHIOPIAN AIRLINES GROUP;ESTRANGEIRA;2026;1;HAAB;ADDIS ABABA;;;ETIÓPIA;ÁFRICA;SBKP;CAMPINAS;SP;SUDESTE;BRASIL;AMÉRICA DO SUL;INTERNACIONAL;REGULAR;0;0;0;0;0;3145275;2985515;524322;352170;0;9985;1;82555984;0;918620;315;52511;12,483;0
ETH;ETHIOPIAN AIRLINES GROUP;ESTRANGEIRA;2026;1;SAEZ;EZEIZA, BUENOS AIRES PROVINCE;;;ARGENTINA;AMÉRICA DO SUL;HAAB;ADDIS ABABA;;;ETIÓPIA;ÁFRICA;INTERNACIONAL;REGULAR;5532;1;21180;0;0;;;;;;;;;;;;;;0
ETH;ETHIOPIAN AIRLINES GROUP;ESTRANGEIRA;2026;1;SAEZ;EZEIZA, BUENOS AIRES PROVINCE;;;ARGENTINA;AMÉRICA DO SUL;SBGR;GUARULHOS;SP;SUDESTE;BRASIL;AMÉRICA DO SUL;INTERNACIONAL;REGULAR;2869;0;27137;0;0;16815330;14466522;2805804;1385171;0;53382;31;83201874;0;0;9765;1629401;75,336;0
ETH;ETHIOPIAN AIRLINES GROUP;ESTRANGEIRA;2026;1;SBGL;RIO DE JANEIRO;RJ;SUDESTE;BRASIL;AMÉRICA DO SUL;SAEZ;EZEIZA, BUENOS AIRES PROVINCE;;;ARGENTINA;AMÉRICA DO SUL;INTERNACIONAL;REGULAR;0;0;0;0;0;;;;;;;;;;;;;;0
ETH;ETHIOPIAN AIRLINES GROUP;ESTRANGEIRA;2026;1;SBGL;RIO DE JANEIRO;RJ;SUDESTE;BRASIL;AMÉRICA DO SUL;SBGR;GUARULHOS;SP;SUDESTE;BRASIL;AMÉRICA DO SUL;INTERNACIONAL;REGULAR;0;0;0;0;0;106155;100089;17722;12317;0;337;1;3309340;0;0;315;52590;1,533;0
ETH;ETHIOPIAN AIRLINES GROUP;ESTRANGEIRA;2026;1;SBGR;GUARULHOS;SP;SUDESTE;BRASIL;AMÉRICA DO SUL;HAAB;ADDIS ABABA;;;ETIÓPIA;ÁFRICA;INTERNACIONAL;REGULAR;3657;3;193256;0;0;96937155;91219203;16175046;10338420;0;307737;31;2128706175;0;0;9765;1629401;369,333;0
ETH;ETHIOPIAN AIRLINES GROUP;ESTRANGEIRA;2026;1;SBGR;GUARULHOS;SP;SUDESTE;BRASIL;AMÉRICA DO SUL;SAEZ;EZEIZA, BUENOS AIRES PROVINCE;;;ARGENTINA;AMÉRICA DO SUL;INTERNACIONAL;REGULAR;1905;0;42659;0;0;16815330;10003098;2806691;1347040;0;53382;31;446239080;0;537264;9765;1629916;92,733;0
ETH;ETHIOPIAN AIRLINES GROUP;ESTRANGEIRA;2026;1;SBGR;GUARULHOS;SP;SUDESTE;BRASIL;AMÉRICA DO SUL;SCEL;SANTIAGO;;;CHILE;AMÉRICA DO SUL;INTERNACIONAL;REGULAR;0;0;4325;0;0;0;0;2811595;269765;0;28754;11;269770028;0;0;0;1075593;43,066;0
ETH;ETHIOPIAN AIRLINES GROUP;ESTRANGEIRA;2026;1;SBKP;CAMPINAS;SP;SUDESTE;BRASIL;AMÉRICA DO SUL;SAEZ;EZEIZA, BUENOS AIRES PROVINCE;;;ARGENTINA;AMÉRICA DO SUL;INTERNACIONAL;REGULAR;0;0;0;0;0;;;;;;;;;;;;;;0
ETH;ETHIOPIAN AIRLINES GROUP;ESTRANGEIRA;2026;1;SBKP;CAMPINAS;SP;SUDESTE;BRASIL;AMÉRICA DO SUL;SBGR;GUARULHOS;SP;SUDESTE;BRASIL;AMÉRICA DO SUL;INTERNACIONAL;REGULAR;0;0;0;0;0;26145;24817;4358;2927;0;83;1;686244;0;7636;315;52511;0,783;0
FBZ;FB LÍNEAS AÉREAS S.A (FLYBONDI);ESTRANGEIRA;2026;1;SAAR;ROSARIO, SANTA FE PROVINCE;;;ARGENTINA;AMÉRICA DO SUL;SBCB;CABO FRIO;RJ;SUDESTE;BRASIL;AMÉRICA DO SUL;INTERNACIONAL;NÃO REGULAR;624;0;6417;0;0;2025135;1337232;192870;134100;0;10715;5;13751631;0;0;945;90000;15,1;0
FBZ;FB LÍNEAS AÉREAS S.A (FLYBONDI);ESTRANGEIRA;2026;1;SAAR;ROSARIO, SANTA FE PROVINCE;;;ARGENTINA;AMÉRICA DO SUL;SBMO;RIO LARGO;AL;NORDESTE;BRASIL;AMÉRICA DO SUL;INTERNACIONAL;NÃO REGULAR;710;0;7310;0;0;2760156;2592210;262872;259986;0;14604;4;26688810;0;0;756;72000;19,117;0
FBZ;FB LÍNEAS AÉREAS S.A (FLYBONDI);ESTRANGEIRA;2026;1;SABE;BUENOS AIRES;;;ARGENTINA;AMÉRICA DO SUL;SBFL;FLORIANÓPOLIS;SC;SUL;BRASIL;AMÉRICA DO SUL;INTERNACIONAL;REGULAR;4802;0;24561;0;0;6637491;5815222;632142;553097;0;35119;29;29743371;0;0;5481;522000;55,231;0
FBZ;FB LÍNEAS AÉREAS S.A (FLYBONDI);ESTRANGEIRA;2026;1;SABE;BUENOS AIRES;;;ARGENTINA;AMÉRICA DO SUL;SBGL;RIO DE JANEIRO;RJ;SUDESTE;BRASIL;AMÉRICA DO SUL;INTERNACIONAL;REGULAR;9107;0;46899;0;0;20077893;17931683;1913868;1706171;0;106326;54;92344131;0;0;10197;972000;153,699;0
FBZ;FB LÍNEAS AÉREAS S.A (FLYBONDI);ESTRANGEIRA;2026;1;SACO;CÓRDOBA, CÓRDOBA PROVINCE;;;ARGENTINA;AMÉRICA DO SUL;SBFL;FLORIANÓPOLIS;SC;SUL;BRASIL;AMÉRICA DO SUL;INTERNACIONAL;NÃO REGULAR;1531;0;14392;0;0;2665467;2399077;253854;238465;0;14103;9;22552264;0;0;1701;162000;20,934;0
FBZ;FB LÍNEAS AÉREAS S.A (FLYBONDI);ESTRANGEIRA;2026;1;SACO;CÓRDOBA, CÓRDOBA PROVINCE;;;ARGENTINA;AMÉRICA DO SUL;SBFL;FLORIANÓPOLIS;SC;SUL;BRASIL;AMÉRICA DO SUL;INTERNACIONAL;REGULAR;2242;0;11155;0;0;3850119;3513214;366678;333661;0;20371;13;17479885;0;0;2457;234000;30,733;0
FBZ;FB LÍNEAS AÉREAS S.A (FLYBONDI);ESTRANGEIRA;2026;1;SACO;CÓRDOBA, CÓRDOBA PROVINCE;;;ARGENTINA;AMÉRICA DO SUL;SBGL;RIO DE JANEIRO;RJ;SUDESTE;BRASIL;AMÉRICA DO SUL;INTERNACIONAL;NÃO REGULAR;419;0;3663;0;0;1719900;953225;163800;94122;0;9100;4;8333325;0;0;756;72000;12,884;0
FBZ;FB LÍNEAS AÉREAS S.A (FLYBONDI);ESTRANGEIRA;2026;1;SACO;CÓRDOBA, CÓRDOBA PROVINCE;;;ARGENTINA;AMÉRICA DO SUL;SBGL;RIO DE JANEIRO;RJ;SUDESTE;BRASIL;AMÉRICA DO SUL;INTERNACIONAL;REGULAR;2937;0;13863;0;0;7309575;6681675;696150;632880;0;38675;17;31538325;0;0;3213;306000;53,801;0
FBZ;FB LÍNEAS AÉREAS S.A (FLYBONDI);ESTRANGEIRA;2026;1;SACO;CÓRDOBA, CÓRDOBA PROVINCE;;;ARGENTINA;AMÉRICA DO SUL;SBMO;RIO LARGO;AL;NORDESTE;BRASIL;AMÉRICA DO SUL;INTERNACIONAL;NÃO REGULAR;1427;0;14564;0;0;5751648;5428308;547776;543946;0;30432;8;55401456;0;0;1512;144000;40,218;0
FBZ;FB LÍNEAS AÉREAS S.A (FLYBONDI);ESTRANGEIRA;2026;1;SACO;CÓRDOBA, CÓRDOBA PROVINCE;;;ARGENTINA;AMÉRICA DO SUL;SBRF;RECIFE;PE;NORDESTE;BRASIL;AMÉRICA DO SUL;INTERNACIONAL;NÃO REGULAR;668;0;5956;0;0;3008880;2658640;286560;262981;0;15920;4;23704880;0;0;756;72000;20,9;0
FBZ;FB LÍNEAS AÉREAS S.A (FLYBONDI);ESTRANGEIRA;2026;1;SAEZ;EZEIZA, BUENOS AIRES PROVINCE;;;ARGENTINA;AMÉRICA DO SUL;SBFL;FLORIANÓPOLIS;SC;SUL;BRASIL;AMÉRICA DO SUL;INTERNACIONAL;REGULAR;7308;0;37808;0;0;10542951;9039996;1024236;860344;0;56902;46;46768496;0;0;8523;828000;92,835;0
FBZ;FB LÍNEAS AÉREAS S.A (FLYBONDI);ESTRANGEIRA;2026;1;SAEZ;EZEIZA, BUENOS AIRES PROVINCE;;;ARGENTINA;AMÉRICA DO SUL;SBGL;RIO DE JANEIRO;RJ;SUDESTE;BRASIL;AMÉRICA DO SUL;INTERNACIONAL;REGULAR;9785;0;50825;0;0;22005900;19530860;2191608;1859202;0;121756;61;101446700;0;0;11025;1098000;178,632;0
FBZ;FB LÍNEAS AÉREAS S.A (FLYBONDI);ESTRANGEIRA;2026;1;SAEZ;EZEIZA, BUENOS AIRES PROVINCE;;;ARGENTINA;AMÉRICA DO SUL;SBMO;RIO LARGO;AL;NORDESTE;BRASIL;AMÉRICA DO SUL;INTERNACIONAL;REGULAR;2318;0;13765;0;0;8751726;8442156;852228;809918;0;47346;13;50132130;0;0;2403;234000;62,549;0
FBZ;FB LÍNEAS AÉREAS S.A (FLYBONDI);ESTRANGEIRA;2026;1;SAEZ;EZEIZA, BUENOS AIRES PROVINCE;;;ARGENTINA;AMÉRICA DO SUL;SBSV;SALVADOR;BA;NORDESTE;BRASIL;AMÉRICA DO SUL;INTERNACIONAL;REGULAR;2112;0;12416;0;0;7427160;6703488;742716;642717;0;41262;13;39408384;0;0;2340;234000;56,25;0
FBZ;FB LÍNEAS AÉREAS S.A (FLYBONDI);ESTRANGEIRA;2026;1;SANT;TUCUMÁN, TUCUMÁN PROVINCE;;;ARGENTINA;AMÉRICA DO SUL;SBGL;RIO DE JANEIRO;RJ;SUDESTE;BRASIL;AMÉRICA DO SUL;INTERNACIONAL;NÃO REGULAR;558;0;5373;0;0;1699488;1254384;161856;124972;0;8992;4;12078504;0;0;756;72000;13,334;0
FBZ;FB LÍNEAS AÉREAS S.A (FLYBONDI);ESTRANGEIRA;2026;1;SASA;SALTA, SALTA PROVINCE;;;ARGENTINA;AMÉRICA DO SUL;SBFL;FLORIANÓPOLIS;SC;SUL;BRASIL;AMÉRICA DO SUL;INTERNACIONAL;NÃO REGULAR;462;0;3492;0;0;1229655;792330;123480;77298;0;6860;4;5988780;0;0;717;72000;10,584;0
FBZ;FB LÍNEAS AÉREAS S.A (FLYBONDI);ESTRANGEIRA;2026;1;SBCB;CABO FRIO;RJ;SUDESTE;BRASIL;AMÉRICA DO SUL;SAAR;ROSARIO, SANTA FE PROVINCE;;;ARGENTINA;AMÉRICA DO SUL;INTERNACIONAL;NÃO REGULAR;524;0;6134;0;0;1620108;1122932;154296;114207;0;8572;4;13145162;0;0;756;72000;13,5;0
FBZ;FB LÍNEAS AÉREAS S.A (FLYBONDI);ESTRANGEIRA;2026;1;SBCB;CABO FRIO;RJ;SUDESTE;BRASIL;AMÉRICA DO SUL;SAEZ;EZEIZA, BUENOS AIRES PROVINCE;;;ARGENTINA;AMÉRICA DO SUL;INTERNACIONAL;NÃO REGULAR;2;0;0;0;0;391986;4148;37332;373;0;2074;1;0;0;0;189;18000;3,417;0
FBZ;FB LÍNEAS AÉREAS S.A (FLYBONDI);ESTRANGEIRA;2026;1;SBFL;FLORIANÓPOLIS;SC;SUL;BRASIL;AMÉRICA DO SUL;SABE;BUENOS AIRES;;;ARGENTINA;AMÉRICA DO SUL;INTERNACIONAL;REGULAR;4751;0;25137;0;0;7553007;5753461;719334;548234;0;39963;33;30440907;0;0;6237;594000;69,916;0
FBZ;FB LÍNEAS AÉREAS S.A (FLYBONDI);ESTRANGEIRA;2026;1;SBFL;FLORIANÓPOLIS;SC;SUL;BRASIL;AMÉRICA DO SUL;SACO;CÓRDOBA, CÓRDOBA PROVINCE;;;ARGENTINA;AMÉRICA DO SUL;INTERNACIONAL;NÃO REGULAR;1302;0;14518;0;0;2665467;2040234;253854;206366;0;14103;9;22749706;0;0;1701;162000;23,6;0
FBZ;FB LÍNEAS AÉREAS S.A (FLYBONDI);ESTRANGEIRA;2026;1;SBFL;FLORIANÓPOLIS;SC;SUL;BRASIL;AMÉRICA DO SUL;SACO;CÓRDOBA, CÓRDOBA PROVINCE;;;ARGENTINA;AMÉRICA DO SUL;INTERNACIONAL;REGULAR;2033;0;11317;0;0;3836016;3185711;366678;304441;0;20371;13;17733739;0;0;2448;234000;34,6;0
FBZ;FB LÍNEAS AÉREAS S.A (FLYBONDI);ESTRANGEIRA;2026;1;SBFL;FLORIANÓPOLIS;SC;SUL;BRASIL;AMÉRICA DO SUL;SAEZ;EZEIZA, BUENOS AIRES PROVINCE;;;ARGENTINA;AMÉRICA DO SUL;INTERNACIONAL;IMPRODUTIVO;0;0;0;0;0;0;0;0;0;0;1237;1;0;0;0;0;0;2,25;0
FBZ;FB LÍNEAS AÉREAS S.A (FLYBONDI);ESTRANGEIRA;2026;1;SBFL;FLORIANÓPOLIS;SC;SUL;BRASIL;AMÉRICA DO SUL;SAEZ;EZEIZA, BUENOS AIRES PROVINCE;;;ARGENTINA;AMÉRICA DO SUL;INTERNACIONAL;REGULAR;6067;0;35971;0;0;9596646;7504879;935172;719913;0;51954;42;44496127;0;0;7758;756000;94,069;0
FBZ;FB LÍNEAS AÉREAS S.A (FLYBONDI);ESTRANGEIRA;2026;1;SBFL;FLORIANÓPOLIS;SC;SUL;BRASIL;AMÉRICA DO SUL;SASA;SALTA, SALTA PROVINCE;;;ARGENTINA;AMÉRICA DO SUL;INTERNACIONAL;NÃO REGULAR;458;0;4438;0;0;972405;785470;92610;78302;0;5145;3;7611170;0;0;567;54000;8,217;0
FBZ;FB LÍNEAS AÉREAS S.A (FLYBONDI);ESTRANGEIRA;2026;1;SBGL;RIO DE JANEIRO;RJ;SUDESTE;BRASIL;AMÉRICA DO SUL;SABE;BUENOS AIRES;;;ARGENTINA;AMÉRICA DO SUL;INTERNACIONAL;REGULAR;3887;0;23784;0;0;9675666;7653503;921492;735632;0;51194;26;46830696;0;0;4914;468000;82,65;0
FBZ;FB LÍNEAS AÉREAS S.A (FLYBONDI);ESTRANGEIRA;2026;1;SBGL;RIO DE JANEIRO;RJ;SUDESTE;BRASIL;AMÉRICA DO SUL;SACO;CÓRDOBA, CÓRDOBA PROVINCE;;;ARGENTINA;AMÉRICA DO SUL;INTERNACIONAL;NÃO REGULAR;339;0;3616;0;0;1289925;771225;122850;77635;0;6825;3;8226400;0;0;567;54000;10,649;0
FBZ;FB LÍNEAS AÉREAS S.A (FLYBONDI);ESTRANGEIRA;2026;1;SBGL;RIO DE JANEIRO;RJ;SUDESTE;BRASIL;AMÉRICA DO SUL;SACO;CÓRDOBA, CÓRDOBA PROVINCE;;;ARGENTINA;AMÉRICA DO SUL;INTERNACIONAL;REGULAR;2693;0;16348;0;0;7309575;6126575;696150;588576;0;38675;17;37191700;0;0;3213;306000;62,466;0
FBZ;FB LÍNEAS AÉREAS S.A (FLYBONDI);ESTRANGEIRA;2026;1;SBGL;RIO DE JANEIRO;RJ;SUDESTE;BRASIL;AMÉRICA DO SUL;SAEZ;EZEIZA, BUENOS AIRES PROVINCE;;;ARGENTINA;AMÉRICA DO SUL;INTERNACIONAL;NÃO REGULAR;1;0;0;0;0;377244;1996;35928;179;0;1996;1;0;0;0;189;18000;3,683;0
FBZ;FB LÍNEAS AÉREAS S.A (FLYBONDI);ESTRANGEIRA;2026;1;SBGL;RIO DE JANEIRO;RJ;SUDESTE;BRASIL;AMÉRICA DO SUL;SAEZ;EZEIZA, BUENOS AIRES PROVINCE;;;ARGENTINA;AMÉRICA DO SUL;INTERNACIONAL;REGULAR;13008;0;84931;0;0;32604660;25963968;3197592;2506235;0;177644;89;169522276;0;0;16335;1602000;294,58;0
FBZ;FB LÍNEAS AÉREAS S.A (FLYBONDI);ESTRANGEIRA;2026;1;SBGL;RIO DE JANEIRO;RJ;SUDESTE;BRASIL;AMÉRICA DO SUL;SANT;TUCUMÁN, TUCUMÁN PROVINCE;;;ARGENTINA;AMÉRICA DO SUL;INTERNACIONAL;NÃO REGULAR;442;0;5459;0;0;1699488;993616;161856;101695;0;8992;4;12271832;0;0;756;72000;14,766;0
FBZ;FB LÍNEAS AÉREAS S.A (FLYBONDI);ESTRANGEIRA;2026;1;SBMO;RIO LARGO;AL;NORDESTE;BRASIL;AMÉRICA DO SUL;SAAR;ROSARIO, SANTA FE PROVINCE;;;ARGENTINA;AMÉRICA DO SUL;INTERNACIONAL;NÃO REGULAR;524;0;5892;0;0;2070117;1913124;197154;193691;0;10953;3;21511692;0;0;567;54000;15,683;0
FBZ;FB LÍNEAS AÉREAS S.A (FLYBONDI);ESTRANGEIRA;2026;1;SBMO;RIO LARGO;AL;NORDESTE;BRASIL;AMÉRICA DO SUL;SABE;BUENOS AIRES;;;ARGENTINA;AMÉRICA DO SUL;INTERNACIONAL;REGULAR;152;0;802;0;0;682857;549176;65034;52323;0;3613;1;2897626;0;0;189;18000;5,667;0
FBZ;FB LÍNEAS AÉREAS S.A (FLYBONDI);ESTRANGEIRA;2026;1;SBMO;RIO LARGO;AL;NORDESTE;BRASIL;AMÉRICA DO SUL;SACO;CÓRDOBA, CÓRDOBA PROVINCE;;;ARGENTINA;AMÉRICA DO SUL;INTERNACIONAL;IMPRODUTIVO;0;0;0;0;0;0;0;0;0;0;3804;1;0;0;0;0;0;5,7;0
FBZ;FB LÍNEAS AÉREAS S.A (FLYBONDI);ESTRANGEIRA;2026;1;SBMO;RIO LARGO;AL;NORDESTE;BRASIL;AMÉRICA DO SUL;SACO;CÓRDOBA, CÓRDOBA PROVINCE;;;ARGENTINA;AMÉRICA DO SUL;INTERNACIONAL;NÃO REGULAR;1077;0;12010;0;0;5032692;4096908;479304;414405;0;26628;7;45686040;0;0;1323;126000;37,4;0
FBZ;FB LÍNEAS AÉREAS S.A (FLYBONDI);ESTRANGEIRA;2026;1;SBMO;RIO LARGO;AL;NORDESTE;BRASIL;AMÉRICA DO SUL;SAEZ;EZEIZA, BUENOS AIRES PROVINCE;;;ARGENTINA;AMÉRICA DO SUL;INTERNACIONAL;NÃO REGULAR;0;0;0;0;0;688338;0;65556;0;0;3642;1;0;0;0;189;18000;5,317;0
FBZ;FB LÍNEAS AÉREAS S.A (FLYBONDI);ESTRANGEIRA;2026;1;SBMO;RIO LARGO;AL;NORDESTE;BRASIL;AMÉRICA DO SUL;SAEZ;EZEIZA, BUENOS AIRES PROVINCE;;;ARGENTINA;AMÉRICA DO SUL;INTERNACIONAL;REGULAR;1876;0;10755;0;0;8063388;6832392;786672;654079;0;43704;12;39169710;0;0;2214;216000;62,016;0
FBZ;FB LÍNEAS AÉREAS S.A (FLYBONDI);ESTRANGEIRA;2026;1;SBRF;RECIFE;PE;NORDESTE;BRASIL;AMÉRICA DO SUL;SACO;CÓRDOBA, CÓRDOBA PROVINCE;;;ARGENTINA;AMÉRICA DO SUL;INTERNACIONAL;NÃO REGULAR;497;0;4729;0;0;3008880;1978060;286560;196845;0;15920;4;18821420;0;0;756;72000;22,884;0
FBZ;FB LÍNEAS AÉREAS S.A (FLYBONDI);ESTRANGEIRA;2026;1;SBSV;SALVADOR;BA;NORDESTE;BRASIL;AMÉRICA DO SUL;SAEZ;EZEIZA, BUENOS AIRES PROVINCE;;;ARGENTINA;AMÉRICA DO SUL;INTERNACIONAL;REGULAR;1844;0;11230;0;0;7512858;5852856;742716;562394;0;41262;13;35644020;0;0;2367;234000;63,066;0
FDX;FEDEX - FEDERAL EXPRESS CORPORATION;ESTRANGEIRA;2026;1;KMEM;MEMPHIS, TENNESSEE;;;ESTADOS UNIDOS DA AMÉRICA;AMÉRICA DO NORTE;SBKP;CAMPINAS;SP;SUDESTE;BRASIL;AMÉRICA DO SUL;INTERNACIONAL;NÃO REGULAR;0;0;302392;0;0;0;0;2835720;2012869;0;63016;8;2012872816;0;0;0;360000;79,25;0
FDX;FEDEX - FEDERAL EXPRESS CORPORATION;ESTRANGEIRA;2026;1;KMEM;MEMPHIS, TENNESSEE;;;ESTADOS UNIDOS DA AMÉRICA;AMÉRICA DO NORTE;SBKP;CAMPINAS;SP;SUDESTE;BRASIL;AMÉRICA DO SUL;INTERNACIONAL;REGULAR;0;0;250728;0;0;0;0;2481255;1831438;0;55139;7;1831441856;0;0;0;315000;69,518;0
FDX;FEDEX - FEDERAL EXPRESS CORPORATION;ESTRANGEIRA;2026;1;KMEM;MEMPHIS, TENNESSEE;;;ESTADOS UNIDOS DA AMÉRICA;AMÉRICA DO NORTE;TJBQ;AQUADILLA BORINQUEN;;;PORTO RICO;AMÉRICA CENTRAL;INTERNACIONAL;NÃO REGULAR;0;0;0;0;0;0;0;151164;136204;0;2907;1;136204576;0;0;0;52000;3,767;0
FDX;FEDEX - FEDERAL EXPRESS CORPORATION;ESTRANGEIRA;2026;1;KMEM;MEMPHIS, TENNESSEE;;;ESTADOS UNIDOS DA AMÉRICA;AMÉRICA DO NORTE;TJBQ;AQUADILLA BORINQUEN;;;PORTO RICO;AMÉRICA CENTRAL;INTERNACIONAL;REGULAR;0;0;0;0;0;0;0;151164;52974;0;2907;1;52974260;0;0;0;52000;3,75;0
FDX;FEDEX - FEDERAL EXPRESS CORPORATION;ESTRANGEIRA;2026;1;SBKP;CAMPINAS;SP;SUDESTE;BRASIL;AMÉRICA DO SUL;KMEM;MEMPHIS, TENNESSEE;;;ESTADOS UNIDOS DA AMÉRICA;AMÉRICA DO NORTE;INTERNACIONAL;NÃO REGULAR;0;0;215818;0;0;0;0;2520640;1699995;0;63016;8;1699998408;0;0;0;320000;84,516;0
FDX;FEDEX - FEDERAL EXPRESS CORPORATION;ESTRANGEIRA;2026;1;SBKP;CAMPINAS;SP;SUDESTE;BRASIL;AMÉRICA DO SUL;KMEM;MEMPHIS, TENNESSEE;;;ESTADOS UNIDOS DA AMÉRICA;AMÉRICA DO NORTE;INTERNACIONAL;REGULAR;0;0;308319;0;0;0;0;2244945;1640390;0;55139;7;1640393120;0;0;0;285000;72,266;0
FDX;FEDEX - FEDERAL EXPRESS CORPORATION;ESTRANGEIRA;2026;1;SBKP;CAMPINAS;SP;SUDESTE;BRASIL;AMÉRICA DO SUL;TJBQ;AQUADILLA BORINQUEN;;;PORTO RICO;AMÉRICA CENTRAL;INTERNACIONAL;REGULAR;0;0;0;0;0;0;0;265200;253918;0;5100;1;253918800;0;0;0;52000;6,5;0
FDX;FEDEX - FEDERAL EXPRESS CORPORATION;ESTRANGEIRA;2026;1;SBKP;CAMPINAS;SP;SUDESTE;BRASIL;AMÉRICA DO SUL;TJSJ;SAN JUAN;;;PORTO RICO;AMÉRICA CENTRAL;INTERNACIONAL;REGULAR;0;0;0;0;0;0;0;262288;253612;0;5044;1;253612320;0;0;0;52000;6,517;0
FDX;FEDEX - FEDERAL EXPRESS CORPORATION;ESTRANGEIRA;2026;1;TJBQ;AQUADILLA BORINQUEN;;;PORTO RICO;AMÉRICA CENTRAL;KMEM;MEMPHIS, TENNESSEE;;;ESTADOS UNIDOS DA AMÉRICA;AMÉRICA DO NORTE;INTERNACIONAL;REGULAR;0;0;0;0;0;0;0;151164;144733;0;2907;1;144733712;0;0;0;52000;4,4;0
FDX;FEDEX - FEDERAL EXPRESS CORPORATION;ESTRANGEIRA;2026;1;TJBQ;AQUADILLA BORINQUEN;;;PORTO RICO;AMÉRICA CENTRAL;SBKP;CAMPINAS;SP;SUDESTE;BRASIL;AMÉRICA DO SUL;INTERNACIONAL;NÃO REGULAR;0;0;0;0;0;0;0;265200;238955;0;5100;1;238955392;0;0;0;52000;6,5;0
FDX;FEDEX - FEDERAL EXPRESS CORPORATION;ESTRANGEIRA;2026;1;TJBQ;AQUADILLA BORINQUEN;;;PORTO RICO;AMÉRICA CENTRAL;SBKP;CAMPINAS;SP;SUDESTE;BRASIL;AMÉRICA DO SUL;INTERNACIONAL;REGULAR;0;0;0;0;0;0;0;265200;92937;0;5100;1;92937296;0;0;0;52000;6,633;0
FDX;FEDEX - FEDERAL EXPRESS CORPORATION;ESTRANGEIRA;2026;1;TJSJ;SAN JUAN;;;PORTO RICO;AMÉRICA CENTRAL;KMEM;MEMPHIS, TENNESSEE;;;ESTADOS UNIDOS DA AMÉRICA;AMÉRICA DO NORTE;INTERNACIONAL;REGULAR;0;0;0;0;0;0;0;155896;150739;0;2998;1;150739440;0;0;0;52000;6,85;0
GEC;LUFTHANSA CARGO AG;ESTRANGEIRA;2026;1;EDDF;FRANKFURT AM MAIN;;;ALEMANHA;EUROPA;SAEZ;EZEIZA, BUENOS AIRES PROVINCE;;;ARGENTINA;AMÉRICA DO SUL;INTERNACIONAL;REGULAR;0;0;114471;0;1450;;;;;;;;;;;;;;0
GEC;LUFTHANSA CARGO AG;ESTRANGEIRA;2026;1;EDDF;FRANKFURT AM MAIN;;;ALEMANHA;EUROPA;SBCT;SÃO JOSÉ DOS PINHAIS;PR;SUL;BRASIL;AMÉRICA DO SUL;INTERNACIONAL;REGULAR;0;0;184418;0;3454;0;0;6544492;5451413;0;70987;7;5416389184;0;35027014;0;645350;85,583;0
GEC;LUFTHANSA CARGO AG;ESTRANGEIRA;2026;1;EDDF;FRANKFURT AM MAIN;;;ALEMANHA;EUROPA;SBKP;CAMPINAS;SP;SUDESTE;BRASIL;AMÉRICA DO SUL;INTERNACIONAL;REGULAR;0;0;643501;0;0;0;0;7284646;4631459;0;78344;8;4602269312;0;29192933;0;743863;95,966;0
GEC;LUFTHANSA CARGO AG;ESTRANGEIRA;2026;1;EDDF;FRANKFURT AM MAIN;;;ALEMANHA;EUROPA;SUMU;MONTEVIDEO, MONTEVIDEO;;;URUGUAI;AMÉRICA DO SUL;INTERNACIONAL;REGULAR;0;0;61673;0;1531;;;;;;;;;;;;;;0
GEC;LUFTHANSA CARGO AG;ESTRANGEIRA;2026;1;SAEZ;EZEIZA, BUENOS AIRES PROVINCE;;;ARGENTINA;AMÉRICA DO SUL;EDDF;FRANKFURT AM MAIN;;;ALEMANHA;EUROPA;INTERNACIONAL;REGULAR;0;0;90054;0;0;0;0;6976636;3963964;0;92024;8;3953891648;0;10076628;0;606506;107,266;0
GEC;LUFTHANSA CARGO AG;ESTRANGEIRA;2026;1;SBCT;SÃO JOSÉ DOS PINHAIS;PR;SUL;BRASIL;AMÉRICA DO SUL;EDDF;FRANKFURT AM MAIN;;;ALEMANHA;EUROPA;INTERNACIONAL;NÃO REGULAR;0;0;19604;0;579;;;;;;;;;;;;;;0
GEC;LUFTHANSA CARGO AG;ESTRANGEIRA;2026;1;SBCT;SÃO JOSÉ DOS PINHAIS;PR;SUL;BRASIL;AMÉRICA DO SUL;EDDF;FRANKFURT AM MAIN;;;ALEMANHA;EUROPA;INTERNACIONAL;REGULAR;0;0;3048;0;1308;;;;;;;;;;;;;;0
GEC;LUFTHANSA CARGO AG;ESTRANGEIRA;2026;1;SBCT;SÃO JOSÉ DOS PINHAIS;PR;SUL;BRASIL;AMÉRICA DO SUL;SBKP;CAMPINAS;SP;SUDESTE;BRASIL;AMÉRICA DO SUL;INTERNACIONAL;NÃO REGULAR;0;0;0;0;0;0;0;164138;7042;0;349;1;6841796;0;202071;0;91082;0,833;0
GEC;LUFTHANSA CARGO AG;ESTRANGEIRA;2026;1;SBCT;SÃO JOSÉ DOS PINHAIS;PR;SUL;BRASIL;AMÉRICA DO SUL;SBKP;CAMPINAS;SP;SUDESTE;BRASIL;AMÉRICA DO SUL;INTERNACIONAL;REGULAR;0;0;0;0;0;0;0;261119;123559;0;2792;8;123105562;0;456492;0;748201;8,351;0
GEC;LUFTHANSA CARGO AG;ESTRANGEIRA;2026;1;SBKP;CAMPINAS;SP;SUDESTE;BRASIL;AMÉRICA DO SUL;EDDF;FRANKFURT AM MAIN;;;ALEMANHA;EUROPA;INTERNACIONAL;NÃO REGULAR;0;0;144781;0;0;;;;;;;;;;;;;;0
GEC;LUFTHANSA CARGO AG;ESTRANGEIRA;2026;1;SBKP;CAMPINAS;SP;SUDESTE;BRASIL;AMÉRICA DO SUL;EDDF;FRANKFURT AM MAIN;;;ALEMANHA;EUROPA;INTERNACIONAL;REGULAR;0;0;330007;0;0;0;0;4924299;3472066;0;58758;6;3453589600;0;18479391;0;502839;68,934;0
GEC;LUFTHANSA CARGO AG;ESTRANGEIRA;2026;1;SBKP;CAMPINAS;SP;SUDESTE;BRASIL;AMÉRICA DO SUL;SAEZ;EZEIZA, BUENOS AIRES PROVINCE;;;ARGENTINA;AMÉRICA DO SUL;INTERNACIONAL;NÃO REGULAR;0;0;13279;0;0;;;;;;;;;;;;;;0
GEC;LUFTHANSA CARGO AG;ESTRANGEIRA;2026;1;SBKP;CAMPINAS;SP;SUDESTE;BRASIL;AMÉRICA DO SUL;SAEZ;EZEIZA, BUENOS AIRES PROVINCE;;;ARGENTINA;AMÉRICA DO SUL;INTERNACIONAL;REGULAR;0;0;13279;0;0;;;;;;;;;;;;;;0
GEC;LUFTHANSA CARGO AG;ESTRANGEIRA;2026;1;SBKP;CAMPINAS;SP;SUDESTE;BRASIL;AMÉRICA DO SUL;SUMU;MONTEVIDEO, MONTEVIDEO;;;URUGUAI;AMÉRICA DO SUL;INTERNACIONAL;NÃO REGULAR;0;0;18449;0;0;0;0;1004447;277645;0;0;0;277648658;0;0;0;0;0;0
GEC;LUFTHANSA CARGO AG;ESTRANGEIRA;2026;1;SBKP;CAMPINAS;SP;SUDESTE;BRASIL;AMÉRICA DO SUL;SUMU;MONTEVIDEO, MONTEVIDEO;;;URUGUAI;AMÉRICA DO SUL;INTERNACIONAL;REGULAR;0;0;18449;0;0;0;0;1004447;331667;0;12584;8;326982656;0;4689113;0;638557;19,917;0
GEC;LUFTHANSA CARGO AG;ESTRANGEIRA;2026;1;SUMU;MONTEVIDEO, MONTEVIDEO;;;URUGUAI;AMÉRICA DO SUL;EDDF;FRANKFURT AM MAIN;;;ALEMANHA;EUROPA;INTERNACIONAL;NÃO REGULAR;0;0;108892;0;876;;;;;;;;;;;;;;0
GEC;LUFTHANSA CARGO AG;ESTRANGEIRA;2026;1;SUMU;MONTEVIDEO, MONTEVIDEO;;;URUGUAI;AMÉRICA DO SUL;SAEZ;EZEIZA, BUENOS AIRES PROVINCE;;;ARGENTINA;AMÉRICA DO SUL;INTERNACIONAL;NÃO REGULAR;0;0;0;0;42;0;0;173327;61339;0;0;0;61132008;0;210222;0;0;0;0
GEC;LUFTHANSA CARGO AG;ESTRANGEIRA;2026;1;SUMU;MONTEVIDEO, MONTEVIDEO;;;URUGUAI;AMÉRICA DO SUL;SAEZ;EZEIZA, BUENOS AIRES PROVINCE;;;ARGENTINA;AMÉRICA DO SUL;INTERNACIONAL;REGULAR;0;0;0;0;42;0;0;173327;29592;0;1832;8;29254750;0;341668;0;756899;7,116;0
GJW;GLOBAL JET ARUBA;ESTRANGEIRA;2026;1;NTAA;TAHITI;;;POLINÉSIA FRANCESA;OCEANIA;SBKP;CAMPINAS;SP;SUDESTE;BRASIL;AMÉRICA DO SUL;INTERNACIONAL;NÃO REGULAR;16;0;0;0;0;324415;167440;533715;15069;0;10465;1;0;0;0;31;51000;12,25;0
GJW;GLOBAL JET ARUBA;ESTRANGEIRA;2026;1;SBKP;CAMPINAS;SP;SUDESTE;BRASIL;AMÉRICA DO SUL;LFSB;MULHOUSE, FRANCE/BASEL, SWITZERLAND;;;FRANÇA;EUROPA;INTERNACIONAL;IMPRODUTIVO;0;0;0;0;0;0;0;0;0;0;9558;1;0;0;0;0;0;11,05;0
GLO;GOL LINHAS AÉREAS S.A. (EX- VRG LINHAS AÉREAS S.A.);BRASILEIRA;2026;1;KMCO;ORLANDO, FLORIDA;;;ESTADOS UNIDOS DA AMÉRICA;AMÉRICA DO NORTE;KGWO;GREENWOOD, MISSISSIPPI;;;ESTADOS UNIDOS DA AMÉRICA;AMÉRICA DO NORTE;INTERNACIONAL;IMPRODUTIVO;0;0;0;0;0;0;0;0;0;4186;1008;1;0;0;0;0;0;2,5;0
GLO;GOL LINHAS AÉREAS S.A. (EX- VRG LINHAS AÉREAS S.A.);BRASILEIRA;2026;1;KMCO;ORLANDO, FLORIDA;;;ESTADOS UNIDOS DA AMÉRICA;AMÉRICA DO NORTE;SBBR;BRASÍLIA;DF;CENTRO-OESTE;BRASIL;AMÉRICA DO SUL;INTERNACIONAL;NÃO REGULAR;4735;159;0;0;0;30559248;27913584;3621000;2898523;643188;182880;30;0;0;0;5013;594000;233,817;136217
GLO;GOL LINHAS AÉREAS S.A. (EX- VRG LINHAS AÉREAS S.A.);BRASILEIRA;2026;1;KMCO;ORLANDO, FLORIDA;;;ESTADOS UNIDOS DA AMÉRICA;AMÉRICA DO NORTE;SBBR;BRASÍLIA;DF;CENTRO-OESTE;BRASIL;AMÉRICA DO SUL;INTERNACIONAL;REGULAR;4635;118;0;0;0;28279344;26279856;3379600;2711574;600162;170688;28;0;0;0;4639;554400;217,467;129925
GLO;GOL LINHAS AÉREAS S.A. (EX- VRG LINHAS AÉREAS S.A.);BRASILEIRA;2026;1;KMCO;ORLANDO, FLORIDA;;;ESTADOS UNIDOS DA AMÉRICA;AMÉRICA DO NORTE;SBEG;MANAUS;AM;NORTE;BRASIL;AMÉRICA DO SUL;INTERNACIONAL;NÃO REGULAR;0;0;0;0;0;696724;650832;82605;66167;17116;4172;1;0;0;0;167;19800;6,4;0
GLO;GOL LINHAS AÉREAS S.A. (EX- VRG LINHAS AÉREAS S.A.);BRASILEIRA;2026;1;KMCO;ORLANDO, FLORIDA;;;ESTADOS UNIDOS DA AMÉRICA;AMÉRICA DO NORTE;SBEG;MANAUS;AM;NORTE;BRASIL;AMÉRICA DO SUL;INTERNACIONAL;REGULAR;0;0;0;0;0;1393448;684208;165210;68241;34337;8344;2;0;0;0;334;39600;12,3;0
GLO;GOL LINHAS AÉREAS S.A. (EX- VRG LINHAS AÉREAS S.A.);BRASILEIRA;2026;1;KMCO;ORLANDO, FLORIDA;;;ESTADOS UNIDOS DA AMÉRICA;AMÉRICA DO NORTE;SBFZ;FORTALEZA;CE;NORDESTE;BRASIL;AMÉRICA DO SUL;INTERNACIONAL;REGULAR;802;10;0;0;0;4935100;4656412;574790;485914;99972;29030;5;0;0;0;850;99000;35,8333;23542
GLO;GOL LINHAS AÉREAS S.A. (EX- VRG LINHAS AÉREAS S.A.);BRASILEIRA;2026;1;KMCO;ORLANDO, FLORIDA;;;ESTADOS UNIDOS DA AMÉRICA;AMÉRICA DO NORTE;SBPJ;PALMAS;TO;NORTE;BRASIL;AMÉRICA DO SUL;INTERNACIONAL;REGULAR;0;0;0;0;0;930858;891840;110365;91296;22283;5574;1;0;0;0;167;19800;8,28333;0
GLO;GOL LINHAS AÉREAS S.A. (EX- VRG LINHAS AÉREAS S.A.);BRASILEIRA;2026;1;KMIA;MIAMI, FLORIDA;;;ESTADOS UNIDOS DA AMÉRICA;AMÉRICA DO NORTE;SBBE;BELÉM;PA;NORTE;BRASIL;AMÉRICA DO SUL;INTERNACIONAL;REGULAR;1361;10;0;0;0;7226208;6208882;812943;631245;146843;41058;9;0;0;0;1584;178200;53,7667;36296
GLO;GOL LINHAS AÉREAS S.A. (EX- VRG LINHAS AÉREAS S.A.);BRASILEIRA;2026;1;KMIA;MIAMI, FLORIDA;;;ESTADOS UNIDOS DA AMÉRICA;AMÉRICA DO NORTE;SBBR;BRASÍLIA;DF;CENTRO-OESTE;BRASIL;AMÉRICA DO SUL;INTERNACIONAL;NÃO REGULAR;4589;81;0;0;0;30445536;25729440;3449940;2571680;627935;174240;30;0;0;0;5242;594000;228,5;114509
GLO;GOL LINHAS AÉREAS S.A. (EX- VRG LINHAS AÉREAS S.A.);BRASILEIRA;2026;1;KMIA;MIAMI, FLORIDA;;;ESTADOS UNIDOS DA AMÉRICA;AMÉRICA DO NORTE;SBBR;BRASÍLIA;DF;CENTRO-OESTE;BRASIL;AMÉRICA DO SUL;INTERNACIONAL;REGULAR;4460;188;0;0;0;27773856;25067328;3334942;2530210;606791;168432;29;0;0;0;4782;574200;219,317;115470
GLO;GOL LINHAS AÉREAS S.A. (EX- VRG LINHAS AÉREAS S.A.);BRASILEIRA;2026;1;KMIA;MIAMI, FLORIDA;;;ESTADOS UNIDOS DA AMÉRICA;AMÉRICA DO NORTE;SBEG;MANAUS;AM;NORTE;BRASIL;AMÉRICA DO SUL;INTERNACIONAL;NÃO REGULAR;0;0;0;0;0;682352;616443;76764;61640;16160;3877;1;0;0;0;176;19800;5,66667;0
GLO;GOL LINHAS AÉREAS S.A. (EX- VRG LINHAS AÉREAS S.A.);BRASILEIRA;2026;1;KMIA;MIAMI, FLORIDA;;;ESTADOS UNIDOS DA AMÉRICA;AMÉRICA DO NORTE;SBEG;MANAUS;AM;NORTE;BRASIL;AMÉRICA DO SUL;INTERNACIONAL;REGULAR;1314;10;0;0;0;6711087;5753468;767640;573648;155000;38770;10;0;0;0;1731;198000;55,5667;32348
GLO;GOL LINHAS AÉREAS S.A. (EX- VRG LINHAS AÉREAS S.A.);BRASILEIRA;2026;1;KMIA;MIAMI, FLORIDA;;;ESTADOS UNIDOS DA AMÉRICA;AMÉRICA DO NORTE;SBFZ;FORTALEZA;CE;NORDESTE;BRASIL;AMÉRICA DO SUL;INTERNACIONAL;REGULAR;1412;7;0;0;0;7781290;6917940;882288;696965;155021;44560;8;0;0;0;1397;158400;56,3;36294
GLO;GOL LINHAS AÉREAS S.A. (EX- VRG LINHAS AÉREAS S.A.);BRASILEIRA;2026;1;KMIA;MIAMI, FLORIDA;;;ESTADOS UNIDOS DA AMÉRICA;AMÉRICA DO NORTE;SBPJ;PALMAS;TO;NORTE;BRASIL;AMÉRICA DO SUL;INTERNACIONAL;REGULAR;0;0;0;0;0;884265;762480;104841;75850;20234;5295;1;0;0;0;167;19800;7,1;0
GLO;GOL LINHAS AÉREAS S.A. (EX- VRG LINHAS AÉREAS S.A.);BRASILEIRA;2026;1;MDPC;PUNTA CANA;;;REPÚBLICA DOMINICANA;AMÉRICA CENTRAL;KGWO;GREENWOOD, MISSISSIPPI;;;ESTADOS UNIDOS DA AMÉRICA;AMÉRICA DO NORTE;INTERNACIONAL;IMPRODUTIVO;0;0;0;0;0;;;;;;;;;;;;;;0
GLO;GOL LINHAS AÉREAS S.A. (EX- VRG LINHAS AÉREAS S.A.);BRASILEIRA;2026;1;MDPC;PUNTA CANA;;;REPÚBLICA DOMINICANA;AMÉRICA CENTRAL;KMCO;ORLANDO, FLORIDA;;;ESTADOS UNIDOS DA AMÉRICA;AMÉRICA DO NORTE;INTERNACIONAL;IMPRODUTIVO;0;0;0;0;0;0;0;0;0;7225;1714;1;0;0;0;0;0;2,98333;0
GLO;GOL LINHAS AÉREAS S.A. (EX- VRG LINHAS AÉREAS S.A.);BRASILEIRA;2026;1;MDPC;PUNTA CANA;;;REPÚBLICA DOMINICANA;AMÉRICA CENTRAL;SBGR;GUARULHOS;SP;SUDESTE;BRASIL;AMÉRICA DO SUL;INTERNACIONAL;NÃO REGULAR;106;0;0;0;0;817440;555440;103752;48511;18636;5240;1;0;0;0;156;19800;7,45;1308
GLO;GOL LINHAS AÉREAS S.A. (EX- VRG LINHAS AÉREAS S.A.);BRASILEIRA;2026;1;MDPC;PUNTA CANA;;;REPÚBLICA DOMINICANA;AMÉRICA CENTRAL;SBGR;GUARULHOS;SP;SUDESTE;BRASIL;AMÉRICA DO SUL;INTERNACIONAL;REGULAR;3268;40;100;0;0;19209840;17124320;2178792;1504116;412617;110040;21;524000;0;0;3666;415800;148,383;41847
GLO;GOL LINHAS AÉREAS S.A. (EX- VRG LINHAS AÉREAS S.A.);BRASILEIRA;2026;1;MMUN;CANCUN/INTL;;;MÉXICO;AMÉRICA DO NORTE;SBBR;BRASÍLIA;DF;CENTRO-OESTE;BRASIL;AMÉRICA DO SUL;INTERNACIONAL;REGULAR;2798;31;0;0;0;17097752;15650292;1988626;1386500;359203;100436;17;0;0;0;2894;336600;130,767;37561
GLO;GOL LINHAS AÉREAS S.A. (EX- VRG LINHAS AÉREAS S.A.);BRASILEIRA;2026;1;MMUN;CANCUN/INTL;;;MÉXICO;AMÉRICA DO NORTE;SBUL;UBERLÂNDIA;MG;SUDESTE;BRASIL;AMÉRICA DO SUL;INTERNACIONAL;REGULAR;0;0;0;0;0;1039720;911284;121096;77844;22738;6116;1;0;0;0;170;19800;8,13333;0
GLO;GOL LINHAS AÉREAS S.A. (EX- VRG LINHAS AÉREAS S.A.);BRASILEIRA;2026;1;SAAR;ROSARIO, SANTA FE PROVINCE;;;ARGENTINA;AMÉRICA DO SUL;SBFL;FLORIANÓPOLIS;SC;SUL;BRASIL;AMÉRICA DO SUL;INTERNACIONAL;NÃO REGULAR;1503;0;0;0;0;2508044;1967427;285098;159618;56988;14399;11;0;0;0;1916;217800;21,4;9217
GLO;GOL LINHAS AÉREAS S.A. (EX- VRG LINHAS AÉREAS S.A.);BRASILEIRA;2026;1;SAAR;ROSARIO, SANTA FE PROVINCE;;;ARGENTINA;AMÉRICA DO SUL;SBGL;RIO DE JANEIRO;RJ;SUDESTE;BRASIL;AMÉRICA DO SUL;INTERNACIONAL;REGULAR;5127;8;0;0;0;11037708;10520604;1259499;854703;250532;63612;31;0;0;0;5379;613800;88,15;32005
GLO;GOL LINHAS AÉREAS S.A. (EX- VRG LINHAS AÉREAS S.A.);BRASILEIRA;2026;1;SAAR;ROSARIO, SANTA FE PROVINCE;;;ARGENTINA;AMÉRICA DO SUL;SBGR;GUARULHOS;SP;SUDESTE;BRASIL;AMÉRICA DO SUL;INTERNACIONAL;REGULAR;2587;4;0;0;0;4920310;4529837;554704;363927;120944;28016;16;0;0;0;2810;316800;44,5333;13819
GLO;GOL LINHAS AÉREAS S.A. (EX- VRG LINHAS AÉREAS S.A.);BRASILEIRA;2026;1;SABE;BUENOS AIRES;;;ARGENTINA;AMÉRICA DO SUL;SBCF;CONFINS;MG;SUDESTE;BRASIL;AMÉRICA DO SUL;INTERNACIONAL;REGULAR;1435;5;0;0;0;3394858;3136910;389538;269824;80360;19674;9;0;0;0;1553;178200;27,95;15810
GLO;GOL LINHAS AÉREAS S.A. (EX- VRG LINHAS AÉREAS S.A.);BRASILEIRA;2026;1;SABE;BUENOS AIRES;;;ARGENTINA;AMÉRICA DO SUL;SBFL;FLORIANÓPOLIS;SC;SUL;BRASIL;AMÉRICA DO SUL;INTERNACIONAL;REGULAR;6182;45;0;0;0;8275974;7486402;935103;626856;186246;47229;39;0;0;0;6834;772200;75;53998
GLO;GOL LINHAS AÉREAS S.A. (EX- VRG LINHAS AÉREAS S.A.);BRASILEIRA;2026;1;SABE;BUENOS AIRES;;;ARGENTINA;AMÉRICA DO SUL;SBGL;RIO DE JANEIRO;RJ;SUDESTE;BRASIL;AMÉRICA DO SUL;INTERNACIONAL;REGULAR;10937;64;0;0;0;22651376;21534953;2573076;1811703;513097;129954;66;0;0;0;11504;1306800;186,8;99854
GLO;GOL LINHAS AÉREAS S.A. (EX- VRG LINHAS AÉREAS S.A.);BRASILEIRA;2026;1;SABE;BUENOS AIRES;;;ARGENTINA;AMÉRICA DO SUL;SBGR;GUARULHOS;SP;SUDESTE;BRASIL;AMÉRICA DO SUL;INTERNACIONAL;REGULAR;16752;187;0;0;0;29438332;27009136;3320559;2301642;715370;167706;99;0;0;0;17378;1960200;271,817;164517
GLO;GOL LINHAS AÉREAS S.A. (EX- VRG LINHAS AÉREAS S.A.);BRASILEIRA;2026;1;SABE;BUENOS AIRES;;;ARGENTINA;AMÉRICA DO SUL;SBJP;SANTA RITA;PB;NORDESTE;BRASIL;AMÉRICA DO SUL;INTERNACIONAL;REGULAR;778;0;0;0;0;3415280;3019418;384215;257338;63527;19405;5;0;0;0;880;99000;25,0167;7958
GLO;GOL LINHAS AÉREAS S.A. (EX- VRG LINHAS AÉREAS S.A.);BRASILEIRA;2026;1;SABE;BUENOS AIRES;;;ARGENTINA;AMÉRICA DO SUL;SBKP;CAMPINAS;SP;SUDESTE;BRASIL;AMÉRICA DO SUL;INTERNACIONAL;REGULAR;0;0;0;0;0;297088;273456;33422;23184;8103;1688;1;0;0;0;176;19800;3,58333;0
GLO;GOL LINHAS AÉREAS S.A. (EX- VRG LINHAS AÉREAS S.A.);BRASILEIRA;2026;1;SABE;BUENOS AIRES;;;ARGENTINA;AMÉRICA DO SUL;SBPA;PORTO ALEGRE;RS;SUL;BRASIL;AMÉRICA DO SUL;INTERNACIONAL;REGULAR;1610;10;0;0;0;1942512;1366890;218530;113672;42627;11037;13;0;0;0;2288;257400;19,4667;13148
GLO;GOL LINHAS AÉREAS S.A. (EX- VRG LINHAS AÉREAS S.A.);BRASILEIRA;2026;1;SABE;BUENOS AIRES;;;ARGENTINA;AMÉRICA DO SUL;SBRF;RECIFE;PE;NORDESTE;BRASIL;AMÉRICA DO SUL;INTERNACIONAL;REGULAR;1517;1;0;0;0;5937610;5755498;676089;491546;114624;34146;9;0;0;0;1565;178200;44,1333;15785
GLO;GOL LINHAS AÉREAS S.A. (EX- VRG LINHAS AÉREAS S.A.);BRASILEIRA;2026;1;SABE;BUENOS AIRES;;;ARGENTINA;AMÉRICA DO SUL;SBSG;SÃO GONÇALO DO AMARANTE;RN;NORDESTE;BRASIL;AMÉRICA DO SUL;INTERNACIONAL;REGULAR;660;2;0;0;0;2803328;2628120;315372;220664;52342;15928;4;0;0;0;704;79200;20,15;5916
GLO;GOL LINHAS AÉREAS S.A. (EX- VRG LINHAS AÉREAS S.A.);BRASILEIRA;2026;1;SABE;BUENOS AIRES;;;ARGENTINA;AMÉRICA DO SUL;SBSV;SALVADOR;BA;NORDESTE;BRASIL;AMÉRICA DO SUL;INTERNACIONAL;REGULAR;2413;4;0;0;0;8032330;7588885;934065;639376;158836;47175;15;0;0;0;2554;297000;61,8667;22327
GLO;GOL LINHAS AÉREAS S.A. (EX- VRG LINHAS AÉREAS S.A.);BRASILEIRA;2026;1;SABE;BUENOS AIRES;;;ARGENTINA;AMÉRICA DO SUL;SULS;MALDONADO/PUNTA DEL ESTE, MALDONADO;;;URUGUAI;AMÉRICA DO SUL;INTERNACIONAL;REGULAR;724;0;0;0;0;483120;417850;54351;32964;15780;2745;9;0;0;0;1584;178200;7,8;5341
GLO;GOL LINHAS AÉREAS S.A. (EX- VRG LINHAS AÉREAS S.A.);BRASILEIRA;2026;1;SACO;CÓRDOBA, CÓRDOBA PROVINCE;;;ARGENTINA;AMÉRICA DO SUL;SBFL;FLORIANÓPOLIS;SC;SUL;BRASIL;AMÉRICA DO SUL;INTERNACIONAL;NÃO REGULAR;2523;7;0;0;0;4688464;3953541;527442;323815;101332;26639;17;0;0;0;2992;336600;38,1;17427
GLO;GOL LINHAS AÉREAS S.A. (EX- VRG LINHAS AÉREAS S.A.);BRASILEIRA;2026;1;SACO;CÓRDOBA, CÓRDOBA PROVINCE;;;ARGENTINA;AMÉRICA DO SUL;SBGL;RIO DE JANEIRO;RJ;SUDESTE;BRASIL;AMÉRICA DO SUL;INTERNACIONAL;REGULAR;5213;11;275;0;0;12325950;11859575;1396395;980899;263741;70525;31;625625;0;0;5418;613800;95,6833;39923
GLO;GOL LINHAS AÉREAS S.A. (EX- VRG LINHAS AÉREAS S.A.);BRASILEIRA;2026;1;SACO;CÓRDOBA, CÓRDOBA PROVINCE;;;ARGENTINA;AMÉRICA DO SUL;SBGR;GUARULHOS;SP;SUDESTE;BRASIL;AMÉRICA DO SUL;INTERNACIONAL;REGULAR;2306;4;55;0;0;4720864;4505924;541646;370046;117163;27356;14;107470;0;0;2416;277200;42,9;16378
GLO;GOL LINHAS AÉREAS S.A. (EX- VRG LINHAS AÉREAS S.A.);BRASILEIRA;2026;1;SACO;CÓRDOBA, CÓRDOBA PROVINCE;;;ARGENTINA;AMÉRICA DO SUL;SBRF;RECIFE;PE;NORDESTE;BRASIL;AMÉRICA DO SUL;INTERNACIONAL;REGULAR;688;1;0;0;0;2778040;2738240;315216;228629;47557;15920;4;0;0;0;698;79200;20,5333;5845
GLO;GOL LINHAS AÉREAS S.A. (EX- VRG LINHAS AÉREAS S.A.);BRASILEIRA;2026;1;SAEZ;EZEIZA, BUENOS AIRES PROVINCE;;;ARGENTINA;AMÉRICA DO SUL;SBBR;BRASÍLIA;DF;CENTRO-OESTE;BRASIL;AMÉRICA DO SUL;INTERNACIONAL;REGULAR;5312;19;44;0;0;12410154;12131910;1400640;1024952;270126;70740;30;103752;0;0;5263;594000;97,65;50328
GLO;GOL LINHAS AÉREAS S.A. (EX- VRG LINHAS AÉREAS S.A.);BRASILEIRA;2026;1;SAEZ;EZEIZA, BUENOS AIRES PROVINCE;;;ARGENTINA;AMÉRICA DO SUL;SBCF;CONFINS;MG;SUDESTE;BRASIL;AMÉRICA DO SUL;INTERNACIONAL;REGULAR;0;0;0;0;0;389840;369905;43857;31222;14539;2215;1;0;0;0;176;19800;5,11667;0
GLO;GOL LINHAS AÉREAS S.A. (EX- VRG LINHAS AÉREAS S.A.);BRASILEIRA;2026;1;SAEZ;EZEIZA, BUENOS AIRES PROVINCE;;;ARGENTINA;AMÉRICA DO SUL;SBFL;FLORIANÓPOLIS;SC;SUL;BRASIL;AMÉRICA DO SUL;INTERNACIONAL;REGULAR;7016;44;593;0;0;9571906;8678792;1077648;731933;218902;54428;44;733541;0;0;7738;871200;86,8833;64925
GLO;GOL LINHAS AÉREAS S.A. (EX- VRG LINHAS AÉREAS S.A.);BRASILEIRA;2026;1;SAEZ;EZEIZA, BUENOS AIRES PROVINCE;;;ARGENTINA;AMÉRICA DO SUL;SBFZ;FORTALEZA;CE;NORDESTE;BRASIL;AMÉRICA DO SUL;INTERNACIONAL;NÃO REGULAR;1430;3;0;0;0;6369264;5750030;716535;487018;124595;36189;9;0;0;0;1584;178200;47,1667;13870
GLO;GOL LINHAS AÉREAS S.A. (EX- VRG LINHAS AÉREAS S.A.);BRASILEIRA;2026;1;SAEZ;EZEIZA, BUENOS AIRES PROVINCE;;;ARGENTINA;AMÉRICA DO SUL;SBFZ;FORTALEZA;CE;NORDESTE;BRASIL;AMÉRICA DO SUL;INTERNACIONAL;REGULAR;1443;1;0;0;0;6369264;5802303;716535;498021;125463;36189;9;0;0;0;1584;178200;46,3833;15631
GLO;GOL LINHAS AÉREAS S.A. (EX- VRG LINHAS AÉREAS S.A.);BRASILEIRA;2026;1;SAEZ;EZEIZA, BUENOS AIRES PROVINCE;;;ARGENTINA;AMÉRICA DO SUL;SBGL;RIO DE JANEIRO;RJ;SUDESTE;BRASIL;AMÉRICA DO SUL;INTERNACIONAL;REGULAR;7138;52;1028;0;0;15323292;14247448;1738880;1201847;344782;87824;44;2051888;0;0;7677;871200;128,8;65759
GLO;GOL LINHAS AÉREAS S.A. (EX- VRG LINHAS AÉREAS S.A.);BRASILEIRA;2026;1;SAEZ;EZEIZA, BUENOS AIRES PROVINCE;;;ARGENTINA;AMÉRICA DO SUL;SBMO;RIO LARGO;AL;NORDESTE;BRASIL;AMÉRICA DO SUL;INTERNACIONAL;NÃO REGULAR;1465;3;0;0;0;5699730;5335530;648999;450865;110050;32778;9;0;0;0;1565;178200;42,1833;13922
GLO;GOL LINHAS AÉREAS S.A. (EX- VRG LINHAS AÉREAS S.A.);BRASILEIRA;2026;1;SAEZ;EZEIZA, BUENOS AIRES PROVINCE;;;ARGENTINA;AMÉRICA DO SUL;SBPS;PORTO SEGURO;BA;NORDESTE;BRASIL;AMÉRICA DO SUL;INTERNACIONAL;NÃO REGULAR;638;1;0;0;0;1981760;1795970;222948;150992;39269;11260;4;0;0;0;704;79200;15,05;5789
GLO;GOL LINHAS AÉREAS S.A. (EX- VRG LINHAS AÉREAS S.A.);BRASILEIRA;2026;1;SAEZ;EZEIZA, BUENOS AIRES PROVINCE;;;ARGENTINA;AMÉRICA DO SUL;SBPS;PORTO SEGURO;BA;NORDESTE;BRASIL;AMÉRICA DO SUL;INTERNACIONAL;REGULAR;656;0;0;0;0;1981760;1846640;222948;156081;35472;11260;4;0;0;0;704;79200;15,0167;6247
GLO;GOL LINHAS AÉREAS S.A. (EX- VRG LINHAS AÉREAS S.A.);BRASILEIRA;2026;1;SAEZ;EZEIZA, BUENOS AIRES PROVINCE;;;ARGENTINA;AMÉRICA DO SUL;SBRF;RECIFE;PE;NORDESTE;BRASIL;AMÉRICA DO SUL;INTERNACIONAL;NÃO REGULAR;674;2;0;0;0;2663934;2576028;302700;215796;50676;15288;4;0;0;0;697;79200;19,6667;5912
GLO;GOL LINHAS AÉREAS S.A. (EX- VRG LINHAS AÉREAS S.A.);BRASILEIRA;2026;1;SAEZ;EZEIZA, BUENOS AIRES PROVINCE;;;ARGENTINA;AMÉRICA DO SUL;SBSG;SÃO GONÇALO DO AMARANTE;RN;NORDESTE;BRASIL;AMÉRICA DO SUL;INTERNACIONAL;NÃO REGULAR;1654;7;0;0;0;7015239;6634194;794170;558464;135218;40110;10;0;0;0;1749;198000;51,5167;15184
GLO;GOL LINHAS AÉREAS S.A. (EX- VRG LINHAS AÉREAS S.A.);BRASILEIRA;2026;1;SAEZ;EZEIZA, BUENOS AIRES PROVINCE;;;ARGENTINA;AMÉRICA DO SUL;SBSV;SALVADOR;BA;NORDESTE;BRASIL;AMÉRICA DO SUL;INTERNACIONAL;NÃO REGULAR;1362;0;0;0;0;4468992;4322988;502760;363295;89593;25392;8;0;0;0;1408;158400;33,7667;12311
GLO;GOL LINHAS AÉREAS S.A. (EX- VRG LINHAS AÉREAS S.A.);BRASILEIRA;2026;1;SAME;MENDOZA, MENDOZA PROVINCE;;;ARGENTINA;AMÉRICA DO SUL;SBGL;RIO DE JANEIRO;RJ;SUDESTE;BRASIL;AMÉRICA DO SUL;INTERNACIONAL;NÃO REGULAR;1285;7;0;0;0;3855104;3518330;433696;293332;75359;21904;8;0;0;0;1408;158400;29,1167;10760
GLO;GOL LINHAS AÉREAS S.A. (EX- VRG LINHAS AÉREAS S.A.);BRASILEIRA;2026;1;SAME;MENDOZA, MENDOZA PROVINCE;;;ARGENTINA;AMÉRICA DO SUL;SBGR;GUARULHOS;SP;SUDESTE;BRASIL;AMÉRICA DO SUL;INTERNACIONAL;REGULAR;2974;20;0;0;0;7602192;7191132;861768;634350;172680;43524;18;0;0;0;3144;356400;61,9667;39299
GLO;GOL LINHAS AÉREAS S.A. (EX- VRG LINHAS AÉREAS S.A.);BRASILEIRA;2026;1;SBAR;ARACAJU;SE;NORDESTE;BRASIL;AMÉRICA DO SUL;SBFZ;FORTALEZA;CE;NORDESTE;BRASIL;AMÉRICA DO SUL;DOMÉSTICA;REGULAR;0;0;0;0;0;;;;;;;;;;;;;;0
GLO;GOL LINHAS AÉREAS S.A. (EX- VRG LINHAS AÉREAS S.A.);BRASILEIRA;2026;1;SBAR;ARACAJU;SE;NORDESTE;BRASIL;AMÉRICA DO SUL;SBGL;RIO DE JANEIRO;RJ;SUDESTE;BRASIL;AMÉRICA DO SUL;DOMÉSTICA;REGULAR;7615;74;4421;0;0;13082914;11186435;1396128;940752;313501;70512;48;6494449;0;0;8906;950400;114,883;64872
GLO;GOL LINHAS AÉREAS S.A. (EX- VRG LINHAS AÉREAS S.A.);BRASILEIRA;2026;1;SBAR;ARACAJU;SE;NORDESTE;BRASIL;AMÉRICA DO SUL;SBGR;GUARULHOS;SP;SUDESTE;BRASIL;AMÉRICA DO SUL;DOMÉSTICA;NÃO REGULAR;897;15;1033;0;0;1585650;1282160;168795;107557;35191;8525;5;1345245;0;0;930;99000;12,8167;7186
GLO;GOL LINHAS AÉREAS S.A. (EX- VRG LINHAS AÉREAS S.A.);BRASILEIRA;2026;1;SBAR;ARACAJU;SE;NORDESTE;BRASIL;AMÉRICA DO SUL;SBGR;GUARULHOS;SP;SUDESTE;BRASIL;AMÉRICA DO SUL;DOMÉSTICA;REGULAR;10293;176;7392;111;0;19542710;17549565;2086488;1478138;478010;105710;62;12603360;189255;0;11462;1223747;165,8;87594
GLO;GOL LINHAS AÉREAS S.A. (EX- VRG LINHAS AÉREAS S.A.);BRASILEIRA;2026;1;SBAR;ARACAJU;SE;NORDESTE;BRASIL;AMÉRICA DO SUL;SBSP;SÃO PAULO;SP;SUDESTE;BRASIL;AMÉRICA DO SUL;DOMÉSTICA;REGULAR;7718;130;892;1;0;15064992;13383012;1614579;1116166;363413;83232;48;1546728;1734;0;8688;931135;132,633;63965
GLO;GOL LINHAS AÉREAS S.A. (EX- VRG LINHAS AÉREAS S.A.);BRASILEIRA;2026;1;SBAR;ARACAJU;SE;NORDESTE;BRASIL;AMÉRICA DO SUL;SBSV;SALVADOR;BA;NORDESTE;BRASIL;AMÉRICA DO SUL;DOMÉSTICA;NÃO REGULAR;0;0;0;0;0;47058;36685;5009;3139;1691;253;1;61732;0;0;186;19800;1,65;0
GLO;GOL LINHAS AÉREAS S.A. (EX- VRG LINHAS AÉREAS S.A.);BRASILEIRA;2026;1;SBAR;ARACAJU;SE;NORDESTE;BRASIL;AMÉRICA DO SUL;SBSV;SALVADOR;BA;NORDESTE;BRASIL;AMÉRICA DO SUL;DOMÉSTICA;REGULAR;3430;63;36;30;0;1255639;867790;140151;74044;47348;7084;28;3161235;7590;0;4963;554000;23,55;22974
GLO;GOL LINHAS AÉREAS S.A. (EX- VRG LINHAS AÉREAS S.A.);BRASILEIRA;2026;1;SBAU;ARAÇATUBA;SP;SUDESTE;BRASIL;AMÉRICA DO SUL;SBSP;SÃO PAULO;SP;SUDESTE;BRASIL;AMÉRICA DO SUL;DOMÉSTICA;REGULAR;2164;69;3179;10;0;1436568;1030064;154706;85227;48223;8092;17;1513204;4760;0;3018;325041;19,4167;13587
GLO;GOL LINHAS AÉREAS S.A. (EX- VRG LINHAS AÉREAS S.A.);BRASILEIRA;2026;1;SBBE;BELÉM;PA;NORTE;BRASIL;AMÉRICA DO SUL;KMIA;MIAMI, FLORIDA;;;ESTADOS UNIDOS DA AMÉRICA;AMÉRICA DO NORTE;INTERNACIONAL;REGULAR;1359;11;0;0;0;7134968;6199758;812943;549416;160124;41058;9;0;0;0;1564;178200;59,6167;18509
GLO;GOL LINHAS AÉREAS S.A. (EX- VRG LINHAS AÉREAS S.A.);BRASILEIRA;2026;1;SBBE;BELÉM;PA;NORTE;BRASIL;AMÉRICA DO SUL;SBBR;BRASÍLIA;DF;CENTRO-OESTE;BRASIL;AMÉRICA DO SUL;DOMÉSTICA;REGULAR;6604;194;9650;17;0;18589584;16880864;1978854;1404364;446115;99944;62;22638928;53196;0;11532;1227600;155,667;70866
GLO;GOL LINHAS AÉREAS S.A. (EX- VRG LINHAS AÉREAS S.A.);BRASILEIRA;2026;1;SBBE;BELÉM;PA;NORTE;BRASIL;AMÉRICA DO SUL;SBCF;CONFINS;MG;SUDESTE;BRASIL;AMÉRICA DO SUL;DOMÉSTICA;REGULAR;0;0;0;0;0;381921;333920;41322;28917;11853;2087;1;1602816;8348;0;183;19800;4,46667;0
GLO;GOL LINHAS AÉREAS S.A. (EX- VRG LINHAS AÉREAS S.A.);BRASILEIRA;2026;1;SBBE;BELÉM;PA;NORTE;BRASIL;AMÉRICA DO SUL;SBEG;MANAUS;AM;NORTE;BRASIL;AMÉRICA DO SUL;DOMÉSTICA;REGULAR;0;0;26058;0;0;0;0;240673;109324;47444;10392;8;109327737;194850;0;0;185280;16,2167;0
GLO;GOL LINHAS AÉREAS S.A. (EX- VRG LINHAS AÉREAS S.A.);BRASILEIRA;2026;1;SBBE;BELÉM;PA;NORTE;BRASIL;AMÉRICA DO SUL;SBGL;RIO DE JANEIRO;RJ;SUDESTE;BRASIL;AMÉRICA DO SUL;DOMÉSTICA;IMPRODUTIVO;0;0;0;0;0;0;0;0;0;8166;2448;1;0;0;0;0;0;3,35;0
GLO;GOL LINHAS AÉREAS S.A. (EX- VRG LINHAS AÉREAS S.A.);BRASILEIRA;2026;1;SBBE;BELÉM;PA;NORTE;BRASIL;AMÉRICA DO SUL;SBGL;RIO DE JANEIRO;RJ;SUDESTE;BRASIL;AMÉRICA DO SUL;DOMÉSTICA;REGULAR;8079;242;3957;53;0;25831296;21890016;2762790;1868153;567198;139536;57;15361200;119952;0;10552;1128600;198,033;89055
GLO;GOL LINHAS AÉREAS S.A. (EX- VRG LINHAS AÉREAS S.A.);BRASILEIRA;2026;1;SBBE;BELÉM;PA;NORTE;BRASIL;AMÉRICA DO SUL;SBGR;GUARULHOS;SP;SUDESTE;BRASIL;AMÉRICA DO SUL;DOMÉSTICA;NÃO REGULAR;2701;46;6909;0;0;7323936;6647161;1065282;585084;205180;51681;21;17003049;0;0;2976;432872;76,8;28263
GLO;GOL LINHAS AÉREAS S.A. (EX- VRG LINHAS AÉREAS S.A.);BRASILEIRA;2026;1;SBBE;BELÉM;PA;NORTE;BRASIL;AMÉRICA DO SUL;SBGR;GUARULHOS;SP;SUDESTE;BRASIL;AMÉRICA DO SUL;DOMÉSTICA;REGULAR;5244;119;31692;5;0;13732380;12477270;1919105;1140183;394446;93518;38;71391149;12305;0;5580;779819;139,867;55639
GLO;GOL LINHAS AÉREAS S.A. (EX- VRG LINHAS AÉREAS S.A.);BRASILEIRA;2026;1;SBBE;BELÉM;PA;NORTE;BRASIL;AMÉRICA DO SUL;SBKP;CAMPINAS;SP;SUDESTE;BRASIL;AMÉRICA DO SUL;DOMÉSTICA;REGULAR;0;0;0;0;0;448074;419166;47698;35489;11398;2409;1;221628;0;0;186;19800;4,3;0
GLO;GOL LINHAS AÉREAS S.A. (EX- VRG LINHAS AÉREAS S.A.);BRASILEIRA;2026;1;SBBE;BELÉM;PA;NORTE;BRASIL;AMÉRICA DO SUL;SBMQ;MACAPÁ;AP;NORTE;BRASIL;AMÉRICA DO SUL;DOMÉSTICA;REGULAR;7301;67;12886;5;0;3794028;3418310;403868;288870;139479;20398;62;13341937;110873;0;11532;1227600;56,4667;58318
GLO;GOL LINHAS AÉREAS S.A. (EX- VRG LINHAS AÉREAS S.A.);BRASILEIRA;2026;1;SBBE;BELÉM;PA;NORTE;BRASIL;AMÉRICA DO SUL;SBPJ;PALMAS;TO;NORTE;BRASIL;AMÉRICA DO SUL;DOMÉSTICA;REGULAR;0;0;0;0;0;184140;172260;19602;13760;9070;990;1;6930;0;0;186;19800;2,96667;0
GLO;GOL LINHAS AÉREAS S.A. (EX- VRG LINHAS AÉREAS S.A.);BRASILEIRA;2026;1;SBBE;BELÉM;PA;NORTE;BRASIL;AMÉRICA DO SUL;SBSN;SANTARÉM;PA;NORTE;BRASIL;AMÉRICA DO SUL;DOMÉSTICA;REGULAR;2929;27;10374;0;0;3433560;3003300;365508;257282;93299;18460;26;14719010;7810;0;4836;514800;35,05;24406
GLO;GOL LINHAS AÉREAS S.A. (EX- VRG LINHAS AÉREAS S.A.);BRASILEIRA;2026;1;SBBE;BELÉM;PA;NORTE;BRASIL;AMÉRICA DO SUL;SMJP;ZANDERIJ;;;SURINAME;AMÉRICA DO SUL;INTERNACIONAL;REGULAR;1409;13;0;0;0;1686960;1500585;189783;139451;43058;9585;9;0;0;0;1584;178200;16,4167;25269
GLO;GOL LINHAS AÉREAS S.A. (EX- VRG LINHAS AÉREAS S.A.);BRASILEIRA;2026;1;SBBR;BRASÍLIA;DF;CENTRO-OESTE;BRASIL;AMÉRICA DO SUL;KMCO;ORLANDO, FLORIDA;;;ESTADOS UNIDOS DA AMÉRICA;AMÉRICA DO NORTE;INTERNACIONAL;NÃO REGULAR;4728;70;0;0;0;29498544;25834848;3379600;2268307;619062;170688;28;0;0;0;4839;554400;234,8;61473
GLO;GOL LINHAS AÉREAS S.A. (EX- VRG LINHAS AÉREAS S.A.);BRASILEIRA;2026;1;SBBR;BRASÍLIA;DF;CENTRO-OESTE;BRASIL;AMÉRICA DO SUL;KMCO;ORLANDO, FLORIDA;;;ESTADOS UNIDOS DA AMÉRICA;AMÉRICA DO NORTE;INTERNACIONAL;REGULAR;4776;247;0;0;0;29705808;26096976;3379600;2302027;620323;170688;28;0;0;0;4873;554400;233,25;63882
GLO;GOL LINHAS AÉREAS S.A. (EX- VRG LINHAS AÉREAS S.A.);BRASILEIRA;2026;1;SBBR;BRASÍLIA;DF;CENTRO-OESTE;BRASIL;AMÉRICA DO SUL;KMIA;MIAMI, FLORIDA;;;ESTADOS UNIDOS DA AMÉRICA;AMÉRICA DO NORTE;INTERNACIONAL;NÃO REGULAR;4848;97;0;0;0;29806656;27187248;3449940;2418967;649425;174240;30;0;0;0;5132;594000;237,817;68402
GLO;GOL LINHAS AÉREAS S.A. (EX- VRG LINHAS AÉREAS S.A.);BRASILEIRA;2026;1;SBBR;BRASÍLIA;DF;CENTRO-OESTE;BRASIL;AMÉRICA DO SUL;KMIA;MIAMI, FLORIDA;;;ESTADOS UNIDOS DA AMÉRICA;AMÉRICA DO NORTE;INTERNACIONAL;REGULAR;4946;103;0;0;0;29493024;26763264;3334942;2377484;628006;168432;29;0;0;0;5078;574200;231,117;69330
GLO;GOL LINHAS AÉREAS S.A. (EX- VRG LINHAS AÉREAS S.A.);BRASILEIRA;2026;1;SBBR;BRASÍLIA;DF;CENTRO-OESTE;BRASIL;AMÉRICA DO SUL;MMUN;CANCUN/INTL;;;MÉXICO;AMÉRICA DO NORTE;INTERNACIONAL;REGULAR;2786;18;0;0;0;17960320;16459688;2105604;1399402;376514;106344;18;0;0;0;3040;356400;139,35;27917
GLO;GOL LINHAS AÉREAS S.A. (EX- VRG LINHAS AÉREAS S.A.);BRASILEIRA;2026;1;SBBR;BRASÍLIA;DF;CENTRO-OESTE;BRASIL;AMÉRICA DO SUL;SAEZ;EZEIZA, BUENOS AIRES PROVINCE;;;ARGENTINA;AMÉRICA DO SUL;INTERNACIONAL;REGULAR;3796;30;15;0;0;12530412;8950968;1447328;754426;300108;73098;31;35370;0;0;5314;613800;114,283;35235
GLO;GOL LINHAS AÉREAS S.A. (EX- VRG LINHAS AÉREAS S.A.);BRASILEIRA;2026;1;SBBR;BRASÍLIA;DF;CENTRO-OESTE;BRASIL;AMÉRICA DO SUL;SBBE;BELÉM;PA;NORTE;BRASIL;AMÉRICA DO SUL;DOMÉSTICA;NÃO REGULAR;0;0;0;0;0;;;;;;;;;;;;;;0
GLO;GOL LINHAS AÉREAS S.A. (EX- VRG LINHAS AÉREAS S.A.);BRASILEIRA;2026;1;SBBR;BRASÍLIA;DF;CENTRO-OESTE;BRASIL;AMÉRICA DO SUL;SBBE;BELÉM;PA;NORTE;BRASIL;AMÉRICA DO SUL;DOMÉSTICA;REGULAR;6612;220;33940;262;0;18589584;15554188;1978854;1385807;415467;99944;62;104096512;975260;0;11532;1227600;152,1;71449
GLO;GOL LINHAS AÉREAS S.A. (EX- VRG LINHAS AÉREAS S.A.);BRASILEIRA;2026;1;SBBR;BRASÍLIA;DF;CENTRO-OESTE;BRASIL;AMÉRICA DO SUL;SBBR;BRASÍLIA;DF;CENTRO-OESTE;BRASIL;AMÉRICA DO SUL;DOMÉSTICA;IMPRODUTIVO;0;0;0;0;0;0;0;0;0;1633;0;1;0;0;0;186;19800;0,983333;0
GLO;GOL LINHAS AÉREAS S.A. (EX- VRG LINHAS AÉREAS S.A.);BRASILEIRA;2026;1;SBBR;BRASÍLIA;DF;CENTRO-OESTE;BRASIL;AMÉRICA DO SUL;SBBV;BOA VISTA;RR;NORTE;BRASIL;AMÉRICA DO SUL;DOMÉSTICA;NÃO REGULAR;512;6;2112;0;0;1362930;1285120;149094;123425;29048;7530;3;5301120;0;0;543;59400;10,4;8662
GLO;GOL LINHAS AÉREAS S.A. (EX- VRG LINHAS AÉREAS S.A.);BRASILEIRA;2026;1;SBBR;BRASÍLIA;DF;CENTRO-OESTE;BRASIL;AMÉRICA DO SUL;SBBV;BOA VISTA;RR;NORTE;BRASIL;AMÉRICA DO SUL;DOMÉSTICA;REGULAR;2787;236;17149;78;0;7876380;6995370;844866;689817;171234;42670;17;43043990;195780;0;3138;336600;59,4333;48657
GLO;GOL LINHAS AÉREAS S.A. (EX- VRG LINHAS AÉREAS S.A.);BRASILEIRA;2026;1;SBBR;BRASÍLIA;DF;CENTRO-OESTE;BRASIL;AMÉRICA DO SUL;SBCF;CONFINS;MG;SUDESTE;BRASIL;AMÉRICA DO SUL;DOMÉSTICA;IMPRODUTIVO;0;0;0;0;0;0;0;0;0;2923;591;1;0;0;0;0;0;1,18333;0
GLO;GOL LINHAS AÉREAS S.A. (EX- VRG LINHAS AÉREAS S.A.);BRASILEIRA;2026;1;SBBR;BRASÍLIA;DF;CENTRO-OESTE;BRASIL;AMÉRICA DO SUL;SBCF;CONFINS;MG;SUDESTE;BRASIL;AMÉRICA DO SUL;DOMÉSTICA;REGULAR;7902;366;16003;500;0;5850900;4670082;625023;402429;156043;31914;54;9457773;295500;0;9900;1057641;68,8333;72330
GLO;GOL LINHAS AÉREAS S.A. (EX- VRG LINHAS AÉREAS S.A.);BRASILEIRA;2026;1;SBBR;BRASÍLIA;DF;CENTRO-OESTE;BRASIL;AMÉRICA DO SUL;SBCT;SÃO JOSÉ DOS PINHAIS;PR;SUL;BRASIL;AMÉRICA DO SUL;DOMÉSTICA;REGULAR;8832;254;10350;22;0;11173814;9556224;1219254;837101;299453;66002;61;11198700;23804;0;10327;1126887;115,517;100940
GLO;GOL LINHAS AÉREAS S.A. (EX- VRG LINHAS AÉREAS S.A.);BRASILEIRA;2026;1;SBBR;BRASÍLIA;DF;CENTRO-OESTE;BRASIL;AMÉRICA DO SUL;SBCY;VÁRZEA GRANDE;MT;CENTRO-OESTE;BRASIL;AMÉRICA DO SUL;DOMÉSTICA;NÃO REGULAR;2770;24;9000;77;0;2756920;2432060;295528;214024;73161;14926;17;7902000;67606;0;3140;336600;27,9167;27025
GLO;GOL LINHAS AÉREAS S.A. (EX- VRG LINHAS AÉREAS S.A.);BRASILEIRA;2026;1;SBBR;BRASÍLIA;DF;CENTRO-OESTE;BRASIL;AMÉRICA DO SUL;SBCY;VÁRZEA GRANDE;MT;CENTRO-OESTE;BRASIL;AMÉRICA DO SUL;DOMÉSTICA;REGULAR;6705;105;27232;66;0;6480518;5886990;691977;525554;181500;35120;40;23909696;57948;0;7381;788147;65,8667;68494
GLO;GOL LINHAS AÉREAS S.A. (EX- VRG LINHAS AÉREAS S.A.);BRASILEIRA;2026;1;SBBR;BRASÍLIA;DF;CENTRO-OESTE;BRASIL;AMÉRICA DO SUL;SBCZ;CRUZEIRO DO SUL;AC;NORTE;BRASIL;AMÉRICA DO SUL;DOMÉSTICA;REGULAR;727;13;2683;174;0;;;;;;;;;;;;;;0
GLO;GOL LINHAS AÉREAS S.A. (EX- VRG LINHAS AÉREAS S.A.);BRASILEIRA;2026;1;SBBR;BRASÍLIA;DF;CENTRO-OESTE;BRASIL;AMÉRICA DO SUL;SBEG;MANAUS;AM;NORTE;BRASIL;AMÉRICA DO SUL;DOMÉSTICA;NÃO REGULAR;0;0;0;0;0;1346759;1280493;154360;115932;31740;7796;4;0;0;0;691;79200;11,7667;0
GLO;GOL LINHAS AÉREAS S.A. (EX- VRG LINHAS AÉREAS S.A.);BRASILEIRA;2026;1;SBBR;BRASÍLIA;DF;CENTRO-OESTE;BRASIL;AMÉRICA DO SUL;SBEG;MANAUS;AM;NORTE;BRASIL;AMÉRICA DO SUL;DOMÉSTICA;REGULAR;9810;258;57254;1381;0;24175396;21793718;2585530;2008023;550142;130583;67;124281883;3048236;0;12404;1326600;195,383;114976
GLO;GOL LINHAS AÉREAS S.A. (EX- VRG LINHAS AÉREAS S.A.);BRASILEIRA;2026;1;SBBR;BRASÍLIA;DF;CENTRO-OESTE;BRASIL;AMÉRICA DO SUL;SBFL;FLORIANÓPOLIS;SC;SUL;BRASIL;AMÉRICA DO SUL;DOMÉSTICA;REGULAR;3933;123;1192;2;0;7513452;5167962;801464;443033;170134;40734;31;1566288;2628;0;5718;609947;68,6667;41009
GLO;GOL LINHAS AÉREAS S.A. (EX- VRG LINHAS AÉREAS S.A.);BRASILEIRA;2026;1;SBBR;BRASÍLIA;DF;CENTRO-OESTE;BRASIL;AMÉRICA DO SUL;SBFZ;FORTALEZA;CE;NORDESTE;BRASIL;AMÉRICA DO SUL;DOMÉSTICA;NÃO REGULAR;1496;14;352;0;0;3299400;2531232;355473;208507;68350;18612;11;595584;0;0;1950;210094;27,8333;10683
GLO;GOL LINHAS AÉREAS S.A. (EX- VRG LINHAS AÉREAS S.A.);BRASILEIRA;2026;1;SBBR;BRASÍLIA;DF;CENTRO-OESTE;BRASIL;AMÉRICA DO SUL;SBFZ;FORTALEZA;CE;NORDESTE;BRASIL;AMÉRICA DO SUL;DOMÉSTICA;REGULAR;10331;339;18590;198;0;20104344;17480052;2144064;1505309;419191;108288;64;31454280;335016;0;11882;1267200;160,483;96265
GLO;GOL LINHAS AÉREAS S.A. (EX- VRG LINHAS AÉREAS S.A.);BRASILEIRA;2026;1;SBBR;BRASÍLIA;DF;CENTRO-OESTE;BRASIL;AMÉRICA DO SUL;SBGL;RIO DE JANEIRO;RJ;SUDESTE;BRASIL;AMÉRICA DO SUL;DOMÉSTICA;IMPRODUTIVO;0;0;0;0;0;0;0;0;0;4137;914;1;0;0;0;0;0;1,51667;0
GLO;GOL LINHAS AÉREAS S.A. (EX- VRG LINHAS AÉREAS S.A.);BRASILEIRA;2026;1;SBBR;BRASÍLIA;DF;CENTRO-OESTE;BRASIL;AMÉRICA DO SUL;SBGL;RIO DE JANEIRO;RJ;SUDESTE;BRASIL;AMÉRICA DO SUL;DOMÉSTICA;NÃO REGULAR;105;2;1095;0;0;126132;95970;14575;8979;3751;914;1;1000830;0;0;138;15947;1,68333;854
GLO;GOL LINHAS AÉREAS S.A. (EX- VRG LINHAS AÉREAS S.A.);BRASILEIRA;2026;1;SBBR;BRASÍLIA;DF;CENTRO-OESTE;BRASIL;AMÉRICA DO SUL;SBGL;RIO DE JANEIRO;RJ;SUDESTE;BRASIL;AMÉRICA DO SUL;DOMÉSTICA;REGULAR;12256;328;21405;556;0;15766500;11482582;1679499;970469;375223;85002;93;19835628;508184;0;17250;1837547;155,217;95318
GLO;GOL LINHAS AÉREAS S.A. (EX- VRG LINHAS AÉREAS S.A.);BRASILEIRA;2026;1;SBBR;BRASÍLIA;DF;CENTRO-OESTE;BRASIL;AMÉRICA DO SUL;SBGO;GOIÂNIA;GO;CENTRO-OESTE;BRASIL;AMÉRICA DO SUL;DOMÉSTICA;IMPRODUTIVO;0;0;0;0;0;0;0;0;0;882;163;1;0;0;0;0;0;0,666667;0
GLO;GOL LINHAS AÉREAS S.A. (EX- VRG LINHAS AÉREAS S.A.);BRASILEIRA;2026;1;SBBR;BRASÍLIA;DF;CENTRO-OESTE;BRASIL;AMÉRICA DO SUL;SBGO;GOIÂNIA;GO;CENTRO-OESTE;BRASIL;AMÉRICA DO SUL;DOMÉSTICA;REGULAR;4417;165;12611;22;0;968383;741976;103264;65107;41369;5216;32;2170834;3586;0;5941;633600;24,2;44205
GLO;GOL LINHAS AÉREAS S.A. (EX- VRG LINHAS AÉREAS S.A.);BRASILEIRA;2026;1;SBBR;BRASÍLIA;DF;CENTRO-OESTE;BRASIL;AMÉRICA DO SUL;SBGR;GUARULHOS;SP;SUDESTE;BRASIL;AMÉRICA DO SUL;DOMÉSTICA;IMPRODUTIVO;0;0;0;0;0;0;0;0;0;15249;3420;4;0;0;0;0;0;6,7;0
GLO;GOL LINHAS AÉREAS S.A. (EX- VRG LINHAS AÉREAS S.A.);BRASILEIRA;2026;1;SBBR;BRASÍLIA;DF;CENTRO-OESTE;BRASIL;AMÉRICA DO SUL;SBGR;GUARULHOS;SP;SUDESTE;BRASIL;AMÉRICA DO SUL;DOMÉSTICA;NÃO REGULAR;0;0;0;0;0;0;0;19501;0;4179;855;1;0;0;0;0;22809;1,55;0
GLO;GOL LINHAS AÉREAS S.A. (EX- VRG LINHAS AÉREAS S.A.);BRASILEIRA;2026;1;SBBR;BRASÍLIA;DF;CENTRO-OESTE;BRASIL;AMÉRICA DO SUL;SBGR;GUARULHOS;SP;SUDESTE;BRASIL;AMÉRICA DO SUL;DOMÉSTICA;REGULAR;20743;881;81290;11019;0;23785245;17464230;2927609;1535613;694541;145350;170;69260985;9421245;0;27819;3424115;300,883;186372
GLO;GOL LINHAS AÉREAS S.A. (EX- VRG LINHAS AÉREAS S.A.);BRASILEIRA;2026;1;SBBR;BRASÍLIA;DF;CENTRO-OESTE;BRASIL;AMÉRICA DO SUL;SBIL;ILHÉUS;BA;NORDESTE;BRASIL;AMÉRICA DO SUL;DOMÉSTICA;IMPRODUTIVO;0;0;0;0;0;0;0;0;0;3801;960;1;0;0;0;0;0;1,58333;0
GLO;GOL LINHAS AÉREAS S.A. (EX- VRG LINHAS AÉREAS S.A.);BRASILEIRA;2026;1;SBBR;BRASÍLIA;DF;CENTRO-OESTE;BRASIL;AMÉRICA DO SUL;SBJP;SANTA RITA;PB;NORDESTE;BRASIL;AMÉRICA DO SUL;DOMÉSTICA;NÃO REGULAR;2517;48;556;49;0;5416506;4311621;576589;358809;108267;29121;17;952428;83937;0;3162;336600;43,3833;20136
GLO;GOL LINHAS AÉREAS S.A. (EX- VRG LINHAS AÉREAS S.A.);BRASILEIRA;2026;1;SBBR;BRASÍLIA;DF;CENTRO-OESTE;BRASIL;AMÉRICA DO SUL;SBJP;SANTA RITA;PB;NORDESTE;BRASIL;AMÉRICA DO SUL;DOMÉSTICA;REGULAR;7136;147;4841;16;0;13981506;12223968;1492348;1021848;278298;75372;44;8292633;27408;0;8162;871200;112,717;56497
GLO;GOL LINHAS AÉREAS S.A. (EX- VRG LINHAS AÉREAS S.A.);BRASILEIRA;2026;1;SBBR;BRASÍLIA;DF;CENTRO-OESTE;BRASIL;AMÉRICA DO SUL;SBKP;CAMPINAS;SP;SUDESTE;BRASIL;AMÉRICA DO SUL;DOMÉSTICA;REGULAR;4379;166;12954;47;0;4601268;3635688;489800;307508;118063;24738;31;10337292;37506;0;5766;613800;49,1833;28357
GLO;GOL LINHAS AÉREAS S.A. (EX- VRG LINHAS AÉREAS S.A.);BRASILEIRA;2026;1;SBBR;BRASÍLIA;DF;CENTRO-OESTE;BRASIL;AMÉRICA DO SUL;SBMA;MARABÁ;PA;NORTE;BRASIL;AMÉRICA DO SUL;DOMÉSTICA;REGULAR;3402;70;31838;1130;0;4865675;3838725;566638;361942;145536;35250;30;35132500;1327750;0;4141;482263;58,25;34296
GLO;GOL LINHAS AÉREAS S.A. (EX- VRG LINHAS AÉREAS S.A.);BRASILEIRA;2026;1;SBBR;BRASÍLIA;DF;CENTRO-OESTE;BRASIL;AMÉRICA DO SUL;SBMO;RIO LARGO;AL;NORDESTE;BRASIL;AMÉRICA DO SUL;DOMÉSTICA;NÃO REGULAR;2113;20;1183;0;0;3672780;3154709;402348;258333;86569;20902;14;1766219;0;0;2460;269494;31,85;13377
GLO;GOL LINHAS AÉREAS S.A. (EX- VRG LINHAS AÉREAS S.A.);BRASILEIRA;2026;1;SBBR;BRASÍLIA;DF;CENTRO-OESTE;BRASIL;AMÉRICA DO SUL;SBMO;RIO LARGO;AL;NORDESTE;BRASIL;AMÉRICA DO SUL;DOMÉSTICA;REGULAR;7804;117;6793;87;0;12980142;11651372;1383614;974613;296416;70171;47;10141949;129891;0;8694;926747;107,15;60711
GLO;GOL LINHAS AÉREAS S.A. (EX- VRG LINHAS AÉREAS S.A.);BRASILEIRA;2026;1;SBBR;BRASÍLIA;DF;CENTRO-OESTE;BRASIL;AMÉRICA DO SUL;SBMQ;MACAPÁ;AP;NORTE;BRASIL;AMÉRICA DO SUL;DOMÉSTICA;REGULAR;1736;0;20279;332;0;;;;;;;;;;;;;;0
GLO;GOL LINHAS AÉREAS S.A. (EX- VRG LINHAS AÉREAS S.A.);BRASILEIRA;2026;1;SBBR;BRASÍLIA;DF;CENTRO-OESTE;BRASIL;AMÉRICA DO SUL;SBPA;PORTO ALEGRE;RS;SUL;BRASIL;AMÉRICA DO SUL;DOMÉSTICA;REGULAR;7379;303;5884;0;0;17550675;11843295;1882000;1021860;392611;96300;60;9443820;0;0;10935;1172588;153,617;77380
GLO;GOL LINHAS AÉREAS S.A. (EX- VRG LINHAS AÉREAS S.A.);BRASILEIRA;2026;1;SBBR;BRASÍLIA;DF;CENTRO-OESTE;BRASIL;AMÉRICA DO SUL;SBPJ;PALMAS;TO;NORTE;BRASIL;AMÉRICA DO SUL;DOMÉSTICA;IMPRODUTIVO;0;0;0;0;0;0;0;0;0;2657;622;1;0;0;0;0;0;1,16667;0
GLO;GOL LINHAS AÉREAS S.A. (EX- VRG LINHAS AÉREAS S.A.);BRASILEIRA;2026;1;SBBR;BRASÍLIA;DF;CENTRO-OESTE;BRASIL;AMÉRICA DO SUL;SBPJ;PALMAS;TO;NORTE;BRASIL;AMÉRICA DO SUL;DOMÉSTICA;REGULAR;4073;137;31908;311;0;3612576;3138612;386892;281845;107018;19904;32;21052212;193442;0;5808;622041;43,1;39686
GLO;GOL LINHAS AÉREAS S.A. (EX- VRG LINHAS AÉREAS S.A.);BRASILEIRA;2026;1;SBBR;BRASÍLIA;DF;CENTRO-OESTE;BRASIL;AMÉRICA DO SUL;SBPS;PORTO SEGURO;BA;NORDESTE;BRASIL;AMÉRICA DO SUL;DOMÉSTICA;NÃO REGULAR;3912;38;342;398;0;5278680;3700752;561900;294899;118038;28380;30;323532;376508;0;5580;594000;50,8167;18006
GLO;GOL LINHAS AÉREAS S.A. (EX- VRG LINHAS AÉREAS S.A.);BRASILEIRA;2026;1;SBBR;BRASÍLIA;DF;CENTRO-OESTE;BRASIL;AMÉRICA DO SUL;SBPV;PORTO VELHO;RO;NORTE;BRASIL;AMÉRICA DO SUL;DOMÉSTICA;REGULAR;5330;215;35518;311;0;11007294;10174970;1171738;965486;249814;59179;31;67803862;593699;0;5766;613800;87,65;70496
GLO;GOL LINHAS AÉREAS S.A. (EX- VRG LINHAS AÉREAS S.A.);BRASILEIRA;2026;1;SBBR;BRASÍLIA;DF;CENTRO-OESTE;BRASIL;AMÉRICA DO SUL;SBRB;RIO BRANCO;AC;NORTE;BRASIL;AMÉRICA DO SUL;DOMÉSTICA;REGULAR;4470;129;24702;255;0;13001100;11936550;1390257;1103427;292671;70215;31;62027025;971685;0;5740;613800;100,633;64536
GLO;GOL LINHAS AÉREAS S.A. (EX- VRG LINHAS AÉREAS S.A.);BRASILEIRA;2026;1;SBBR;BRASÍLIA;DF;CENTRO-OESTE;BRASIL;AMÉRICA DO SUL;SBRF;RECIFE;PE;NORDESTE;BRASIL;AMÉRICA DO SUL;DOMÉSTICA;REGULAR;9775;200;19611;175;0;18607500;16167850;1991316;1372966;389619;100894;61;32436594;289450;0;11250;1203947;155,167;77371
GLO;GOL LINHAS AÉREAS S.A. (EX- VRG LINHAS AÉREAS S.A.);BRASILEIRA;2026;1;SBBR;BRASÍLIA;DF;CENTRO-OESTE;BRASIL;AMÉRICA DO SUL;SBRJ;RIO DE JANEIRO;RJ;SUDESTE;BRASIL;AMÉRICA DO SUL;DOMÉSTICA;REGULAR;18346;370;20748;248;0;21529600;17025088;2507520;1403239;668022;155904;168;19254144;230144;0;23200;2702214;278,75;115505
GLO;GOL LINHAS AÉREAS S.A. (EX- VRG LINHAS AÉREAS S.A.);BRASILEIRA;2026;1;SBBR;BRASÍLIA;DF;CENTRO-OESTE;BRASIL;AMÉRICA DO SUL;SBSG;SÃO GONÇALO DO AMARANTE;RN;NORDESTE;BRASIL;AMÉRICA DO SUL;DOMÉSTICA;REGULAR;4959;89;7149;17;0;10211586;8782389;1087015;745669;199056;54901;31;12660879;30107;0;5766;613800;80,3833;41980
GLO;GOL LINHAS AÉREAS S.A. (EX- VRG LINHAS AÉREAS S.A.);BRASILEIRA;2026;1;SBBR;BRASÍLIA;DF;CENTRO-OESTE;BRASIL;AMÉRICA DO SUL;SBSL;SÃO LUÍS;MA;NORDESTE;BRASIL;AMÉRICA DO SUL;DOMÉSTICA;REGULAR;4156;96;27008;42;0;8794064;6362836;939703;577255;189200;47461;31;41349248;64302;0;5744;613800;71,3;38347
GLO;GOL LINHAS AÉREAS S.A. (EX- VRG LINHAS AÉREAS S.A.);BRASILEIRA;2026;1;SBBR;BRASÍLIA;DF;CENTRO-OESTE;BRASIL;AMÉRICA DO SUL;SBSN;SANTARÉM;PA;NORTE;BRASIL;AMÉRICA DO SUL;DOMÉSTICA;REGULAR;1913;62;16870;194;0;;;;;;;;;;;;;;0
GLO;GOL LINHAS AÉREAS S.A. (EX- VRG LINHAS AÉREAS S.A.);BRASILEIRA;2026;1;SBBR;BRASÍLIA;DF;CENTRO-OESTE;BRASIL;AMÉRICA DO SUL;SBSP;SÃO PAULO;SP;SUDESTE;BRASIL;AMÉRICA DO SUL;DOMÉSTICA;IMPRODUTIVO;0;0;0;0;0;0;0;0;0;13668;3488;4;0;0;0;0;0;6,93333;0
GLO;GOL LINHAS AÉREAS S.A. (EX- VRG LINHAS AÉREAS S.A.);BRASILEIRA;2026;1;SBBR;BRASÍLIA;DF;CENTRO-OESTE;BRASIL;AMÉRICA DO SUL;SBSP;SÃO PAULO;SP;SUDESTE;BRASIL;AMÉRICA DO SUL;DOMÉSTICA;REGULAR;23895;1191;56749;1627;0;25839104;20836440;2795430;1763288;706307;144752;166;49485128;1418744;0;29632;3205887;292,75;173336
GLO;GOL LINHAS AÉREAS S.A. (EX- VRG LINHAS AÉREAS S.A.);BRASILEIRA;2026;1;SBBR;BRASÍLIA;DF;CENTRO-OESTE;BRASIL;AMÉRICA DO SUL;SBSV;SALVADOR;BA;NORDESTE;BRASIL;AMÉRICA DO SUL;DOMÉSTICA;NÃO REGULAR;1979;15;79;0;0;2623530;2147215;279279;178095;60698;14105;13;85715;0;0;2418;257400;23,65;15645
GLO;GOL LINHAS AÉREAS S.A. (EX- VRG LINHAS AÉREAS S.A.);BRASILEIRA;2026;1;SBBR;BRASÍLIA;DF;CENTRO-OESTE;BRASIL;AMÉRICA DO SUL;SBSV;SALVADOR;BA;NORDESTE;BRASIL;AMÉRICA DO SUL;DOMÉSTICA;REGULAR;14261;280;18491;58;0;17993640;15473185;1930445;1292126;416791;99820;92;20062735;62930;0;16584;1779217;170,35;102875
GLO;GOL LINHAS AÉREAS S.A. (EX- VRG LINHAS AÉREAS S.A.);BRASILEIRA;2026;1;SBBR;BRASÍLIA;DF;CENTRO-OESTE;BRASIL;AMÉRICA DO SUL;SBTE;TERESINA;PI;NORDESTE;BRASIL;AMÉRICA DO SUL;DOMÉSTICA;REGULAR;4030;133;31446;356;0;7570632;5335720;807563;486898;179484;41044;31;41634504;471344;0;5718;609947;64,6333;34065
GLO;GOL LINHAS AÉREAS S.A. (EX- VRG LINHAS AÉREAS S.A.);BRASILEIRA;2026;1;SBBR;BRASÍLIA;DF;CENTRO-OESTE;BRASIL;AMÉRICA DO SUL;SBVT;VITÓRIA;ES;SUDESTE;BRASIL;AMÉRICA DO SUL;DOMÉSTICA;REGULAR;4554;76;4226;0;0;5437338;4294422;578801;360382;132181;29233;31;3985118;0;0;5766;613800;52,4;36405
GLO;GOL LINHAS AÉREAS S.A. (EX- VRG LINHAS AÉREAS S.A.);BRASILEIRA;2026;1;SBBR;BRASÍLIA;DF;CENTRO-OESTE;BRASIL;AMÉRICA DO SUL;SKBO;BOGOTÁ;;;COLÔMBIA;AMÉRICA DO SUL;INTERNACIONAL;REGULAR;1901;41;1681;0;0;8426704;7001383;947999;602126;177054;47879;13;6191123;0;0;2288;257400;65,1;19234
GLO;GOL LINHAS AÉREAS S.A. (EX- VRG LINHAS AÉREAS S.A.);BRASILEIRA;2026;1;SBBR;BRASÍLIA;DF;CENTRO-OESTE;BRASIL;AMÉRICA DO SUL;SWGN;ARAGUAÍNA;TO;NORTE;BRASIL;AMÉRICA DO SUL;DOMÉSTICA;REGULAR;838;5;0;0;0;;;;;;;;;;;;;;0
GLO;GOL LINHAS AÉREAS S.A. (EX- VRG LINHAS AÉREAS S.A.);BRASILEIRA;2026;1;SBBV;BOA VISTA;RR;NORTE;BRASIL;AMÉRICA DO SUL;SBBR;BRASÍLIA;DF;CENTRO-OESTE;BRASIL;AMÉRICA DO SUL;DOMÉSTICA;NÃO REGULAR;531;8;0;0;0;1400580;1332810;149094;116240;29301;7530;3;0;0;0;558;59400;10,4667;6486
GLO;GOL LINHAS AÉREAS S.A. (EX- VRG LINHAS AÉREAS S.A.);BRASILEIRA;2026;1;SBBV;BOA VISTA;RR;NORTE;BRASIL;AMÉRICA DO SUL;SBBR;BRASÍLIA;DF;CENTRO-OESTE;BRASIL;AMÉRICA DO SUL;DOMÉSTICA;REGULAR;3141;86;558;0;0;7863830;7454700;844866;653181;163167;42670;17;1111930;0;0;3133;336600;59,5333;39415
GLO;GOL LINHAS AÉREAS S.A. (EX- VRG LINHAS AÉREAS S.A.);BRASILEIRA;2026;1;SBBV;BOA VISTA;RR;NORTE;BRASIL;AMÉRICA DO SUL;SBPJ;PALMAS;TO;NORTE;BRASIL;AMÉRICA DO SUL;DOMÉSTICA;REGULAR;0;0;0;0;0;371814;341829;39580;30612;13429;1999;1;229885;0;0;186;19800;4,31667;0
GLO;GOL LINHAS AÉREAS S.A. (EX- VRG LINHAS AÉREAS S.A.);BRASILEIRA;2026;1;SBCA;CASCAVEL;PR;SUL;BRASIL;AMÉRICA DO SUL;SBGR;GUARULHOS;SP;SUDESTE;BRASIL;AMÉRICA DO SUL;DOMÉSTICA;REGULAR;3672;75;4268;15;0;3003528;2695248;319726;228990;83343;16148;22;3132712;11010;0;4092;435600;33,4167;32324
GLO;GOL LINHAS AÉREAS S.A. (EX- VRG LINHAS AÉREAS S.A.);BRASILEIRA;2026;1;SBCF;CONFINS;MG;SUDESTE;BRASIL;AMÉRICA DO SUL;KGWO;GREENWOOD, MISSISSIPPI;;;ESTADOS UNIDOS DA AMÉRICA;AMÉRICA DO NORTE;INTERNACIONAL;IMPRODUTIVO;0;0;0;0;0;;;;;;;;;;;;;;0
GLO;GOL LINHAS AÉREAS S.A. (EX- VRG LINHAS AÉREAS S.A.);BRASILEIRA;2026;1;SBCF;CONFINS;MG;SUDESTE;BRASIL;AMÉRICA DO SUL;KMCO;ORLANDO, FLORIDA;;;ESTADOS UNIDOS DA AMÉRICA;AMÉRICA DO NORTE;INTERNACIONAL;IMPRODUTIVO;0;0;0;0;0;;;;;;;;;;;;;;0
GLO;GOL LINHAS AÉREAS S.A. (EX- VRG LINHAS AÉREAS S.A.);BRASILEIRA;2026;1;SBCF;CONFINS;MG;SUDESTE;BRASIL;AMÉRICA DO SUL;MDPC;PUNTA CANA;;;REPÚBLICA DOMINICANA;AMÉRICA CENTRAL;INTERNACIONAL;IMPRODUTIVO;0;0;0;0;0;0;0;0;0;15476;5011;1;0;0;0;0;0;6,51667;0
GLO;GOL LINHAS AÉREAS S.A. (EX- VRG LINHAS AÉREAS S.A.);BRASILEIRA;2026;1;SBCF;CONFINS;MG;SUDESTE;BRASIL;AMÉRICA DO SUL;SABE;BUENOS AIRES;;;ARGENTINA;AMÉRICA DO SUL;INTERNACIONAL;REGULAR;1236;5;0;0;0;3462624;2701896;389538;227904;83553;19674;9;0;0;0;1584;178200;30,4167;11558
GLO;GOL LINHAS AÉREAS S.A. (EX- VRG LINHAS AÉREAS S.A.);BRASILEIRA;2026;1;SBCF;CONFINS;MG;SUDESTE;BRASIL;AMÉRICA DO SUL;SBAR;ARACAJU;SE;NORDESTE;BRASIL;AMÉRICA DO SUL;DOMÉSTICA;NÃO REGULAR;0;0;0;0;0;225432;190284;23997;16106;5497;1212;1;490860;0;0;186;19800;1,86667;0
GLO;GOL LINHAS AÉREAS S.A. (EX- VRG LINHAS AÉREAS S.A.);BRASILEIRA;2026;1;SBCF;CONFINS;MG;SUDESTE;BRASIL;AMÉRICA DO SUL;SBBR;BRASÍLIA;DF;CENTRO-OESTE;BRASIL;AMÉRICA DO SUL;DOMÉSTICA;IMPRODUTIVO;0;0;0;0;0;0;0;0;0;2692;591;1;0;0;0;0;0;1,26667;0
GLO;GOL LINHAS AÉREAS S.A. (EX- VRG LINHAS AÉREAS S.A.);BRASILEIRA;2026;1;SBCF;CONFINS;MG;SUDESTE;BRASIL;AMÉRICA DO SUL;SBBR;BRASÍLIA;DF;CENTRO-OESTE;BRASIL;AMÉRICA DO SUL;DOMÉSTICA;REGULAR;8468;323;38075;741;0;6356205;5412378;699167;483108;202107;36051;61;34603641;477528;0;10755;1183104;81,8667;65425
GLO;GOL LINHAS AÉREAS S.A. (EX- VRG LINHAS AÉREAS S.A.);BRASILEIRA;2026;1;SBCF;CONFINS;MG;SUDESTE;BRASIL;AMÉRICA DO SUL;SBCF;CONFINS;MG;SUDESTE;BRASIL;AMÉRICA DO SUL;DOMÉSTICA;IMPRODUTIVO;0;0;0;0;0;0;0;0;0;16430;0;3;0;0;0;558;59400;7,56667;0
GLO;GOL LINHAS AÉREAS S.A. (EX- VRG LINHAS AÉREAS S.A.);BRASILEIRA;2026;1;SBCF;CONFINS;MG;SUDESTE;BRASIL;AMÉRICA DO SUL;SBCJ;PARAUAPEBAS;PA;NORTE;BRASIL;AMÉRICA DO SUL;DOMÉSTICA;REGULAR;3385;31;9488;128;0;6022523;5266229;655424;463013;147788;34377;21;15286306;209536;0;3679;400388;50,45;34192
GLO;GOL LINHAS AÉREAS S.A. (EX- VRG LINHAS AÉREAS S.A.);BRASILEIRA;2026;1;SBCF;CONFINS;MG;SUDESTE;BRASIL;AMÉRICA DO SUL;SBGL;RIO DE JANEIRO;RJ;SUDESTE;BRASIL;AMÉRICA DO SUL;DOMÉSTICA;IMPRODUTIVO;0;0;0;0;0;0;0;0;0;7648;1448;4;0;0;0;0;0;3,98333;0
GLO;GOL LINHAS AÉREAS S.A. (EX- VRG LINHAS AÉREAS S.A.);BRASILEIRA;2026;1;SBCF;CONFINS;MG;SUDESTE;BRASIL;AMÉRICA DO SUL;SBGL;RIO DE JANEIRO;RJ;SUDESTE;BRASIL;AMÉRICA DO SUL;DOMÉSTICA;REGULAR;14545;339;54225;589;0;6642700;5385474;711120;453494;210793;36200;100;19916516;214666;0;18350;1964588;97,1667;79202
GLO;GOL LINHAS AÉREAS S.A. (EX- VRG LINHAS AÉREAS S.A.);BRASILEIRA;2026;1;SBCF;CONFINS;MG;SUDESTE;BRASIL;AMÉRICA DO SUL;SBGR;GUARULHOS;SP;SUDESTE;BRASIL;AMÉRICA DO SUL;DOMÉSTICA;IMPRODUTIVO;0;0;0;0;0;0;0;0;0;5252;992;2;0;0;0;0;0;2,28333;0
GLO;GOL LINHAS AÉREAS S.A. (EX- VRG LINHAS AÉREAS S.A.);BRASILEIRA;2026;1;SBCF;CONFINS;MG;SUDESTE;BRASIL;AMÉRICA DO SUL;SBGR;GUARULHOS;SP;SUDESTE;BRASIL;AMÉRICA DO SUL;DOMÉSTICA;NÃO REGULAR;63;0;0;0;0;184512;121520;19640;9771;5468;992;2;5952;0;0;372;39600;2,4;0
GLO;GOL LINHAS AÉREAS S.A. (EX- VRG LINHAS AÉREAS S.A.);BRASILEIRA;2026;1;SBCF;CONFINS;MG;SUDESTE;BRASIL;AMÉRICA DO SUL;SBGR;GUARULHOS;SP;SUDESTE;BRASIL;AMÉRICA DO SUL;DOMÉSTICA;REGULAR;16641;659;38695;1239;0;9920496;8523264;1060825;742711;328213;54064;109;19746256;614544;0;20001;2138935;138,65;164257
GLO;GOL LINHAS AÉREAS S.A. (EX- VRG LINHAS AÉREAS S.A.);BRASILEIRA;2026;1;SBCF;CONFINS;MG;SUDESTE;BRASIL;AMÉRICA DO SUL;SBMO;RIO LARGO;AL;NORDESTE;BRASIL;AMÉRICA DO SUL;DOMÉSTICA;NÃO REGULAR;2291;11;405;0;0;3578916;3269257;384560;274713;83864;19978;14;577935;0;0;2508;269494;30,7167;20287
GLO;GOL LINHAS AÉREAS S.A. (EX- VRG LINHAS AÉREAS S.A.);BRASILEIRA;2026;1;SBCF;CONFINS;MG;SUDESTE;BRASIL;AMÉRICA DO SUL;SBMQ;MACAPÁ;AP;NORTE;BRASIL;AMÉRICA DO SUL;DOMÉSTICA;REGULAR;0;0;0;0;0;431706;389928;45955;34132;9560;2321;1;348150;0;0;186;19800;3,86667;0
GLO;GOL LINHAS AÉREAS S.A. (EX- VRG LINHAS AÉREAS S.A.);BRASILEIRA;2026;1;SBCF;CONFINS;MG;SUDESTE;BRASIL;AMÉRICA DO SUL;SBPS;PORTO SEGURO;BA;NORDESTE;BRASIL;AMÉRICA DO SUL;DOMÉSTICA;NÃO REGULAR;6055;46;0;0;0;4247298;3796485;459986;310838;121692;24453;39;0;0;0;6774;733670;47,0667;41663
GLO;GOL LINHAS AÉREAS S.A. (EX- VRG LINHAS AÉREAS S.A.);BRASILEIRA;2026;1;SBCF;CONFINS;MG;SUDESTE;BRASIL;AMÉRICA DO SUL;SBPS;PORTO SEGURO;BA;NORDESTE;BRASIL;AMÉRICA DO SUL;DOMÉSTICA;REGULAR;6768;51;360;0;0;4977126;4243536;539302;341359;140120;28215;45;225720;0;0;7938;860176;55,9;36501
GLO;GOL LINHAS AÉREAS S.A. (EX- VRG LINHAS AÉREAS S.A.);BRASILEIRA;2026;1;SBCF;CONFINS;MG;SUDESTE;BRASIL;AMÉRICA DO SUL;SBSG;SÃO GONÇALO DO AMARANTE;RN;NORDESTE;BRASIL;AMÉRICA DO SUL;DOMÉSTICA;REGULAR;0;0;0;0;0;334800;268200;35640;21859;7461;1800;1;0;0;0;186;19800;2,5;0
GLO;GOL LINHAS AÉREAS S.A. (EX- VRG LINHAS AÉREAS S.A.);BRASILEIRA;2026;1;SBCF;CONFINS;MG;SUDESTE;BRASIL;AMÉRICA DO SUL;SBSP;SÃO PAULO;SP;SUDESTE;BRASIL;AMÉRICA DO SUL;DOMÉSTICA;NÃO REGULAR;198;5;0;0;0;144624;103752;16712;8314;6322;1048;2;0;0;0;276;31894;2,78333;1019
GLO;GOL LINHAS AÉREAS S.A. (EX- VRG LINHAS AÉREAS S.A.);BRASILEIRA;2026;1;SBCF;CONFINS;MG;SUDESTE;BRASIL;AMÉRICA DO SUL;SBSP;SÃO PAULO;SP;SUDESTE;BRASIL;AMÉRICA DO SUL;DOMÉSTICA;REGULAR;20890;956;61936;3715;0;14429388;11040156;1590735;915659;533247;86460;165;32590704;1947184;0;27537;3035820;223;104051
GLO;GOL LINHAS AÉREAS S.A. (EX- VRG LINHAS AÉREAS S.A.);BRASILEIRA;2026;1;SBCF;CONFINS;MG;SUDESTE;BRASIL;AMÉRICA DO SUL;SBSV;SALVADOR;BA;NORDESTE;BRASIL;AMÉRICA DO SUL;DOMÉSTICA;NÃO REGULAR;2593;24;4520;9;0;3294720;2489280;357966;207201;77694;19200;20;4339200;8640;0;3432;372882;33,2833;16849
GLO;GOL LINHAS AÉREAS S.A. (EX- VRG LINHAS AÉREAS S.A.);BRASILEIRA;2026;1;SBCF;CONFINS;MG;SUDESTE;BRASIL;AMÉRICA DO SUL;SBSV;SALVADOR;BA;NORDESTE;BRASIL;AMÉRICA DO SUL;DOMÉSTICA;REGULAR;9616;134;50812;113;0;10932480;9231360;1167399;803485;258494;59520;62;48779520;108480;0;11388;1216041;104,133;64983
GLO;GOL LINHAS AÉREAS S.A. (EX- VRG LINHAS AÉREAS S.A.);BRASILEIRA;2026;1;SBCF;CONFINS;MG;SUDESTE;BRASIL;AMÉRICA DO SUL;SCEL;SANTIAGO;;;CHILE;AMÉRICA DO SUL;INTERNACIONAL;IMPRODUTIVO;0;0;0;0;0;0;0;0;0;11773;3062;1;0;0;0;0;0;4,56667;0
GLO;GOL LINHAS AÉREAS S.A. (EX- VRG LINHAS AÉREAS S.A.);BRASILEIRA;2026;1;SBCG;CAMPO GRANDE;MS;CENTRO-OESTE;BRASIL;AMÉRICA DO SUL;SBGR;GUARULHOS;SP;SUDESTE;BRASIL;AMÉRICA DO SUL;DOMÉSTICA;REGULAR;11379;183;13568;716;0;12632696;10320753;1346850;859910;341413;68025;75;12306176;649412;0;13928;1485000;135,95;81131
GLO;GOL LINHAS AÉREAS S.A. (EX- VRG LINHAS AÉREAS S.A.);BRASILEIRA;2026;1;SBCG;CAMPO GRANDE;MS;CENTRO-OESTE;BRASIL;AMÉRICA DO SUL;SBSP;SÃO PAULO;SP;SUDESTE;BRASIL;AMÉRICA DO SUL;DOMÉSTICA;REGULAR;4769;146;2695;44;0;5099445;4277793;550560;352020;132669;27807;31;2417415;39468;0;5685;613800;52,5;32085
GLO;GOL LINHAS AÉREAS S.A. (EX- VRG LINHAS AÉREAS S.A.);BRASILEIRA;2026;1;SBCH;CHAPECÓ;SC;SUL;BRASIL;AMÉRICA DO SUL;SBFL;FLORIANÓPOLIS;SC;SUL;BRASIL;AMÉRICA DO SUL;DOMÉSTICA;REGULAR;1386;16;16;0;0;735540;568260;84994;44869;27353;5330;13;6560;0;0;1794;207311;12,0167;5486
GLO;GOL LINHAS AÉREAS S.A. (EX- VRG LINHAS AÉREAS S.A.);BRASILEIRA;2026;1;SBCH;CHAPECÓ;SC;SUL;BRASIL;AMÉRICA DO SUL;SBGL;RIO DE JANEIRO;RJ;SUDESTE;BRASIL;AMÉRICA DO SUL;DOMÉSTICA;REGULAR;0;0;0;0;0;146694;96733;16951;8135;5594;1063;1;365672;0;0;138;15947;2,35;0
GLO;GOL LINHAS AÉREAS S.A. (EX- VRG LINHAS AÉREAS S.A.);BRASILEIRA;2026;1;SBCH;CHAPECÓ;SC;SUL;BRASIL;AMÉRICA DO SUL;SBGR;GUARULHOS;SP;SUDESTE;BRASIL;AMÉRICA DO SUL;DOMÉSTICA;REGULAR;3817;65;2170;28;0;3885168;2847482;413560;234795;111986;20888;28;1618820;20888;0;5208;554400;41,8833;26308
GLO;GOL LINHAS AÉREAS S.A. (EX- VRG LINHAS AÉREAS S.A.);BRASILEIRA;2026;1;SBCH;CHAPECÓ;SC;SUL;BRASIL;AMÉRICA DO SUL;SBSP;SÃO PAULO;SP;SUDESTE;BRASIL;AMÉRICA DO SUL;DOMÉSTICA;REGULAR;3075;61;2955;16;0;2856204;2142512;319429;176577;94714;17950;25;1874698;11488;0;3978;444911;39,65;20022
GLO;GOL LINHAS AÉREAS S.A. (EX- VRG LINHAS AÉREAS S.A.);BRASILEIRA;2026;1;SBCJ;PARAUAPEBAS;PA;NORTE;BRASIL;AMÉRICA DO SUL;SBCF;CONFINS;MG;SUDESTE;BRASIL;AMÉRICA DO SUL;DOMÉSTICA;REGULAR;2796;20;4647;1;0;6232059;4577052;687836;389086;143897;36014;22;7607139;1637;0;3807;420188;54,3167;23342
GLO;GOL LINHAS AÉREAS S.A. (EX- VRG LINHAS AÉREAS S.A.);BRASILEIRA;2026;1;SBCN;CALDAS NOVAS;GO;CENTRO-OESTE;BRASIL;AMÉRICA DO SUL;SBSP;SÃO PAULO;SP;SUDESTE;BRASIL;AMÉRICA DO SUL;DOMÉSTICA;NÃO REGULAR;417;25;0;0;0;383346;286479;40806;23052;10994;2061;3;0;0;0;558;59400;4,13333;2282
GLO;GOL LINHAS AÉREAS S.A. (EX- VRG LINHAS AÉREAS S.A.);BRASILEIRA;2026;1;SBCN;CALDAS NOVAS;GO;CENTRO-OESTE;BRASIL;AMÉRICA DO SUL;SBSP;SÃO PAULO;SP;SUDESTE;BRASIL;AMÉRICA DO SUL;DOMÉSTICA;REGULAR;1792;35;0;0;0;1661166;1231104;176826;99361;45927;8931;13;0;0;0;2418;257400;18,8167;10239
GLO;GOL LINHAS AÉREAS S.A. (EX- VRG LINHAS AÉREAS S.A.);BRASILEIRA;2026;1;SBCT;SÃO JOSÉ DOS PINHAIS;PR;SUL;BRASIL;AMÉRICA DO SUL;SBBR;BRASÍLIA;DF;CENTRO-OESTE;BRASIL;AMÉRICA DO SUL;DOMÉSTICA;REGULAR;9239;235;24479;41;0;11300408;9805084;1227014;855233;282676;64920;60;26486278;44362;0;10444;1134058;110,567;87658
GLO;GOL LINHAS AÉREAS S.A. (EX- VRG LINHAS AÉREAS S.A.);BRASILEIRA;2026;1;SBCT;SÃO JOSÉ DOS PINHAIS;PR;SUL;BRASIL;AMÉRICA DO SUL;SBGL;RIO DE JANEIRO;RJ;SUDESTE;BRASIL;AMÉRICA DO SUL;DOMÉSTICA;REGULAR;16545;314;49621;10;0;14365858;11134785;1532375;944016;365767;77395;115;33394933;6730;0;21346;2277000;153,75;112284
GLO;GOL LINHAS AÉREAS S.A. (EX- VRG LINHAS AÉREAS S.A.);BRASILEIRA;2026;1;SBCT;SÃO JOSÉ DOS PINHAIS;PR;SUL;BRASIL;AMÉRICA DO SUL;SBGO;GOIÂNIA;GO;CENTRO-OESTE;BRASIL;AMÉRICA DO SUL;DOMÉSTICA;REGULAR;0;0;0;0;0;184140;175230;19602;14470;5810;990;1;0;0;0;186;19800;2,48333;0
GLO;GOL LINHAS AÉREAS S.A. (EX- VRG LINHAS AÉREAS S.A.);BRASILEIRA;2026;1;SBCT;SÃO JOSÉ DOS PINHAIS;PR;SUL;BRASIL;AMÉRICA DO SUL;SBGR;GUARULHOS;SP;SUDESTE;BRASIL;AMÉRICA DO SUL;DOMÉSTICA;REGULAR;16558;633;18902;73;0;7579567;6048432;808928;526209;305399;40926;114;6785818;26207;0;21113;2253347;137,45;179993
GLO;GOL LINHAS AÉREAS S.A. (EX- VRG LINHAS AÉREAS S.A.);BRASILEIRA;2026;1;SBCT;SÃO JOSÉ DOS PINHAIS;PR;SUL;BRASIL;AMÉRICA DO SUL;SBSP;SÃO PAULO;SP;SUDESTE;BRASIL;AMÉRICA DO SUL;DOMÉSTICA;IMPRODUTIVO;0;0;0;0;0;0;0;0;0;1753;331;1;0;0;0;0;0;0,966667;0
GLO;GOL LINHAS AÉREAS S.A. (EX- VRG LINHAS AÉREAS S.A.);BRASILEIRA;2026;1;SBCT;SÃO JOSÉ DOS PINHAIS;PR;SUL;BRASIL;AMÉRICA DO SUL;SBSP;SÃO PAULO;SP;SUDESTE;BRASIL;AMÉRICA DO SUL;DOMÉSTICA;REGULAR;12468;581;23943;2038;0;6082456;4126908;689816;339306;266617;40382;122;7925133;674578;0;18376;2084242;124;66244
GLO;GOL LINHAS AÉREAS S.A. (EX- VRG LINHAS AÉREAS S.A.);BRASILEIRA;2026;1;SBCT;SÃO JOSÉ DOS PINHAIS;PR;SUL;BRASIL;AMÉRICA DO SUL;SBSV;SALVADOR;BA;NORDESTE;BRASIL;AMÉRICA DO SUL;DOMÉSTICA;NÃO REGULAR;2138;8;8621;0;0;5038740;3861228;536370;332053;93784;27090;15;15569526;0;0;2790;297000;39,9833;14894
GLO;GOL LINHAS AÉREAS S.A. (EX- VRG LINHAS AÉREAS S.A.);BRASILEIRA;2026;1;SBCT;SÃO JOSÉ DOS PINHAIS;PR;SUL;BRASIL;AMÉRICA DO SUL;SBSV;SALVADOR;BA;NORDESTE;BRASIL;AMÉRICA DO SUL;DOMÉSTICA;REGULAR;843;5;2350;0;0;1679580;1522458;178790;131562;32588;9030;5;4244100;0;0;930;99000;13,0667;7274
GLO;GOL LINHAS AÉREAS S.A. (EX- VRG LINHAS AÉREAS S.A.);BRASILEIRA;2026;1;SBCX;CAXIAS DO SUL;RS;SUL;BRASIL;AMÉRICA DO SUL;SBGR;GUARULHOS;SP;SUDESTE;BRASIL;AMÉRICA DO SUL;DOMÉSTICA;REGULAR;147;0;0;0;0;124658;116718;15721;9387;3737;794;1;0;0;0;157;19800;1,95;798
GLO;GOL LINHAS AÉREAS S.A. (EX- VRG LINHAS AÉREAS S.A.);BRASILEIRA;2026;1;SBCX;CAXIAS DO SUL;RS;SUL;BRASIL;AMÉRICA DO SUL;SBSP;SÃO PAULO;SP;SUDESTE;BRASIL;AMÉRICA DO SUL;DOMÉSTICA;REGULAR;3532;90;5724;6;0;3499088;2705512;431372;226208;110184;22980;30;4384584;4596;0;4568;563176;43,5667;24703
GLO;GOL LINHAS AÉREAS S.A. (EX- VRG LINHAS AÉREAS S.A.);BRASILEIRA;2026;1;SBCY;VÁRZEA GRANDE;MT;CENTRO-OESTE;BRASIL;AMÉRICA DO SUL;SBBR;BRASÍLIA;DF;CENTRO-OESTE;BRASIL;AMÉRICA DO SUL;DOMÉSTICA;NÃO REGULAR;2722;22;1449;0;0;2776236;2389916;295528;199415;74090;14926;17;1272222;0;0;3162;336600;27,7667;21534
GLO;GOL LINHAS AÉREAS S.A. (EX- VRG LINHAS AÉREAS S.A.);BRASILEIRA;2026;1;SBCY;VÁRZEA GRANDE;MT;CENTRO-OESTE;BRASIL;AMÉRICA DO SUL;SBBR;BRASÍLIA;DF;CENTRO-OESTE;BRASIL;AMÉRICA DO SUL;DOMÉSTICA;REGULAR;6200;86;7003;1;0;6480518;5443600;691977;455651;172833;35120;40;6148634;878;0;7381;788147;65,5;46985
GLO;GOL LINHAS AÉREAS S.A. (EX- VRG LINHAS AÉREAS S.A.);BRASILEIRA;2026;1;SBCY;VÁRZEA GRANDE;MT;CENTRO-OESTE;BRASIL;AMÉRICA DO SUL;SBEG;MANAUS;AM;NORTE;BRASIL;AMÉRICA DO SUL;DOMÉSTICA;REGULAR;0;0;0;0;0;272862;158436;29046;13313;8919;1467;1;0;0;0;186;19800;3,25;0
GLO;GOL LINHAS AÉREAS S.A. (EX- VRG LINHAS AÉREAS S.A.);BRASILEIRA;2026;1;SBCY;VÁRZEA GRANDE;MT;CENTRO-OESTE;BRASIL;AMÉRICA DO SUL;SBGL;RIO DE JANEIRO;RJ;SUDESTE;BRASIL;AMÉRICA DO SUL;DOMÉSTICA;NÃO REGULAR;2423;21;0;0;0;4920380;3796841;527442;311875;104618;26639;17;0;0;0;3140;336600;41,9333;17306
GLO;GOL LINHAS AÉREAS S.A. (EX- VRG LINHAS AÉREAS S.A.);BRASILEIRA;2026;1;SBCY;VÁRZEA GRANDE;MT;CENTRO-OESTE;BRASIL;AMÉRICA DO SUL;SBGL;RIO DE JANEIRO;RJ;SUDESTE;BRASIL;AMÉRICA DO SUL;DOMÉSTICA;REGULAR;1843;14;946;0;0;3789006;2887981;403338;238993;87711;20371;13;1482382;0;0;2418;257400;32,2833;13349
GLO;GOL LINHAS AÉREAS S.A. (EX- VRG LINHAS AÉREAS S.A.);BRASILEIRA;2026;1;SBCY;VÁRZEA GRANDE;MT;CENTRO-OESTE;BRASIL;AMÉRICA DO SUL;SBGR;GUARULHOS;SP;SUDESTE;BRASIL;AMÉRICA DO SUL;DOMÉSTICA;NÃO REGULAR;1315;10;0;0;0;2706550;1748950;289674;141943;63324;14630;11;0;0;0;2035;217800;22,8667;8102
GLO;GOL LINHAS AÉREAS S.A. (EX- VRG LINHAS AÉREAS S.A.);BRASILEIRA;2026;1;SBCY;VÁRZEA GRANDE;MT;CENTRO-OESTE;BRASIL;AMÉRICA DO SUL;SBGR;GUARULHOS;SP;SUDESTE;BRASIL;AMÉRICA DO SUL;DOMÉSTICA;REGULAR;9443;115;51106;56;0;14962500;12559190;2389428;1097064;509004;115710;87;67970980;74480;0;11250;1796576;192,933;65557
GLO;GOL LINHAS AÉREAS S.A. (EX- VRG LINHAS AÉREAS S.A.);BRASILEIRA;2026;1;SBCY;VÁRZEA GRANDE;MT;CENTRO-OESTE;BRASIL;AMÉRICA DO SUL;SBPV;PORTO VELHO;RO;NORTE;BRASIL;AMÉRICA DO SUL;DOMÉSTICA;REGULAR;1074;14;0;0;0;1648800;1106070;176956;95314;38595;9160;8;0;0;0;1440;154547;14,4167;11773
GLO;GOL LINHAS AÉREAS S.A. (EX- VRG LINHAS AÉREAS S.A.);BRASILEIRA;2026;1;SBCY;VÁRZEA GRANDE;MT;CENTRO-OESTE;BRASIL;AMÉRICA DO SUL;SBSI;SINOP;MT;CENTRO-OESTE;BRASIL;AMÉRICA DO SUL;DOMÉSTICA;REGULAR;0;0;0;0;0;78678;75717;8375;6601;3556;423;1;1269;0;0;186;19800;1,15;0
GLO;GOL LINHAS AÉREAS S.A. (EX- VRG LINHAS AÉREAS S.A.);BRASILEIRA;2026;1;SBCY;VÁRZEA GRANDE;MT;CENTRO-OESTE;BRASIL;AMÉRICA DO SUL;SBSP;SÃO PAULO;SP;SUDESTE;BRASIL;AMÉRICA DO SUL;DOMÉSTICA;NÃO REGULAR;392;9;0;0;0;1235970;520968;131570;43069;26272;6645;5;0;0;0;930;99000;10,6333;3009
GLO;GOL LINHAS AÉREAS S.A. (EX- VRG LINHAS AÉREAS S.A.);BRASILEIRA;2026;1;SBCY;VÁRZEA GRANDE;MT;CENTRO-OESTE;BRASIL;AMÉRICA DO SUL;SBSP;SÃO PAULO;SP;SUDESTE;BRASIL;AMÉRICA DO SUL;DOMÉSTICA;REGULAR;5038;37;1943;37;0;7663014;6695502;815734;553877;182316;41199;31;2582247;49173;0;5766;613800;67,4833;36982
GLO;GOL LINHAS AÉREAS S.A. (EX- VRG LINHAS AÉREAS S.A.);BRASILEIRA;2026;1;SBCY;VÁRZEA GRANDE;MT;CENTRO-OESTE;BRASIL;AMÉRICA DO SUL;SBSV;SALVADOR;BA;NORDESTE;BRASIL;AMÉRICA DO SUL;DOMÉSTICA;NÃO REGULAR;1069;2;14;0;0;2527182;2074929;269017;173315;53839;13587;7;27174;0;0;1302;138600;20,5;9104
GLO;GOL LINHAS AÉREAS S.A. (EX- VRG LINHAS AÉREAS S.A.);BRASILEIRA;2026;1;SBCZ;CRUZEIRO DO SUL;AC;NORTE;BRASIL;AMÉRICA DO SUL;SBBR;BRASÍLIA;DF;CENTRO-OESTE;BRASIL;AMÉRICA DO SUL;DOMÉSTICA;REGULAR;951;16;9245;0;0;;;;;;;;;;;;;;0
GLO;GOL LINHAS AÉREAS S.A. (EX- VRG LINHAS AÉREAS S.A.);BRASILEIRA;2026;1;SBCZ;CRUZEIRO DO SUL;AC;NORTE;BRASIL;AMÉRICA DO SUL;SBRB;RIO BRANCO;AC;NORTE;BRASIL;AMÉRICA DO SUL;DOMÉSTICA;REGULAR;1110;36;205;43;0;1871904;1220112;199257;102353;47917;10064;17;5594400;25456;0;3162;336600;19,6167;8884
GLO;GOL LINHAS AÉREAS S.A. (EX- VRG LINHAS AÉREAS S.A.);BRASILEIRA;2026;1;SBDB;BONITO;MS;CENTRO-OESTE;BRASIL;AMÉRICA DO SUL;SBSP;SÃO PAULO;SP;SUDESTE;BRASIL;AMÉRICA DO SUL;DOMÉSTICA;REGULAR;2094;28;0;0;0;2610828;2179854;280532;177643;72309;14574;14;0;0;0;2508;269494;25,7667;13604
GLO;GOL LINHAS AÉREAS S.A. (EX- VRG LINHAS AÉREAS S.A.);BRASILEIRA;2026;1;SBDN;PRESIDENTE PRUDENTE;SP;SUDESTE;BRASIL;AMÉRICA DO SUL;SBSP;SÃO PAULO;SP;SUDESTE;BRASIL;AMÉRICA DO SUL;DOMÉSTICA;REGULAR;3086;153;4888;53;0;2387016;1586204;256678;133725;81378;13364;26;2512432;27242;0;4644;499388;32,5833;23851
GLO;GOL LINHAS AÉREAS S.A. (EX- VRG LINHAS AÉREAS S.A.);BRASILEIRA;2026;1;SBEG;MANAUS;AM;NORTE;BRASIL;AMÉRICA DO SUL;KMCO;ORLANDO, FLORIDA;;;ESTADOS UNIDOS DA AMÉRICA;AMÉRICA DO NORTE;INTERNACIONAL;NÃO REGULAR;0;0;0;0;0;2173612;2044280;247815;183454;53944;12516;3;0;0;0;521;59400;19,2833;0
GLO;GOL LINHAS AÉREAS S.A. (EX- VRG LINHAS AÉREAS S.A.);BRASILEIRA;2026;1;SBEG;MANAUS;AM;NORTE;BRASIL;AMÉRICA DO SUL;KMCO;ORLANDO, FLORIDA;;;ESTADOS UNIDOS DA AMÉRICA;AMÉRICA DO NORTE;INTERNACIONAL;REGULAR;0;0;0;0;0;2202816;2065140;247815;185444;52418;12516;3;0;0;0;528;59400;18,5167;0
GLO;GOL LINHAS AÉREAS S.A. (EX- VRG LINHAS AÉREAS S.A.);BRASILEIRA;2026;1;SBEG;MANAUS;AM;NORTE;BRASIL;AMÉRICA DO SUL;KMIA;MIAMI, FLORIDA;;;ESTADOS UNIDOS DA AMÉRICA;AMÉRICA DO NORTE;INTERNACIONAL;NÃO REGULAR;0;0;0;0;0;659090;647459;76764;60136;15916;3877;1;0;0;0;170;19800;5,5;0
GLO;GOL LINHAS AÉREAS S.A. (EX- VRG LINHAS AÉREAS S.A.);BRASILEIRA;2026;1;SBEG;MANAUS;AM;NORTE;BRASIL;AMÉRICA DO SUL;KMIA;MIAMI, FLORIDA;;;ESTADOS UNIDOS DA AMÉRICA;AMÉRICA DO NORTE;INTERNACIONAL;REGULAR;1224;10;0;0;0;7474856;6055874;844404;526274;176747;42647;11;0;0;0;1928;217800;65,15;13013
GLO;GOL LINHAS AÉREAS S.A. (EX- VRG LINHAS AÉREAS S.A.);BRASILEIRA;2026;1;SBEG;MANAUS;AM;NORTE;BRASIL;AMÉRICA DO SUL;SBBR;BRASÍLIA;DF;CENTRO-OESTE;BRASIL;AMÉRICA DO SUL;DOMÉSTICA;NÃO REGULAR;0;0;0;0;0;668507;613935;77180;61898;15386;3898;2;0;0;0;343;39600;5,63333;0
GLO;GOL LINHAS AÉREAS S.A. (EX- VRG LINHAS AÉREAS S.A.);BRASILEIRA;2026;1;SBEG;MANAUS;AM;NORTE;BRASIL;AMÉRICA DO SUL;SBBR;BRASÍLIA;DF;CENTRO-OESTE;BRASIL;AMÉRICA DO SUL;DOMÉSTICA;REGULAR;9407;205;56449;301;0;22401806;20339764;2392580;1819816;512781;120838;62;114683058;873152;0;11494;1227600;180,95;89930
GLO;GOL LINHAS AÉREAS S.A. (EX- VRG LINHAS AÉREAS S.A.);BRASILEIRA;2026;1;SBEG;MANAUS;AM;NORTE;BRASIL;AMÉRICA DO SUL;SBEG;MANAUS;AM;NORTE;BRASIL;AMÉRICA DO SUL;DOMÉSTICA;IMPRODUTIVO;0;0;0;0;0;0;0;0;0;5006;0;2;0;0;0;186;43047;2,66667;0
GLO;GOL LINHAS AÉREAS S.A. (EX- VRG LINHAS AÉREAS S.A.);BRASILEIRA;2026;1;SBEG;MANAUS;AM;NORTE;BRASIL;AMÉRICA DO SUL;SBFZ;FORTALEZA;CE;NORDESTE;BRASIL;AMÉRICA DO SUL;DOMÉSTICA;NÃO REGULAR;1200;18;0;0;0;3111780;2868000;331254;247215;59959;16730;7;0;0;0;1302;138600;22,9667;13439
GLO;GOL LINHAS AÉREAS S.A. (EX- VRG LINHAS AÉREAS S.A.);BRASILEIRA;2026;1;SBEG;MANAUS;AM;NORTE;BRASIL;AMÉRICA DO SUL;SBFZ;FORTALEZA;CE;NORDESTE;BRASIL;AMÉRICA DO SUL;DOMÉSTICA;REGULAR;0;0;0;0;0;420640;406300;47322;40785;9742;2390;1;0;0;0;176;19800;3,15;0
GLO;GOL LINHAS AÉREAS S.A. (EX- VRG LINHAS AÉREAS S.A.);BRASILEIRA;2026;1;SBEG;MANAUS;AM;NORTE;BRASIL;AMÉRICA DO SUL;SBGL;RIO DE JANEIRO;RJ;SUDESTE;BRASIL;AMÉRICA DO SUL;DOMÉSTICA;REGULAR;4954;113;30339;1;0;15544620;14104038;1691100;1291254;341728;85410;30;86375133;2847;0;5460;594000;118,75;51664
GLO;GOL LINHAS AÉREAS S.A. (EX- VRG LINHAS AÉREAS S.A.);BRASILEIRA;2026;1;SBEG;MANAUS;AM;NORTE;BRASIL;AMÉRICA DO SUL;SBGR;GUARULHOS;SP;SUDESTE;BRASIL;AMÉRICA DO SUL;DOMÉSTICA;NÃO REGULAR;2744;219;6192;0;0;8932464;7400568;961200;668333;192277;48546;18;16699824;0;0;3312;356400;69,8;35818
GLO;GOL LINHAS AÉREAS S.A. (EX- VRG LINHAS AÉREAS S.A.);BRASILEIRA;2026;1;SBEG;MANAUS;AM;NORTE;BRASIL;AMÉRICA DO SUL;SBGR;GUARULHOS;SP;SUDESTE;BRASIL;AMÉRICA DO SUL;DOMÉSTICA;REGULAR;10752;205;476005;202;0;30972348;28998144;4994003;3743101;1019674;240033;89;1290773398;544794;0;11484;1851709;350,967;102897
GLO;GOL LINHAS AÉREAS S.A. (EX- VRG LINHAS AÉREAS S.A.);BRASILEIRA;2026;1;SBEG;MANAUS;AM;NORTE;BRASIL;AMÉRICA DO SUL;SBPJ;PALMAS;TO;NORTE;BRASIL;AMÉRICA DO SUL;DOMÉSTICA;REGULAR;0;0;0;0;0;283092;257218;30135;22021;9611;1522;1;0;0;0;186;19800;4,25;0
GLO;GOL LINHAS AÉREAS S.A. (EX- VRG LINHAS AÉREAS S.A.);BRASILEIRA;2026;1;SBEG;MANAUS;AM;NORTE;BRASIL;AMÉRICA DO SUL;SBPV;PORTO VELHO;RO;NORTE;BRASIL;AMÉRICA DO SUL;DOMÉSTICA;REGULAR;4779;104;18522;113;0;4387926;3719007;467077;336024;111825;23591;31;14095242;85993;0;5766;613800;43,9667;55556
GLO;GOL LINHAS AÉREAS S.A. (EX- VRG LINHAS AÉREAS S.A.);BRASILEIRA;2026;1;SBEG;MANAUS;AM;NORTE;BRASIL;AMÉRICA DO SUL;SBRB;RIO BRANCO;AC;NORTE;BRASIL;AMÉRICA DO SUL;DOMÉSTICA;REGULAR;1834;23;0;0;0;2785536;2301696;296517;197128;69800;14976;13;0;0;0;2418;257400;24,45;21274
GLO;GOL LINHAS AÉREAS S.A. (EX- VRG LINHAS AÉREAS S.A.);BRASILEIRA;2026;1;SBEG;MANAUS;AM;NORTE;BRASIL;AMÉRICA DO SUL;SBSN;SANTARÉM;PA;NORTE;BRASIL;AMÉRICA DO SUL;DOMÉSTICA;REGULAR;2299;16;13567;0;0;3396174;1714579;361522;149318;83679;18259;31;11827120;107787;0;5766;613800;36,0833;15131
GLO;GOL LINHAS AÉREAS S.A. (EX- VRG LINHAS AÉREAS S.A.);BRASILEIRA;2026;1;SBEG;MANAUS;AM;NORTE;BRASIL;AMÉRICA DO SUL;SKBO;BOGOTÁ;;;COLÔMBIA;AMÉRICA DO SUL;INTERNACIONAL;NÃO REGULAR;124;1;0;0;0;314512;221588;35382;18229;7784;1787;1;0;0;0;176;19800;2,75;901
GLO;GOL LINHAS AÉREAS S.A. (EX- VRG LINHAS AÉREAS S.A.);BRASILEIRA;2026;1;SBEG;MANAUS;AM;NORTE;BRASIL;AMÉRICA DO SUL;SKBO;BOGOTÁ;;;COLÔMBIA;AMÉRICA DO SUL;INTERNACIONAL;REGULAR;944;3;0;0;0;2201584;1686928;247674;140142;48581;12509;7;0;0;0;1232;138600;21,0167;7625
GLO;GOL LINHAS AÉREAS S.A. (EX- VRG LINHAS AÉREAS S.A.);BRASILEIRA;2026;1;SBFI;FOZ DO IGUAÇU;PR;SUL;BRASIL;AMÉRICA DO SUL;SBFZ;FORTALEZA;CE;NORDESTE;BRASIL;AMÉRICA DO SUL;DOMÉSTICA;REGULAR;734;4;0;0;0;2683325;2176310;293535;185369;52720;14825;5;0;0;0;905;99000;19,5667;7470
GLO;GOL LINHAS AÉREAS S.A. (EX- VRG LINHAS AÉREAS S.A.);BRASILEIRA;2026;1;SBFI;FOZ DO IGUAÇU;PR;SUL;BRASIL;AMÉRICA DO SUL;SBGL;RIO DE JANEIRO;RJ;SUDESTE;BRASIL;AMÉRICA DO SUL;DOMÉSTICA;NÃO REGULAR;2346;31;267;0;0;4144160;2768280;443916;230305;92886;22420;19;315060;0;0;3512;376200;35,4167;18964
GLO;GOL LINHAS AÉREAS S.A. (EX- VRG LINHAS AÉREAS S.A.);BRASILEIRA;2026;1;SBFI;FOZ DO IGUAÇU;PR;SUL;BRASIL;AMÉRICA DO SUL;SBGL;RIO DE JANEIRO;RJ;SUDESTE;BRASIL;AMÉRICA DO SUL;DOMÉSTICA;REGULAR;16199;381;573;440;0;22536820;18751380;2401945;1595703;505912;121540;103;673780;519200;0;19099;2035547;195,05;163400
GLO;GOL LINHAS AÉREAS S.A. (EX- VRG LINHAS AÉREAS S.A.);BRASILEIRA;2026;1;SBFI;FOZ DO IGUAÇU;PR;SUL;BRASIL;AMÉRICA DO SUL;SBGR;GUARULHOS;SP;SUDESTE;BRASIL;AMÉRICA DO SUL;DOMÉSTICA;NÃO REGULAR;171;14;0;0;0;157170;144495;16731;11715;5202;845;1;0;0;0;186;19800;1,91667;1040
GLO;GOL LINHAS AÉREAS S.A. (EX- VRG LINHAS AÉREAS S.A.);BRASILEIRA;2026;1;SBFI;FOZ DO IGUAÇU;PR;SUL;BRASIL;AMÉRICA DO SUL;SBGR;GUARULHOS;SP;SUDESTE;BRASIL;AMÉRICA DO SUL;DOMÉSTICA;REGULAR;14381;457;3042;6212;0;13657735;12151945;1455597;1037554;396045;73515;87;2570490;5249140;0;16163;1722600;152,55;146313
GLO;GOL LINHAS AÉREAS S.A. (EX- VRG LINHAS AÉREAS S.A.);BRASILEIRA;2026;1;SBFI;FOZ DO IGUAÇU;PR;SUL;BRASIL;AMÉRICA DO SUL;SBSP;SÃO PAULO;SP;SUDESTE;BRASIL;AMÉRICA DO SUL;DOMÉSTICA;REGULAR;8590;325;339;72;0;7955490;7052390;869601;591359;237339;46797;57;278319;59112;0;9690;1059246;93,1667;75740
GLO;GOL LINHAS AÉREAS S.A. (EX- VRG LINHAS AÉREAS S.A.);BRASILEIRA;2026;1;SBFI;FOZ DO IGUAÇU;PR;SUL;BRASIL;AMÉRICA DO SUL;SBVT;VITÓRIA;ES;SUDESTE;BRASIL;AMÉRICA DO SUL;DOMÉSTICA;REGULAR;0;0;0;0;0;583668;483252;62132;41677;13372;3138;2;3138;0;0;372;39600;5,31667;0
GLO;GOL LINHAS AÉREAS S.A. (EX- VRG LINHAS AÉREAS S.A.);BRASILEIRA;2026;1;SBFL;FLORIANÓPOLIS;SC;SUL;BRASIL;AMÉRICA DO SUL;SAAR;ROSARIO, SANTA FE PROVINCE;;;ARGENTINA;AMÉRICA DO SUL;INTERNACIONAL;NÃO REGULAR;1333;2;0;0;0;2764608;1744897;311016;144687;72034;15708;12;0;0;0;2112;237600;26,2667;10562
GLO;GOL LINHAS AÉREAS S.A. (EX- VRG LINHAS AÉREAS S.A.);BRASILEIRA;2026;1;SBFL;FLORIANÓPOLIS;SC;SUL;BRASIL;AMÉRICA DO SUL;SABE;BUENOS AIRES;;;ARGENTINA;AMÉRICA DO SUL;INTERNACIONAL;REGULAR;5908;31;0;0;0;8487899;7154588;959080;603076;219187;48440;40;0;0;0;7009;792000;86,5667;54912
GLO;GOL LINHAS AÉREAS S.A. (EX- VRG LINHAS AÉREAS S.A.);BRASILEIRA;2026;1;SBFL;FLORIANÓPOLIS;SC;SUL;BRASIL;AMÉRICA DO SUL;SACO;CÓRDOBA, CÓRDOBA PROVINCE;;;ARGENTINA;AMÉRICA DO SUL;INTERNACIONAL;NÃO REGULAR;2049;3;0;0;0;4688464;3210783;527442;262739;115223;26639;17;0;0;0;2992;336600;43,7667;14000
GLO;GOL LINHAS AÉREAS S.A. (EX- VRG LINHAS AÉREAS S.A.);BRASILEIRA;2026;1;SBFL;FLORIANÓPOLIS;SC;SUL;BRASIL;AMÉRICA DO SUL;SAEZ;EZEIZA, BUENOS AIRES PROVINCE;;;ARGENTINA;AMÉRICA DO SUL;INTERNACIONAL;NÃO REGULAR;4183;4;0;0;0;6749072;5174371;759252;431384;178953;38347;31;0;0;0;5456;613800;69,4333;35022
GLO;GOL LINHAS AÉREAS S.A. (EX- VRG LINHAS AÉREAS S.A.);BRASILEIRA;2026;1;SBFL;FLORIANÓPOLIS;SC;SUL;BRASIL;AMÉRICA DO SUL;SAEZ;EZEIZA, BUENOS AIRES PROVINCE;;;ARGENTINA;AMÉRICA DO SUL;INTERNACIONAL;REGULAR;1736;4;0;0;0;2830256;2147432;318396;179102;73068;16081;13;0;0;0;2288;257400;28,8333;14593
GLO;GOL LINHAS AÉREAS S.A. (EX- VRG LINHAS AÉREAS S.A.);BRASILEIRA;2026;1;SBFL;FLORIANÓPOLIS;SC;SUL;BRASIL;AMÉRICA DO SUL;SBBR;BRASÍLIA;DF;CENTRO-OESTE;BRASIL;AMÉRICA DO SUL;DOMÉSTICA;REGULAR;4929;108;2297;0;0;7332120;6476706;780510;541934;168697;39420;30;3018258;0;0;5580;594000;64,2667;40470
GLO;GOL LINHAS AÉREAS S.A. (EX- VRG LINHAS AÉREAS S.A.);BRASILEIRA;2026;1;SBFL;FLORIANÓPOLIS;SC;SUL;BRASIL;AMÉRICA DO SUL;SBCH;CHAPECÓ;SC;SUL;BRASIL;AMÉRICA DO SUL;DOMÉSTICA;REGULAR;1251;11;0;0;0;735540;512910;84994;41022;31773;5330;13;0;0;0;1794;207311;13,7;6241
GLO;GOL LINHAS AÉREAS S.A. (EX- VRG LINHAS AÉREAS S.A.);BRASILEIRA;2026;1;SBFL;FLORIANÓPOLIS;SC;SUL;BRASIL;AMÉRICA DO SUL;SBFI;FOZ DO IGUAÇU;PR;SUL;BRASIL;AMÉRICA DO SUL;DOMÉSTICA;NÃO REGULAR;0;0;0;0;0;117738;82923;12533;6757;3858;633;1;0;0;0;186;19800;1,3;0
GLO;GOL LINHAS AÉREAS S.A. (EX- VRG LINHAS AÉREAS S.A.);BRASILEIRA;2026;1;SBFL;FLORIANÓPOLIS;SC;SUL;BRASIL;AMÉRICA DO SUL;SBGL;RIO DE JANEIRO;RJ;SUDESTE;BRASIL;AMÉRICA DO SUL;DOMÉSTICA;IMPRODUTIVO;0;0;0;0;0;0;0;0;0;3622;759;1;0;0;0;0;0;1,4;0
GLO;GOL LINHAS AÉREAS S.A. (EX- VRG LINHAS AÉREAS S.A.);BRASILEIRA;2026;1;SBFL;FLORIANÓPOLIS;SC;SUL;BRASIL;AMÉRICA DO SUL;SBGL;RIO DE JANEIRO;RJ;SUDESTE;BRASIL;AMÉRICA DO SUL;DOMÉSTICA;NÃO REGULAR;7477;81;1474;3;0;7598349;5675043;811512;456395;199054;40986;54;1118766;2277;0;10011;1069200;77,95;39095
GLO;GOL LINHAS AÉREAS S.A. (EX- VRG LINHAS AÉREAS S.A.);BRASILEIRA;2026;1;SBFL;FLORIANÓPOLIS;SC;SUL;BRASIL;AMÉRICA DO SUL;SBGL;RIO DE JANEIRO;RJ;SUDESTE;BRASIL;AMÉRICA DO SUL;DOMÉSTICA;REGULAR;15001;213;2726;0;0;12635832;11271150;1349595;936048;322714;68310;90;2069034;0;0;16648;1778147;131,117;117823
GLO;GOL LINHAS AÉREAS S.A. (EX- VRG LINHAS AÉREAS S.A.);BRASILEIRA;2026;1;SBFL;FLORIANÓPOLIS;SC;SUL;BRASIL;AMÉRICA DO SUL;SBGR;GUARULHOS;SP;SUDESTE;BRASIL;AMÉRICA DO SUL;DOMÉSTICA;NÃO REGULAR;687;18;0;0;0;383160;353805;40788;28706;14237;2060;4;0;0;0;744;79200;6,1;4219
GLO;GOL LINHAS AÉREAS S.A. (EX- VRG LINHAS AÉREAS S.A.);BRASILEIRA;2026;1;SBFL;FLORIANÓPOLIS;SC;SUL;BRASIL;AMÉRICA DO SUL;SBGR;GUARULHOS;SP;SUDESTE;BRASIL;AMÉRICA DO SUL;DOMÉSTICA;REGULAR;18478;564;7803;85;0;11008125;9593935;1172655;811332;428196;59225;115;4018545;43775;0;21375;2277000;169,267;169565
GLO;GOL LINHAS AÉREAS S.A. (EX- VRG LINHAS AÉREAS S.A.);BRASILEIRA;2026;1;SBFL;FLORIANÓPOLIS;SC;SUL;BRASIL;AMÉRICA DO SUL;SBPA;PORTO ALEGRE;RS;SUL;BRASIL;AMÉRICA DO SUL;DOMÉSTICA;REGULAR;0;0;0;0;0;67518;44649;7187;3623;2424;363;1;0;0;0;186;19800;0,9;0
GLO;GOL LINHAS AÉREAS S.A. (EX- VRG LINHAS AÉREAS S.A.);BRASILEIRA;2026;1;SBFL;FLORIANÓPOLIS;SC;SUL;BRASIL;AMÉRICA DO SUL;SBSP;SÃO PAULO;SP;SUDESTE;BRASIL;AMÉRICA DO SUL;DOMÉSTICA;REGULAR;37774;907;16615;736;0;21334384;18433712;2285040;1486170;691160;117120;240;8108120;359168;0;43718;4682646;283,25;196016
GLO;GOL LINHAS AÉREAS S.A. (EX- VRG LINHAS AÉREAS S.A.);BRASILEIRA;2026;1;SBFN;FERNANDO DE NORONHA;PE;NORDESTE;BRASIL;AMÉRICA DO SUL;SBGR;GUARULHOS;SP;SUDESTE;BRASIL;AMÉRICA DO SUL;DOMÉSTICA;REGULAR;2951;174;521;0;0;7390710;6397335;786750;543950;153051;39735;15;256953;0;0;2790;297000;57,3667;30378
GLO;GOL LINHAS AÉREAS S.A. (EX- VRG LINHAS AÉREAS S.A.);BRASILEIRA;2026;1;SBFN;FERNANDO DE NORONHA;PE;NORDESTE;BRASIL;AMÉRICA DO SUL;SBRF;RECIFE;PE;NORDESTE;BRASIL;AMÉRICA DO SUL;DOMÉSTICA;REGULAR;2320;713;332;0;0;2042280;1567944;217400;137240;55789;10980;20;415044;0;0;3720;396000;23,4167;28791
GLO;GOL LINHAS AÉREAS S.A. (EX- VRG LINHAS AÉREAS S.A.);BRASILEIRA;2026;1;SBFZ;FORTALEZA;CE;NORDESTE;BRASIL;AMÉRICA DO SUL;KMCO;ORLANDO, FLORIDA;;;ESTADOS UNIDOS DA AMÉRICA;AMÉRICA DO NORTE;INTERNACIONAL;REGULAR;725;17;0;0;0;4668024;4209350;574790;377139;108395;29030;5;0;0;0;804;99000;40,6333;10582
GLO;GOL LINHAS AÉREAS S.A. (EX- VRG LINHAS AÉREAS S.A.);BRASILEIRA;2026;1;SBFZ;FORTALEZA;CE;NORDESTE;BRASIL;AMÉRICA DO SUL;KMIA;MIAMI, FLORIDA;;;ESTADOS UNIDOS DA AMÉRICA;AMÉRICA DO NORTE;INTERNACIONAL;REGULAR;1392;13;0;0;0;8444120;7753440;992574;690220;191529;50130;9;0;0;0;1516;178200;69,2667;19518
GLO;GOL LINHAS AÉREAS S.A. (EX- VRG LINHAS AÉREAS S.A.);BRASILEIRA;2026;1;SBFZ;FORTALEZA;CE;NORDESTE;BRASIL;AMÉRICA DO SUL;SAEZ;EZEIZA, BUENOS AIRES PROVINCE;;;ARGENTINA;AMÉRICA DO SUL;INTERNACIONAL;NÃO REGULAR;976;1;0;0;0;5661568;3924496;636920;333687;118083;32168;8;0;0;0;1408;158400;45,1833;9787
GLO;GOL LINHAS AÉREAS S.A. (EX- VRG LINHAS AÉREAS S.A.);BRASILEIRA;2026;1;SBFZ;FORTALEZA;CE;NORDESTE;BRASIL;AMÉRICA DO SUL;SAEZ;EZEIZA, BUENOS AIRES PROVINCE;;;ARGENTINA;AMÉRICA DO SUL;INTERNACIONAL;REGULAR;1187;11;0;0;0;7076960;4772927;796150;415547;154336;40210;10;0;0;0;1760;198000;56,9333;14320
GLO;GOL LINHAS AÉREAS S.A. (EX- VRG LINHAS AÉREAS S.A.);BRASILEIRA;2026;1;SBFZ;FORTALEZA;CE;NORDESTE;BRASIL;AMÉRICA DO SUL;SBBR;BRASÍLIA;DF;CENTRO-OESTE;BRASIL;AMÉRICA DO SUL;DOMÉSTICA;NÃO REGULAR;1802;42;4970;0;0;3461832;3048984;368511;264415;80858;18612;11;8409240;0;0;2046;217800;28,65;16157
GLO;GOL LINHAS AÉREAS S.A. (EX- VRG LINHAS AÉREAS S.A.);BRASILEIRA;2026;1;SBFZ;FORTALEZA;CE;NORDESTE;BRASIL;AMÉRICA DO SUL;SBBR;BRASÍLIA;DF;CENTRO-OESTE;BRASIL;AMÉRICA DO SUL;DOMÉSTICA;REGULAR;11213;274;18697;0;0;19808244;18661068;2110563;1637686;476883;106596;63;31635324;0;0;11707;1247400;165,567;123885
GLO;GOL LINHAS AÉREAS S.A. (EX- VRG LINHAS AÉREAS S.A.);BRASILEIRA;2026;1;SBFZ;FORTALEZA;CE;NORDESTE;BRASIL;AMÉRICA DO SUL;SBCF;CONFINS;MG;SUDESTE;BRASIL;AMÉRICA DO SUL;DOMÉSTICA;REGULAR;0;0;0;0;0;1036764;1012610;110364;87545;29373;5574;3;2073528;0;0;558;59400;11,2333;0
GLO;GOL LINHAS AÉREAS S.A. (EX- VRG LINHAS AÉREAS S.A.);BRASILEIRA;2026;1;SBFZ;FORTALEZA;CE;NORDESTE;BRASIL;AMÉRICA DO SUL;SBEG;MANAUS;AM;NORTE;BRASIL;AMÉRICA DO SUL;DOMÉSTICA;NÃO REGULAR;1170;30;0;0;0;3078320;2796300;331254;246842;75935;16730;7;0;0;0;1288;138600;23,8333;15533
GLO;GOL LINHAS AÉREAS S.A. (EX- VRG LINHAS AÉREAS S.A.);BRASILEIRA;2026;1;SBFZ;FORTALEZA;CE;NORDESTE;BRASIL;AMÉRICA DO SUL;SBFI;FOZ DO IGUAÇU;PR;SUL;BRASIL;AMÉRICA DO SUL;DOMÉSTICA;REGULAR;661;5;0;0;0;2437230;1959865;293535;165516;62886;14825;5;0;0;0;822;99000;20,9167;6249
GLO;GOL LINHAS AÉREAS S.A. (EX- VRG LINHAS AÉREAS S.A.);BRASILEIRA;2026;1;SBFZ;FORTALEZA;CE;NORDESTE;BRASIL;AMÉRICA DO SUL;SBGL;RIO DE JANEIRO;RJ;SUDESTE;BRASIL;AMÉRICA DO SUL;DOMÉSTICA;NÃO REGULAR;4536;43;5349;0;0;10504025;9874872;1120704;835737;252127;56602;26;11644773;0;0;4825;514800;85,2833;38350
GLO;GOL LINHAS AÉREAS S.A. (EX- VRG LINHAS AÉREAS S.A.);BRASILEIRA;2026;1;SBFZ;FORTALEZA;CE;NORDESTE;BRASIL;AMÉRICA DO SUL;SBGL;RIO DE JANEIRO;RJ;SUDESTE;BRASIL;AMÉRICA DO SUL;DOMÉSTICA;REGULAR;19357;258;43414;38;0;44136498;42140189;4698336;3624728;1049933;237293;109;94512278;82726;0;20274;2158200;355,117;169848
GLO;GOL LINHAS AÉREAS S.A. (EX- VRG LINHAS AÉREAS S.A.);BRASILEIRA;2026;1;SBFZ;FORTALEZA;CE;NORDESTE;BRASIL;AMÉRICA DO SUL;SBGO;GOIÂNIA;GO;CENTRO-OESTE;BRASIL;AMÉRICA DO SUL;DOMÉSTICA;REGULAR;0;0;0;0;0;;;;;;;;;;;;;;0
GLO;GOL LINHAS AÉREAS S.A. (EX- VRG LINHAS AÉREAS S.A.);BRASILEIRA;2026;1;SBFZ;FORTALEZA;CE;NORDESTE;BRASIL;AMÉRICA DO SUL;SBGR;GUARULHOS;SP;SUDESTE;BRASIL;AMÉRICA DO SUL;DOMÉSTICA;IMPRODUTIVO;0;0;0;0;0;0;0;0;0;8114;2347;1;0;0;0;0;0;3,38333;0
GLO;GOL LINHAS AÉREAS S.A. (EX- VRG LINHAS AÉREAS S.A.);BRASILEIRA;2026;1;SBFZ;FORTALEZA;CE;NORDESTE;BRASIL;AMÉRICA DO SUL;SBGR;GUARULHOS;SP;SUDESTE;BRASIL;AMÉRICA DO SUL;DOMÉSTICA;NÃO REGULAR;3799;50;11354;0;0;9603924;8916253;1022340;771300;217203;51634;22;26647838;0;0;4092;435600;74,6667;32358
GLO;GOL LINHAS AÉREAS S.A. (EX- VRG LINHAS AÉREAS S.A.);BRASILEIRA;2026;1;SBFZ;FORTALEZA;CE;NORDESTE;BRASIL;AMÉRICA DO SUL;SBGR;GUARULHOS;SP;SUDESTE;BRASIL;AMÉRICA DO SUL;DOMÉSTICA;REGULAR;18248;510;238448;566;0;44912192;41581799;6209969;4093686;1325264;302763;129;606453062;1328402;0;19136;2645949;456,583;161985
GLO;GOL LINHAS AÉREAS S.A. (EX- VRG LINHAS AÉREAS S.A.);BRASILEIRA;2026;1;SBFZ;FORTALEZA;CE;NORDESTE;BRASIL;AMÉRICA DO SUL;SBSJ;SÃO JOSÉ DOS CAMPOS;SP;SUDESTE;BRASIL;AMÉRICA DO SUL;DOMÉSTICA;REGULAR;0;0;0;0;0;428172;391340;45579;34822;10447;2302;1;1738010;0;0;186;19800;3,88333;0
GLO;GOL LINHAS AÉREAS S.A. (EX- VRG LINHAS AÉREAS S.A.);BRASILEIRA;2026;1;SBFZ;FORTALEZA;CE;NORDESTE;BRASIL;AMÉRICA DO SUL;SBSP;SÃO PAULO;SP;SUDESTE;BRASIL;AMÉRICA DO SUL;DOMÉSTICA;REGULAR;16424;438;29325;253;0;42130242;38974152;4502687;3319237;990569;230181;97;69588225;600369;0;17754;1897482;346,35;137648
GLO;GOL LINHAS AÉREAS S.A. (EX- VRG LINHAS AÉREAS S.A.);BRASILEIRA;2026;1;SBFZ;FORTALEZA;CE;NORDESTE;BRASIL;AMÉRICA DO SUL;SBSV;SALVADOR;BA;NORDESTE;BRASIL;AMÉRICA DO SUL;DOMÉSTICA;NÃO REGULAR;2052;20;4885;0;0;2645664;2084832;281624;176186;64544;14224;14;4963160;0;0;2604;277200;24,1667;14632
GLO;GOL LINHAS AÉREAS S.A. (EX- VRG LINHAS AÉREAS S.A.);BRASILEIRA;2026;1;SBFZ;FORTALEZA;CE;NORDESTE;BRASIL;AMÉRICA DO SUL;SBSV;SALVADOR;BA;NORDESTE;BRASIL;AMÉRICA DO SUL;DOMÉSTICA;REGULAR;7412;139;17422;7;0;8773160;7530592;937624;637792;213842;47752;47;17700752;7112;0;8635;922894;84,55;54451
GLO;GOL LINHAS AÉREAS S.A. (EX- VRG LINHAS AÉREAS S.A.);BRASILEIRA;2026;1;SBFZ;FORTALEZA;CE;NORDESTE;BRASIL;AMÉRICA DO SUL;SUMU;MONTEVIDEO, MONTEVIDEO;;;URUGUAI;AMÉRICA DO SUL;INTERNACIONAL;REGULAR;691;0;0;0;0;3382596;2692827;385800;223272;72579;19485;5;0;0;0;868;99000;27,4333;5469
GLO;GOL LINHAS AÉREAS S.A. (EX- VRG LINHAS AÉREAS S.A.);BRASILEIRA;2026;1;SBGL;RIO DE JANEIRO;RJ;SUDESTE;BRASIL;AMÉRICA DO SUL;SAAR;ROSARIO, SANTA FE PROVINCE;;;ARGENTINA;AMÉRICA DO SUL;INTERNACIONAL;REGULAR;4152;17;0;0;0;11101320;8519904;1259499;702655;281676;63612;31;0;0;0;5410;613800;102,733;31032
GLO;GOL LINHAS AÉREAS S.A. (EX- VRG LINHAS AÉREAS S.A.);BRASILEIRA;2026;1;SBGL;RIO DE JANEIRO;RJ;SUDESTE;BRASIL;AMÉRICA DO SUL;SABE;BUENOS AIRES;;;ARGENTINA;AMÉRICA DO SUL;INTERNACIONAL;REGULAR;10202;102;0;0;0;23165285;20087738;2612062;1659645;588599;131923;67;0;0;0;11765;1326600;215,633;77753
GLO;GOL LINHAS AÉREAS S.A. (EX- VRG LINHAS AÉREAS S.A.);BRASILEIRA;2026;1;SBGL;RIO DE JANEIRO;RJ;SUDESTE;BRASIL;AMÉRICA DO SUL;SACO;CÓRDOBA, CÓRDOBA PROVINCE;;;ARGENTINA;AMÉRICA DO SUL;INTERNACIONAL;REGULAR;4897;12;0;0;0;12005175;11140675;1396395;919827;308494;70525;31;0;0;0;5277;613800;110,7;37050
GLO;GOL LINHAS AÉREAS S.A. (EX- VRG LINHAS AÉREAS S.A.);BRASILEIRA;2026;1;SBGL;RIO DE JANEIRO;RJ;SUDESTE;BRASIL;AMÉRICA DO SUL;SAEZ;EZEIZA, BUENOS AIRES PROVINCE;;;ARGENTINA;AMÉRICA DO SUL;INTERNACIONAL;REGULAR;7012;28;1812;0;0;15157624;13995952;1738880;1171216;385432;87824;44;3616752;0;0;7594;871200;144,167;59081
GLO;GOL LINHAS AÉREAS S.A. (EX- VRG LINHAS AÉREAS S.A.);BRASILEIRA;2026;1;SBGL;RIO DE JANEIRO;RJ;SUDESTE;BRASIL;AMÉRICA DO SUL;SAME;MENDOZA, MENDOZA PROVINCE;;;ARGENTINA;AMÉRICA DO SUL;INTERNACIONAL;NÃO REGULAR;1164;7;0;0;0;4227472;3187032;487908;260959;102476;24642;9;0;0;0;1544;178200;38,0167;8012
GLO;GOL LINHAS AÉREAS S.A. (EX- VRG LINHAS AÉREAS S.A.);BRASILEIRA;2026;1;SBGL;RIO DE JANEIRO;RJ;SUDESTE;BRASIL;AMÉRICA DO SUL;SBAR;ARACAJU;SE;NORDESTE;BRASIL;AMÉRICA DO SUL;DOMÉSTICA;REGULAR;6887;44;31076;18;0;12941890;10117003;1384808;884832;294508;70512;48;45650644;26442;0;8810;942694;108,667;54753
GLO;GOL LINHAS AÉREAS S.A. (EX- VRG LINHAS AÉREAS S.A.);BRASILEIRA;2026;1;SBGL;RIO DE JANEIRO;RJ;SUDESTE;BRASIL;AMÉRICA DO SUL;SBBE;BELÉM;PA;NORTE;BRASIL;AMÉRICA DO SUL;DOMÉSTICA;NÃO REGULAR;610;20;2851;0;0;1821312;1493280;193880;135230;37459;9792;4;6979248;0;0;744;79200;14,0167;6641
GLO;GOL LINHAS AÉREAS S.A. (EX- VRG LINHAS AÉREAS S.A.);BRASILEIRA;2026;1;SBGL;RIO DE JANEIRO;RJ;SUDESTE;BRASIL;AMÉRICA DO SUL;SBBE;BELÉM;PA;NORTE;BRASIL;AMÉRICA DO SUL;DOMÉSTICA;REGULAR;7509;193;39415;549;0;25990416;21694176;2811260;1916782;571770;141984;58;114573744;1343952;0;10617;1148400;201,367;71558
GLO;GOL LINHAS AÉREAS S.A. (EX- VRG LINHAS AÉREAS S.A.);BRASILEIRA;2026;1;SBGL;RIO DE JANEIRO;RJ;SUDESTE;BRASIL;AMÉRICA DO SUL;SBBR;BRASÍLIA;DF;CENTRO-OESTE;BRASIL;AMÉRICA DO SUL;DOMÉSTICA;NÃO REGULAR;123;1;0;0;0;126132;112422;14575;9092;4604;914;1;0;0;0;138;15947;1,7;723
GLO;GOL LINHAS AÉREAS S.A. (EX- VRG LINHAS AÉREAS S.A.);BRASILEIRA;2026;1;SBGL;RIO DE JANEIRO;RJ;SUDESTE;BRASIL;AMÉRICA DO SUL;SBBR;BRASÍLIA;DF;CENTRO-OESTE;BRASIL;AMÉRICA DO SUL;DOMÉSTICA;REGULAR;14648;369;31315;9;0;15566334;13388272;1661402;1145153;430856;84088;92;28621910;8226;0;17031;1817747;163,7;123037
GLO;GOL LINHAS AÉREAS S.A. (EX- VRG LINHAS AÉREAS S.A.);BRASILEIRA;2026;1;SBGL;RIO DE JANEIRO;RJ;SUDESTE;BRASIL;AMÉRICA DO SUL;SBCF;CONFINS;MG;SUDESTE;BRASIL;AMÉRICA DO SUL;DOMÉSTICA;IMPRODUTIVO;0;0;0;0;0;0;0;0;0;2196;362;1;0;0;0;0;0;1,16667;0
GLO;GOL LINHAS AÉREAS S.A. (EX- VRG LINHAS AÉREAS S.A.);BRASILEIRA;2026;1;SBGL;RIO DE JANEIRO;RJ;SUDESTE;BRASIL;AMÉRICA DO SUL;SBCF;CONFINS;MG;SUDESTE;BRASIL;AMÉRICA DO SUL;DOMÉSTICA;REGULAR;16463;472;29274;3053;0;7053932;6079428;752535;510083;250437;38010;105;11262544;1117132;0;19486;2079000;115,75;115922
GLO;GOL LINHAS AÉREAS S.A. (EX- VRG LINHAS AÉREAS S.A.);BRASILEIRA;2026;1;SBGL;RIO DE JANEIRO;RJ;SUDESTE;BRASIL;AMÉRICA DO SUL;SBCT;SÃO JOSÉ DOS PINHAIS;PR;SUL;BRASIL;AMÉRICA DO SUL;DOMÉSTICA;REGULAR;18561;348;17230;6;0;14309326;12491553;1527189;1059065;442050;77395;115;11595790;4038;0;21262;2269294;164,467;164426
GLO;GOL LINHAS AÉREAS S.A. (EX- VRG LINHAS AÉREAS S.A.);BRASILEIRA;2026;1;SBGL;RIO DE JANEIRO;RJ;SUDESTE;BRASIL;AMÉRICA DO SUL;SBCY;VÁRZEA GRANDE;MT;CENTRO-OESTE;BRASIL;AMÉRICA DO SUL;DOMÉSTICA;NÃO REGULAR;2899;18;7516;0;0;4921947;4542733;527442;392924;127937;26639;17;11777572;0;0;3141;336600;44,1333;25814
GLO;GOL LINHAS AÉREAS S.A. (EX- VRG LINHAS AÉREAS S.A.);BRASILEIRA;2026;1;SBGL;RIO DE JANEIRO;RJ;SUDESTE;BRASIL;AMÉRICA DO SUL;SBCY;VÁRZEA GRANDE;MT;CENTRO-OESTE;BRASIL;AMÉRICA DO SUL;DOMÉSTICA;REGULAR;2306;11;7765;8;0;4024056;3613502;434364;316832;106216;21938;14;12167755;12536;0;2568;277200;37,1667;21481
GLO;GOL LINHAS AÉREAS S.A. (EX- VRG LINHAS AÉREAS S.A.);BRASILEIRA;2026;1;SBGL;RIO DE JANEIRO;RJ;SUDESTE;BRASIL;AMÉRICA DO SUL;SBEG;MANAUS;AM;NORTE;BRASIL;AMÉRICA DO SUL;DOMÉSTICA;REGULAR;5139;77;33023;1807;0;16102632;14630733;1747470;1366381;360590;88257;31;94016481;5144529;0;5656;613800;123,8;61494
GLO;GOL LINHAS AÉREAS S.A. (EX- VRG LINHAS AÉREAS S.A.);BRASILEIRA;2026;1;SBGL;RIO DE JANEIRO;RJ;SUDESTE;BRASIL;AMÉRICA DO SUL;SBFI;FOZ DO IGUAÇU;PR;SUL;BRASIL;AMÉRICA DO SUL;DOMÉSTICA;NÃO REGULAR;2673;66;155;0;0;3937660;2999560;420552;249768;107674;21240;18;182900;0;0;3337;356400;37,4333;21720
GLO;GOL LINHAS AÉREAS S.A. (EX- VRG LINHAS AÉREAS S.A.);BRASILEIRA;2026;1;SBGL;RIO DE JANEIRO;RJ;SUDESTE;BRASIL;AMÉRICA DO SUL;SBFI;FOZ DO IGUAÇU;PR;SUL;BRASIL;AMÉRICA DO SUL;DOMÉSTICA;REGULAR;15899;367;3333;330;0;22523840;18602700;2401945;1574449;609807;121540;103;3839720;389400;0;19088;2035547;215,983;149947
GLO;GOL LINHAS AÉREAS S.A. (EX- VRG LINHAS AÉREAS S.A.);BRASILEIRA;2026;1;SBGL;RIO DE JANEIRO;RJ;SUDESTE;BRASIL;AMÉRICA DO SUL;SBFL;FLORIANÓPOLIS;SC;SUL;BRASIL;AMÉRICA DO SUL;DOMÉSTICA;NÃO REGULAR;8169;96;1931;2;0;7747872;6299700;826540;514855;215163;41745;55;1465629;1518;0;10208;1089000;84,7;53095
GLO;GOL LINHAS AÉREAS S.A. (EX- VRG LINHAS AÉREAS S.A.);BRASILEIRA;2026;1;SBGL;RIO DE JANEIRO;RJ;SUDESTE;BRASIL;AMÉRICA DO SUL;SBFL;FLORIANÓPOLIS;SC;SUL;BRASIL;AMÉRICA DO SUL;DOMÉSTICA;REGULAR;14742;182;5758;4;0;12962961;11189178;1382576;927080;353413;69828;92;4370322;3036;0;17079;1821600;143,533;110106
GLO;GOL LINHAS AÉREAS S.A. (EX- VRG LINHAS AÉREAS S.A.);BRASILEIRA;2026;1;SBGL;RIO DE JANEIRO;RJ;SUDESTE;BRASIL;AMÉRICA DO SUL;SBFZ;FORTALEZA;CE;NORDESTE;BRASIL;AMÉRICA DO SUL;DOMÉSTICA;NÃO REGULAR;4708;40;6547;0;0;10908947;10249316;1163808;860892;243701;58779;27;14252819;0;0;5011;534600;84,3833;35810
GLO;GOL LINHAS AÉREAS S.A. (EX- VRG LINHAS AÉREAS S.A.);BRASILEIRA;2026;1;SBGL;RIO DE JANEIRO;RJ;SUDESTE;BRASIL;AMÉRICA DO SUL;SBFZ;FORTALEZA;CE;NORDESTE;BRASIL;AMÉRICA DO SUL;DOMÉSTICA;REGULAR;20285;201;75707;877;0;46566030;44160445;4956960;3816552;1017597;250355;115;164814139;1909229;0;21390;2277000;358,083;156070
GLO;GOL LINHAS AÉREAS S.A. (EX- VRG LINHAS AÉREAS S.A.);BRASILEIRA;2026;1;SBGL;RIO DE JANEIRO;RJ;SUDESTE;BRASIL;AMÉRICA DO SUL;SBGL;RIO DE JANEIRO;RJ;SUDESTE;BRASIL;AMÉRICA DO SUL;DOMÉSTICA;IMPRODUTIVO;2;0;0;0;0;0;0;0;0;5662;0;1;0;0;0;186;19800;2,35;11
GLO;GOL LINHAS AÉREAS S.A. (EX- VRG LINHAS AÉREAS S.A.);BRASILEIRA;2026;1;SBGL;RIO DE JANEIRO;RJ;SUDESTE;BRASIL;AMÉRICA DO SUL;SBGO;GOIÂNIA;GO;CENTRO-OESTE;BRASIL;AMÉRICA DO SUL;DOMÉSTICA;REGULAR;8013;150;18220;40;0;8575648;7436064;915124;634612;226132;46400;50;16908160;37120;0;9241;986147;88,05;64681
GLO;GOL LINHAS AÉREAS S.A. (EX- VRG LINHAS AÉREAS S.A.);BRASILEIRA;2026;1;SBGL;RIO DE JANEIRO;RJ;SUDESTE;BRASIL;AMÉRICA DO SUL;SBGR;GUARULHOS;SP;SUDESTE;BRASIL;AMÉRICA DO SUL;DOMÉSTICA;NÃO REGULAR;0;0;0;0;0;62682;45158;6672;4092;2352;337;1;360253;0;0;186;19800;1,16667;0
GLO;GOL LINHAS AÉREAS S.A. (EX- VRG LINHAS AÉREAS S.A.);BRASILEIRA;2026;1;SBGL;RIO DE JANEIRO;RJ;SUDESTE;BRASIL;AMÉRICA DO SUL;SBGR;GUARULHOS;SP;SUDESTE;BRASIL;AMÉRICA DO SUL;DOMÉSTICA;REGULAR;22108;1144;26691;101;0;9450154;7833902;1022747;671161;405153;51561;153;10651896;171870;0;28042;3035128;185,083;206990
GLO;GOL LINHAS AÉREAS S.A. (EX- VRG LINHAS AÉREAS S.A.);BRASILEIRA;2026;1;SBGL;RIO DE JANEIRO;RJ;SUDESTE;BRASIL;AMÉRICA DO SUL;SBIL;ILHÉUS;BA;NORDESTE;BRASIL;AMÉRICA DO SUL;DOMÉSTICA;NÃO REGULAR;818;5;208;0;0;923490;812274;98305;68388;24395;4965;5;206544;0;0;930;99000;8,81667;7315
GLO;GOL LINHAS AÉREAS S.A. (EX- VRG LINHAS AÉREAS S.A.);BRASILEIRA;2026;1;SBGL;RIO DE JANEIRO;RJ;SUDESTE;BRASIL;AMÉRICA DO SUL;SBJP;SANTA RITA;PB;NORDESTE;BRASIL;AMÉRICA DO SUL;DOMÉSTICA;REGULAR;10098;142;19233;21;0;22159925;19741590;2361249;1696273;458535;119255;61;37600515;41055;0;11335;1207800;174,433;91091
GLO;GOL LINHAS AÉREAS S.A. (EX- VRG LINHAS AÉREAS S.A.);BRASILEIRA;2026;1;SBGL;RIO DE JANEIRO;RJ;SUDESTE;BRASIL;AMÉRICA DO SUL;SBKP;CAMPINAS;SP;SUDESTE;BRASIL;AMÉRICA DO SUL;DOMÉSTICA;REGULAR;6879;188;9653;7;0;3474938;2737842;370360;223023;125534;18706;47;3841894;2786;0;8731;930600;56,55;34838
GLO;GOL LINHAS AÉREAS S.A. (EX- VRG LINHAS AÉREAS S.A.);BRASILEIRA;2026;1;SBGL;RIO DE JANEIRO;RJ;SUDESTE;BRASIL;AMÉRICA DO SUL;SBMO;RIO LARGO;AL;NORDESTE;BRASIL;AMÉRICA DO SUL;DOMÉSTICA;NÃO REGULAR;5952;56;3400;0;0;11492622;9987456;1229288;831947;258739;62086;37;5705200;0;0;6849;732600;94;46008
GLO;GOL LINHAS AÉREAS S.A. (EX- VRG LINHAS AÉREAS S.A.);BRASILEIRA;2026;1;SBGL;RIO DE JANEIRO;RJ;SUDESTE;BRASIL;AMÉRICA DO SUL;SBMO;RIO LARGO;AL;NORDESTE;BRASIL;AMÉRICA DO SUL;DOMÉSTICA;REGULAR;10528;113;12086;19;0;20543754;17665984;2192784;1474945;458662;110748;66;20280308;31882;0;12243;1306800;165,333;77322
GLO;GOL LINHAS AÉREAS S.A. (EX- VRG LINHAS AÉREAS S.A.);BRASILEIRA;2026;1;SBGL;RIO DE JANEIRO;RJ;SUDESTE;BRASIL;AMÉRICA DO SUL;SBMQ;MACAPÁ;AP;NORTE;BRASIL;AMÉRICA DO SUL;DOMÉSTICA;REGULAR;1353;24;7388;0;0;;;;;;;;;;;;;;0
GLO;GOL LINHAS AÉREAS S.A. (EX- VRG LINHAS AÉREAS S.A.);BRASILEIRA;2026;1;SBGL;RIO DE JANEIRO;RJ;SUDESTE;BRASIL;AMÉRICA DO SUL;SBNF;NAVEGANTES;SC;SUL;BRASIL;AMÉRICA DO SUL;DOMÉSTICA;NÃO REGULAR;1152;7;0;0;0;1151208;815616;123434;68252;31714;6372;9;0;0;0;1626;174347;14,0167;10010
GLO;GOL LINHAS AÉREAS S.A. (EX- VRG LINHAS AÉREAS S.A.);BRASILEIRA;2026;1;SBGL;RIO DE JANEIRO;RJ;SUDESTE;BRASIL;AMÉRICA DO SUL;SBNF;NAVEGANTES;SC;SUL;BRASIL;AMÉRICA DO SUL;DOMÉSTICA;REGULAR;14671;198;8421;2;0;12866484;10387068;1373764;867540;354722;69384;98;5962068;1416;0;18173;1940400;145,183;116668
GLO;GOL LINHAS AÉREAS S.A. (EX- VRG LINHAS AÉREAS S.A.);BRASILEIRA;2026;1;SBGL;RIO DE JANEIRO;RJ;SUDESTE;BRASIL;AMÉRICA DO SUL;SBPA;PORTO ALEGRE;RS;SUL;BRASIL;AMÉRICA DO SUL;DOMÉSTICA;REGULAR;22601;543;19236;35;0;33400818;25358322;3563646;2113056;834571;180642;161;21582792;39270;0;29769;3176241;324,567;169052
GLO;GOL LINHAS AÉREAS S.A. (EX- VRG LINHAS AÉREAS S.A.);BRASILEIRA;2026;1;SBGL;RIO DE JANEIRO;RJ;SUDESTE;BRASIL;AMÉRICA DO SUL;SBPS;PORTO SEGURO;BA;NORDESTE;BRASIL;AMÉRICA DO SUL;DOMÉSTICA;REGULAR;9924;74;650;1;0;9545536;8256768;1018120;667303;245892;51584;62;540800;832;0;11473;1223747;94,8167;57132
GLO;GOL LINHAS AÉREAS S.A. (EX- VRG LINHAS AÉREAS S.A.);BRASILEIRA;2026;1;SBGL;RIO DE JANEIRO;RJ;SUDESTE;BRASIL;AMÉRICA DO SUL;SBRF;RECIFE;PE;NORDESTE;BRASIL;AMÉRICA DO SUL;DOMÉSTICA;REGULAR;26264;276;98191;188;0;54591394;48824776;5815664;4229728;1124292;293722;158;182537069;349492;0;29366;3128400;436,75;207323
GLO;GOL LINHAS AÉREAS S.A. (EX- VRG LINHAS AÉREAS S.A.);BRASILEIRA;2026;1;SBGL;RIO DE JANEIRO;RJ;SUDESTE;BRASIL;AMÉRICA DO SUL;SBSG;SÃO GONÇALO DO AMARANTE;RN;NORDESTE;BRASIL;AMÉRICA DO SUL;DOMÉSTICA;NÃO REGULAR;3979;56;6254;17;0;9239975;8256425;986040;703110;192450;49800;24;12977050;35275;0;4453;475200;72,2333;34175
GLO;GOL LINHAS AÉREAS S.A. (EX- VRG LINHAS AÉREAS S.A.);BRASILEIRA;2026;1;SBGL;RIO DE JANEIRO;RJ;SUDESTE;BRASIL;AMÉRICA DO SUL;SBSG;SÃO GONÇALO DO AMARANTE;RN;NORDESTE;BRASIL;AMÉRICA DO SUL;DOMÉSTICA;REGULAR;8979;106;27648;30;0;22385100;18631425;2382930;1600008;470454;120350;58;57369600;62250;0;10788;1148400;174,467;70026
GLO;GOL LINHAS AÉREAS S.A. (EX- VRG LINHAS AÉREAS S.A.);BRASILEIRA;2026;1;SBGL;RIO DE JANEIRO;RJ;SUDESTE;BRASIL;AMÉRICA DO SUL;SBSJ;SÃO JOSÉ DOS CAMPOS;SP;SUDESTE;BRASIL;AMÉRICA DO SUL;DOMÉSTICA;REGULAR;1764;14;835;0;0;654704;479808;70005;37874;26727;3536;13;227120;0;0;2407;257400;12,2167;6123
GLO;GOL LINHAS AÉREAS S.A. (EX- VRG LINHAS AÉREAS S.A.);BRASILEIRA;2026;1;SBGL;RIO DE JANEIRO;RJ;SUDESTE;BRASIL;AMÉRICA DO SUL;SBSL;SÃO LUÍS;MA;NORDESTE;BRASIL;AMÉRICA DO SUL;DOMÉSTICA;REGULAR;4757;49;20121;5;0;12979266;10708007;1381639;953531;292514;69781;31;45292371;11255;0;5766;613800;100,617;46715
GLO;GOL LINHAS AÉREAS S.A. (EX- VRG LINHAS AÉREAS S.A.);BRASILEIRA;2026;1;SBGL;RIO DE JANEIRO;RJ;SUDESTE;BRASIL;AMÉRICA DO SUL;SBSP;SÃO PAULO;SP;SUDESTE;BRASIL;AMÉRICA DO SUL;DOMÉSTICA;REGULAR;16717;750;25864;960;0;8282160;6100920;908148;501328;361319;48600;135;9434880;345600;0;23006;2522733;163,617;94202
GLO;GOL LINHAS AÉREAS S.A. (EX- VRG LINHAS AÉREAS S.A.);BRASILEIRA;2026;1;SBGL;RIO DE JANEIRO;RJ;SUDESTE;BRASIL;AMÉRICA DO SUL;SBSV;SALVADOR;BA;NORDESTE;BRASIL;AMÉRICA DO SUL;DOMÉSTICA;IMPRODUTIVO;0;0;0;0;0;0;0;0;0;5799;1218;1;0;0;0;0;0;1,78333;0
GLO;GOL LINHAS AÉREAS S.A. (EX- VRG LINHAS AÉREAS S.A.);BRASILEIRA;2026;1;SBGL;RIO DE JANEIRO;RJ;SUDESTE;BRASIL;AMÉRICA DO SUL;SBSV;SALVADOR;BA;NORDESTE;BRASIL;AMÉRICA DO SUL;DOMÉSTICA;NÃO REGULAR;7777;83;18697;50;0;11015592;9472386;1176991;794623;259814;59682;49;22772946;60900;0;9044;966347;98,2;50448
GLO;GOL LINHAS AÉREAS S.A. (EX- VRG LINHAS AÉREAS S.A.);BRASILEIRA;2026;1;SBGL;RIO DE JANEIRO;RJ;SUDESTE;BRASIL;AMÉRICA DO SUL;SBSV;SALVADOR;BA;NORDESTE;BRASIL;AMÉRICA DO SUL;DOMÉSTICA;REGULAR;33075;350;51779;30;0;45960012;40285350;4905585;3394363;1068651;248472;204;63066822;36540;0;37734;4027641;413,05;254518
GLO;GOL LINHAS AÉREAS S.A. (EX- VRG LINHAS AÉREAS S.A.);BRASILEIRA;2026;1;SBGL;RIO DE JANEIRO;RJ;SUDESTE;BRASIL;AMÉRICA DO SUL;SBVT;VITÓRIA;ES;SUDESTE;BRASIL;AMÉRICA DO SUL;DOMÉSTICA;REGULAR;22952;307;24715;33;0;11359568;9593936;1211739;792231;350374;61446;147;10330870;13794;0;27176;2899041;157,883;149355
GLO;GOL LINHAS AÉREAS S.A. (EX- VRG LINHAS AÉREAS S.A.);BRASILEIRA;2026;1;SBGL;RIO DE JANEIRO;RJ;SUDESTE;BRASIL;AMÉRICA DO SUL;SGAS;ASUNCIÓN;;;PARAGUAI;AMÉRICA DO SUL;INTERNACIONAL;NÃO REGULAR;1939;7;0;0;0;3370224;2856147;379145;243382;85984;19149;13;0;0;0;2288;257400;33,6333;19809
GLO;GOL LINHAS AÉREAS S.A. (EX- VRG LINHAS AÉREAS S.A.);BRASILEIRA;2026;1;SBGL;RIO DE JANEIRO;RJ;SUDESTE;BRASIL;AMÉRICA DO SUL;SUMU;MONTEVIDEO, MONTEVIDEO;;;URUGUAI;AMÉRICA DO SUL;INTERNACIONAL;REGULAR;2579;22;0;0;0;5670816;4704096;650070;385740;146299;32832;18;0;0;0;3109;356400;53,85;18060
GLO;GOL LINHAS AÉREAS S.A. (EX- VRG LINHAS AÉREAS S.A.);BRASILEIRA;2026;1;SBGO;GOIÂNIA;GO;CENTRO-OESTE;BRASIL;AMÉRICA DO SUL;SBBR;BRASÍLIA;DF;CENTRO-OESTE;BRASIL;AMÉRICA DO SUL;DOMÉSTICA;IMPRODUTIVO;0;0;0;0;0;0;0;0;0;1582;163;1;0;0;0;0;0;0,783333;0
GLO;GOL LINHAS AÉREAS S.A. (EX- VRG LINHAS AÉREAS S.A.);BRASILEIRA;2026;1;SBGO;GOIÂNIA;GO;CENTRO-OESTE;BRASIL;AMÉRICA DO SUL;SBBR;BRASÍLIA;DF;CENTRO-OESTE;BRASIL;AMÉRICA DO SUL;DOMÉSTICA;REGULAR;4007;205;4786;0;0;968383;706442;103264;59955;45410;5216;32;827062;0;0;5941;633600;22,5167;35376
GLO;GOL LINHAS AÉREAS S.A. (EX- VRG LINHAS AÉREAS S.A.);BRASILEIRA;2026;1;SBGO;GOIÂNIA;GO;CENTRO-OESTE;BRASIL;AMÉRICA DO SUL;SBCF;CONFINS;MG;SUDESTE;BRASIL;AMÉRICA DO SUL;DOMÉSTICA;REGULAR;0;0;0;0;0;120342;115813;12810;9614;7511;647;1;168220;647;0;186;19800;2,48333;0
GLO;GOL LINHAS AÉREAS S.A. (EX- VRG LINHAS AÉREAS S.A.);BRASILEIRA;2026;1;SBGO;GOIÂNIA;GO;CENTRO-OESTE;BRASIL;AMÉRICA DO SUL;SBGL;RIO DE JANEIRO;RJ;SUDESTE;BRASIL;AMÉRICA DO SUL;DOMÉSTICA;REGULAR;7056;102;10739;41;0;8720416;6547968;933498;549963;206608;47328;51;9965792;38048;0;9397;1005947;84,1333;52719
GLO;GOL LINHAS AÉREAS S.A. (EX- VRG LINHAS AÉREAS S.A.);BRASILEIRA;2026;1;SBGO;GOIÂNIA;GO;CENTRO-OESTE;BRASIL;AMÉRICA DO SUL;SBGR;GUARULHOS;SP;SUDESTE;BRASIL;AMÉRICA DO SUL;DOMÉSTICA;REGULAR;13762;290;179026;31;0;13718213;11133458;1856037;1087612;502539;91417;113;144832034;25079;0;16957;2294273;200,8;133285
GLO;GOL LINHAS AÉREAS S.A. (EX- VRG LINHAS AÉREAS S.A.);BRASILEIRA;2026;1;SBGO;GOIÂNIA;GO;CENTRO-OESTE;BRASIL;AMÉRICA DO SUL;SBSP;SÃO PAULO;SP;SUDESTE;BRASIL;AMÉRICA DO SUL;DOMÉSTICA;REGULAR;19971;437;49161;138;0;19971312;16269024;2160881;1348358;568837;114258;139;40196622;112614;0;24296;2628904;227,667;108297
GLO;GOL LINHAS AÉREAS S.A. (EX- VRG LINHAS AÉREAS S.A.);BRASILEIRA;2026;1;SBGO;GOIÂNIA;GO;CENTRO-OESTE;BRASIL;AMÉRICA DO SUL;SBSV;SALVADOR;BA;NORDESTE;BRASIL;AMÉRICA DO SUL;DOMÉSTICA;REGULAR;5098;45;4590;0;0;7147710;6331716;762321;531476;154784;38502;31;5700780;0;0;5755;613800;61,0833;40991
GLO;GOL LINHAS AÉREAS S.A. (EX- VRG LINHAS AÉREAS S.A.);BRASILEIRA;2026;1;SBGR;GUARULHOS;SP;SUDESTE;BRASIL;AMÉRICA DO SUL;MDPC;PUNTA CANA;;;REPÚBLICA DOMINICANA;AMÉRICA CENTRAL;INTERNACIONAL;NÃO REGULAR;37;0;0;0;0;922240;193880;103752;18827;16860;5240;1;0;0;0;176;19800;7,08333;818
GLO;GOL LINHAS AÉREAS S.A. (EX- VRG LINHAS AÉREAS S.A.);BRASILEIRA;2026;1;SBGR;GUARULHOS;SP;SUDESTE;BRASIL;AMÉRICA DO SUL;MDPC;PUNTA CANA;;;REPÚBLICA DOMINICANA;AMÉRICA CENTRAL;INTERNACIONAL;REGULAR;3119;36;190;0;0;19042160;16343560;2178792;1408287;408260;110040;21;995600;0;0;3634;415800;149,1;34644
GLO;GOL LINHAS AÉREAS S.A. (EX- VRG LINHAS AÉREAS S.A.);BRASILEIRA;2026;1;SBGR;GUARULHOS;SP;SUDESTE;BRASIL;AMÉRICA DO SUL;SAAR;ROSARIO, SANTA FE PROVINCE;;;ARGENTINA;AMÉRICA DO SUL;INTERNACIONAL;REGULAR;1914;8;262;0;0;4930816;3351414;554704;276361;120996;28016;16;458762;0;0;2816;316800;45,95;14023
GLO;GOL LINHAS AÉREAS S.A. (EX- VRG LINHAS AÉREAS S.A.);BRASILEIRA;2026;1;SBGR;GUARULHOS;SP;SUDESTE;BRASIL;AMÉRICA DO SUL;SABE;BUENOS AIRES;;;ARGENTINA;AMÉRICA DO SUL;INTERNACIONAL;REGULAR;14411;192;2364;0;0;30351398;23859990;3421182;2000540;727674;172788;102;4004616;0;0;17917;2019600;293,133;122249
GLO;GOL LINHAS AÉREAS S.A. (EX- VRG LINHAS AÉREAS S.A.);BRASILEIRA;2026;1;SBGR;GUARULHOS;SP;SUDESTE;BRASIL;AMÉRICA DO SUL;SACO;CÓRDOBA, CÓRDOBA PROVINCE;;;ARGENTINA;AMÉRICA DO SUL;INTERNACIONAL;REGULAR;1835;5;1734;0;0;4437534;3585590;502957;301410;113981;25402;13;3388236;0;0;2271;257400;41,0167;14897
GLO;GOL LINHAS AÉREAS S.A. (EX- VRG LINHAS AÉREAS S.A.);BRASILEIRA;2026;1;SBGR;GUARULHOS;SP;SUDESTE;BRASIL;AMÉRICA DO SUL;SAEZ;EZEIZA, BUENOS AIRES PROVINCE;;;ARGENTINA;AMÉRICA DO SUL;INTERNACIONAL;IMPRODUTIVO;0;0;0;0;0;0;0;0;0;7098;1722;1;0;0;0;0;0;2,81667;0
GLO;GOL LINHAS AÉREAS S.A. (EX- VRG LINHAS AÉREAS S.A.);BRASILEIRA;2026;1;SBGR;GUARULHOS;SP;SUDESTE;BRASIL;AMÉRICA DO SUL;SAME;MENDOZA, MENDOZA PROVINCE;;;ARGENTINA;AMÉRICA DO SUL;INTERNACIONAL;REGULAR;2374;20;97;0;0;7360392;5740332;861768;489239;190859;43524;18;234546;0;0;3044;356400;68,4833;24189
GLO;GOL LINHAS AÉREAS S.A. (EX- VRG LINHAS AÉREAS S.A.);BRASILEIRA;2026;1;SBGR;GUARULHOS;SP;SUDESTE;BRASIL;AMÉRICA DO SUL;SBAR;ARACAJU;SE;NORDESTE;BRASIL;AMÉRICA DO SUL;DOMÉSTICA;NÃO REGULAR;785;5;1027;0;0;1268520;1070740;135036;89618;27860;6820;4;1060510;0;0;744;79200;10,0333;5950
GLO;GOL LINHAS AÉREAS S.A. (EX- VRG LINHAS AÉREAS S.A.);BRASILEIRA;2026;1;SBGR;GUARULHOS;SP;SUDESTE;BRASIL;AMÉRICA DO SUL;SBAR;ARACAJU;SE;NORDESTE;BRASIL;AMÉRICA DO SUL;DOMÉSTICA;REGULAR;9626;135;44271;165;0;19878595;16412330;2159893;1465986;454542;109120;64;96724651;281325;0;11659;1266800;166,5;81156
GLO;GOL LINHAS AÉREAS S.A. (EX- VRG LINHAS AÉREAS S.A.);BRASILEIRA;2026;1;SBGR;GUARULHOS;SP;SUDESTE;BRASIL;AMÉRICA DO SUL;SBBE;BELÉM;PA;NORTE;BRASIL;AMÉRICA DO SUL;DOMÉSTICA;NÃO REGULAR;2549;25;81564;50;0;7294404;6273089;1006322;733639;195848;49220;20;200729002;123050;0;2964;408914;71,7833;25370
GLO;GOL LINHAS AÉREAS S.A. (EX- VRG LINHAS AÉREAS S.A.);BRASILEIRA;2026;1;SBGR;GUARULHOS;SP;SUDESTE;BRASIL;AMÉRICA DO SUL;SBBE;BELÉM;PA;NORTE;BRASIL;AMÉRICA DO SUL;DOMÉSTICA;REGULAR;4748;120;298199;231;0;14074459;11684828;2482760;1859419;496699;118128;48;870487686;937641;0;5719;1008857;169,233;45751
GLO;GOL LINHAS AÉREAS S.A. (EX- VRG LINHAS AÉREAS S.A.);BRASILEIRA;2026;1;SBGR;GUARULHOS;SP;SUDESTE;BRASIL;AMÉRICA DO SUL;SBBR;BRASÍLIA;DF;CENTRO-OESTE;BRASIL;AMÉRICA DO SUL;DOMÉSTICA;IMPRODUTIVO;0;0;0;0;0;0;0;0;0;3352;855;1;0;0;0;0;0;1,81667;0
GLO;GOL LINHAS AÉREAS S.A. (EX- VRG LINHAS AÉREAS S.A.);BRASILEIRA;2026;1;SBGR;GUARULHOS;SP;SUDESTE;BRASIL;AMÉRICA DO SUL;SBBR;BRASÍLIA;DF;CENTRO-OESTE;BRASIL;AMÉRICA DO SUL;DOMÉSTICA;REGULAR;22403;951;568993;1990;0;24240105;19020330;3054422;2076997;758518;151335;177;469912274;1701450;0;28351;3572438;299,65;212135
GLO;GOL LINHAS AÉREAS S.A. (EX- VRG LINHAS AÉREAS S.A.);BRASILEIRA;2026;1;SBGR;GUARULHOS;SP;SUDESTE;BRASIL;AMÉRICA DO SUL;SBCA;CASCAVEL;PR;SUL;BRASIL;AMÉRICA DO SUL;DOMÉSTICA;REGULAR;3346;62;14047;290;0;3003528;2455964;319726;213510;87739;16148;22;10310498;212860;0;4092;435600;34,55;25904
GLO;GOL LINHAS AÉREAS S.A. (EX- VRG LINHAS AÉREAS S.A.);BRASILEIRA;2026;1;SBGR;GUARULHOS;SP;SUDESTE;BRASIL;AMÉRICA DO SUL;SBCF;CONFINS;MG;SUDESTE;BRASIL;AMÉRICA DO SUL;DOMÉSTICA;IMPRODUTIVO;0;0;0;0;0;0;0;0;0;3152;496;1;0;0;0;0;0;1,31667;0
GLO;GOL LINHAS AÉREAS S.A. (EX- VRG LINHAS AÉREAS S.A.);BRASILEIRA;2026;1;SBGR;GUARULHOS;SP;SUDESTE;BRASIL;AMÉRICA DO SUL;SBCF;CONFINS;MG;SUDESTE;BRASIL;AMÉRICA DO SUL;DOMÉSTICA;NÃO REGULAR;61;0;0;0;0;184512;108128;19640;8860;6145;992;2;200880;0;0;372;39600;2,58333;0
GLO;GOL LINHAS AÉREAS S.A. (EX- VRG LINHAS AÉREAS S.A.);BRASILEIRA;2026;1;SBGR;GUARULHOS;SP;SUDESTE;BRASIL;AMÉRICA DO SUL;SBCF;CONFINS;MG;SUDESTE;BRASIL;AMÉRICA DO SUL;DOMÉSTICA;REGULAR;15681;554;54089;10482;0;9669520;7773312;1044225;715179;302468;53072;107;35619744;5183696;0;19495;2105463;129,567;195427
GLO;GOL LINHAS AÉREAS S.A. (EX- VRG LINHAS AÉREAS S.A.);BRASILEIRA;2026;1;SBGR;GUARULHOS;SP;SUDESTE;BRASIL;AMÉRICA DO SUL;SBCG;CAMPO GRANDE;MS;CENTRO-OESTE;BRASIL;AMÉRICA DO SUL;DOMÉSTICA;REGULAR;12251;226;41676;1084;0;12463994;11111657;1328892;965737;349046;67118;74;37800132;983188;0;13742;1465200;132,55;104299
GLO;GOL LINHAS AÉREAS S.A. (EX- VRG LINHAS AÉREAS S.A.);BRASILEIRA;2026;1;SBGR;GUARULHOS;SP;SUDESTE;BRASIL;AMÉRICA DO SUL;SBCH;CHAPECÓ;SC;SUL;BRASIL;AMÉRICA DO SUL;DOMÉSTICA;REGULAR;3638;58;4706;102;0;3885168;2713948;413560;227626;116080;20888;28;3510676;76092;0;5208;554400;43,8;27591
GLO;GOL LINHAS AÉREAS S.A. (EX- VRG LINHAS AÉREAS S.A.);BRASILEIRA;2026;1;SBGR;GUARULHOS;SP;SUDESTE;BRASIL;AMÉRICA DO SUL;SBCT;SÃO JOSÉ DOS PINHAIS;PR;SUL;BRASIL;AMÉRICA DO SUL;DOMÉSTICA;REGULAR;16940;764;18250;813;0;7419094;6081460;791944;540782;262027;40208;112;6551750;291867;0;20666;2206041;118,233;217762
GLO;GOL LINHAS AÉREAS S.A. (EX- VRG LINHAS AÉREAS S.A.);BRASILEIRA;2026;1;SBGR;GUARULHOS;SP;SUDESTE;BRASIL;AMÉRICA DO SUL;SBCY;VÁRZEA GRANDE;MT;CENTRO-OESTE;BRASIL;AMÉRICA DO SUL;DOMÉSTICA;NÃO REGULAR;4912;66;19175;25;0;7095550;6532960;758561;575035;177494;38570;29;25502750;33250;0;5335;570347;63,2833;44792
GLO;GOL LINHAS AÉREAS S.A. (EX- VRG LINHAS AÉREAS S.A.);BRASILEIRA;2026;1;SBGR;GUARULHOS;SP;SUDESTE;BRASIL;AMÉRICA DO SUL;SBCY;VÁRZEA GRANDE;MT;CENTRO-OESTE;BRASIL;AMÉRICA DO SUL;DOMÉSTICA;REGULAR;7287;117;448725;243;0;10884720;9929780;1922641;1433844;447897;91770;69;596808240;323190;0;8184;1445607;154,267;67247
GLO;GOL LINHAS AÉREAS S.A. (EX- VRG LINHAS AÉREAS S.A.);BRASILEIRA;2026;1;SBGR;GUARULHOS;SP;SUDESTE;BRASIL;AMÉRICA DO SUL;SBEG;MANAUS;AM;NORTE;BRASIL;AMÉRICA DO SUL;DOMÉSTICA;NÃO REGULAR;2253;41;17126;20;0;6969048;6076341;747600;575138;144254;37758;14;46188822;53940;0;2584;277200;52,8667;27153
GLO;GOL LINHAS AÉREAS S.A. (EX- VRG LINHAS AÉREAS S.A.);BRASILEIRA;2026;1;SBGR;GUARULHOS;SP;SUDESTE;BRASIL;AMÉRICA DO SUL;SBEG;MANAUS;AM;NORTE;BRASIL;AMÉRICA DO SUL;DOMÉSTICA;REGULAR;9905;288;544459;892;0;30915711;26713785;4556937;3583086;906029;221154;82;1265486335;2001174;0;11463;1689651;310,75;116465
GLO;GOL LINHAS AÉREAS S.A. (EX- VRG LINHAS AÉREAS S.A.);BRASILEIRA;2026;1;SBGR;GUARULHOS;SP;SUDESTE;BRASIL;AMÉRICA DO SUL;SBFI;FOZ DO IGUAÇU;PR;SUL;BRASIL;AMÉRICA DO SUL;DOMÉSTICA;NÃO REGULAR;93;1;0;0;0;157170;78585;16731;6282;4439;845;1;0;0;0;186;19800;1,71667;460
GLO;GOL LINHAS AÉREAS S.A. (EX- VRG LINHAS AÉREAS S.A.);BRASILEIRA;2026;1;SBGR;GUARULHOS;SP;SUDESTE;BRASIL;AMÉRICA DO SUL;SBFI;FOZ DO IGUAÇU;PR;SUL;BRASIL;AMÉRICA DO SUL;DOMÉSTICA;REGULAR;13175;581;6413;237;0;13812370;11246105;1472328;938952;413390;74360;88;5485740;200265;0;16346;1742400;147,933;105321
GLO;GOL LINHAS AÉREAS S.A. (EX- VRG LINHAS AÉREAS S.A.);BRASILEIRA;2026;1;SBGR;GUARULHOS;SP;SUDESTE;BRASIL;AMÉRICA DO SUL;SBFL;FLORIANÓPOLIS;SC;SUL;BRASIL;AMÉRICA DO SUL;DOMÉSTICA;NÃO REGULAR;499;17;0;0;0;383160;256985;40788;20725;10702;2060;4;0;0;0;744;79200;4,7;2821
GLO;GOL LINHAS AÉREAS S.A. (EX- VRG LINHAS AÉREAS S.A.);BRASILEIRA;2026;1;SBGR;GUARULHOS;SP;SUDESTE;BRASIL;AMÉRICA DO SUL;SBFL;FLORIANÓPOLIS;SC;SUL;BRASIL;AMÉRICA DO SUL;DOMÉSTICA;REGULAR;15700;566;12909;607;0;10908730;8085500;1162458;685648;314566;58710;114;6648135;312605;0;21182;2257200;143,167;141046
GLO;GOL LINHAS AÉREAS S.A. (EX- VRG LINHAS AÉREAS S.A.);BRASILEIRA;2026;1;SBGR;GUARULHOS;SP;SUDESTE;BRASIL;AMÉRICA DO SUL;SBFN;FERNANDO DE NORONHA;PE;NORDESTE;BRASIL;AMÉRICA DO SUL;DOMÉSTICA;REGULAR;2481;96;4080;16;0;8376138;6572169;891650;560319;160191;45033;17;10807920;42384;0;3162;336600;62,4333;21369
GLO;GOL LINHAS AÉREAS S.A. (EX- VRG LINHAS AÉREAS S.A.);BRASILEIRA;2026;1;SBGR;GUARULHOS;SP;SUDESTE;BRASIL;AMÉRICA DO SUL;SBFZ;FORTALEZA;CE;NORDESTE;BRASIL;AMÉRICA DO SUL;DOMÉSTICA;NÃO REGULAR;3303;82;19441;96;0;9603924;7752141;1022340;689555;207695;51634;22;45628027;225312;0;4092;435600;75,6833;26643
GLO;GOL LINHAS AÉREAS S.A. (EX- VRG LINHAS AÉREAS S.A.);BRASILEIRA;2026;1;SBGR;GUARULHOS;SP;SUDESTE;BRASIL;AMÉRICA DO SUL;SBFZ;FORTALEZA;CE;NORDESTE;BRASIL;AMÉRICA DO SUL;DOMÉSTICA;REGULAR;16435;474;337085;2166;0;46709994;38572945;4972290;3454018;997944;251129;107;243322878;5083602;0;19902;2118600;356,233;135397
GLO;GOL LINHAS AÉREAS S.A. (EX- VRG LINHAS AÉREAS S.A.);BRASILEIRA;2026;1;SBGR;GUARULHOS;SP;SUDESTE;BRASIL;AMÉRICA DO SUL;SBGL;RIO DE JANEIRO;RJ;SUDESTE;BRASIL;AMÉRICA DO SUL;DOMÉSTICA;REGULAR;17972;1075;53653;2091;0;9104392;6160697;971516;535753;278871;49202;146;18638459;715114;0;27016;2883094;147,217;161018
GLO;GOL LINHAS AÉREAS S.A. (EX- VRG LINHAS AÉREAS S.A.);BRASILEIRA;2026;1;SBGR;GUARULHOS;SP;SUDESTE;BRASIL;AMÉRICA DO SUL;SBGO;GOIÂNIA;GO;CENTRO-OESTE;BRASIL;AMÉRICA DO SUL;DOMÉSTICA;NÃO REGULAR;793;29;706;0;0;743471;641537;80090;54716;17638;4045;5;571154;0;0;919;99000;7,46667;7457
GLO;GOL LINHAS AÉREAS S.A. (EX- VRG LINHAS AÉREAS S.A.);BRASILEIRA;2026;1;SBGR;GUARULHOS;SP;SUDESTE;BRASIL;AMÉRICA DO SUL;SBGO;GOIÂNIA;GO;CENTRO-OESTE;BRASIL;AMÉRICA DO SUL;DOMÉSTICA;REGULAR;13978;316;355770;350;0;13082339;11308202;1785298;1254090;426743;87372;108;287817930;283150;0;16171;2206832;170,717;146117
GLO;GOL LINHAS AÉREAS S.A. (EX- VRG LINHAS AÉREAS S.A.);BRASILEIRA;2026;1;SBGR;GUARULHOS;SP;SUDESTE;BRASIL;AMÉRICA DO SUL;SBGR;GUARULHOS;SP;SUDESTE;BRASIL;AMÉRICA DO SUL;DOMÉSTICA;IMPRODUTIVO;175;0;0;0;0;0;0;0;0;14205;0;2;0;0;0;372;39600;5,16667;2292
GLO;GOL LINHAS AÉREAS S.A. (EX- VRG LINHAS AÉREAS S.A.);BRASILEIRA;2026;1;SBGR;GUARULHOS;SP;SUDESTE;BRASIL;AMÉRICA DO SUL;SBGR;GUARULHOS;SP;SUDESTE;BRASIL;AMÉRICA DO SUL;DOMÉSTICA;REGULAR;0;0;0;0;0;;;;;;;;;;;;;;0
GLO;GOL LINHAS AÉREAS S.A. (EX- VRG LINHAS AÉREAS S.A.);BRASILEIRA;2026;1;SBGR;GUARULHOS;SP;SUDESTE;BRASIL;AMÉRICA DO SUL;SBIL;ILHÉUS;BA;NORDESTE;BRASIL;AMÉRICA DO SUL;DOMÉSTICA;NÃO REGULAR;160;4;762;0;0;229896;197760;24472;17034;6145;1236;1;941832;0;0;186;19800;2,16667;1020
GLO;GOL LINHAS AÉREAS S.A. (EX- VRG LINHAS AÉREAS S.A.);BRASILEIRA;2026;1;SBGR;GUARULHOS;SP;SUDESTE;BRASIL;AMÉRICA DO SUL;SBIL;ILHÉUS;BA;NORDESTE;BRASIL;AMÉRICA DO SUL;DOMÉSTICA;REGULAR;8563;130;15793;90;0;14253552;10583868;1517264;890578;350779;76632;62;19520148;111240;0;11532;1227600;128,917;62542
GLO;GOL LINHAS AÉREAS S.A. (EX- VRG LINHAS AÉREAS S.A.);BRASILEIRA;2026;1;SBGR;GUARULHOS;SP;SUDESTE;BRASIL;AMÉRICA DO SUL;SBJE;CRUZ;CE;NORDESTE;BRASIL;AMÉRICA DO SUL;DOMÉSTICA;NÃO REGULAR;2937;55;3176;287;0;7954848;6978312;846792;567936;167716;42768;18;7546176;681912;0;3348;356400;60,1;15583
GLO;GOL LINHAS AÉREAS S.A. (EX- VRG LINHAS AÉREAS S.A.);BRASILEIRA;2026;1;SBGR;GUARULHOS;SP;SUDESTE;BRASIL;AMÉRICA DO SUL;SBJE;CRUZ;CE;NORDESTE;BRASIL;AMÉRICA DO SUL;DOMÉSTICA;REGULAR;2173;34;1953;32;0;5745168;5163048;611572;420973;123882;30888;13;4640328;76032;0;2418;257400;43,25;12252
GLO;GOL LINHAS AÉREAS S.A. (EX- VRG LINHAS AÉREAS S.A.);BRASILEIRA;2026;1;SBGR;GUARULHOS;SP;SUDESTE;BRASIL;AMÉRICA DO SUL;SBJP;SANTA RITA;PB;NORDESTE;BRASIL;AMÉRICA DO SUL;DOMÉSTICA;NÃO REGULAR;2769;89;6211;1;0;6924780;6064110;737154;515691;140032;37230;17;13602090;2190;0;3162;336600;54,35;21593
GLO;GOL LINHAS AÉREAS S.A. (EX- VRG LINHAS AÉREAS S.A.);BRASILEIRA;2026;1;SBGR;GUARULHOS;SP;SUDESTE;BRASIL;AMÉRICA DO SUL;SBJP;SANTA RITA;PB;NORDESTE;BRASIL;AMÉRICA DO SUL;DOMÉSTICA;REGULAR;10644;269;384495;349;0;26884440;23310360;3924724;2803206;746047;190530;87;853626968;764310;0;12276;1792114;277,317;91939
GLO;GOL LINHAS AÉREAS S.A. (EX- VRG LINHAS AÉREAS S.A.);BRASILEIRA;2026;1;SBGR;GUARULHOS;SP;SUDESTE;BRASIL;AMÉRICA DO SUL;SBJU;JUAZEIRO DO NORTE;CE;NORDESTE;BRASIL;AMÉRICA DO SUL;DOMÉSTICA;NÃO REGULAR;2933;27;6397;24;0;6562080;5748680;698544;496666;138824;35280;18;12538120;47040;0;3348;356400;51,6167;27034
GLO;GOL LINHAS AÉREAS S.A. (EX- VRG LINHAS AÉREAS S.A.);BRASILEIRA;2026;1;SBGR;GUARULHOS;SP;SUDESTE;BRASIL;AMÉRICA DO SUL;SBJU;JUAZEIRO DO NORTE;CE;NORDESTE;BRASIL;AMÉRICA DO SUL;DOMÉSTICA;REGULAR;6340;114;33419;313;0;14582400;12426400;1552320;1114720;310693;78400;40;65501240;613480;0;7440;792000;114,567;59826
GLO;GOL LINHAS AÉREAS S.A. (EX- VRG LINHAS AÉREAS S.A.);BRASILEIRA;2026;1;SBGR;GUARULHOS;SP;SUDESTE;BRASIL;AMÉRICA DO SUL;SBMG;MARINGÁ;PR;SUL;BRASIL;AMÉRICA DO SUL;DOMÉSTICA;NÃO REGULAR;20;2;0;0;0;105090;11300;11187;919;3160;565;1;0;0;0;186;19800;1,28333;128
GLO;GOL LINHAS AÉREAS S.A. (EX- VRG LINHAS AÉREAS S.A.);BRASILEIRA;2026;1;SBGR;GUARULHOS;SP;SUDESTE;BRASIL;AMÉRICA DO SUL;SBMG;MARINGÁ;PR;SUL;BRASIL;AMÉRICA DO SUL;DOMÉSTICA;REGULAR;4421;160;5028;229;0;3203550;2497865;342443;214893;98477;17515;31;2840820;129385;0;5670;606094;40,7167;43767
GLO;GOL LINHAS AÉREAS S.A. (EX- VRG LINHAS AÉREAS S.A.);BRASILEIRA;2026;1;SBGR;GUARULHOS;SP;SUDESTE;BRASIL;AMÉRICA DO SUL;SBMO;RIO LARGO;AL;NORDESTE;BRASIL;AMÉRICA DO SUL;DOMÉSTICA;NÃO REGULAR;2637;37;859;0;0;6428160;5063040;684288;415956;136303;34560;18;1649280;0;0;3348;356400;51,6167;18014
GLO;GOL LINHAS AÉREAS S.A. (EX- VRG LINHAS AÉREAS S.A.);BRASILEIRA;2026;1;SBGR;GUARULHOS;SP;SUDESTE;BRASIL;AMÉRICA DO SUL;SBMO;RIO LARGO;AL;NORDESTE;BRASIL;AMÉRICA DO SUL;DOMÉSTICA;REGULAR;16176;326;463159;630;0;37384320;31057920;4905168;3460109;997238;241920;126;899189760;1209600;0;19471;2554780;357,983;120644
GLO;GOL LINHAS AÉREAS S.A. (EX- VRG LINHAS AÉREAS S.A.);BRASILEIRA;2026;1;SBGR;GUARULHOS;SP;SUDESTE;BRASIL;AMÉRICA DO SUL;SBNF;NAVEGANTES;SC;SUL;BRASIL;AMÉRICA DO SUL;DOMÉSTICA;REGULAR;9878;180;10587;104;0;5244813;4356198;558784;369039;156621;28224;64;4668867;45864;0;11893;1267200;75,0167;85461
GLO;GOL LINHAS AÉREAS S.A. (EX- VRG LINHAS AÉREAS S.A.);BRASILEIRA;2026;1;SBGR;GUARULHOS;SP;SUDESTE;BRASIL;AMÉRICA DO SUL;SBPA;PORTO ALEGRE;RS;SUL;BRASIL;AMÉRICA DO SUL;DOMÉSTICA;NÃO REGULAR;1420;65;3579;300;0;1923386;1229720;205752;105937;47669;10392;12;3099414;259800;0;2221;237600;20,6167;12258
GLO;GOL LINHAS AÉREAS S.A. (EX- VRG LINHAS AÉREAS S.A.);BRASILEIRA;2026;1;SBGR;GUARULHOS;SP;SUDESTE;BRASIL;AMÉRICA DO SUL;SBPA;PORTO ALEGRE;RS;SUL;BRASIL;AMÉRICA DO SUL;DOMÉSTICA;REGULAR;14553;596;390383;606;0;17506190;12602898;2287045;1404860;546401;112580;130;338071678;524796;0;20215;2641045;216,467;140451
GLO;GOL LINHAS AÉREAS S.A. (EX- VRG LINHAS AÉREAS S.A.);BRASILEIRA;2026;1;SBGR;GUARULHOS;SP;SUDESTE;BRASIL;AMÉRICA DO SUL;SBPF;PASSO FUNDO;RS;SUL;BRASIL;AMÉRICA DO SUL;DOMÉSTICA;REGULAR;1582;32;3324;25;0;2064972;1254526;219814;106629;59721;11102;14;2635932;19825;0;2604;277200;21,8833;12498
GLO;GOL LINHAS AÉREAS S.A. (EX- VRG LINHAS AÉREAS S.A.);BRASILEIRA;2026;1;SBGR;GUARULHOS;SP;SUDESTE;BRASIL;AMÉRICA DO SUL;SBPJ;PALMAS;TO;NORTE;BRASIL;AMÉRICA DO SUL;DOMÉSTICA;NÃO REGULAR;734;5;728;0;0;1371750;1082650;146025;91163;31390;7375;5;1073800;0;0;930;99000;11,5833;6029
GLO;GOL LINHAS AÉREAS S.A. (EX- VRG LINHAS AÉREAS S.A.);BRASILEIRA;2026;1;SBGR;GUARULHOS;SP;SUDESTE;BRASIL;AMÉRICA DO SUL;SBPL;PETROLINA;PE;NORDESTE;BRASIL;AMÉRICA DO SUL;DOMÉSTICA;NÃO REGULAR;1266;11;1078;1;0;2508768;2134476;267056;176797;54422;13488;8;1817508;1686;0;1488;158400;19,7;8836
GLO;GOL LINHAS AÉREAS S.A. (EX- VRG LINHAS AÉREAS S.A.);BRASILEIRA;2026;1;SBGR;GUARULHOS;SP;SUDESTE;BRASIL;AMÉRICA DO SUL;SBPL;PETROLINA;PE;NORDESTE;BRASIL;AMÉRICA DO SUL;DOMÉSTICA;REGULAR;4970;85;29426;457;0;9721476;8379420;1034842;751226;222812;52266;31;49612236;770502;0;5766;613800;77,5167;43400
GLO;GOL LINHAS AÉREAS S.A. (EX- VRG LINHAS AÉREAS S.A.);BRASILEIRA;2026;1;SBGR;GUARULHOS;SP;SUDESTE;BRASIL;AMÉRICA DO SUL;SBPS;PORTO SEGURO;BA;NORDESTE;BRASIL;AMÉRICA DO SUL;DOMÉSTICA;NÃO REGULAR;341;4;0;0;0;407712;373736;43400;30405;8865;2192;2;0;0;0;372;39600;3,68333;2167
GLO;GOL LINHAS AÉREAS S.A. (EX- VRG LINHAS AÉREAS S.A.);BRASILEIRA;2026;1;SBGR;GUARULHOS;SP;SUDESTE;BRASIL;AMÉRICA DO SUL;SBPS;PORTO SEGURO;BA;NORDESTE;BRASIL;AMÉRICA DO SUL;DOMÉSTICA;REGULAR;11450;131;7499;577;0;15277144;12549200;1627500;1022063;375929;82200;75;8218904;632392;0;13939;1485000;139,833;66327
GLO;GOL LINHAS AÉREAS S.A. (EX- VRG LINHAS AÉREAS S.A.);BRASILEIRA;2026;1;SBGR;GUARULHOS;SP;SUDESTE;BRASIL;AMÉRICA DO SUL;SBPV;PORTO VELHO;RO;NORTE;BRASIL;AMÉRICA DO SUL;DOMÉSTICA;REGULAR;0;0;0;0;0;0;0;57401;48799;15506;2474;1;48799648;0;0;0;23202;4,91667;0
GLO;GOL LINHAS AÉREAS S.A. (EX- VRG LINHAS AÉREAS S.A.);BRASILEIRA;2026;1;SBGR;GUARULHOS;SP;SUDESTE;BRASIL;AMÉRICA DO SUL;SBRF;RECIFE;PE;NORDESTE;BRASIL;AMÉRICA DO SUL;DOMÉSTICA;NÃO REGULAR;5710;83;18137;126;0;14435971;11996710;1539163;1024138;305109;77737;37;38105837;264726;0;6871;732600;111,25;41076
GLO;GOL LINHAS AÉREAS S.A. (EX- VRG LINHAS AÉREAS S.A.);BRASILEIRA;2026;1;SBGR;GUARULHOS;SP;SUDESTE;BRASIL;AMÉRICA DO SUL;SBRF;RECIFE;PE;NORDESTE;BRASIL;AMÉRICA DO SUL;DOMÉSTICA;REGULAR;17807;378;497806;1623;0;42940238;37412507;5587143;4041576;1077844;275231;131;948536373;3393115;0;20438;2659326;402,733;136679
GLO;GOL LINHAS AÉREAS S.A. (EX- VRG LINHAS AÉREAS S.A.);BRASILEIRA;2026;1;SBGR;GUARULHOS;SP;SUDESTE;BRASIL;AMÉRICA DO SUL;SBRP;RIBEIRÃO PRETO;SP;SUDESTE;BRASIL;AMÉRICA DO SUL;DOMÉSTICA;REGULAR;0;0;0;0;0;53754;45373;5722;3650;5155;289;1;2601;0;0;186;19800;2,15;0
GLO;GOL LINHAS AÉREAS S.A. (EX- VRG LINHAS AÉREAS S.A.);BRASILEIRA;2026;1;SBGR;GUARULHOS;SP;SUDESTE;BRASIL;AMÉRICA DO SUL;SBSG;SÃO GONÇALO DO AMARANTE;RN;NORDESTE;BRASIL;AMÉRICA DO SUL;DOMÉSTICA;NÃO REGULAR;164;2;0;0;0;427056;376544;45460;30982;7784;2296;1;0;0;0;186;19800;3,33333;1194
GLO;GOL LINHAS AÉREAS S.A. (EX- VRG LINHAS AÉREAS S.A.);BRASILEIRA;2026;1;SBGR;GUARULHOS;SP;SUDESTE;BRASIL;AMÉRICA DO SUL;SBSG;SÃO GONÇALO DO AMARANTE;RN;NORDESTE;BRASIL;AMÉRICA DO SUL;DOMÉSTICA;REGULAR;15858;381;67509;322;0;46498592;36067864;4955140;3141695;972262;250264;109;155000664;739312;0;20252;2158200;357,817;123642
GLO;GOL LINHAS AÉREAS S.A. (EX- VRG LINHAS AÉREAS S.A.);BRASILEIRA;2026;1;SBGR;GUARULHOS;SP;SUDESTE;BRASIL;AMÉRICA DO SUL;SBSI;SINOP;MT;CENTRO-OESTE;BRASIL;AMÉRICA DO SUL;DOMÉSTICA;REGULAR;5168;98;22500;343;0;8955900;8007345;953370;720040;226595;48150;30;36107685;550515;0;5580;594000;73,4333;54138
GLO;GOL LINHAS AÉREAS S.A. (EX- VRG LINHAS AÉREAS S.A.);BRASILEIRA;2026;1;SBGR;GUARULHOS;SP;SUDESTE;BRASIL;AMÉRICA DO SUL;SBSL;SÃO LUÍS;MA;NORDESTE;BRASIL;AMÉRICA DO SUL;DOMÉSTICA;REGULAR;2418;63;199415;237;0;6773886;5636358;738448;527970;151802;37296;16;49410207;233100;0;2906;316800;54,0167;23955
GLO;GOL LINHAS AÉREAS S.A. (EX- VRG LINHAS AÉREAS S.A.);BRASILEIRA;2026;1;SBGR;GUARULHOS;SP;SUDESTE;BRASIL;AMÉRICA DO SUL;SBSP;SÃO PAULO;SP;SUDESTE;BRASIL;AMÉRICA DO SUL;DOMÉSTICA;IMPRODUTIVO;0;0;0;0;0;0;0;0;0;6966;196;7;0;0;0;0;0;5,25;0
GLO;GOL LINHAS AÉREAS S.A. (EX- VRG LINHAS AÉREAS S.A.);BRASILEIRA;2026;1;SBGR;GUARULHOS;SP;SUDESTE;BRASIL;AMÉRICA DO SUL;SBSV;SALVADOR;BA;NORDESTE;BRASIL;AMÉRICA DO SUL;DOMÉSTICA;NÃO REGULAR;6330;71;27236;115;0;10993092;9191160;1173115;790904;237621;59532;41;39546672;166980;0;7571;807947;94,8333;42727
GLO;GOL LINHAS AÉREAS S.A. (EX- VRG LINHAS AÉREAS S.A.);BRASILEIRA;2026;1;SBGR;GUARULHOS;SP;SUDESTE;BRASIL;AMÉRICA DO SUL;SBSV;SALVADOR;BA;NORDESTE;BRASIL;AMÉRICA DO SUL;DOMÉSTICA;REGULAR;23591;401;618005;1482;0;41575116;34254132;5944435;4050548;1202404;288948;199;1218165564;2151864;0;28633;4094039;454,633;181418
GLO;GOL LINHAS AÉREAS S.A. (EX- VRG LINHAS AÉREAS S.A.);BRASILEIRA;2026;1;SBGR;GUARULHOS;SP;SUDESTE;BRASIL;AMÉRICA DO SUL;SBTE;TERESINA;PI;NORDESTE;BRASIL;AMÉRICA DO SUL;DOMÉSTICA;NÃO REGULAR;108;4;607;0;0;386880;224640;41184;20571;7608;2080;1;1262560;0;0;186;19800;3,13333;1183
GLO;GOL LINHAS AÉREAS S.A. (EX- VRG LINHAS AÉREAS S.A.);BRASILEIRA;2026;1;SBGR;GUARULHOS;SP;SUDESTE;BRASIL;AMÉRICA DO SUL;SBTE;TERESINA;PI;NORDESTE;BRASIL;AMÉRICA DO SUL;DOMÉSTICA;REGULAR;4791;90;236137;212;0;11583520;9965280;2187984;1676274;457005;104000;50;840105760;725920;0;5569;1051918;153,55;42689
GLO;GOL LINHAS AÉREAS S.A. (EX- VRG LINHAS AÉREAS S.A.);BRASILEIRA;2026;1;SBGR;GUARULHOS;SP;SUDESTE;BRASIL;AMÉRICA DO SUL;SBVC;VITÓRIA DA CONQUISTA;BA;NORDESTE;BRASIL;AMÉRICA DO SUL;DOMÉSTICA;NÃO REGULAR;1525;21;285;0;0;1850919;1697325;198333;136638;45662;10017;9;317205;0;0;1663;178200;16,4667;8110
GLO;GOL LINHAS AÉREAS S.A. (EX- VRG LINHAS AÉREAS S.A.);BRASILEIRA;2026;1;SBGR;GUARULHOS;SP;SUDESTE;BRASIL;AMÉRICA DO SUL;SBVC;VITÓRIA DA CONQUISTA;BA;NORDESTE;BRASIL;AMÉRICA DO SUL;DOMÉSTICA;REGULAR;5560;118;18700;464;0;7038612;6188280;749258;527149;182062;37842;34;20813100;516432;0;6324;673200;63,5333;37945
GLO;GOL LINHAS AÉREAS S.A. (EX- VRG LINHAS AÉREAS S.A.);BRASILEIRA;2026;1;SBGR;GUARULHOS;SP;SUDESTE;BRASIL;AMÉRICA DO SUL;SBVT;VITÓRIA;ES;SUDESTE;BRASIL;AMÉRICA DO SUL;DOMÉSTICA;IMPRODUTIVO;0;0;0;0;0;0;0;0;0;3004;730;1;0;0;0;0;0;1,35;0
GLO;GOL LINHAS AÉREAS S.A. (EX- VRG LINHAS AÉREAS S.A.);BRASILEIRA;2026;1;SBGR;GUARULHOS;SP;SUDESTE;BRASIL;AMÉRICA DO SUL;SBVT;VITÓRIA;ES;SUDESTE;BRASIL;AMÉRICA DO SUL;DOMÉSTICA;NÃO REGULAR;458;6;264;0;0;543120;334340;57816;27912;13836;2920;4;192720;0;0;744;79200;5,55;3623
GLO;GOL LINHAS AÉREAS S.A. (EX- VRG LINHAS AÉREAS S.A.);BRASILEIRA;2026;1;SBGR;GUARULHOS;SP;SUDESTE;BRASIL;AMÉRICA DO SUL;SBVT;VITÓRIA;ES;SUDESTE;BRASIL;AMÉRICA DO SUL;DOMÉSTICA;REGULAR;13392;208;358151;414;0;12296850;9776160;1736575;1128219;405149;84680;116;295276240;308060;0;16845;2378892;169,867;136693
GLO;GOL LINHAS AÉREAS S.A. (EX- VRG LINHAS AÉREAS S.A.);BRASILEIRA;2026;1;SBGR;GUARULHOS;SP;SUDESTE;BRASIL;AMÉRICA DO SUL;SGAS;ASUNCIÓN;;;PARAGUAI;AMÉRICA DO SUL;INTERNACIONAL;REGULAR;4421;30;11158;0;0;5935140;5026677;675360;445655;164951;34110;30;12686646;0;0;5220;594000;63,6667;49235
GLO;GOL LINHAS AÉREAS S.A. (EX- VRG LINHAS AÉREAS S.A.);BRASILEIRA;2026;1;SBGR;GUARULHOS;SP;SUDESTE;BRASIL;AMÉRICA DO SUL;SLVR;SANTA CRUZ;;;BOLÍVIA;AMÉRICA DO SUL;INTERNACIONAL;REGULAR;4175;32;5626;0;0;8359329;7719575;951860;693196;206474;48074;26;10402474;0;0;4521;514800;75,8333;56159
GLO;GOL LINHAS AÉREAS S.A. (EX- VRG LINHAS AÉREAS S.A.);BRASILEIRA;2026;1;SBGR;GUARULHOS;SP;SUDESTE;BRASIL;AMÉRICA DO SUL;SULS;MALDONADO/PUNTA DEL ESTE, MALDONADO;;;URUGUAI;AMÉRICA DO SUL;INTERNACIONAL;REGULAR;585;7;0;0;0;2375716;1383809;270684;115351;52665;13671;9;0;0;0;1564;178200;23,2667;7616
GLO;GOL LINHAS AÉREAS S.A. (EX- VRG LINHAS AÉREAS S.A.);BRASILEIRA;2026;1;SBGR;GUARULHOS;SP;SUDESTE;BRASIL;AMÉRICA DO SUL;SUMU;MONTEVIDEO, MONTEVIDEO;;;URUGUAI;AMÉRICA DO SUL;INTERNACIONAL;REGULAR;4345;52;5515;0;0;8503120;6821650;963666;580013;220640;48670;31;8658550;0;0;5416;613800;81,1833;38055
GLO;GOL LINHAS AÉREAS S.A. (EX- VRG LINHAS AÉREAS S.A.);BRASILEIRA;2026;1;SBGR;GUARULHOS;SP;SUDESTE;BRASIL;AMÉRICA DO SUL;TFFF;LE LAMENTIN, FORT-DE-FRANCE;;;MARTINICA;AMÉRICA DO NORTE;INTERNACIONAL;NÃO REGULAR;688;0;0;0;0;3222996;3105632;357508;275975;68618;18056;4;0;0;0;714;79200;23,5667;9538
GLO;GOL LINHAS AÉREAS S.A. (EX- VRG LINHAS AÉREAS S.A.);BRASILEIRA;2026;1;SBGR;GUARULHOS;SP;SUDESTE;BRASIL;AMÉRICA DO SUL;TLPL;VIEUX-FORT, SAINT LUCIA;;;SANTA LÚCIA;AMÉRICA CENTRAL;INTERNACIONAL;NÃO REGULAR;0;114;0;0;0;822678;0;87575;6147;16498;4423;1;0;0;0;186;19800;5,86667;1390
GLO;GOL LINHAS AÉREAS S.A. (EX- VRG LINHAS AÉREAS S.A.);BRASILEIRA;2026;1;SBGR;GUARULHOS;SP;SUDESTE;BRASIL;AMÉRICA DO SUL;TNCA;ORANJESTAD, ARUBA;;;ARUBA;AMÉRICA DO SUL;INTERNACIONAL;NÃO REGULAR;97;0;0;0;0;835296;460362;93970;34527;16240;4746;1;0;0;0;176;19800;6,93333;0
GLO;GOL LINHAS AÉREAS S.A. (EX- VRG LINHAS AÉREAS S.A.);BRASILEIRA;2026;1;SBGR;GUARULHOS;SP;SUDESTE;BRASIL;AMÉRICA DO SUL;TNCA;ORANJESTAD, ARUBA;;;ARUBA;AMÉRICA DO SUL;INTERNACIONAL;REGULAR;1595;21;21;0;0;9302160;7569870;1127640;640378;223327;56952;12;99666;0;0;1960;237600;83,3667;15285
GLO;GOL LINHAS AÉREAS S.A. (EX- VRG LINHAS AÉREAS S.A.);BRASILEIRA;2026;1;SBIL;ILHÉUS;BA;NORDESTE;BRASIL;AMÉRICA DO SUL;SBGL;RIO DE JANEIRO;RJ;SUDESTE;BRASIL;AMÉRICA DO SUL;DOMÉSTICA;NÃO REGULAR;737;15;0;0;0;805323;731841;98305;61287;23603;4965;5;0;0;0;811;99000;8,48333;6447
GLO;GOL LINHAS AÉREAS S.A. (EX- VRG LINHAS AÉREAS S.A.);BRASILEIRA;2026;1;SBIL;ILHÉUS;BA;NORDESTE;BRASIL;AMÉRICA DO SUL;SBGR;GUARULHOS;SP;SUDESTE;BRASIL;AMÉRICA DO SUL;DOMÉSTICA;NÃO REGULAR;137;1;0;0;0;195288;169332;24472;13735;7471;1236;1;0;0;0;158;19800;2,58333;838
GLO;GOL LINHAS AÉREAS S.A. (EX- VRG LINHAS AÉREAS S.A.);BRASILEIRA;2026;1;SBIL;ILHÉUS;BA;NORDESTE;BRASIL;AMÉRICA DO SUL;SBGR;GUARULHOS;SP;SUDESTE;BRASIL;AMÉRICA DO SUL;DOMÉSTICA;REGULAR;9061;175;24963;62;0;12282132;11199396;1517264;953740;365065;76632;62;30854268;76632;0;9937;1227600;130,483;67121
GLO;GOL LINHAS AÉREAS S.A. (EX- VRG LINHAS AÉREAS S.A.);BRASILEIRA;2026;1;SBIL;ILHÉUS;BA;NORDESTE;BRASIL;AMÉRICA DO SUL;SBSP;SÃO PAULO;SP;SUDESTE;BRASIL;AMÉRICA DO SUL;DOMÉSTICA;IMPRODUTIVO;0;0;0;0;0;0;0;0;0;4962;1264;1;0;0;0;0;0;2,25;0
GLO;GOL LINHAS AÉREAS S.A. (EX- VRG LINHAS AÉREAS S.A.);BRASILEIRA;2026;1;SBIL;ILHÉUS;BA;NORDESTE;BRASIL;AMÉRICA DO SUL;SBSP;SÃO PAULO;SP;SUDESTE;BRASIL;AMÉRICA DO SUL;DOMÉSTICA;REGULAR;5069;83;1640;0;0;6962112;6407216;846725;533203;217405;44240;35;2072960;0;0;5508;669882;78,65;40037
GLO;GOL LINHAS AÉREAS S.A. (EX- VRG LINHAS AÉREAS S.A.);BRASILEIRA;2026;1;SBJE;CRUZ;CE;NORDESTE;BRASIL;AMÉRICA DO SUL;SBGR;GUARULHOS;SP;SUDESTE;BRASIL;AMÉRICA DO SUL;DOMÉSTICA;NÃO REGULAR;3156;54;6781;0;0;7954848;7498656;846792;645890;186174;42768;18;16111656;0;0;3348;356400;64,5833;28362
GLO;GOL LINHAS AÉREAS S.A. (EX- VRG LINHAS AÉREAS S.A.);BRASILEIRA;2026;1;SBJE;CRUZ;CE;NORDESTE;BRASIL;AMÉRICA DO SUL;SBGR;GUARULHOS;SP;SUDESTE;BRASIL;AMÉRICA DO SUL;DOMÉSTICA;REGULAR;2294;40;5867;8;0;5745168;5450544;611572;470043;136447;30888;13;13939992;19008;0;2418;257400;46,65;19915
GLO;GOL LINHAS AÉREAS S.A. (EX- VRG LINHAS AÉREAS S.A.);BRASILEIRA;2026;1;SBJP;SANTA RITA;PB;NORDESTE;BRASIL;AMÉRICA DO SUL;SABE;BUENOS AIRES;;;ARGENTINA;AMÉRICA DO SUL;INTERNACIONAL;REGULAR;359;0;0;0;0;2732224;1393279;307372;118763;51699;15524;4;0;0;0;704;79200;22,05;3677
GLO;GOL LINHAS AÉREAS S.A. (EX- VRG LINHAS AÉREAS S.A.);BRASILEIRA;2026;1;SBJP;SANTA RITA;PB;NORDESTE;BRASIL;AMÉRICA DO SUL;SBBR;BRASÍLIA;DF;CENTRO-OESTE;BRASIL;AMÉRICA DO SUL;DOMÉSTICA;NÃO REGULAR;3050;60;1607;0;0;5097888;4911171;542672;410311;123910;27408;16;2752791;0;0;2976;316800;43,4833;24222
GLO;GOL LINHAS AÉREAS S.A. (EX- VRG LINHAS AÉREAS S.A.);BRASILEIRA;2026;1;SBJP;SANTA RITA;PB;NORDESTE;BRASIL;AMÉRICA DO SUL;SBBR;BRASÍLIA;DF;CENTRO-OESTE;BRASIL;AMÉRICA DO SUL;DOMÉSTICA;REGULAR;7864;184;6481;17;0;14019192;13471032;1492348;1156515;350110;75372;44;11101953;29121;0;8184;871200;119,183;78873
GLO;GOL LINHAS AÉREAS S.A. (EX- VRG LINHAS AÉREAS S.A.);BRASILEIRA;2026;1;SBJP;SANTA RITA;PB;NORDESTE;BRASIL;AMÉRICA DO SUL;SBCF;CONFINS;MG;SUDESTE;BRASIL;AMÉRICA DO SUL;DOMÉSTICA;NÃO REGULAR;0;0;0;0;0;315270;308490;33561;25386;10686;1695;1;20340;0;0;186;19800;3,06667;0
GLO;GOL LINHAS AÉREAS S.A. (EX- VRG LINHAS AÉREAS S.A.);BRASILEIRA;2026;1;SBJP;SANTA RITA;PB;NORDESTE;BRASIL;AMÉRICA DO SUL;SBGL;RIO DE JANEIRO;RJ;SUDESTE;BRASIL;AMÉRICA DO SUL;DOMÉSTICA;IMPRODUTIVO;0;0;0;0;0;0;0;0;0;14061;3910;2;0;0;0;0;0;6,15;0
GLO;GOL LINHAS AÉREAS S.A. (EX- VRG LINHAS AÉREAS S.A.);BRASILEIRA;2026;1;SBJP;SANTA RITA;PB;NORDESTE;BRASIL;AMÉRICA DO SUL;SBGL;RIO DE JANEIRO;RJ;SUDESTE;BRASIL;AMÉRICA DO SUL;DOMÉSTICA;REGULAR;9949;251;1319;4;0;21817800;19810015;2367999;1684717;532854;119255;61;3593290;807415;0;11160;1211253;184,05;98423
GLO;GOL LINHAS AÉREAS S.A. (EX- VRG LINHAS AÉREAS S.A.);BRASILEIRA;2026;1;SBJP;SANTA RITA;PB;NORDESTE;BRASIL;AMÉRICA DO SUL;SBGR;GUARULHOS;SP;SUDESTE;BRASIL;AMÉRICA DO SUL;DOMÉSTICA;IMPRODUTIVO;0;0;0;0;0;0;0;0;0;8074;2190;1;0;0;0;0;0;3,36667;0
GLO;GOL LINHAS AÉREAS S.A. (EX- VRG LINHAS AÉREAS S.A.);BRASILEIRA;2026;1;SBJP;SANTA RITA;PB;NORDESTE;BRASIL;AMÉRICA DO SUL;SBGR;GUARULHOS;SP;SUDESTE;BRASIL;AMÉRICA DO SUL;DOMÉSTICA;NÃO REGULAR;3019;66;660;0;0;6517440;6213030;693792;525570;161990;35040;16;1419120;0;0;2976;316800;55,3;27882
GLO;GOL LINHAS AÉREAS S.A. (EX- VRG LINHAS AÉREAS S.A.);BRASILEIRA;2026;1;SBJP;SANTA RITA;PB;NORDESTE;BRASIL;AMÉRICA DO SUL;SBGR;GUARULHOS;SP;SUDESTE;BRASIL;AMÉRICA DO SUL;DOMÉSTICA;REGULAR;11261;309;25834;6320;0;25662420;24258630;3693763;2079082;791057;179580;82;55439850;12507090;0;11718;1686652;284,85;94809
GLO;GOL LINHAS AÉREAS S.A. (EX- VRG LINHAS AÉREAS S.A.);BRASILEIRA;2026;1;SBJP;SANTA RITA;PB;NORDESTE;BRASIL;AMÉRICA DO SUL;SBPS;PORTO SEGURO;BA;NORDESTE;BRASIL;AMÉRICA DO SUL;DOMÉSTICA;NÃO REGULAR;0;0;0;0;0;209436;206058;22294;16941;11290;1126;1;0;0;0;186;19800;3,63333;0
GLO;GOL LINHAS AÉREAS S.A. (EX- VRG LINHAS AÉREAS S.A.);BRASILEIRA;2026;1;SBJP;SANTA RITA;PB;NORDESTE;BRASIL;AMÉRICA DO SUL;SBSP;SÃO PAULO;SP;SUDESTE;BRASIL;AMÉRICA DO SUL;DOMÉSTICA;REGULAR;6108;158;2419;484;0;14414782;13547544;1537060;1133748;353291;77630;35;5365342;1073512;0;6499;693000;117,45;50646
GLO;GOL LINHAS AÉREAS S.A. (EX- VRG LINHAS AÉREAS S.A.);BRASILEIRA;2026;1;SBJP;SANTA RITA;PB;NORDESTE;BRASIL;AMÉRICA DO SUL;SBSV;SALVADOR;BA;NORDESTE;BRASIL;AMÉRICA DO SUL;DOMÉSTICA;IMPRODUTIVO;0;0;0;0;0;0;0;0;0;2612;739;1;0;0;0;0;0;1,48333;0
GLO;GOL LINHAS AÉREAS S.A. (EX- VRG LINHAS AÉREAS S.A.);BRASILEIRA;2026;1;SBJP;SANTA RITA;PB;NORDESTE;BRASIL;AMÉRICA DO SUL;SBSV;SALVADOR;BA;NORDESTE;BRASIL;AMÉRICA DO SUL;DOMÉSTICA;REGULAR;5259;96;706;0;0;4252945;3886401;453592;323631;114278;22909;31;521734;0;0;5755;613800;46,6;42823
GLO;GOL LINHAS AÉREAS S.A. (EX- VRG LINHAS AÉREAS S.A.);BRASILEIRA;2026;1;SBJP;SANTA RITA;PB;NORDESTE;BRASIL;AMÉRICA DO SUL;SBTE;TERESINA;PI;NORDESTE;BRASIL;AMÉRICA DO SUL;DOMÉSTICA;REGULAR;0;0;0;0;0;0;0;20550;4765;3979;901;1;4765389;180200;0;0;22809;1,63333;0
GLO;GOL LINHAS AÉREAS S.A. (EX- VRG LINHAS AÉREAS S.A.);BRASILEIRA;2026;1;SBJU;JUAZEIRO DO NORTE;CE;NORDESTE;BRASIL;AMÉRICA DO SUL;SBGL;RIO DE JANEIRO;RJ;SUDESTE;BRASIL;AMÉRICA DO SUL;DOMÉSTICA;REGULAR;0;0;0;0;0;332010;294525;35343;25509;9918;1785;1;381990;0;0;186;19800;3,48333;0
GLO;GOL LINHAS AÉREAS S.A. (EX- VRG LINHAS AÉREAS S.A.);BRASILEIRA;2026;1;SBJU;JUAZEIRO DO NORTE;CE;NORDESTE;BRASIL;AMÉRICA DO SUL;SBGR;GUARULHOS;SP;SUDESTE;BRASIL;AMÉRICA DO SUL;DOMÉSTICA;NÃO REGULAR;159;1;0;0;0;364560;311640;38808;26122;9230;1960;1;0;0;0;186;19800;3,41667;1403
GLO;GOL LINHAS AÉREAS S.A. (EX- VRG LINHAS AÉREAS S.A.);BRASILEIRA;2026;1;SBJU;JUAZEIRO DO NORTE;CE;NORDESTE;BRASIL;AMÉRICA DO SUL;SBGR;GUARULHOS;SP;SUDESTE;BRASIL;AMÉRICA DO SUL;DOMÉSTICA;REGULAR;9183;213;8635;176;0;20050800;17675280;2134440;1521318;474435;107800;55;16505160;344960;0;10230;1089000;176,517;93128
GLO;GOL LINHAS AÉREAS S.A. (EX- VRG LINHAS AÉREAS S.A.);BRASILEIRA;2026;1;SBJV;JOINVILLE;SC;SUL;BRASIL;AMÉRICA DO SUL;SBSP;SÃO PAULO;SP;SUDESTE;BRASIL;AMÉRICA DO SUL;DOMÉSTICA;REGULAR;4021;90;9281;59;0;1753377;1451581;200692;120584;73250;11191;31;3350441;21299;0;4857;556005;31,0833;23220
GLO;GOL LINHAS AÉREAS S.A. (EX- VRG LINHAS AÉREAS S.A.);BRASILEIRA;2026;1;SBKG;CAMPINA GRANDE;PB;NORDESTE;BRASIL;AMÉRICA DO SUL;SBSP;SÃO PAULO;SP;SUDESTE;BRASIL;AMÉRICA DO SUL;DOMÉSTICA;REGULAR;638;4;1725;48;0;;;;;;;;;;;;;;0
GLO;GOL LINHAS AÉREAS S.A. (EX- VRG LINHAS AÉREAS S.A.);BRASILEIRA;2026;1;SBKG;CAMPINA GRANDE;PB;NORDESTE;BRASIL;AMÉRICA DO SUL;SBSV;SALVADOR;BA;NORDESTE;BRASIL;AMÉRICA DO SUL;DOMÉSTICA;REGULAR;1541;27;528;37;0;1718163;1483899;198086;122953;57090;12258;18;1534293;57885;0;2523;290899;23,4;14884
GLO;GOL LINHAS AÉREAS S.A. (EX- VRG LINHAS AÉREAS S.A.);BRASILEIRA;2026;1;SBKP;CAMPINAS;SP;SUDESTE;BRASIL;AMÉRICA DO SUL;SBBR;BRASÍLIA;DF;CENTRO-OESTE;BRASIL;AMÉRICA DO SUL;DOMÉSTICA;REGULAR;4352;148;25765;13;0;4601268;3472896;489800;302466;122241;24738;31;20560470;10374;0;5766;613800;49,9833;26886
GLO;GOL LINHAS AÉREAS S.A. (EX- VRG LINHAS AÉREAS S.A.);BRASILEIRA;2026;1;SBKP;CAMPINAS;SP;SUDESTE;BRASIL;AMÉRICA DO SUL;SBGL;RIO DE JANEIRO;RJ;SUDESTE;BRASIL;AMÉRICA DO SUL;DOMÉSTICA;REGULAR;5887;108;34125;47;0;3474938;2343026;370360;199286;109798;18706;47;13581750;18706;0;8731;930600;51,4667;25127
GLO;GOL LINHAS AÉREAS S.A. (EX- VRG LINHAS AÉREAS S.A.);BRASILEIRA;2026;1;SBKP;CAMPINAS;SP;SUDESTE;BRASIL;AMÉRICA DO SUL;SBGR;GUARULHOS;SP;SUDESTE;BRASIL;AMÉRICA DO SUL;DOMÉSTICA;IMPRODUTIVO;0;0;0;0;0;0;0;0;0;1160;83;1;0;0;0;0;0;0,65;0
GLO;GOL LINHAS AÉREAS S.A. (EX- VRG LINHAS AÉREAS S.A.);BRASILEIRA;2026;1;SBKP;CAMPINAS;SP;SUDESTE;BRASIL;AMÉRICA DO SUL;SBGR;GUARULHOS;SP;SUDESTE;BRASIL;AMÉRICA DO SUL;DOMÉSTICA;REGULAR;0;0;0;0;0;75530;71214;8215;6114;5802;415;5;7636;0;0;910;99000;3,75;0
GLO;GOL LINHAS AÉREAS S.A. (EX- VRG LINHAS AÉREAS S.A.);BRASILEIRA;2026;1;SBKP;CAMPINAS;SP;SUDESTE;BRASIL;AMÉRICA DO SUL;SBSP;SÃO PAULO;SP;SUDESTE;BRASIL;AMÉRICA DO SUL;DOMÉSTICA;REGULAR;0;0;0;0;0;15624;13440;1663;1078;791;84;1;0;0;0;186;19800;0,566667;0
GLO;GOL LINHAS AÉREAS S.A. (EX- VRG LINHAS AÉREAS S.A.);BRASILEIRA;2026;1;SBKP;CAMPINAS;SP;SUDESTE;BRASIL;AMÉRICA DO SUL;SBSV;SALVADOR;BA;NORDESTE;BRASIL;AMÉRICA DO SUL;DOMÉSTICA;REGULAR;4927;64;32861;50;0;8135640;7183566;866040;636986;181478;43740;30;47911338;72900;0;5580;594000;71,0167;34514
GLO;GOL LINHAS AÉREAS S.A. (EX- VRG LINHAS AÉREAS S.A.);BRASILEIRA;2026;1;SBLO;LONDRINA;PR;SUL;BRASIL;AMÉRICA DO SUL;SBSP;SÃO PAULO;SP;SUDESTE;BRASIL;AMÉRICA DO SUL;DOMÉSTICA;REGULAR;3557;162;22021;88;0;2148936;1629106;232238;143271;76548;11908;26;10085618;40304;0;4692;507094;33,45;24051
GLO;GOL LINHAS AÉREAS S.A. (EX- VRG LINHAS AÉREAS S.A.);BRASILEIRA;2026;1;SBMA;MARABÁ;PA;NORTE;BRASIL;AMÉRICA DO SUL;SBBR;BRASÍLIA;DF;CENTRO-OESTE;BRASIL;AMÉRICA DO SUL;DOMÉSTICA;REGULAR;3559;69;3686;28;0;4920900;4181825;566638;357003;150214;35250;30;4331050;32900;0;4188;482263;58,3667;33235
GLO;GOL LINHAS AÉREAS S.A. (EX- VRG LINHAS AÉREAS S.A.);BRASILEIRA;2026;1;SBMA;MARABÁ;PA;NORTE;BRASIL;AMÉRICA DO SUL;SBCF;CONFINS;MG;SUDESTE;BRASIL;AMÉRICA DO SUL;DOMÉSTICA;REGULAR;94;2;0;0;0;231978;158014;26806;13091;8281;1681;1;0;0;0;138;15947;3,16667;738
GLO;GOL LINHAS AÉREAS S.A. (EX- VRG LINHAS AÉREAS S.A.);BRASILEIRA;2026;1;SBMG;MARINGÁ;PR;SUL;BRASIL;AMÉRICA DO SUL;SBGL;RIO DE JANEIRO;RJ;SUDESTE;BRASIL;AMÉRICA DO SUL;DOMÉSTICA;REGULAR;0;0;0;0;0;167214;124961;17800;10124;6641;899;1;0;0;0;186;19800;2,45;0
GLO;GOL LINHAS AÉREAS S.A. (EX- VRG LINHAS AÉREAS S.A.);BRASILEIRA;2026;1;SBMG;MARINGÁ;PR;SUL;BRASIL;AMÉRICA DO SUL;SBGR;GUARULHOS;SP;SUDESTE;BRASIL;AMÉRICA DO SUL;DOMÉSTICA;NÃO REGULAR;24;7;0;0;0;105090;13560;11187;1085;2612;565;1;0;0;0;186;19800;1,35;121
GLO;GOL LINHAS AÉREAS S.A. (EX- VRG LINHAS AÉREAS S.A.);BRASILEIRA;2026;1;SBMG;MARINGÁ;PR;SUL;BRASIL;AMÉRICA DO SUL;SBGR;GUARULHOS;SP;SUDESTE;BRASIL;AMÉRICA DO SUL;DOMÉSTICA;REGULAR;4471;148;23044;1473;0;3203550;2526115;342443;225261;112245;17515;31;13019860;832245;0;5670;606094;48,7;40352
GLO;GOL LINHAS AÉREAS S.A. (EX- VRG LINHAS AÉREAS S.A.);BRASILEIRA;2026;1;SBMG;MARINGÁ;PR;SUL;BRASIL;AMÉRICA DO SUL;SBSP;SÃO PAULO;SP;SUDESTE;BRASIL;AMÉRICA DO SUL;DOMÉSTICA;REGULAR;4613;178;9789;611;0;2968056;2442804;317991;206089;99641;16380;30;5344794;333606;0;5436;582441;40,5667;32976
GLO;GOL LINHAS AÉREAS S.A. (EX- VRG LINHAS AÉREAS S.A.);BRASILEIRA;2026;1;SBMK;MONTES CLAROS;MG;SUDESTE;BRASIL;AMÉRICA DO SUL;SBBR;BRASÍLIA;DF;CENTRO-OESTE;BRASIL;AMÉRICA DO SUL;DOMÉSTICA;REGULAR;0;0;0;0;0;83142;70626;8850;6013;2595;447;1;0;0;0;186;19800;1,01667;0
GLO;GOL LINHAS AÉREAS S.A. (EX- VRG LINHAS AÉREAS S.A.);BRASILEIRA;2026;1;SBMK;MONTES CLAROS;MG;SUDESTE;BRASIL;AMÉRICA DO SUL;SBSP;SÃO PAULO;SP;SUDESTE;BRASIL;AMÉRICA DO SUL;DOMÉSTICA;REGULAR;3271;104;5772;125;0;3079288;2695304;363865;225176;111050;21424;26;4756128;103000;0;3737;441593;42,4333;22189
GLO;GOL LINHAS AÉREAS S.A. (EX- VRG LINHAS AÉREAS S.A.);BRASILEIRA;2026;1;SBMO;RIO LARGO;AL;NORDESTE;BRASIL;AMÉRICA DO SUL;SAEZ;EZEIZA, BUENOS AIRES PROVINCE;;;ARGENTINA;AMÉRICA DO SUL;INTERNACIONAL;NÃO REGULAR;1436;9;0;0;0;6297018;5229912;721110;444921;140850;36420;10;0;0;0;1729;198000;51,65;14465
GLO;GOL LINHAS AÉREAS S.A. (EX- VRG LINHAS AÉREAS S.A.);BRASILEIRA;2026;1;SBMO;RIO LARGO;AL;NORDESTE;BRASIL;AMÉRICA DO SUL;SBBR;BRASÍLIA;DF;CENTRO-OESTE;BRASIL;AMÉRICA DO SUL;DOMÉSTICA;NÃO REGULAR;2189;20;125;0;0;3466746;3268177;372787;271875;87528;19409;13;186625;0;0;2322;249694;30,5667;17804
GLO;GOL LINHAS AÉREAS S.A. (EX- VRG LINHAS AÉREAS S.A.);BRASILEIRA;2026;1;SBMO;RIO LARGO;AL;NORDESTE;BRASIL;AMÉRICA DO SUL;SBBR;BRASÍLIA;DF;CENTRO-OESTE;BRASIL;AMÉRICA DO SUL;DOMÉSTICA;REGULAR;8214;146;3498;5;0;12908478;12263502;1377861;1035037;318602;70171;47;5222514;7465;0;8646;922894;112;73729
GLO;GOL LINHAS AÉREAS S.A. (EX- VRG LINHAS AÉREAS S.A.);BRASILEIRA;2026;1;SBMO;RIO LARGO;AL;NORDESTE;BRASIL;AMÉRICA DO SUL;SBCF;CONFINS;MG;SUDESTE;BRASIL;AMÉRICA DO SUL;DOMÉSTICA;NÃO REGULAR;2472;8;0;0;0;3647412;3527544;390058;298172;87019;19978;14;0;0;0;2556;273347;30,85;23554
GLO;GOL LINHAS AÉREAS S.A. (EX- VRG LINHAS AÉREAS S.A.);BRASILEIRA;2026;1;SBMO;RIO LARGO;AL;NORDESTE;BRASIL;AMÉRICA DO SUL;SBCF;CONFINS;MG;SUDESTE;BRASIL;AMÉRICA DO SUL;DOMÉSTICA;REGULAR;180;3;0;0;0;265422;256860;28254;20872;10123;1427;1;0;0;0;186;19800;3,53333;1127
GLO;GOL LINHAS AÉREAS S.A. (EX- VRG LINHAS AÉREAS S.A.);BRASILEIRA;2026;1;SBMO;RIO LARGO;AL;NORDESTE;BRASIL;AMÉRICA DO SUL;SBGL;RIO DE JANEIRO;RJ;SUDESTE;BRASIL;AMÉRICA DO SUL;DOMÉSTICA;IMPRODUTIVO;0;0;0;0;0;0;0;0;0;6003;1678;1;0;0;0;0;0;2,5;0
GLO;GOL LINHAS AÉREAS S.A. (EX- VRG LINHAS AÉREAS S.A.);BRASILEIRA;2026;1;SBMO;RIO LARGO;AL;NORDESTE;BRASIL;AMÉRICA DO SUL;SBGL;RIO DE JANEIRO;RJ;SUDESTE;BRASIL;AMÉRICA DO SUL;DOMÉSTICA;NÃO REGULAR;5795;101;1731;1;0;11162056;9724010;1196064;817458;266340;60408;36;2904618;1678;0;6652;712800;96,5167;50818
GLO;GOL LINHAS AÉREAS S.A. (EX- VRG LINHAS AÉREAS S.A.);BRASILEIRA;2026;1;SBMO;RIO LARGO;AL;NORDESTE;BRASIL;AMÉRICA DO SUL;SBGL;RIO DE JANEIRO;RJ;SUDESTE;BRASIL;AMÉRICA DO SUL;DOMÉSTICA;REGULAR;10032;158;7897;29;0;20855862;17145804;2263049;1441856;509448;114104;68;14378782;48662;0;12429;1348675;179,383;82528
GLO;GOL LINHAS AÉREAS S.A. (EX- VRG LINHAS AÉREAS S.A.);BRASILEIRA;2026;1;SBMO;RIO LARGO;AL;NORDESTE;BRASIL;AMÉRICA DO SUL;SBGR;GUARULHOS;SP;SUDESTE;BRASIL;AMÉRICA DO SUL;DOMÉSTICA;NÃO REGULAR;2972;49;0;0;0;6428160;5706240;684288;476501;161011;34560;18;0;0;0;3348;356400;55,3167;25282
GLO;GOL LINHAS AÉREAS S.A. (EX- VRG LINHAS AÉREAS S.A.);BRASILEIRA;2026;1;SBMO;RIO LARGO;AL;NORDESTE;BRASIL;AMÉRICA DO SUL;SBGR;GUARULHOS;SP;SUDESTE;BRASIL;AMÉRICA DO SUL;DOMÉSTICA;REGULAR;17806;495;18066;91;0;37384320;33830400;4862078;2864471;1066961;240000;125;33396480;174720;0;19471;2532337;380,667;154894
GLO;GOL LINHAS AÉREAS S.A. (EX- VRG LINHAS AÉREAS S.A.);BRASILEIRA;2026;1;SBMO;RIO LARGO;AL;NORDESTE;BRASIL;AMÉRICA DO SUL;SBPL;PETROLINA;PE;NORDESTE;BRASIL;AMÉRICA DO SUL;DOMÉSTICA;IMPRODUTIVO;0;0;0;0;0;0;0;0;0;2680;525;1;0;0;0;0;0;1,05;0
GLO;GOL LINHAS AÉREAS S.A. (EX- VRG LINHAS AÉREAS S.A.);BRASILEIRA;2026;1;SBMO;RIO LARGO;AL;NORDESTE;BRASIL;AMÉRICA DO SUL;SBSL;SÃO LUÍS;MA;NORDESTE;BRASIL;AMÉRICA DO SUL;DOMÉSTICA;REGULAR;0;0;0;0;0;0;0;28597;6259;4959;1211;1;6259659;0;0;0;23615;1,83333;0
GLO;GOL LINHAS AÉREAS S.A. (EX- VRG LINHAS AÉREAS S.A.);BRASILEIRA;2026;1;SBMO;RIO LARGO;AL;NORDESTE;BRASIL;AMÉRICA DO SUL;SBSP;SÃO PAULO;SP;SUDESTE;BRASIL;AMÉRICA DO SUL;DOMÉSTICA;REGULAR;9334;237;1609;230;0;20044920;18182632;2187638;1521174;525697;118828;61;3134332;448040;0;10290;1123034;187,2;79248
GLO;GOL LINHAS AÉREAS S.A. (EX- VRG LINHAS AÉREAS S.A.);BRASILEIRA;2026;1;SBMO;RIO LARGO;AL;NORDESTE;BRASIL;AMÉRICA DO SUL;SBSV;SALVADOR;BA;NORDESTE;BRASIL;AMÉRICA DO SUL;DOMÉSTICA;REGULAR;5842;83;87;0;0;3046680;2734056;324310;228128;93898;16380;35;40716;0;0;6510;693000;39,05;49249
GLO;GOL LINHAS AÉREAS S.A. (EX- VRG LINHAS AÉREAS S.A.);BRASILEIRA;2026;1;SBMQ;MACAPÁ;AP;NORTE;BRASIL;AMÉRICA DO SUL;SBBE;BELÉM;PA;NORTE;BRASIL;AMÉRICA DO SUL;DOMÉSTICA;REGULAR;6163;66;6575;3;0;3732834;3256771;397354;261599;126278;20069;61;4226992;4935;0;11346;1207800;58,9;39946
GLO;GOL LINHAS AÉREAS S.A. (EX- VRG LINHAS AÉREAS S.A.);BRASILEIRA;2026;1;SBMQ;MACAPÁ;AP;NORTE;BRASIL;AMÉRICA DO SUL;SBBR;BRASÍLIA;DF;CENTRO-OESTE;BRASIL;AMÉRICA DO SUL;DOMÉSTICA;REGULAR;2451;46;3173;12;0;;;;;;;;;;;;;;0
GLO;GOL LINHAS AÉREAS S.A. (EX- VRG LINHAS AÉREAS S.A.);BRASILEIRA;2026;1;SBMQ;MACAPÁ;AP;NORTE;BRASIL;AMÉRICA DO SUL;SBCF;CONFINS;MG;SUDESTE;BRASIL;AMÉRICA DO SUL;DOMÉSTICA;REGULAR;0;0;0;0;0;;;;;;;;;;;;;;0
GLO;GOL LINHAS AÉREAS S.A. (EX- VRG LINHAS AÉREAS S.A.);BRASILEIRA;2026;1;SBMQ;MACAPÁ;AP;NORTE;BRASIL;AMÉRICA DO SUL;SBCJ;PARAUAPEBAS;PA;NORTE;BRASIL;AMÉRICA DO SUL;DOMÉSTICA;REGULAR;0;0;0;0;0;129456;116928;13780;10235;3761;696;1;104400;0;0;186;19800;1,28333;0
GLO;GOL LINHAS AÉREAS S.A. (EX- VRG LINHAS AÉREAS S.A.);BRASILEIRA;2026;1;SBMQ;MACAPÁ;AP;NORTE;BRASIL;AMÉRICA DO SUL;SBGL;RIO DE JANEIRO;RJ;SUDESTE;BRASIL;AMÉRICA DO SUL;DOMÉSTICA;IMPRODUTIVO;0;0;0;0;0;0;0;0;0;8114;2679;1;0;0;0;0;0;3,76667;0
GLO;GOL LINHAS AÉREAS S.A. (EX- VRG LINHAS AÉREAS S.A.);BRASILEIRA;2026;1;SBMQ;MACAPÁ;AP;NORTE;BRASIL;AMÉRICA DO SUL;SBGL;RIO DE JANEIRO;RJ;SUDESTE;BRASIL;AMÉRICA DO SUL;DOMÉSTICA;REGULAR;1190;15;3100;0;0;;;;;;;;;;;;;;0
GLO;GOL LINHAS AÉREAS S.A. (EX- VRG LINHAS AÉREAS S.A.);BRASILEIRA;2026;1;SBMQ;MACAPÁ;AP;NORTE;BRASIL;AMÉRICA DO SUL;SBPJ;PALMAS;TO;NORTE;BRASIL;AMÉRICA DO SUL;DOMÉSTICA;REGULAR;95;4;0;0;0;;;;;;;;;;;;;;0
GLO;GOL LINHAS AÉREAS S.A. (EX- VRG LINHAS AÉREAS S.A.);BRASILEIRA;2026;1;SBNF;NAVEGANTES;SC;SUL;BRASIL;AMÉRICA DO SUL;SBGL;RIO DE JANEIRO;RJ;SUDESTE;BRASIL;AMÉRICA DO SUL;DOMÉSTICA;NÃO REGULAR;651;17;6194;0;0;1185192;460908;126162;41905;28704;6372;9;4385352;0;0;1674;178200;11,6167;4176
GLO;GOL LINHAS AÉREAS S.A. (EX- VRG LINHAS AÉREAS S.A.);BRASILEIRA;2026;1;SBNF;NAVEGANTES;SC;SUL;BRASIL;AMÉRICA DO SUL;SBGL;RIO DE JANEIRO;RJ;SUDESTE;BRASIL;AMÉRICA DO SUL;DOMÉSTICA;REGULAR;13496;186;56151;0;0;12693024;9555168;1357018;825642;329717;68676;97;39754908;0;0;17928;1916747;131,217;97878
GLO;GOL LINHAS AÉREAS S.A. (EX- VRG LINHAS AÉREAS S.A.);BRASILEIRA;2026;1;SBNF;NAVEGANTES;SC;SUL;BRASIL;AMÉRICA DO SUL;SBGR;GUARULHOS;SP;SUDESTE;BRASIL;AMÉRICA DO SUL;DOMÉSTICA;REGULAR;10574;242;46662;4;0;5326839;4663134;567515;410418;215564;28665;65;20577942;1764;0;12079;1287000;86,65;91009
GLO;GOL LINHAS AÉREAS S.A. (EX- VRG LINHAS AÉREAS S.A.);BRASILEIRA;2026;1;SBNF;NAVEGANTES;SC;SUL;BRASIL;AMÉRICA DO SUL;SBNF;NAVEGANTES;SC;SUL;BRASIL;AMÉRICA DO SUL;DOMÉSTICA;IMPRODUTIVO;0;0;0;0;0;0;0;0;0;1343;0;1;0;0;0;186;19800;0,683333;0
GLO;GOL LINHAS AÉREAS S.A. (EX- VRG LINHAS AÉREAS S.A.);BRASILEIRA;2026;1;SBNF;NAVEGANTES;SC;SUL;BRASIL;AMÉRICA DO SUL;SBSP;SÃO PAULO;SP;SUDESTE;BRASIL;AMÉRICA DO SUL;DOMÉSTICA;REGULAR;23806;525;84210;49;0;11072844;9855684;1243116;827864;443616;69552;168;34862940;20286;0;26746;3002748;187,683;130231
GLO;GOL LINHAS AÉREAS S.A. (EX- VRG LINHAS AÉREAS S.A.);BRASILEIRA;2026;1;SBNM;SANTO ÂNGELO;RS;SUL;BRASIL;AMÉRICA DO SUL;SBSP;SÃO PAULO;SP;SUDESTE;BRASIL;AMÉRICA DO SUL;DOMÉSTICA;REGULAR;1620;32;0;0;0;2110368;1477440;234741;124252;57975;11856;13;0;0;0;2314;257400;22,2;14748
GLO;GOL LINHAS AÉREAS S.A. (EX- VRG LINHAS AÉREAS S.A.);BRASILEIRA;2026;1;SBPA;PORTO ALEGRE;RS;SUL;BRASIL;AMÉRICA DO SUL;SABE;BUENOS AIRES;;;ARGENTINA;AMÉRICA DO SUL;INTERNACIONAL;REGULAR;707;28;0;0;0;1942512;600243;218530;48779;49261;11037;13;0;0;0;2288;257400;21,6833;4437
GLO;GOL LINHAS AÉREAS S.A. (EX- VRG LINHAS AÉREAS S.A.);BRASILEIRA;2026;1;SBPA;PORTO ALEGRE;RS;SUL;BRASIL;AMÉRICA DO SUL;SBBR;BRASÍLIA;DF;CENTRO-OESTE;BRASIL;AMÉRICA DO SUL;DOMÉSTICA;REGULAR;9219;386;23629;62;0;17533020;14796495;1882000;1295406;405819;96300;60;37924545;99510;0;10924;1172588;145,233;92070
GLO;GOL LINHAS AÉREAS S.A. (EX- VRG LINHAS AÉREAS S.A.);BRASILEIRA;2026;1;SBPA;PORTO ALEGRE;RS;SUL;BRASIL;AMÉRICA DO SUL;SBCF;CONFINS;MG;SUDESTE;BRASIL;AMÉRICA DO SUL;DOMÉSTICA;IMPRODUTIVO;0;0;0;0;0;0;0;0;0;5377;1362;1;0;0;0;0;0;2,21667;0
GLO;GOL LINHAS AÉREAS S.A. (EX- VRG LINHAS AÉREAS S.A.);BRASILEIRA;2026;1;SBPA;PORTO ALEGRE;RS;SUL;BRASIL;AMÉRICA DO SUL;SBCT;SÃO JOSÉ DOS PINHAIS;PR;SUL;BRASIL;AMÉRICA DO SUL;DOMÉSTICA;REGULAR;0;0;0;0;0;99324;60876;10573;4945;6185;534;1;0;0;0;186;19800;2,26667;0
GLO;GOL LINHAS AÉREAS S.A. (EX- VRG LINHAS AÉREAS S.A.);BRASILEIRA;2026;1;SBPA;PORTO ALEGRE;RS;SUL;BRASIL;AMÉRICA DO SUL;SBGL;RIO DE JANEIRO;RJ;SUDESTE;BRASIL;AMÉRICA DO SUL;DOMÉSTICA;IMPRODUTIVO;0;0;0;0;0;0;0;0;0;3596;1122;1;0;0;0;0;0;1,8;0
GLO;GOL LINHAS AÉREAS S.A. (EX- VRG LINHAS AÉREAS S.A.);BRASILEIRA;2026;1;SBPA;PORTO ALEGRE;RS;SUL;BRASIL;AMÉRICA DO SUL;SBGL;RIO DE JANEIRO;RJ;SUDESTE;BRASIL;AMÉRICA DO SUL;DOMÉSTICA;REGULAR;23062;459;74711;11;0;33417648;25679214;3567969;2202827;784078;180642;161;81881316;10098;0;29784;3180094;299,317;174941
GLO;GOL LINHAS AÉREAS S.A. (EX- VRG LINHAS AÉREAS S.A.);BRASILEIRA;2026;1;SBPA;PORTO ALEGRE;RS;SUL;BRASIL;AMÉRICA DO SUL;SBGR;GUARULHOS;SP;SUDESTE;BRASIL;AMÉRICA DO SUL;DOMÉSTICA;REGULAR;19535;622;337678;177;0;19600178;16818586;2509943;1714870;666688;123838;143;292429148;153282;0;22633;2898445;254,933;186758
GLO;GOL LINHAS AÉREAS S.A. (EX- VRG LINHAS AÉREAS S.A.);BRASILEIRA;2026;1;SBPA;PORTO ALEGRE;RS;SUL;BRASIL;AMÉRICA DO SUL;SBKP;CAMPINAS;SP;SUDESTE;BRASIL;AMÉRICA DO SUL;DOMÉSTICA;REGULAR;174;5;0;0;0;162564;152076;17305;12658;5895;874;1;0;0;0;186;19800;2,25;1433
GLO;GOL LINHAS AÉREAS S.A. (EX- VRG LINHAS AÉREAS S.A.);BRASILEIRA;2026;1;SBPA;PORTO ALEGRE;RS;SUL;BRASIL;AMÉRICA DO SUL;SBSP;SÃO PAULO;SP;SUDESTE;BRASIL;AMÉRICA DO SUL;DOMÉSTICA;IMPRODUTIVO;0;0;0;0;0;0;0;0;0;2862;838;1;0;0;0;0;0;1,5;0
GLO;GOL LINHAS AÉREAS S.A. (EX- VRG LINHAS AÉREAS S.A.);BRASILEIRA;2026;1;SBPA;PORTO ALEGRE;RS;SUL;BRASIL;AMÉRICA DO SUL;SBSP;SÃO PAULO;SP;SUDESTE;BRASIL;AMÉRICA DO SUL;DOMÉSTICA;REGULAR;28613;925;98551;1806;0;28573286;23977694;3070861;2039316;751854;157544;188;82585738;1513428;0;34097;3664605;296,767;189132
GLO;GOL LINHAS AÉREAS S.A. (EX- VRG LINHAS AÉREAS S.A.);BRASILEIRA;2026;1;SBPA;PORTO ALEGRE;RS;SUL;BRASIL;AMÉRICA DO SUL;SBSV;SALVADOR;BA;NORDESTE;BRASIL;AMÉRICA DO SUL;DOMÉSTICA;NÃO REGULAR;2019;13;1297;1;0;6028260;4673985;641718;395613;117988;32410;14;3002555;2315;0;2604;277200;45,0167;18172
GLO;GOL LINHAS AÉREAS S.A. (EX- VRG LINHAS AÉREAS S.A.);BRASILEIRA;2026;1;SBPA;PORTO ALEGRE;RS;SUL;BRASIL;AMÉRICA DO SUL;SBSV;SALVADOR;BA;NORDESTE;BRASIL;AMÉRICA DO SUL;DOMÉSTICA;REGULAR;877;12;3126;0;0;2152950;2030255;229185;177271;44560;11575;5;7236690;0;0;930;99000;16,1;7675
GLO;GOL LINHAS AÉREAS S.A. (EX- VRG LINHAS AÉREAS S.A.);BRASILEIRA;2026;1;SBPA;PORTO ALEGRE;RS;SUL;BRASIL;AMÉRICA DO SUL;SBVT;VITÓRIA;ES;SUDESTE;BRASIL;AMÉRICA DO SUL;DOMÉSTICA;REGULAR;0;0;0;0;0;286254;269325;30472;24510;6845;1539;1;2667087;3078;0;186;19800;2,35;0
GLO;GOL LINHAS AÉREAS S.A. (EX- VRG LINHAS AÉREAS S.A.);BRASILEIRA;2026;1;SBPF;PASSO FUNDO;RS;SUL;BRASIL;AMÉRICA DO SUL;SBGR;GUARULHOS;SP;SUDESTE;BRASIL;AMÉRICA DO SUL;DOMÉSTICA;REGULAR;2029;23;2113;6;0;1942850;1608997;219814;136560;58676;11102;14;1675609;4758;0;2450;277200;22,0333;17928
GLO;GOL LINHAS AÉREAS S.A. (EX- VRG LINHAS AÉREAS S.A.);BRASILEIRA;2026;1;SBPJ;PALMAS;TO;NORTE;BRASIL;AMÉRICA DO SUL;SBBR;BRASÍLIA;DF;CENTRO-OESTE;BRASIL;AMÉRICA DO SUL;DOMÉSTICA;REGULAR;3816;140;6659;103;0;4111420;3430952;440944;287918;116140;22392;36;4217782;64066;0;6610;708947;45,85;29523
GLO;GOL LINHAS AÉREAS S.A. (EX- VRG LINHAS AÉREAS S.A.);BRASILEIRA;2026;1;SBPJ;PALMAS;TO;NORTE;BRASIL;AMÉRICA DO SUL;SBCF;CONFINS;MG;SUDESTE;BRASIL;AMÉRICA DO SUL;DOMÉSTICA;IMPRODUTIVO;0;0;0;0;0;0;0;0;0;4034;1140;1;0;0;0;0;0;1,78333;0
GLO;GOL LINHAS AÉREAS S.A. (EX- VRG LINHAS AÉREAS S.A.);BRASILEIRA;2026;1;SBPJ;PALMAS;TO;NORTE;BRASIL;AMÉRICA DO SUL;SBGR;GUARULHOS;SP;SUDESTE;BRASIL;AMÉRICA DO SUL;DOMÉSTICA;NÃO REGULAR;633;8;278;0;0;1371750;933675;146025;76559;31707;7375;5;410050;0;0;930;99000;11,4167;4153
GLO;GOL LINHAS AÉREAS S.A. (EX- VRG LINHAS AÉREAS S.A.);BRASILEIRA;2026;1;SBPJ;PALMAS;TO;NORTE;BRASIL;AMÉRICA DO SUL;SBMA;MARABÁ;PA;NORTE;BRASIL;AMÉRICA DO SUL;DOMÉSTICA;REGULAR;0;0;0;0;0;76452;74790;8834;7332;3454;554;1;1073652;0;0;138;15947;1,1;0
GLO;GOL LINHAS AÉREAS S.A. (EX- VRG LINHAS AÉREAS S.A.);BRASILEIRA;2026;1;SBPJ;PALMAS;TO;NORTE;BRASIL;AMÉRICA DO SUL;SBPJ;PALMAS;TO;NORTE;BRASIL;AMÉRICA DO SUL;DOMÉSTICA;IMPRODUTIVO;0;0;0;0;0;0;0;0;0;5098;0;1;0;0;0;172;19800;1,98333;0
GLO;GOL LINHAS AÉREAS S.A. (EX- VRG LINHAS AÉREAS S.A.);BRASILEIRA;2026;1;SBPJ;PALMAS;TO;NORTE;BRASIL;AMÉRICA DO SUL;SWGN;ARAGUAÍNA;TO;NORTE;BRASIL;AMÉRICA DO SUL;DOMÉSTICA;REGULAR;200;17;0;0;0;703824;353958;81012;26871;27065;4092;12;0;0;0;2064;237600;11,0333;966
GLO;GOL LINHAS AÉREAS S.A. (EX- VRG LINHAS AÉREAS S.A.);BRASILEIRA;2026;1;SBPK;PELOTAS;RS;SUL;BRASIL;AMÉRICA DO SUL;SBSP;SÃO PAULO;SP;SUDESTE;BRASIL;AMÉRICA DO SUL;DOMÉSTICA;REGULAR;1387;44;2655;6;0;1899846;1468833;219531;125291;62518;13767;13;2811645;6354;0;1794;207311;23,9167;11637
GLO;GOL LINHAS AÉREAS S.A. (EX- VRG LINHAS AÉREAS S.A.);BRASILEIRA;2026;1;SBPL;PETROLINA;PE;NORDESTE;BRASIL;AMÉRICA DO SUL;SBGR;GUARULHOS;SP;SUDESTE;BRASIL;AMÉRICA DO SUL;DOMÉSTICA;NÃO REGULAR;1234;22;0;0;0;2508768;2080524;267056;172462;62979;13488;8;0;0;0;1488;158400;20,3667;9742
GLO;GOL LINHAS AÉREAS S.A. (EX- VRG LINHAS AÉREAS S.A.);BRASILEIRA;2026;1;SBPL;PETROLINA;PE;NORDESTE;BRASIL;AMÉRICA DO SUL;SBGR;GUARULHOS;SP;SUDESTE;BRASIL;AMÉRICA DO SUL;DOMÉSTICA;REGULAR;5173;76;13551;4;0;9702930;8721678;1034842;757983;240509;52266;31;22846986;6744;0;5755;613800;85,8167;48058
GLO;GOL LINHAS AÉREAS S.A. (EX- VRG LINHAS AÉREAS S.A.);BRASILEIRA;2026;1;SBPL;PETROLINA;PE;NORDESTE;BRASIL;AMÉRICA DO SUL;SBMO;RIO LARGO;AL;NORDESTE;BRASIL;AMÉRICA DO SUL;DOMÉSTICA;IMPRODUTIVO;0;0;0;0;0;0;0;0;0;2578;525;1;0;0;0;0;0;1,11667;0
GLO;GOL LINHAS AÉREAS S.A. (EX- VRG LINHAS AÉREAS S.A.);BRASILEIRA;2026;1;SBPL;PETROLINA;PE;NORDESTE;BRASIL;AMÉRICA DO SUL;SBSV;SALVADOR;BA;NORDESTE;BRASIL;AMÉRICA DO SUL;DOMÉSTICA;REGULAR;1634;15;0;0;0;1183428;756542;126554;61414;30592;6482;14;0;0;0;2556;273347;15,75;10109
GLO;GOL LINHAS AÉREAS S.A. (EX- VRG LINHAS AÉREAS S.A.);BRASILEIRA;2026;1;SBPS;PORTO SEGURO;BA;NORDESTE;BRASIL;AMÉRICA DO SUL;SAEZ;EZEIZA, BUENOS AIRES PROVINCE;;;ARGENTINA;AMÉRICA DO SUL;INTERNACIONAL;NÃO REGULAR;574;1;0;0;0;1925460;1615810;222948;135054;43572;11260;4;0;0;0;684;79200;16,6833;4927
GLO;GOL LINHAS AÉREAS S.A. (EX- VRG LINHAS AÉREAS S.A.);BRASILEIRA;2026;1;SBPS;PORTO SEGURO;BA;NORDESTE;BRASIL;AMÉRICA DO SUL;SAEZ;EZEIZA, BUENOS AIRES PROVINCE;;;ARGENTINA;AMÉRICA DO SUL;INTERNACIONAL;REGULAR;622;0;0;0;0;2446235;1750930;278685;148060;54775;14075;5;0;0;0;869;99000;20,8667;5948
GLO;GOL LINHAS AÉREAS S.A. (EX- VRG LINHAS AÉREAS S.A.);BRASILEIRA;2026;1;SBPS;PORTO SEGURO;BA;NORDESTE;BRASIL;AMÉRICA DO SUL;SBBR;BRASÍLIA;DF;CENTRO-OESTE;BRASIL;AMÉRICA DO SUL;DOMÉSTICA;NÃO REGULAR;4876;48;0;0;0;5454636;4785814;580630;387205;128415;29326;31;0;0;0;5766;613800;53;28580
GLO;GOL LINHAS AÉREAS S.A. (EX- VRG LINHAS AÉREAS S.A.);BRASILEIRA;2026;1;SBPS;PORTO SEGURO;BA;NORDESTE;BRASIL;AMÉRICA DO SUL;SBCF;CONFINS;MG;SUDESTE;BRASIL;AMÉRICA DO SUL;DOMÉSTICA;NÃO REGULAR;6167;36;35;0;0;4247298;3866709;459986;318116;126830;24453;39;21945;0;0;6774;733670;49,2833;44831
GLO;GOL LINHAS AÉREAS S.A. (EX- VRG LINHAS AÉREAS S.A.);BRASILEIRA;2026;1;SBPS;PORTO SEGURO;BA;NORDESTE;BRASIL;AMÉRICA DO SUL;SBCF;CONFINS;MG;SUDESTE;BRASIL;AMÉRICA DO SUL;DOMÉSTICA;REGULAR;7183;123;840;0;0;4986531;4503741;539302;367917;147584;28215;45;526680;0;0;7953;860176;58,3667;47264
GLO;GOL LINHAS AÉREAS S.A. (EX- VRG LINHAS AÉREAS S.A.);BRASILEIRA;2026;1;SBPS;PORTO SEGURO;BA;NORDESTE;BRASIL;AMÉRICA DO SUL;SBGL;RIO DE JANEIRO;RJ;SUDESTE;BRASIL;AMÉRICA DO SUL;DOMÉSTICA;REGULAR;10143;94;19;0;0;9585472;8438976;1021326;694128;258517;51584;62;15808;0;0;11521;1227600;99,2667;73585
GLO;GOL LINHAS AÉREAS S.A. (EX- VRG LINHAS AÉREAS S.A.);BRASILEIRA;2026;1;SBPS;PORTO SEGURO;BA;NORDESTE;BRASIL;AMÉRICA DO SUL;SBGR;GUARULHOS;SP;SUDESTE;BRASIL;AMÉRICA DO SUL;DOMÉSTICA;NÃO REGULAR;360;6;0;0;0;407712;394560;43400;33910;9793;2192;2;0;0;0;372;39600;3,93333;3941
GLO;GOL LINHAS AÉREAS S.A. (EX- VRG LINHAS AÉREAS S.A.);BRASILEIRA;2026;1;SBPS;PORTO SEGURO;BA;NORDESTE;BRASIL;AMÉRICA DO SUL;SBGR;GUARULHOS;SP;SUDESTE;BRASIL;AMÉRICA DO SUL;DOMÉSTICA;REGULAR;12451;170;2218;11;0;15289200;13646296;1627500;1125895;411612;82200;75;2430928;12056;0;13950;1485000;150,5;91265
GLO;GOL LINHAS AÉREAS S.A. (EX- VRG LINHAS AÉREAS S.A.);BRASILEIRA;2026;1;SBPS;PORTO SEGURO;BA;NORDESTE;BRASIL;AMÉRICA DO SUL;SBKP;CAMPINAS;SP;SUDESTE;BRASIL;AMÉRICA DO SUL;DOMÉSTICA;REGULAR;0;0;0;0;0;207390;178400;22077;14316;7039;1115;1;0;0;0;186;19800;3,06667;0
GLO;GOL LINHAS AÉREAS S.A. (EX- VRG LINHAS AÉREAS S.A.);BRASILEIRA;2026;1;SBPS;PORTO SEGURO;BA;NORDESTE;BRASIL;AMÉRICA DO SUL;SBRJ;RIO DE JANEIRO;RJ;SUDESTE;BRASIL;AMÉRICA DO SUL;DOMÉSTICA;NÃO REGULAR;611;0;0;0;0;577530;511407;66735;41310;19103;4185;5;0;0;0;690;79735;7,45;3533
GLO;GOL LINHAS AÉREAS S.A. (EX- VRG LINHAS AÉREAS S.A.);BRASILEIRA;2026;1;SBPS;PORTO SEGURO;BA;NORDESTE;BRASIL;AMÉRICA DO SUL;SBRJ;RIO DE JANEIRO;RJ;SUDESTE;BRASIL;AMÉRICA DO SUL;DOMÉSTICA;REGULAR;1307;3;0;0;0;1270566;1093959;146817;89203;43785;9207;11;0;0;0;1518;175417;17,2667;8556
GLO;GOL LINHAS AÉREAS S.A. (EX- VRG LINHAS AÉREAS S.A.);BRASILEIRA;2026;1;SBPS;PORTO SEGURO;BA;NORDESTE;BRASIL;AMÉRICA DO SUL;SBRP;RIBEIRÃO PRETO;SP;SUDESTE;BRASIL;AMÉRICA DO SUL;DOMÉSTICA;NÃO REGULAR;907;0;0;0;0;980220;955978;104345;83027;26011;5270;5;0;0;0;930;99000;9,18333;10751
GLO;GOL LINHAS AÉREAS S.A. (EX- VRG LINHAS AÉREAS S.A.);BRASILEIRA;2026;1;SBPS;PORTO SEGURO;BA;NORDESTE;BRASIL;AMÉRICA DO SUL;SBSP;SÃO PAULO;SP;SUDESTE;BRASIL;AMÉRICA DO SUL;DOMÉSTICA;REGULAR;16343;217;208;145;0;19821740;18189692;2138280;1493698;559144;111276;99;233792;162980;0;17635;1902405;210,167;115865
GLO;GOL LINHAS AÉREAS S.A. (EX- VRG LINHAS AÉREAS S.A.);BRASILEIRA;2026;1;SBPS;PORTO SEGURO;BA;NORDESTE;BRASIL;AMÉRICA DO SUL;SBSV;SALVADOR;BA;NORDESTE;BRASIL;AMÉRICA DO SUL;DOMÉSTICA;REGULAR;4420;71;12;0;0;2292918;1772420;244564;146627;72607;12431;31;4812;0;0;5718;609947;31,3167;34180
GLO;GOL LINHAS AÉREAS S.A. (EX- VRG LINHAS AÉREAS S.A.);BRASILEIRA;2026;1;SBPV;PORTO VELHO;RO;NORTE;BRASIL;AMÉRICA DO SUL;SBBR;BRASÍLIA;DF;CENTRO-OESTE;BRASIL;AMÉRICA DO SUL;DOMÉSTICA;REGULAR;5220;83;6551;58;0;10297146;9663358;1096142;827438;219845;55361;29;12505859;110722;0;5394;574200;81,6667;48850
GLO;GOL LINHAS AÉREAS S.A. (EX- VRG LINHAS AÉREAS S.A.);BRASILEIRA;2026;1;SBPV;PORTO VELHO;RO;NORTE;BRASIL;AMÉRICA DO SUL;SBCY;VÁRZEA GRANDE;MT;CENTRO-OESTE;BRASIL;AMÉRICA DO SUL;DOMÉSTICA;REGULAR;1036;13;0;0;0;1861770;1186220;199627;99100;44717;10305;9;0;0;0;1626;174347;17,05;8854
GLO;GOL LINHAS AÉREAS S.A. (EX- VRG LINHAS AÉREAS S.A.);BRASILEIRA;2026;1;SBPV;PORTO VELHO;RO;NORTE;BRASIL;AMÉRICA DO SUL;SBEG;MANAUS;AM;NORTE;BRASIL;AMÉRICA DO SUL;DOMÉSTICA;REGULAR;4457;53;669;4;0;4246380;3391777;469666;302778;105741;23591;31;15519834;3044;0;5580;617202;42,1833;43219
GLO;GOL LINHAS AÉREAS S.A. (EX- VRG LINHAS AÉREAS S.A.);BRASILEIRA;2026;1;SBPV;PORTO VELHO;RO;NORTE;BRASIL;AMÉRICA DO SUL;SBMK;MONTES CLAROS;MG;SUDESTE;BRASIL;AMÉRICA DO SUL;DOMÉSTICA;REGULAR;0;0;0;0;0;437100;371300;46530;31612;8678;2350;1;0;0;0;186;19800;3,4;0
GLO;GOL LINHAS AÉREAS S.A. (EX- VRG LINHAS AÉREAS S.A.);BRASILEIRA;2026;1;SBRB;RIO BRANCO;AC;NORTE;BRASIL;AMÉRICA DO SUL;SBBR;BRASÍLIA;DF;CENTRO-OESTE;BRASIL;AMÉRICA DO SUL;DOMÉSTICA;REGULAR;4191;99;5949;3;0;12638700;12018090;1345410;1045871;283662;67950;30;34414410;6795;0;5580;594000;98,2833;48617
GLO;GOL LINHAS AÉREAS S.A. (EX- VRG LINHAS AÉREAS S.A.);BRASILEIRA;2026;1;SBRB;RIO BRANCO;AC;NORTE;BRASIL;AMÉRICA DO SUL;SBCZ;CRUZEIRO DO SUL;AC;NORTE;BRASIL;AMÉRICA DO SUL;DOMÉSTICA;REGULAR;995;38;2751;0;0;1871904;1019424;199257;85176;48301;10064;17;3216928;103008;0;3162;336600;19,2;9309
GLO;GOL LINHAS AÉREAS S.A. (EX- VRG LINHAS AÉREAS S.A.);BRASILEIRA;2026;1;SBRB;RIO BRANCO;AC;NORTE;BRASIL;AMÉRICA DO SUL;SBEG;MANAUS;AM;NORTE;BRASIL;AMÉRICA DO SUL;DOMÉSTICA;REGULAR;2144;25;5839;0;0;2999808;2553984;319326;225923;69790;16128;14;6726528;0;0;2604;277200;25,5;24006
GLO;GOL LINHAS AÉREAS S.A. (EX- VRG LINHAS AÉREAS S.A.);BRASILEIRA;2026;1;SBRF;RECIFE;PE;NORDESTE;BRASIL;AMÉRICA DO SUL;SABE;BUENOS AIRES;;;ARGENTINA;AMÉRICA DO SUL;INTERNACIONAL;REGULAR;1436;3;0;0;0;5850348;5448184;676089;461910;126869;34146;9;0;0;0;1542;178200;47,8833;14049
GLO;GOL LINHAS AÉREAS S.A. (EX- VRG LINHAS AÉREAS S.A.);BRASILEIRA;2026;1;SBRF;RECIFE;PE;NORDESTE;BRASIL;AMÉRICA DO SUL;SACO;CÓRDOBA, CÓRDOBA PROVINCE;;;ARGENTINA;AMÉRICA DO SUL;INTERNACIONAL;REGULAR;777;2;0;0;0;3379020;3092460;394020;255896;75487;19900;5;0;0;0;849;99000;28,1;6021
GLO;GOL LINHAS AÉREAS S.A. (EX- VRG LINHAS AÉREAS S.A.);BRASILEIRA;2026;1;SBRF;RECIFE;PE;NORDESTE;BRASIL;AMÉRICA DO SUL;SAEZ;EZEIZA, BUENOS AIRES PROVINCE;;;ARGENTINA;AMÉRICA DO SUL;INTERNACIONAL;NÃO REGULAR;602;1;0;0;0;2690688;2300844;302700;193655;56516;15288;4;0;0;0;704;79200;21,7833;5519
GLO;GOL LINHAS AÉREAS S.A. (EX- VRG LINHAS AÉREAS S.A.);BRASILEIRA;2026;1;SBRF;RECIFE;PE;NORDESTE;BRASIL;AMÉRICA DO SUL;SBBR;BRASÍLIA;DF;CENTRO-OESTE;BRASIL;AMÉRICA DO SUL;DOMÉSTICA;REGULAR;10829;205;13052;228;0;18379248;17605176;1958567;1499953;440989;99240;60;21588008;377112;0;11112;1184147;155,6;96579
GLO;GOL LINHAS AÉREAS S.A. (EX- VRG LINHAS AÉREAS S.A.);BRASILEIRA;2026;1;SBRF;RECIFE;PE;NORDESTE;BRASIL;AMÉRICA DO SUL;SBFN;FERNANDO DE NORONHA;PE;NORDESTE;BRASIL;AMÉRICA DO SUL;DOMÉSTICA;REGULAR;2151;659;12005;78;0;1838052;1180899;195660;111869;54689;9882;18;6590745;42822;0;3348;356400;21,8;30453
GLO;GOL LINHAS AÉREAS S.A. (EX- VRG LINHAS AÉREAS S.A.);BRASILEIRA;2026;1;SBRF;RECIFE;PE;NORDESTE;BRASIL;AMÉRICA DO SUL;SBGL;RIO DE JANEIRO;RJ;SUDESTE;BRASIL;AMÉRICA DO SUL;DOMÉSTICA;IMPRODUTIVO;0;0;0;0;0;0;0;0;0;7181;1859;1;0;0;0;0;0;2,93333;0
GLO;GOL LINHAS AÉREAS S.A. (EX- VRG LINHAS AÉREAS S.A.);BRASILEIRA;2026;1;SBRF;RECIFE;PE;NORDESTE;BRASIL;AMÉRICA DO SUL;SBGL;RIO DE JANEIRO;RJ;SUDESTE;BRASIL;AMÉRICA DO SUL;DOMÉSTICA;NÃO REGULAR;0;0;0;0;0;345774;249106;36808;22575;8109;1859;1;1987271;0;0;186;19800;3,73333;0
GLO;GOL LINHAS AÉREAS S.A. (EX- VRG LINHAS AÉREAS S.A.);BRASILEIRA;2026;1;SBRF;RECIFE;PE;NORDESTE;BRASIL;AMÉRICA DO SUL;SBGL;RIO DE JANEIRO;RJ;SUDESTE;BRASIL;AMÉRICA DO SUL;DOMÉSTICA;REGULAR;27660;307;25472;233;0;55954041;51419940;5962896;4354832;1310984;301158;162;47352448;433147;0;30099;3207600;462,317;242642
GLO;GOL LINHAS AÉREAS S.A. (EX- VRG LINHAS AÉREAS S.A.);BRASILEIRA;2026;1;SBRF;RECIFE;PE;NORDESTE;BRASIL;AMÉRICA DO SUL;SBGR;GUARULHOS;SP;SUDESTE;BRASIL;AMÉRICA DO SUL;DOMÉSTICA;NÃO REGULAR;6083;142;3062;0;0;14459082;12498849;1539163;1045482;330027;77737;37;4187293;0;0;6882;732600;119,1;50476
GLO;GOL LINHAS AÉREAS S.A. (EX- VRG LINHAS AÉREAS S.A.);BRASILEIRA;2026;1;SBRF;RECIFE;PE;NORDESTE;BRASIL;AMÉRICA DO SUL;SBGR;GUARULHOS;SP;SUDESTE;BRASIL;AMÉRICA DO SUL;DOMÉSTICA;REGULAR;18378;406;361748;305;0;43721810;39738314;5909234;4093341;1276034;289938;138;760923374;640805;0;20810;2812632;451,8;161335
GLO;GOL LINHAS AÉREAS S.A. (EX- VRG LINHAS AÉREAS S.A.);BRASILEIRA;2026;1;SBRF;RECIFE;PE;NORDESTE;BRASIL;AMÉRICA DO SUL;SBPA;PORTO ALEGRE;RS;SUL;BRASIL;AMÉRICA DO SUL;DOMÉSTICA;REGULAR;0;0;0;0;0;;;;;;;;;;;;;;0
GLO;GOL LINHAS AÉREAS S.A. (EX- VRG LINHAS AÉREAS S.A.);BRASILEIRA;2026;1;SBRF;RECIFE;PE;NORDESTE;BRASIL;AMÉRICA DO SUL;SBSP;SÃO PAULO;SP;SUDESTE;BRASIL;AMÉRICA DO SUL;DOMÉSTICA;REGULAR;23071;665;36478;288;0;54579044;49118159;5872165;4177716;1332795;304447;143;77661662;613152;0;25636;2758193;476,583;195523
GLO;GOL LINHAS AÉREAS S.A. (EX- VRG LINHAS AÉREAS S.A.);BRASILEIRA;2026;1;SBRF;RECIFE;PE;NORDESTE;BRASIL;AMÉRICA DO SUL;SBSV;SALVADOR;BA;NORDESTE;BRASIL;AMÉRICA DO SUL;DOMÉSTICA;REGULAR;7647;200;3928;0;0;5914986;5082968;629650;418706;172520;31801;49;2549272;0;0;9114;970200;69,85;52817
GLO;GOL LINHAS AÉREAS S.A. (EX- VRG LINHAS AÉREAS S.A.);BRASILEIRA;2026;1;SBRJ;RIO DE JANEIRO;RJ;SUDESTE;BRASIL;AMÉRICA DO SUL;SBBR;BRASÍLIA;DF;CENTRO-OESTE;BRASIL;AMÉRICA DO SUL;DOMÉSTICA;REGULAR;19448;409;18921;50;0;20657280;18047744;2514672;1491856;719935;155904;168;17558688;46400;0;22260;2709920;284,317;130170
GLO;GOL LINHAS AÉREAS S.A. (EX- VRG LINHAS AÉREAS S.A.);BRASILEIRA;2026;1;SBRJ;RIO DE JANEIRO;RJ;SUDESTE;BRASIL;AMÉRICA DO SUL;SBGR;GUARULHOS;SP;SUDESTE;BRASIL;AMÉRICA DO SUL;DOMÉSTICA;REGULAR;139;1;0;0;0;55566;47677;6791;3651;2242;343;1;0;0;0;162;19800;1,16667;220
GLO;GOL LINHAS AÉREAS S.A. (EX- VRG LINHAS AÉREAS S.A.);BRASILEIRA;2026;1;SBRJ;RIO DE JANEIRO;RJ;SUDESTE;BRASIL;AMÉRICA DO SUL;SBPS;PORTO SEGURO;BA;NORDESTE;BRASIL;AMÉRICA DO SUL;DOMÉSTICA;NÃO REGULAR;491;0;0;0;0;577530;410967;66735;32577;18751;4185;5;0;0;0;690;79735;7,41667;2100
GLO;GOL LINHAS AÉREAS S.A. (EX- VRG LINHAS AÉREAS S.A.);BRASILEIRA;2026;1;SBRJ;RIO DE JANEIRO;RJ;SUDESTE;BRASIL;AMÉRICA DO SUL;SBPS;PORTO SEGURO;BA;NORDESTE;BRASIL;AMÉRICA DO SUL;DOMÉSTICA;REGULAR;1194;3;3;0;0;1270566;999378;146817;80320;40424;9207;11;2511;0;0;1518;175417;16,2333;6415
GLO;GOL LINHAS AÉREAS S.A. (EX- VRG LINHAS AÉREAS S.A.);BRASILEIRA;2026;1;SBRJ;RIO DE JANEIRO;RJ;SUDESTE;BRASIL;AMÉRICA DO SUL;SBRJ;RIO DE JANEIRO;RJ;SUDESTE;BRASIL;AMÉRICA DO SUL;DOMÉSTICA;IMPRODUTIVO;405;9;0;0;0;0;0;0;0;20042;0;4;0;0;0;603;75347;7,66667;2080
GLO;GOL LINHAS AÉREAS S.A. (EX- VRG LINHAS AÉREAS S.A.);BRASILEIRA;2026;1;SBRJ;RIO DE JANEIRO;RJ;SUDESTE;BRASIL;AMÉRICA DO SUL;SBSP;SÃO PAULO;SP;SUDESTE;BRASIL;AMÉRICA DO SUL;DOMÉSTICA;REGULAR;74361;2182;22977;1476;0;34289442;27216126;4184002;2168756;1544455;222162;607;8409582;540216;0;93687;11432944;646,583;326331
GLO;GOL LINHAS AÉREAS S.A. (EX- VRG LINHAS AÉREAS S.A.);BRASILEIRA;2026;1;SBRJ;RIO DE JANEIRO;RJ;SUDESTE;BRASIL;AMÉRICA DO SUL;SBSV;SALVADOR;BA;NORDESTE;BRASIL;AMÉRICA DO SUL;DOMÉSTICA;REGULAR;2908;18;2883;0;0;5149368;3559392;597098;292211;131189;31824;26;3528792;0;0;4207;487829;50,55;17762
GLO;GOL LINHAS AÉREAS S.A. (EX- VRG LINHAS AÉREAS S.A.);BRASILEIRA;2026;1;SBRP;RIBEIRÃO PRETO;SP;SUDESTE;BRASIL;AMÉRICA DO SUL;SBBR;BRASÍLIA;DF;CENTRO-OESTE;BRASIL;AMÉRICA DO SUL;DOMÉSTICA;REGULAR;0;0;0;0;0;108996;92002;11602;7402;2703;586;1;5274;0;0;186;19800;1,11667;0
GLO;GOL LINHAS AÉREAS S.A. (EX- VRG LINHAS AÉREAS S.A.);BRASILEIRA;2026;1;SBRP;RIBEIRÃO PRETO;SP;SUDESTE;BRASIL;AMÉRICA DO SUL;SBPS;PORTO SEGURO;BA;NORDESTE;BRASIL;AMÉRICA DO SUL;DOMÉSTICA;NÃO REGULAR;907;0;0;0;0;980220;955978;104345;81592;24520;5270;5;0;0;0;930;99000;8,5;9389
GLO;GOL LINHAS AÉREAS S.A. (EX- VRG LINHAS AÉREAS S.A.);BRASILEIRA;2026;1;SBRP;RIBEIRÃO PRETO;SP;SUDESTE;BRASIL;AMÉRICA DO SUL;SBSP;SÃO PAULO;SP;SUDESTE;BRASIL;AMÉRICA DO SUL;DOMÉSTICA;REGULAR;3442;160;22;0;0;1404300;1032600;150972;83614;56870;7800;26;6600;0;0;4681;503241;25,0833;20581
GLO;GOL LINHAS AÉREAS S.A. (EX- VRG LINHAS AÉREAS S.A.);BRASILEIRA;2026;1;SBSG;SÃO GONÇALO DO AMARANTE;RN;NORDESTE;BRASIL;AMÉRICA DO SUL;SABE;BUENOS AIRES;;;ARGENTINA;AMÉRICA DO SUL;INTERNACIONAL;REGULAR;784;3;0;0;0;3444430;3121888;394215;269061;75803;19910;5;0;0;0;865;99000;27,7;8770
GLO;GOL LINHAS AÉREAS S.A. (EX- VRG LINHAS AÉREAS S.A.);BRASILEIRA;2026;1;SBSG;SÃO GONÇALO DO AMARANTE;RN;NORDESTE;BRASIL;AMÉRICA DO SUL;SAEZ;EZEIZA, BUENOS AIRES PROVINCE;;;ARGENTINA;AMÉRICA DO SUL;INTERNACIONAL;NÃO REGULAR;1432;8;0;0;0;6854799;5743752;794170;484455;152419;40110;10;0;0;0;1709;198000;56,35;13383
GLO;GOL LINHAS AÉREAS S.A. (EX- VRG LINHAS AÉREAS S.A.);BRASILEIRA;2026;1;SBSG;SÃO GONÇALO DO AMARANTE;RN;NORDESTE;BRASIL;AMÉRICA DO SUL;SBBR;BRASÍLIA;DF;CENTRO-OESTE;BRASIL;AMÉRICA DO SUL;DOMÉSTICA;REGULAR;5273;132;9296;22;0;9862699;9338483;1051950;812695;239669;53130;30;16463216;38962;0;5569;594000;82,5833;54128
GLO;GOL LINHAS AÉREAS S.A. (EX- VRG LINHAS AÉREAS S.A.);BRASILEIRA;2026;1;SBSG;SÃO GONÇALO DO AMARANTE;RN;NORDESTE;BRASIL;AMÉRICA DO SUL;SBCF;CONFINS;MG;SUDESTE;BRASIL;AMÉRICA DO SUL;DOMÉSTICA;REGULAR;0;0;0;0;0;334800;327600;35640;27012;11889;1800;1;0;0;0;186;19800;3,71667;0
GLO;GOL LINHAS AÉREAS S.A. (EX- VRG LINHAS AÉREAS S.A.);BRASILEIRA;2026;1;SBSG;SÃO GONÇALO DO AMARANTE;RN;NORDESTE;BRASIL;AMÉRICA DO SUL;SBGL;RIO DE JANEIRO;RJ;SUDESTE;BRASIL;AMÉRICA DO SUL;DOMÉSTICA;NÃO REGULAR;3705;55;12083;2;0;9239975;7687875;986040;671181;217418;49800;24;25072225;4150;0;4453;475200;75,7833;33508
GLO;GOL LINHAS AÉREAS S.A. (EX- VRG LINHAS AÉREAS S.A.);BRASILEIRA;2026;1;SBSG;SÃO GONÇALO DO AMARANTE;RN;NORDESTE;BRASIL;AMÉRICA DO SUL;SBGL;RIO DE JANEIRO;RJ;SUDESTE;BRASIL;AMÉRICA DO SUL;DOMÉSTICA;REGULAR;9191;162;9416;278;0;22725400;19754000;2424015;1688481;548193;122425;59;26074450;576850;0;10952;1168200;189,267;84611
GLO;GOL LINHAS AÉREAS S.A. (EX- VRG LINHAS AÉREAS S.A.);BRASILEIRA;2026;1;SBSG;SÃO GONÇALO DO AMARANTE;RN;NORDESTE;BRASIL;AMÉRICA DO SUL;SBGR;GUARULHOS;SP;SUDESTE;BRASIL;AMÉRICA DO SUL;DOMÉSTICA;NÃO REGULAR;149;1;0;0;0;427056;342104;45460;27703;9070;2296;1;0;0;0;186;19800;3,45;891
GLO;GOL LINHAS AÉREAS S.A. (EX- VRG LINHAS AÉREAS S.A.);BRASILEIRA;2026;1;SBSG;SÃO GONÇALO DO AMARANTE;RN;NORDESTE;BRASIL;AMÉRICA DO SUL;SBGR;GUARULHOS;SP;SUDESTE;BRASIL;AMÉRICA DO SUL;DOMÉSTICA;REGULAR;18230;471;42475;170;0;44363312;40271840;4727840;3455872;1071521;238784;104;90290200;390320;0;19322;2059200;365,367;155849
GLO;GOL LINHAS AÉREAS S.A. (EX- VRG LINHAS AÉREAS S.A.);BRASILEIRA;2026;1;SBSG;SÃO GONÇALO DO AMARANTE;RN;NORDESTE;BRASIL;AMÉRICA DO SUL;SBKP;CAMPINAS;SP;SUDESTE;BRASIL;AMÉRICA DO SUL;DOMÉSTICA;REGULAR;156;16;0;0;0;853740;768825;90882;64732;22744;4590;2;0;0;0;372;39600;8,01667;1518
GLO;GOL LINHAS AÉREAS S.A. (EX- VRG LINHAS AÉREAS S.A.);BRASILEIRA;2026;1;SBSG;SÃO GONÇALO DO AMARANTE;RN;NORDESTE;BRASIL;AMÉRICA DO SUL;SBSP;SÃO PAULO;SP;SUDESTE;BRASIL;AMÉRICA DO SUL;DOMÉSTICA;REGULAR;5705;98;704;0;0;14671412;13258420;1564510;1101588;340799;79016;34;1636096;0;0;6313;673200;118,933;45434
GLO;GOL LINHAS AÉREAS S.A. (EX- VRG LINHAS AÉREAS S.A.);BRASILEIRA;2026;1;SBSG;SÃO GONÇALO DO AMARANTE;RN;NORDESTE;BRASIL;AMÉRICA DO SUL;SBSV;SALVADOR;BA;NORDESTE;BRASIL;AMÉRICA DO SUL;DOMÉSTICA;NÃO REGULAR;1972;21;2012;0;0;2393820;1691976;254820;139848;61118;12870;15;1726296;0;0;2790;297000;23,1667;13092
GLO;GOL LINHAS AÉREAS S.A. (EX- VRG LINHAS AÉREAS S.A.);BRASILEIRA;2026;1;SBSG;SÃO GONÇALO DO AMARANTE;RN;NORDESTE;BRASIL;AMÉRICA DO SUL;SBSV;SALVADOR;BA;NORDESTE;BRASIL;AMÉRICA DO SUL;DOMÉSTICA;REGULAR;5171;86;11495;17;0;4947228;4436718;526628;381808;125933;26598;31;9862710;14586;0;5766;613800;50,8;45697
GLO;GOL LINHAS AÉREAS S.A. (EX- VRG LINHAS AÉREAS S.A.);BRASILEIRA;2026;1;SBSI;SINOP;MT;CENTRO-OESTE;BRASIL;AMÉRICA DO SUL;SBGR;GUARULHOS;SP;SUDESTE;BRASIL;AMÉRICA DO SUL;DOMÉSTICA;REGULAR;3888;65;4798;65;0;7915860;6240240;985149;524201;222240;49755;31;7700790;104325;0;4932;613800;78,9833;30217
GLO;GOL LINHAS AÉREAS S.A. (EX- VRG LINHAS AÉREAS S.A.);BRASILEIRA;2026;1;SBSJ;SÃO JOSÉ DOS CAMPOS;SP;SUDESTE;BRASIL;AMÉRICA DO SUL;SBCT;SÃO JOSÉ DOS PINHAIS;PR;SUL;BRASIL;AMÉRICA DO SUL;DOMÉSTICA;IMPRODUTIVO;0;0;0;0;0;0;0;0;0;2502;421;1;0;0;0;0;0;1,01667;0
GLO;GOL LINHAS AÉREAS S.A. (EX- VRG LINHAS AÉREAS S.A.);BRASILEIRA;2026;1;SBSJ;SÃO JOSÉ DOS CAMPOS;SP;SUDESTE;BRASIL;AMÉRICA DO SUL;SBGL;RIO DE JANEIRO;RJ;SUDESTE;BRASIL;AMÉRICA DO SUL;DOMÉSTICA;REGULAR;1219;18;0;0;0;607104;331568;64620;25995;19071;3264;12;0;0;0;2232;237600;10,1333;4169
GLO;GOL LINHAS AÉREAS S.A. (EX- VRG LINHAS AÉREAS S.A.);BRASILEIRA;2026;1;SBSJ;SÃO JOSÉ DOS CAMPOS;SP;SUDESTE;BRASIL;AMÉRICA DO SUL;SBGR;GUARULHOS;SP;SUDESTE;BRASIL;AMÉRICA DO SUL;DOMÉSTICA;REGULAR;0;0;0;0;0;12276;11220;1306;998;1440;66;1;49830;0;0;186;19800;0,75;0
GLO;GOL LINHAS AÉREAS S.A. (EX- VRG LINHAS AÉREAS S.A.);BRASILEIRA;2026;1;SBSL;SÃO LUÍS;MA;NORDESTE;BRASIL;AMÉRICA DO SUL;SBBR;BRASÍLIA;DF;CENTRO-OESTE;BRASIL;AMÉRICA DO SUL;DOMÉSTICA;REGULAR;5299;114;4195;59;0;8827746;8112769;939703;695622;215315;47461;31;6422545;90329;0;5766;613800;75,9;52746
GLO;GOL LINHAS AÉREAS S.A. (EX- VRG LINHAS AÉREAS S.A.);BRASILEIRA;2026;1;SBSL;SÃO LUÍS;MA;NORDESTE;BRASIL;AMÉRICA DO SUL;SBGL;RIO DE JANEIRO;RJ;SUDESTE;BRASIL;AMÉRICA DO SUL;DOMÉSTICA;REGULAR;4765;45;6048;1;0;12535819;10726015;1337070;921069;286916;67530;30;13614048;2251;0;5569;594000;99,2833;45766
GLO;GOL LINHAS AÉREAS S.A. (EX- VRG LINHAS AÉREAS S.A.);BRASILEIRA;2026;1;SBSL;SÃO LUÍS;MA;NORDESTE;BRASIL;AMÉRICA DO SUL;SBGR;GUARULHOS;SP;SUDESTE;BRASIL;AMÉRICA DO SUL;DOMÉSTICA;REGULAR;2571;60;44994;2360;0;6503490;5993001;1868935;609946;343427;86247;37;104881014;5501160;0;2790;801786;128,717;23855
GLO;GOL LINHAS AÉREAS S.A. (EX- VRG LINHAS AÉREAS S.A.);BRASILEIRA;2026;1;SBSL;SÃO LUÍS;MA;NORDESTE;BRASIL;AMÉRICA DO SUL;SBSV;SALVADOR;BA;NORDESTE;BRASIL;AMÉRICA DO SUL;DOMÉSTICA;REGULAR;4458;102;436;0;0;7590845;5880102;809596;492270;170134;40889;31;575084;0;0;5755;613800;66,65;38441
GLO;GOL LINHAS AÉREAS S.A. (EX- VRG LINHAS AÉREAS S.A.);BRASILEIRA;2026;1;SBSN;SANTARÉM;PA;NORTE;BRASIL;AMÉRICA DO SUL;SBBE;BELÉM;PA;NORTE;BRASIL;AMÉRICA DO SUL;DOMÉSTICA;REGULAR;3179;37;6137;0;0;3433560;3200680;365508;260596;91116;18460;26;5219210;2840;0;4836;514800;35,6167;21607
GLO;GOL LINHAS AÉREAS S.A. (EX- VRG LINHAS AÉREAS S.A.);BRASILEIRA;2026;1;SBSN;SANTARÉM;PA;NORTE;BRASIL;AMÉRICA DO SUL;SBBR;BRASÍLIA;DF;CENTRO-OESTE;BRASIL;AMÉRICA DO SUL;DOMÉSTICA;REGULAR;2527;61;3607;151;0;;;;;;;;;;;;;;0
GLO;GOL LINHAS AÉREAS S.A. (EX- VRG LINHAS AÉREAS S.A.);BRASILEIRA;2026;1;SBSN;SANTARÉM;PA;NORTE;BRASIL;AMÉRICA DO SUL;SBEG;MANAUS;AM;NORTE;BRASIL;AMÉRICA DO SUL;DOMÉSTICA;REGULAR;3462;30;3402;7;0;3396174;2744740;361522;224080;96724;18259;31;3413255;90706;0;5766;613800;40,1667;25171
GLO;GOL LINHAS AÉREAS S.A. (EX- VRG LINHAS AÉREAS S.A.);BRASILEIRA;2026;1;SBSP;SÃO PAULO;SP;SUDESTE;BRASIL;AMÉRICA DO SUL;SBAR;ARACAJU;SE;NORDESTE;BRASIL;AMÉRICA DO SUL;DOMÉSTICA;REGULAR;6645;88;14733;408;0;14329776;11522430;1621260;976372;321577;83232;48;25547022;707472;0;8264;934988;124,933;49981
GLO;GOL LINHAS AÉREAS S.A. (EX- VRG LINHAS AÉREAS S.A.);BRASILEIRA;2026;1;SBSP;SÃO PAULO;SP;SUDESTE;BRASIL;AMÉRICA DO SUL;SBAU;ARAÇATUBA;SP;SUDESTE;BRASIL;AMÉRICA DO SUL;DOMÉSTICA;REGULAR;2071;56;2154;16;0;1436568;985796;154706;81749;49622;8092;17;1025304;7616;0;3018;325041;20,4;14277
GLO;GOL LINHAS AÉREAS S.A. (EX- VRG LINHAS AÉREAS S.A.);BRASILEIRA;2026;1;SBSP;SÃO PAULO;SP;SUDESTE;BRASIL;AMÉRICA DO SUL;SBBR;BRASÍLIA;DF;CENTRO-OESTE;BRASIL;AMÉRICA DO SUL;DOMÉSTICA;REGULAR;24632;1257;166928;13058;0;26150408;21330864;2816520;1899632;738351;146496;168;144970000;11340360;0;29989;3230075;295,2;179050
GLO;GOL LINHAS AÉREAS S.A. (EX- VRG LINHAS AÉREAS S.A.);BRASILEIRA;2026;1;SBSP;SÃO PAULO;SP;SUDESTE;BRASIL;AMÉRICA DO SUL;SBCF;CONFINS;MG;SUDESTE;BRASIL;AMÉRICA DO SUL;DOMÉSTICA;IMPRODUTIVO;0;0;0;0;0;0;0;0;0;2748;524;1;0;0;0;0;0;1,33333;0
GLO;GOL LINHAS AÉREAS S.A. (EX- VRG LINHAS AÉREAS S.A.);BRASILEIRA;2026;1;SBSP;SÃO PAULO;SP;SUDESTE;BRASIL;AMÉRICA DO SUL;SBCF;CONFINS;MG;SUDESTE;BRASIL;AMÉRICA DO SUL;DOMÉSTICA;REGULAR;21738;953;77850;11338;0;14260660;11471932;1583219;965317;487224;87508;167;41368228;5968884;0;27215;3021478;209,783;120544
GLO;GOL LINHAS AÉREAS S.A. (EX- VRG LINHAS AÉREAS S.A.);BRASILEIRA;2026;1;SBSP;SÃO PAULO;SP;SUDESTE;BRASIL;AMÉRICA DO SUL;SBCG;CAMPO GRANDE;MS;CENTRO-OESTE;BRASIL;AMÉRICA DO SUL;DOMÉSTICA;REGULAR;4946;118;18173;206;0;5102136;4436562;550560;385043;136768;27807;31;16301181;184782;0;5688;613800;53,2167;40157
GLO;GOL LINHAS AÉREAS S.A. (EX- VRG LINHAS AÉREAS S.A.);BRASILEIRA;2026;1;SBSP;SÃO PAULO;SP;SUDESTE;BRASIL;AMÉRICA DO SUL;SBCH;CHAPECÓ;SC;SUL;BRASIL;AMÉRICA DO SUL;DOMÉSTICA;REGULAR;3051;76;7253;99;0;2955288;2190618;330878;184784;94112;18668;26;5207654;71082;0;4116;460858;37,6167;21300
GLO;GOL LINHAS AÉREAS S.A. (EX- VRG LINHAS AÉREAS S.A.);BRASILEIRA;2026;1;SBSP;SÃO PAULO;SP;SUDESTE;BRASIL;AMÉRICA DO SUL;SBCN;CALDAS NOVAS;GO;CENTRO-OESTE;BRASIL;AMÉRICA DO SUL;DOMÉSTICA;NÃO REGULAR;365;18;0;48;0;383346;250755;40806;19864;10305;2061;3;0;32976;0;558;59400;4,25;1541
GLO;GOL LINHAS AÉREAS S.A. (EX- VRG LINHAS AÉREAS S.A.);BRASILEIRA;2026;1;SBSP;SÃO PAULO;SP;SUDESTE;BRASIL;AMÉRICA DO SUL;SBCN;CALDAS NOVAS;GO;CENTRO-OESTE;BRASIL;AMÉRICA DO SUL;DOMÉSTICA;REGULAR;1699;43;0;57;0;1661166;1167213;176826;94156;42991;8931;13;0;39159;0;2418;257400;18,3333;9638
GLO;GOL LINHAS AÉREAS S.A. (EX- VRG LINHAS AÉREAS S.A.);BRASILEIRA;2026;1;SBSP;SÃO PAULO;SP;SUDESTE;BRASIL;AMÉRICA DO SUL;SBCT;SÃO JOSÉ DOS PINHAIS;PR;SUL;BRASIL;AMÉRICA DO SUL;DOMÉSTICA;REGULAR;14457;545;29474;1917;0;6265830;4785267;705116;397019;250352;40382;122;9755894;634527;0;18930;2130478;116,467;85874
GLO;GOL LINHAS AÉREAS S.A. (EX- VRG LINHAS AÉREAS S.A.);BRASILEIRA;2026;1;SBSP;SÃO PAULO;SP;SUDESTE;BRASIL;AMÉRICA DO SUL;SBCX;CAXIAS DO SUL;RS;SUL;BRASIL;AMÉRICA DO SUL;DOMÉSTICA;REGULAR;3367;89;12189;688;0;4122612;2579122;446538;221250;117646;23746;31;9336774;527008;0;5382;582976;44,8667;24143
GLO;GOL LINHAS AÉREAS S.A. (EX- VRG LINHAS AÉREAS S.A.);BRASILEIRA;2026;1;SBSP;SÃO PAULO;SP;SUDESTE;BRASIL;AMÉRICA DO SUL;SBCY;VÁRZEA GRANDE;MT;CENTRO-OESTE;BRASIL;AMÉRICA DO SUL;DOMÉSTICA;NÃO REGULAR;710;2;4763;645;0;1220022;943590;131570;84791;28054;6645;5;6330027;857205;0;918;99000;10,6667;5789
GLO;GOL LINHAS AÉREAS S.A. (EX- VRG LINHAS AÉREAS S.A.);BRASILEIRA;2026;1;SBSP;SÃO PAULO;SP;SUDESTE;BRASIL;AMÉRICA DO SUL;SBCY;VÁRZEA GRANDE;MT;CENTRO-OESTE;BRASIL;AMÉRICA DO SUL;DOMÉSTICA;REGULAR;4927;80;12721;66;0;7051674;6547983;810613;571000;192581;41199;31;16906209;87714;0;5306;609947;69,15;47411
GLO;GOL LINHAS AÉREAS S.A. (EX- VRG LINHAS AÉREAS S.A.);BRASILEIRA;2026;1;SBSP;SÃO PAULO;SP;SUDESTE;BRASIL;AMÉRICA DO SUL;SBDB;BONITO;MS;CENTRO-OESTE;BRASIL;AMÉRICA DO SUL;DOMÉSTICA;REGULAR;2067;28;12;112;0;2435940;2151747;280532;172508;74671;14574;14;12492;116592;0;2340;269494;27,1833;10684
GLO;GOL LINHAS AÉREAS S.A. (EX- VRG LINHAS AÉREAS S.A.);BRASILEIRA;2026;1;SBSP;SÃO PAULO;SP;SUDESTE;BRASIL;AMÉRICA DO SUL;SBDN;PRESIDENTE PRUDENTE;SP;SUDESTE;BRASIL;AMÉRICA DO SUL;DOMÉSTICA;REGULAR;3033;137;5197;145;0;2387016;1558962;256678;131504;77803;13364;26;2671258;74530;0;4644;499388;30,8833;23197
GLO;GOL LINHAS AÉREAS S.A. (EX- VRG LINHAS AÉREAS S.A.);BRASILEIRA;2026;1;SBSP;SÃO PAULO;SP;SUDESTE;BRASIL;AMÉRICA DO SUL;SBFI;FOZ DO IGUAÇU;PR;SUL;BRASIL;AMÉRICA DO SUL;DOMÉSTICA;REGULAR;7582;338;4613;797;0;7838908;6224822;869601;507122;242135;46797;57;3787273;654337;0;9548;1059246;93,9667;44457
GLO;GOL LINHAS AÉREAS S.A. (EX- VRG LINHAS AÉREAS S.A.);BRASILEIRA;2026;1;SBSP;SÃO PAULO;SP;SUDESTE;BRASIL;AMÉRICA DO SUL;SBFL;FLORIANÓPOLIS;SC;SUL;BRASIL;AMÉRICA DO SUL;DOMÉSTICA;REGULAR;32244;738;21122;2333;0;21227024;15795096;2275378;1269916;621631;116632;239;10307536;1138504;0;43498;4662846;281,85;153123
GLO;GOL LINHAS AÉREAS S.A. (EX- VRG LINHAS AÉREAS S.A.);BRASILEIRA;2026;1;SBSP;SÃO PAULO;SP;SUDESTE;BRASIL;AMÉRICA DO SUL;SBFZ;FORTALEZA;CE;NORDESTE;BRASIL;AMÉRICA DO SUL;DOMÉSTICA;REGULAR;13730;351;44894;1873;0;37094736;32581290;4323890;2802265;840907;220689;93;106533462;4444629;0;15632;1822135;314,433;106271
GLO;GOL LINHAS AÉREAS S.A. (EX- VRG LINHAS AÉREAS S.A.);BRASILEIRA;2026;1;SBSP;SÃO PAULO;SP;SUDESTE;BRASIL;AMÉRICA DO SUL;SBGL;RIO DE JANEIRO;RJ;SUDESTE;BRASIL;AMÉRICA DO SUL;DOMÉSTICA;REGULAR;13277;516;74857;9404;0;8380800;4737240;911936;404467;261981;47880;133;26948520;3385440;0;23280;2533222;135,217;62088
GLO;GOL LINHAS AÉREAS S.A. (EX- VRG LINHAS AÉREAS S.A.);BRASILEIRA;2026;1;SBSP;SÃO PAULO;SP;SUDESTE;BRASIL;AMÉRICA DO SUL;SBGO;GOIÂNIA;GO;CENTRO-OESTE;BRASIL;AMÉRICA DO SUL;DOMÉSTICA;REGULAR;20825;464;68459;2043;0;19861164;17130480;2164488;1450096;560640;115080;140;55928880;1679346;0;24162;2633292;226,733;132676
GLO;GOL LINHAS AÉREAS S.A. (EX- VRG LINHAS AÉREAS S.A.);BRASILEIRA;2026;1;SBSP;SÃO PAULO;SP;SUDESTE;BRASIL;AMÉRICA DO SUL;SBGR;GUARULHOS;SP;SUDESTE;BRASIL;AMÉRICA DO SUL;DOMÉSTICA;IMPRODUTIVO;0;0;0;0;0;0;0;0;0;1758;56;2;0;0;0;0;0;1,7;0
GLO;GOL LINHAS AÉREAS S.A. (EX- VRG LINHAS AÉREAS S.A.);BRASILEIRA;2026;1;SBSP;SÃO PAULO;SP;SUDESTE;BRASIL;AMÉRICA DO SUL;SBGR;GUARULHOS;SP;SUDESTE;BRASIL;AMÉRICA DO SUL;DOMÉSTICA;REGULAR;124;1;0;0;0;7728;3472;892;294;2487;56;2;0;0;0;276;31894;1,15;1228
GLO;GOL LINHAS AÉREAS S.A. (EX- VRG LINHAS AÉREAS S.A.);BRASILEIRA;2026;1;SBSP;SÃO PAULO;SP;SUDESTE;BRASIL;AMÉRICA DO SUL;SBIL;ILHÉUS;BA;NORDESTE;BRASIL;AMÉRICA DO SUL;DOMÉSTICA;REGULAR;4368;83;3226;193;0;7508160;5521152;846725;460497;190563;44240;35;4077664;243952;0;5940;669882;71,15;33505
GLO;GOL LINHAS AÉREAS S.A. (EX- VRG LINHAS AÉREAS S.A.);BRASILEIRA;2026;1;SBSP;SÃO PAULO;SP;SUDESTE;BRASIL;AMÉRICA DO SUL;SBJP;SANTA RITA;PB;NORDESTE;BRASIL;AMÉRICA DO SUL;DOMÉSTICA;NÃO REGULAR;777;8;205;1;0;1801016;1723386;219580;145454;43775;11090;5;454690;2218;0;812;99000;15,75;7100
GLO;GOL LINHAS AÉREAS S.A. (EX- VRG LINHAS AÉREAS S.A.);BRASILEIRA;2026;1;SBSP;SÃO PAULO;SP;SUDESTE;BRASIL;AMÉRICA DO SUL;SBJP;SANTA RITA;PB;NORDESTE;BRASIL;AMÉRICA DO SUL;DOMÉSTICA;REGULAR;4668;107;10690;535;0;11167630;10353624;1361396;890246;257269;68758;31;23710420;1186630;0;5035;613800;98,05;40591
GLO;GOL LINHAS AÉREAS S.A. (EX- VRG LINHAS AÉREAS S.A.);BRASILEIRA;2026;1;SBSP;SÃO PAULO;SP;SUDESTE;BRASIL;AMÉRICA DO SUL;SBJV;JOINVILLE;SC;SUL;BRASIL;AMÉRICA DO SUL;DOMÉSTICA;REGULAR;3907;89;9034;144;0;1748323;1410427;200692;118906;66223;11191;31;3261274;51984;0;4843;556005;31,65;27357
GLO;GOL LINHAS AÉREAS S.A. (EX- VRG LINHAS AÉREAS S.A.);BRASILEIRA;2026;1;SBSP;SÃO PAULO;SP;SUDESTE;BRASIL;AMÉRICA DO SUL;SBKG;CAMPINA GRANDE;PB;NORDESTE;BRASIL;AMÉRICA DO SUL;DOMÉSTICA;REGULAR;405;24;3094;125;0;;;;;;;;;;;;;;0
GLO;GOL LINHAS AÉREAS S.A. (EX- VRG LINHAS AÉREAS S.A.);BRASILEIRA;2026;1;SBSP;SÃO PAULO;SP;SUDESTE;BRASIL;AMÉRICA DO SUL;SBLO;LONDRINA;PR;SUL;BRASIL;AMÉRICA DO SUL;DOMÉSTICA;REGULAR;3592;164;16362;144;0;2148936;1645136;232238;143572;72359;11908;26;7493796;65952;0;4692;507094;31,5167;27741
GLO;GOL LINHAS AÉREAS S.A. (EX- VRG LINHAS AÉREAS S.A.);BRASILEIRA;2026;1;SBSP;SÃO PAULO;SP;SUDESTE;BRASIL;AMÉRICA DO SUL;SBMG;MARINGÁ;PR;SUL;BRASIL;AMÉRICA DO SUL;DOMÉSTICA;REGULAR;4763;188;7729;380;0;3069612;2600598;328801;220171;96998;16926;31;4220034;207480;0;5622;602241;38,8167;38320
GLO;GOL LINHAS AÉREAS S.A. (EX- VRG LINHAS AÉREAS S.A.);BRASILEIRA;2026;1;SBSP;SÃO PAULO;SP;SUDESTE;BRASIL;AMÉRICA DO SUL;SBMK;MONTES CLAROS;MG;SUDESTE;BRASIL;AMÉRICA DO SUL;DOMÉSTICA;REGULAR;3046;89;9669;191;0;3075168;2509904;363865;213524;105463;21424;26;7967256;157384;0;3732;441593;41,5167;21029
GLO;GOL LINHAS AÉREAS S.A. (EX- VRG LINHAS AÉREAS S.A.);BRASILEIRA;2026;1;SBSP;SÃO PAULO;SP;SUDESTE;BRASIL;AMÉRICA DO SUL;SBMO;RIO LARGO;AL;NORDESTE;BRASIL;AMÉRICA DO SUL;DOMÉSTICA;REGULAR;8647;173;16275;1620;0;19433248;16844356;2226208;1427006;463946;120776;62;31703700;3155760;0;9976;1142834;175,667;67765
GLO;GOL LINHAS AÉREAS S.A. (EX- VRG LINHAS AÉREAS S.A.);BRASILEIRA;2026;1;SBSP;SÃO PAULO;SP;SUDESTE;BRASIL;AMÉRICA DO SUL;SBNF;NAVEGANTES;SC;SUL;BRASIL;AMÉRICA DO SUL;DOMÉSTICA;REGULAR;21926;403;14534;890;0;11016954;9077364;1243116;732650;379894;69552;168;6017076;368460;0;26611;3002748;177,767;110908
GLO;GOL LINHAS AÉREAS S.A. (EX- VRG LINHAS AÉREAS S.A.);BRASILEIRA;2026;1;SBSP;SÃO PAULO;SP;SUDESTE;BRASIL;AMÉRICA DO SUL;SBNM;SANTO ÂNGELO;RS;SUL;BRASIL;AMÉRICA DO SUL;DOMÉSTICA;REGULAR;1238;42;0;36;0;1543104;1129056;234741;95021;57959;11856;13;0;32832;0;1692;257400;22,4667;11347
GLO;GOL LINHAS AÉREAS S.A. (EX- VRG LINHAS AÉREAS S.A.);BRASILEIRA;2026;1;SBSP;SÃO PAULO;SP;SUDESTE;BRASIL;AMÉRICA DO SUL;SBPA;PORTO ALEGRE;RS;SUL;BRASIL;AMÉRICA DO SUL;DOMÉSTICA;REGULAR;23229;795;69519;2701;0;29298156;19362828;3157050;1624418;732386;161734;193;58256922;2263438;0;34962;3767458;311,65;136854
GLO;GOL LINHAS AÉREAS S.A. (EX- VRG LINHAS AÉREAS S.A.);BRASILEIRA;2026;1;SBSP;SÃO PAULO;SP;SUDESTE;BRASIL;AMÉRICA DO SUL;SBPK;PELOTAS;RS;SUL;BRASIL;AMÉRICA DO SUL;DOMÉSTICA;REGULAR;1369;52;3858;157;0;1899846;1449771;219531;124354;62801;13767;13;4085622;166263;0;1794;207311;24,2833;10900
GLO;GOL LINHAS AÉREAS S.A. (EX- VRG LINHAS AÉREAS S.A.);BRASILEIRA;2026;1;SBSP;SÃO PAULO;SP;SUDESTE;BRASIL;AMÉRICA DO SUL;SBPS;PORTO SEGURO;BA;NORDESTE;BRASIL;AMÉRICA DO SUL;DOMÉSTICA;REGULAR;13259;125;5192;1158;0;20051036;14903116;2182790;1207400;486112;113524;101;5835808;1301592;0;17839;1942005;189,717;74626
GLO;GOL LINHAS AÉREAS S.A. (EX- VRG LINHAS AÉREAS S.A.);BRASILEIRA;2026;1;SBSP;SÃO PAULO;SP;SUDESTE;BRASIL;AMÉRICA DO SUL;SBRF;RECIFE;PE;NORDESTE;BRASIL;AMÉRICA DO SUL;DOMÉSTICA;REGULAR;22075;516;103832;2618;0;54436401;46997675;6167243;4094208;1147704;319350;150;221058328;5573722;0;25569;2896793;464,483;163644
GLO;GOL LINHAS AÉREAS S.A. (EX- VRG LINHAS AÉREAS S.A.);BRASILEIRA;2026;1;SBSP;SÃO PAULO;SP;SUDESTE;BRASIL;AMÉRICA DO SUL;SBRJ;RIO DE JANEIRO;RJ;SUDESTE;BRASIL;AMÉRICA DO SUL;DOMÉSTICA;REGULAR;67480;1800;48747;2220;0;33738612;24697680;4179576;1968366;1250855;221796;606;17841402;812520;0;92182;11420850;594,433;269128
GLO;GOL LINHAS AÉREAS S.A. (EX- VRG LINHAS AÉREAS S.A.);BRASILEIRA;2026;1;SBSP;SÃO PAULO;SP;SUDESTE;BRASIL;AMÉRICA DO SUL;SBRP;RIBEIRÃO PRETO;SP;SUDESTE;BRASIL;AMÉRICA DO SUL;DOMÉSTICA;REGULAR;2305;100;11592;515;0;1404300;691500;150972;59419;54766;7800;26;3477600;154500;0;4681;503241;25,6333;13627
GLO;GOL LINHAS AÉREAS S.A. (EX- VRG LINHAS AÉREAS S.A.);BRASILEIRA;2026;1;SBSP;SÃO PAULO;SP;SUDESTE;BRASIL;AMÉRICA DO SUL;SBSG;SÃO GONÇALO DO AMARANTE;RN;NORDESTE;BRASIL;AMÉRICA DO SUL;DOMÉSTICA;REGULAR;5390;97;11411;1555;0;13955620;12526360;1656540;1067821;316304;83664;36;26519164;3613820;0;6005;712800;119,55;43822
GLO;GOL LINHAS AÉREAS S.A. (EX- VRG LINHAS AÉREAS S.A.);BRASILEIRA;2026;1;SBSP;SÃO PAULO;SP;SUDESTE;BRASIL;AMÉRICA DO SUL;SBSP;SÃO PAULO;SP;SUDESTE;BRASIL;AMÉRICA DO SUL;DOMÉSTICA;IMPRODUTIVO;89;0;0;0;0;0;0;0;0;4405;0;1;0;0;0;138;19800;2,21667;322
GLO;GOL LINHAS AÉREAS S.A. (EX- VRG LINHAS AÉREAS S.A.);BRASILEIRA;2026;1;SBSP;SÃO PAULO;SP;SUDESTE;BRASIL;AMÉRICA DO SUL;SBSR;SÃO JOSÉ DO RIO PRETO;SP;SUDESTE;BRASIL;AMÉRICA DO SUL;DOMÉSTICA;REGULAR;3194;189;5443;6;0;1611588;1344674;184270;112081;66788;10946;26;2291503;2526;0;3828;437740;27;21259
GLO;GOL LINHAS AÉREAS S.A. (EX- VRG LINHAS AÉREAS S.A.);BRASILEIRA;2026;1;SBSP;SÃO PAULO;SP;SUDESTE;BRASIL;AMÉRICA DO SUL;SBSV;SALVADOR;BA;NORDESTE;BRASIL;AMÉRICA DO SUL;DOMÉSTICA;REGULAR;39780;635;191384;5942;0;71127320;59473800;7902072;5156285;1630568;412920;279;287827440;8979160;0;48059;5339256;657,784;275718
GLO;GOL LINHAS AÉREAS S.A. (EX- VRG LINHAS AÉREAS S.A.);BRASILEIRA;2026;1;SBSP;SÃO PAULO;SP;SUDESTE;BRASIL;AMÉRICA DO SUL;SBUL;UBERLÂNDIA;MG;SUDESTE;BRASIL;AMÉRICA DO SUL;DOMÉSTICA;REGULAR;3819;156;19653;200;0;2536992;2108088;275646;185138;76082;14352;26;10848456;110400;0;4596;499388;33,25;29342
GLO;GOL LINHAS AÉREAS S.A. (EX- VRG LINHAS AÉREAS S.A.);BRASILEIRA;2026;1;SBSP;SÃO PAULO;SP;SUDESTE;BRASIL;AMÉRICA DO SUL;SBVT;VITÓRIA;ES;SUDESTE;BRASIL;AMÉRICA DO SUL;DOMÉSTICA;REGULAR;12551;246;46037;879;0;11758824;9577764;1286350;814272;320093;68796;91;34803972;664524;0;15554;1701622;135,833;80745
GLO;GOL LINHAS AÉREAS S.A. (EX- VRG LINHAS AÉREAS S.A.);BRASILEIRA;2026;1;SBSP;SÃO PAULO;SP;SUDESTE;BRASIL;AMÉRICA DO SUL;SBZM;GOIANÁ;MG;SUDESTE;BRASIL;AMÉRICA DO SUL;DOMÉSTICA;REGULAR;2837;52;0;152;0;1978216;1214236;215377;98413;61547;11128;26;0;65056;0;4622;503241;27,5333;17187
GLO;GOL LINHAS AÉREAS S.A. (EX- VRG LINHAS AÉREAS S.A.);BRASILEIRA;2026;1;SBSP;SÃO PAULO;SP;SUDESTE;BRASIL;AMÉRICA DO SUL;SNCP;CORREIA PINTO;SC;SUL;BRASIL;AMÉRICA DO SUL;DOMÉSTICA;REGULAR;1031;19;0;0;0;1007460;597980;131721;48809;43003;8120;14;0;0;0;1737;227111;17,4;6839
GLO;GOL LINHAS AÉREAS S.A. (EX- VRG LINHAS AÉREAS S.A.);BRASILEIRA;2026;1;SBSR;SÃO JOSÉ DO RIO PRETO;SP;SUDESTE;BRASIL;AMÉRICA DO SUL;SBSP;SÃO PAULO;SP;SUDESTE;BRASIL;AMÉRICA DO SUL;DOMÉSTICA;REGULAR;3180;223;8042;0;0;1592222;1338780;184270;111466;66563;10946;26;3385682;0;0;3782;437740;27,6167;18256
GLO;GOL LINHAS AÉREAS S.A. (EX- VRG LINHAS AÉREAS S.A.);BRASILEIRA;2026;1;SBSV;SALVADOR;BA;NORDESTE;BRASIL;AMÉRICA DO SUL;SABE;BUENOS AIRES;;;ARGENTINA;AMÉRICA DO SUL;INTERNACIONAL;REGULAR;1976;0;0;0;0;7544855;6214520;871794;518786;167226;44030;14;0;0;0;2399;277200;63,9333;16758
GLO;GOL LINHAS AÉREAS S.A. (EX- VRG LINHAS AÉREAS S.A.);BRASILEIRA;2026;1;SBSV;SALVADOR;BA;NORDESTE;BRASIL;AMÉRICA DO SUL;SAEZ;EZEIZA, BUENOS AIRES PROVINCE;;;ARGENTINA;AMÉRICA DO SUL;INTERNACIONAL;NÃO REGULAR;1219;1;0;0;0;4415034;3869106;502760;325868;98960;25392;8;0;0;0;1391;158400;38;11244
GLO;GOL LINHAS AÉREAS S.A. (EX- VRG LINHAS AÉREAS S.A.);BRASILEIRA;2026;1;SBSV;SALVADOR;BA;NORDESTE;BRASIL;AMÉRICA DO SUL;SBAR;ARACAJU;SE;NORDESTE;BRASIL;AMÉRICA DO SUL;DOMÉSTICA;REGULAR;3317;64;9666;0;0;1270566;839201;135243;70879;40862;6831;27;2445498;0;0;5022;534600;21,75;21762
GLO;GOL LINHAS AÉREAS S.A. (EX- VRG LINHAS AÉREAS S.A.);BRASILEIRA;2026;1;SBSV;SALVADOR;BA;NORDESTE;BRASIL;AMÉRICA DO SUL;SBBR;BRASÍLIA;DF;CENTRO-OESTE;BRASIL;AMÉRICA DO SUL;DOMÉSTICA;NÃO REGULAR;2262;35;1136;0;0;2825340;2454270;300762;205549;68380;15190;14;1232560;0;0;2604;277200;26,55;18668
GLO;GOL LINHAS AÉREAS S.A. (EX- VRG LINHAS AÉREAS S.A.);BRASILEIRA;2026;1;SBSV;SALVADOR;BA;NORDESTE;BRASIL;AMÉRICA DO SUL;SBBR;BRASÍLIA;DF;CENTRO-OESTE;BRASIL;AMÉRICA DO SUL;DOMÉSTICA;REGULAR;15527;257;8712;48;0;17975195;17047520;1935204;1420077;507926;100905;93;9452520;52080;0;16567;1783605;180,133;120706
GLO;GOL LINHAS AÉREAS S.A. (EX- VRG LINHAS AÉREAS S.A.);BRASILEIRA;2026;1;SBSV;SALVADOR;BA;NORDESTE;BRASIL;AMÉRICA DO SUL;SBCF;CONFINS;MG;SUDESTE;BRASIL;AMÉRICA DO SUL;DOMÉSTICA;IMPRODUTIVO;0;0;0;0;0;0;0;0;0;4494;960;1;0;0;0;0;0;1,66667;0
GLO;GOL LINHAS AÉREAS S.A. (EX- VRG LINHAS AÉREAS S.A.);BRASILEIRA;2026;1;SBSV;SALVADOR;BA;NORDESTE;BRASIL;AMÉRICA DO SUL;SBCF;CONFINS;MG;SUDESTE;BRASIL;AMÉRICA DO SUL;DOMÉSTICA;NÃO REGULAR;3288;44;1729;34;0;3565440;3156480;384372;258882;96527;20160;21;1659840;32640;0;3714;400388;36,35;21351
GLO;GOL LINHAS AÉREAS S.A. (EX- VRG LINHAS AÉREAS S.A.);BRASILEIRA;2026;1;SBSV;SALVADOR;BA;NORDESTE;BRASIL;AMÉRICA DO SUL;SBCF;CONFINS;MG;SUDESTE;BRASIL;AMÉRICA DO SUL;DOMÉSTICA;REGULAR;10226;154;12161;141;0;10564800;9816000;1129383;812762;275517;57600;60;11521920;133440;0;11005;1176441;104,533;66992
GLO;GOL LINHAS AÉREAS S.A. (EX- VRG LINHAS AÉREAS S.A.);BRASILEIRA;2026;1;SBSV;SALVADOR;BA;NORDESTE;BRASIL;AMÉRICA DO SUL;SBCT;SÃO JOSÉ DOS PINHAIS;PR;SUL;BRASIL;AMÉRICA DO SUL;DOMÉSTICA;NÃO REGULAR;2391;13;576;0;0;5038740;4318146;536370;356755;120149;27090;15;1040256;0;0;2790;297000;40,4667;17642
GLO;GOL LINHAS AÉREAS S.A. (EX- VRG LINHAS AÉREAS S.A.);BRASILEIRA;2026;1;SBSV;SALVADOR;BA;NORDESTE;BRASIL;AMÉRICA DO SUL;SBCT;SÃO JOSÉ DOS PINHAIS;PR;SUL;BRASIL;AMÉRICA DO SUL;DOMÉSTICA;REGULAR;891;10;290;0;0;1679580;1609146;178790;135606;42302;9030;5;523740;0;0;930;99000;14,35;7972
GLO;GOL LINHAS AÉREAS S.A. (EX- VRG LINHAS AÉREAS S.A.);BRASILEIRA;2026;1;SBSV;SALVADOR;BA;NORDESTE;BRASIL;AMÉRICA DO SUL;SBCY;VÁRZEA GRANDE;MT;CENTRO-OESTE;BRASIL;AMÉRICA DO SUL;DOMÉSTICA;NÃO REGULAR;1217;9;151;0;0;2503890;2362197;269017;201370;61020;13587;7;293091;0;0;1290;138600;20,35;12321
GLO;GOL LINHAS AÉREAS S.A. (EX- VRG LINHAS AÉREAS S.A.);BRASILEIRA;2026;1;SBSV;SALVADOR;BA;NORDESTE;BRASIL;AMÉRICA DO SUL;SBFZ;FORTALEZA;CE;NORDESTE;BRASIL;AMÉRICA DO SUL;DOMÉSTICA;NÃO REGULAR;2054;12;498;0;0;2596896;2086864;277710;168107;64159;14224;14;505968;0;0;2556;273347;23,8667;10919
GLO;GOL LINHAS AÉREAS S.A. (EX- VRG LINHAS AÉREAS S.A.);BRASILEIRA;2026;1;SBSV;SALVADOR;BA;NORDESTE;BRASIL;AMÉRICA DO SUL;SBFZ;FORTALEZA;CE;NORDESTE;BRASIL;AMÉRICA DO SUL;DOMÉSTICA;REGULAR;7421;159;64422;126;0;8870696;7539736;1538147;944250;331933;73152;72;324765416;128016;0;8731;1513972;123,633;53193
GLO;GOL LINHAS AÉREAS S.A. (EX- VRG LINHAS AÉREAS S.A.);BRASILEIRA;2026;1;SBSV;SALVADOR;BA;NORDESTE;BRASIL;AMÉRICA DO SUL;SBGL;RIO DE JANEIRO;RJ;SUDESTE;BRASIL;AMÉRICA DO SUL;DOMÉSTICA;IMPRODUTIVO;0;0;0;0;0;0;0;0;0;4182;1218;1;0;0;0;0;0;2,13333;0
GLO;GOL LINHAS AÉREAS S.A. (EX- VRG LINHAS AÉREAS S.A.);BRASILEIRA;2026;1;SBSV;SALVADOR;BA;NORDESTE;BRASIL;AMÉRICA DO SUL;SBGL;RIO DE JANEIRO;RJ;SUDESTE;BRASIL;AMÉRICA DO SUL;DOMÉSTICA;NÃO REGULAR;7547;94;2839;0;0;11066748;9192246;1187028;760517;290518;60900;50;3457902;0;0;9086;974588;102,783;55553
GLO;GOL LINHAS AÉREAS S.A. (EX- VRG LINHAS AÉREAS S.A.);BRASILEIRA;2026;1;SBSV;SALVADOR;BA;NORDESTE;BRASIL;AMÉRICA DO SUL;SBGL;RIO DE JANEIRO;RJ;SUDESTE;BRASIL;AMÉRICA DO SUL;DOMÉSTICA;REGULAR;31555;351;21964;75;0;45307164;38435208;4833237;3199079;1162910;244818;201;26945814;93786;0;37198;3968241;419,8;238548
GLO;GOL LINHAS AÉREAS S.A. (EX- VRG LINHAS AÉREAS S.A.);BRASILEIRA;2026;1;SBSV;SALVADOR;BA;NORDESTE;BRASIL;AMÉRICA DO SUL;SBGO;GOIÂNIA;GO;CENTRO-OESTE;BRASIL;AMÉRICA DO SUL;DOMÉSTICA;REGULAR;5496;48;5026;2;0;7147710;6826032;762321;578980;171679;38502;31;6242292;2484;0;5755;613800;63,4;48954
GLO;GOL LINHAS AÉREAS S.A. (EX- VRG LINHAS AÉREAS S.A.);BRASILEIRA;2026;1;SBSV;SALVADOR;BA;NORDESTE;BRASIL;AMÉRICA DO SUL;SBGR;GUARULHOS;SP;SUDESTE;BRASIL;AMÉRICA DO SUL;DOMÉSTICA;NÃO REGULAR;5685;74;809;1;0;9414768;8465160;1006215;699374;233439;50820;35;1528956;1452;0;6484;693000;82,35;42081
GLO;GOL LINHAS AÉREAS S.A. (EX- VRG LINHAS AÉREAS S.A.);BRASILEIRA;2026;1;SBSV;SALVADOR;BA;NORDESTE;BRASIL;AMÉRICA DO SUL;SBGR;GUARULHOS;SP;SUDESTE;BRASIL;AMÉRICA DO SUL;DOMÉSTICA;REGULAR;28153;352;291975;313;0;43735692;40878156;5361143;3785885;1258967;265716;183;392267964;454476;0;30121;3692320;446,817;225786
GLO;GOL LINHAS AÉREAS S.A. (EX- VRG LINHAS AÉREAS S.A.);BRASILEIRA;2026;1;SBSV;SALVADOR;BA;NORDESTE;BRASIL;AMÉRICA DO SUL;SBJP;SANTA RITA;PB;NORDESTE;BRASIL;AMÉRICA DO SUL;DOMÉSTICA;REGULAR;4601;92;2062;0;0;4261074;3400139;453592;282753;103233;22909;31;1523818;0;0;5766;613800;42,8667;35503
GLO;GOL LINHAS AÉREAS S.A. (EX- VRG LINHAS AÉREAS S.A.);BRASILEIRA;2026;1;SBSV;SALVADOR;BA;NORDESTE;BRASIL;AMÉRICA DO SUL;SBKG;CAMPINA GRANDE;PB;NORDESTE;BRASIL;AMÉRICA DO SUL;DOMÉSTICA;REGULAR;1482;14;10080;48;0;1724292;1285047;198086;114937;53106;12258;18;8971494;117813;0;2532;290899;22,8833;14088
GLO;GOL LINHAS AÉREAS S.A. (EX- VRG LINHAS AÉREAS S.A.);BRASILEIRA;2026;1;SBSV;SALVADOR;BA;NORDESTE;BRASIL;AMÉRICA DO SUL;SBKP;CAMPINAS;SP;SUDESTE;BRASIL;AMÉRICA DO SUL;DOMÉSTICA;REGULAR;5268;76;7391;0;0;8135640;7680744;866040;646882;199990;43740;30;10776078;0;0;5580;594000;72,6;41197
GLO;GOL LINHAS AÉREAS S.A. (EX- VRG LINHAS AÉREAS S.A.);BRASILEIRA;2026;1;SBSV;SALVADOR;BA;NORDESTE;BRASIL;AMÉRICA DO SUL;SBMO;RIO LARGO;AL;NORDESTE;BRASIL;AMÉRICA DO SUL;DOMÉSTICA;REGULAR;4641;81;4813;1;0;3133728;2171988;333576;181450;84054;16848;36;2252484;468;0;6696;712800;39,4833;34862
GLO;GOL LINHAS AÉREAS S.A. (EX- VRG LINHAS AÉREAS S.A.);BRASILEIRA;2026;1;SBSV;SALVADOR;BA;NORDESTE;BRASIL;AMÉRICA DO SUL;SBPA;PORTO ALEGRE;RS;SUL;BRASIL;AMÉRICA DO SUL;DOMÉSTICA;NÃO REGULAR;2272;39;2203;0;0;5924085;5259680;641718;443642;135618;32410;14;5099945;0;0;2559;277200;47,3833;19038
GLO;GOL LINHAS AÉREAS S.A. (EX- VRG LINHAS AÉREAS S.A.);BRASILEIRA;2026;1;SBSV;SALVADOR;BA;NORDESTE;BRASIL;AMÉRICA DO SUL;SBPA;PORTO ALEGRE;RS;SUL;BRASIL;AMÉRICA DO SUL;DOMÉSTICA;REGULAR;864;10;972;0;0;2134430;2000160;229185;169173;47662;11575;5;2250180;0;0;922;99000;17,3;7306
GLO;GOL LINHAS AÉREAS S.A. (EX- VRG LINHAS AÉREAS S.A.);BRASILEIRA;2026;1;SBSV;SALVADOR;BA;NORDESTE;BRASIL;AMÉRICA DO SUL;SBPL;PETROLINA;PE;NORDESTE;BRASIL;AMÉRICA DO SUL;DOMÉSTICA;REGULAR;1460;23;2;0;0;1183428;675980;126554;54821;32843;6482;14;926;0;0;2556;273347;14,3667;8917
GLO;GOL LINHAS AÉREAS S.A. (EX- VRG LINHAS AÉREAS S.A.);BRASILEIRA;2026;1;SBSV;SALVADOR;BA;NORDESTE;BRASIL;AMÉRICA DO SUL;SBPS;PORTO SEGURO;BA;NORDESTE;BRASIL;AMÉRICA DO SUL;DOMÉSTICA;REGULAR;4222;90;360;0;0;2312166;1693022;246109;139421;72782;12431;31;144360;0;0;5766;613800;31,2667;30708
GLO;GOL LINHAS AÉREAS S.A. (EX- VRG LINHAS AÉREAS S.A.);BRASILEIRA;2026;1;SBSV;SALVADOR;BA;NORDESTE;BRASIL;AMÉRICA DO SUL;SBRF;RECIFE;PE;NORDESTE;BRASIL;AMÉRICA DO SUL;DOMÉSTICA;REGULAR;6956;167;14295;7;0;5763120;4514444;614299;375322;145504;31152;48;9277455;4543;0;8880;946547;62,8833;42352
GLO;GOL LINHAS AÉREAS S.A. (EX- VRG LINHAS AÉREAS S.A.);BRASILEIRA;2026;1;SBSV;SALVADOR;BA;NORDESTE;BRASIL;AMÉRICA DO SUL;SBRJ;RIO DE JANEIRO;RJ;SUDESTE;BRASIL;AMÉRICA DO SUL;DOMÉSTICA;REGULAR;3289;17;2014;17;0;4503096;4025736;572863;327352;142099;30600;25;2465136;20808;0;3679;468029;51,25;18765
GLO;GOL LINHAS AÉREAS S.A. (EX- VRG LINHAS AÉREAS S.A.);BRASILEIRA;2026;1;SBSV;SALVADOR;BA;NORDESTE;BRASIL;AMÉRICA DO SUL;SBSG;SÃO GONÇALO DO AMARANTE;RN;NORDESTE;BRASIL;AMÉRICA DO SUL;DOMÉSTICA;NÃO REGULAR;1652;8;701;5;0;2384382;1417416;254820;115817;53204;12870;15;601458;4290;0;2779;297000;22,5667;10394
GLO;GOL LINHAS AÉREAS S.A. (EX- VRG LINHAS AÉREAS S.A.);BRASILEIRA;2026;1;SBSV;SALVADOR;BA;NORDESTE;BRASIL;AMÉRICA DO SUL;SBSG;SÃO GONÇALO DO AMARANTE;RN;NORDESTE;BRASIL;AMÉRICA DO SUL;DOMÉSTICA;REGULAR;4638;67;6402;4;0;4937790;3979404;526628;334813;122052;26598;31;5492916;3432;0;5755;613800;48,5667;35992
GLO;GOL LINHAS AÉREAS S.A. (EX- VRG LINHAS AÉREAS S.A.);BRASILEIRA;2026;1;SBSV;SALVADOR;BA;NORDESTE;BRASIL;AMÉRICA DO SUL;SBSL;SÃO LUÍS;MA;NORDESTE;BRASIL;AMÉRICA DO SUL;DOMÉSTICA;REGULAR;4106;73;36662;390;0;7605354;5415814;809596;501018;178170;40889;31;48357178;514410;0;5766;613800;64,1833;35247
GLO;GOL LINHAS AÉREAS S.A. (EX- VRG LINHAS AÉREAS S.A.);BRASILEIRA;2026;1;SBSV;SALVADOR;BA;NORDESTE;BRASIL;AMÉRICA DO SUL;SBSP;SÃO PAULO;SP;SUDESTE;BRASIL;AMÉRICA DO SUL;DOMÉSTICA;IMPRODUTIVO;0;0;0;0;0;0;0;0;0;6026;1480;1;0;0;0;0;0;2,51667;0
GLO;GOL LINHAS AÉREAS S.A. (EX- VRG LINHAS AÉREAS S.A.);BRASILEIRA;2026;1;SBSV;SALVADOR;BA;NORDESTE;BRASIL;AMÉRICA DO SUL;SBSP;SÃO PAULO;SP;SUDESTE;BRASIL;AMÉRICA DO SUL;DOMÉSTICA;REGULAR;45076;802;29057;775;0;72534800;67656720;7889877;5602683;1986619;411440;278;45557360;1218040;0;49010;5331015;706,467;326359
GLO;GOL LINHAS AÉREAS S.A. (EX- VRG LINHAS AÉREAS S.A.);BRASILEIRA;2026;1;SBSV;SALVADOR;BA;NORDESTE;BRASIL;AMÉRICA DO SUL;SBSV;SALVADOR;BA;NORDESTE;BRASIL;AMÉRICA DO SUL;DOMÉSTICA;IMPRODUTIVO;0;0;0;0;0;0;0;0;0;6629;0;1;0;0;0;186;19800;2,21667;0
GLO;GOL LINHAS AÉREAS S.A. (EX- VRG LINHAS AÉREAS S.A.);BRASILEIRA;2026;1;SBSV;SALVADOR;BA;NORDESTE;BRASIL;AMÉRICA DO SUL;SBVT;VITÓRIA;ES;SUDESTE;BRASIL;AMÉRICA DO SUL;DOMÉSTICA;REGULAR;5253;61;2296;0;0;4825992;4433532;514789;369648;126857;26164;31;1937824;0;0;5718;609947;49,55;41721
GLO;GOL LINHAS AÉREAS S.A. (EX- VRG LINHAS AÉREAS S.A.);BRASILEIRA;2026;1;SBTE;TERESINA;PI;NORDESTE;BRASIL;AMÉRICA DO SUL;SBBR;BRASÍLIA;DF;CENTRO-OESTE;BRASIL;AMÉRICA DO SUL;DOMÉSTICA;REGULAR;5256;125;3793;14;0;7373356;6715328;786450;568256;182307;39720;30;5021932;0;0;5569;594000;63,1667;47380
GLO;GOL LINHAS AÉREAS S.A. (EX- VRG LINHAS AÉREAS S.A.);BRASILEIRA;2026;1;SBTE;TERESINA;PI;NORDESTE;BRASIL;AMÉRICA DO SUL;SBCF;CONFINS;MG;SUDESTE;BRASIL;AMÉRICA DO SUL;DOMÉSTICA;REGULAR;0;0;0;0;0;302064;298816;32155;26250;8490;1624;1;0;22736;0;186;19800;2,9;0
GLO;GOL LINHAS AÉREAS S.A. (EX- VRG LINHAS AÉREAS S.A.);BRASILEIRA;2026;1;SBTE;TERESINA;PI;NORDESTE;BRASIL;AMÉRICA DO SUL;SBGR;GUARULHOS;SP;SUDESTE;BRASIL;AMÉRICA DO SUL;DOMÉSTICA;NÃO REGULAR;76;9;0;0;0;386880;158080;41184;12835;6857;2080;1;0;0;0;186;19800;3,28333;471
GLO;GOL LINHAS AÉREAS S.A. (EX- VRG LINHAS AÉREAS S.A.);BRASILEIRA;2026;1;SBTE;TERESINA;PI;NORDESTE;BRASIL;AMÉRICA DO SUL;SBGR;GUARULHOS;SP;SUDESTE;BRASIL;AMÉRICA DO SUL;DOMÉSTICA;REGULAR;5186;129;3276;78;0;11893440;10786880;1316131;913755;289404;66560;32;6814080;578240;0;5718;632756;98,4834;47086
GLO;GOL LINHAS AÉREAS S.A. (EX- VRG LINHAS AÉREAS S.A.);BRASILEIRA;2026;1;SBTE;TERESINA;PI;NORDESTE;BRASIL;AMÉRICA DO SUL;SBSL;SÃO LUÍS;MA;NORDESTE;BRASIL;AMÉRICA DO SUL;DOMÉSTICA;REGULAR;0;0;0;0;0;0;0;145151;54846;38100;6340;20;54856533;43429;0;0;457918;16,3167;0
GLO;GOL LINHAS AÉREAS S.A. (EX- VRG LINHAS AÉREAS S.A.);BRASILEIRA;2026;1;SBUL;UBERLÂNDIA;MG;SUDESTE;BRASIL;AMÉRICA DO SUL;SBBR;BRASÍLIA;DF;CENTRO-OESTE;BRASIL;AMÉRICA DO SUL;DOMÉSTICA;REGULAR;0;0;0;0;0;57290;50213;6672;4289;1930;337;1;0;0;0;170;19800;0,9;0
GLO;GOL LINHAS AÉREAS S.A. (EX- VRG LINHAS AÉREAS S.A.);BRASILEIRA;2026;1;SBUL;UBERLÂNDIA;MG;SUDESTE;BRASIL;AMÉRICA DO SUL;SBSP;SÃO PAULO;SP;SUDESTE;BRASIL;AMÉRICA DO SUL;DOMÉSTICA;REGULAR;3865;165;7840;87;0;2536992;2133480;275646;178447;86550;14352;26;4327680;48024;0;4596;499388;36,0667;25584
GLO;GOL LINHAS AÉREAS S.A. (EX- VRG LINHAS AÉREAS S.A.);BRASILEIRA;2026;1;SBVC;VITÓRIA DA CONQUISTA;BA;NORDESTE;BRASIL;AMÉRICA DO SUL;SBGR;GUARULHOS;SP;SUDESTE;BRASIL;AMÉRICA DO SUL;DOMÉSTICA;NÃO REGULAR;1356;29;271;42;0;1863162;1509228;198333;123180;45015;10017;9;301623;46746;0;1674;178200;16,25;8705
GLO;GOL LINHAS AÉREAS S.A. (EX- VRG LINHAS AÉREAS S.A.);BRASILEIRA;2026;1;SBVC;VITÓRIA DA CONQUISTA;BA;NORDESTE;BRASIL;AMÉRICA DO SUL;SBGR;GUARULHOS;SP;SUDESTE;BRASIL;AMÉRICA DO SUL;DOMÉSTICA;REGULAR;5476;150;2457;116;0;6819351;6094788;727221;505630;173338;36729;33;2734641;129108;0;6127;653400;70,1167;41150
GLO;GOL LINHAS AÉREAS S.A. (EX- VRG LINHAS AÉREAS S.A.);BRASILEIRA;2026;1;SBVT;VITÓRIA;ES;SUDESTE;BRASIL;AMÉRICA DO SUL;SBBR;BRASÍLIA;DF;CENTRO-OESTE;BRASIL;AMÉRICA DO SUL;DOMÉSTICA;REGULAR;5175;73;16811;10;0;5392074;4880025;575168;418767;144285;29233;31;15852773;9430;0;5718;609947;52,1167;39161
GLO;GOL LINHAS AÉREAS S.A. (EX- VRG LINHAS AÉREAS S.A.);BRASILEIRA;2026;1;SBVT;VITÓRIA;ES;SUDESTE;BRASIL;AMÉRICA DO SUL;SBCF;CONFINS;MG;SUDESTE;BRASIL;AMÉRICA DO SUL;DOMÉSTICA;IMPRODUTIVO;0;0;0;0;0;0;0;0;0;2128;392;1;0;0;0;0;0;0,966667;0
GLO;GOL LINHAS AÉREAS S.A. (EX- VRG LINHAS AÉREAS S.A.);BRASILEIRA;2026;1;SBVT;VITÓRIA;ES;SUDESTE;BRASIL;AMÉRICA DO SUL;SBGL;RIO DE JANEIRO;RJ;SUDESTE;BRASIL;AMÉRICA DO SUL;DOMÉSTICA;REGULAR;22916;259;31717;34;0;11541816;9830106;1238620;809738;410321;63536;152;13982936;15048;0;27612;2963364;164,583;135419
GLO;GOL LINHAS AÉREAS S.A. (EX- VRG LINHAS AÉREAS S.A.);BRASILEIRA;2026;1;SBVT;VITÓRIA;ES;SUDESTE;BRASIL;AMÉRICA DO SUL;SBGR;GUARULHOS;SP;SUDESTE;BRASIL;AMÉRICA DO SUL;DOMÉSTICA;NÃO REGULAR;808;8;0;0;0;678900;589840;72270;48522;20797;3650;5;0;0;0;930;99000;8,13333;5872
GLO;GOL LINHAS AÉREAS S.A. (EX- VRG LINHAS AÉREAS S.A.);BRASILEIRA;2026;1;SBVT;VITÓRIA;ES;SUDESTE;BRASIL;AMÉRICA DO SUL;SBGR;GUARULHOS;SP;SUDESTE;BRASIL;AMÉRICA DO SUL;DOMÉSTICA;REGULAR;15347;243;318807;27;0;12339920;11203310;1673322;1172349;458635;81760;112;232729110;19710;0;16904;2292241;173,967;136202
GLO;GOL LINHAS AÉREAS S.A. (EX- VRG LINHAS AÉREAS S.A.);BRASILEIRA;2026;1;SBVT;VITÓRIA;ES;SUDESTE;BRASIL;AMÉRICA DO SUL;SBRF;RECIFE;PE;NORDESTE;BRASIL;AMÉRICA DO SUL;DOMÉSTICA;REGULAR;0;0;0;0;0;0;0;132768;67974;22961;5868;4;67976378;11736;0;0;90504;8,7;0
GLO;GOL LINHAS AÉREAS S.A. (EX- VRG LINHAS AÉREAS S.A.);BRASILEIRA;2026;1;SBVT;VITÓRIA;ES;SUDESTE;BRASIL;AMÉRICA DO SUL;SBSP;SÃO PAULO;SP;SUDESTE;BRASIL;AMÉRICA DO SUL;DOMÉSTICA;REGULAR;13887;312;38273;659;0;11818548;10498572;1279718;879616;361540;67284;89;28934388;498204;0;15633;1692846;139,4;83777
GLO;GOL LINHAS AÉREAS S.A. (EX- VRG LINHAS AÉREAS S.A.);BRASILEIRA;2026;1;SBVT;VITÓRIA;ES;SUDESTE;BRASIL;AMÉRICA DO SUL;SBSV;SALVADOR;BA;NORDESTE;BRASIL;AMÉRICA DO SUL;DOMÉSTICA;REGULAR;5217;45;9451;0;0;4866504;4403148;518041;374883;123281;26164;31;7976644;0;0;5766;613800;47,1667;43468
GLO;GOL LINHAS AÉREAS S.A. (EX- VRG LINHAS AÉREAS S.A.);BRASILEIRA;2026;1;SBVT;VITÓRIA;ES;SUDESTE;BRASIL;AMÉRICA DO SUL;SBVT;VITÓRIA;ES;SUDESTE;BRASIL;AMÉRICA DO SUL;DOMÉSTICA;IMPRODUTIVO;0;0;0;0;0;0;0;0;0;5030;0;1;0;0;0;186;19800;2,21667;0
GLO;GOL LINHAS AÉREAS S.A. (EX- VRG LINHAS AÉREAS S.A.);BRASILEIRA;2026;1;SBZM;GOIANÁ;MG;SUDESTE;BRASIL;AMÉRICA DO SUL;SBSP;SÃO PAULO;SP;SUDESTE;BRASIL;AMÉRICA DO SUL;DOMÉSTICA;REGULAR;3443;70;0;0;0;1978216;1473604;215377;119402;72785;11128;26;0;0;0;4622;503241;31,0667;20789
GLO;GOL LINHAS AÉREAS S.A. (EX- VRG LINHAS AÉREAS S.A.);BRASILEIRA;2026;1;SCEL;SANTIAGO;;;CHILE;AMÉRICA DO SUL;SCEL;SANTIAGO;;;CHILE;AMÉRICA DO SUL;INTERNACIONAL;IMPRODUTIVO;0;0;0;0;0;0;0;0;0;1235;0;1;0;0;0;186;19800;0,85;0
GLO;GOL LINHAS AÉREAS S.A. (EX- VRG LINHAS AÉREAS S.A.);BRASILEIRA;2026;1;SGAS;ASUNCIÓN;;;PARAGUAI;AMÉRICA DO SUL;SBGL;RIO DE JANEIRO;RJ;SUDESTE;BRASIL;AMÉRICA DO SUL;INTERNACIONAL;NÃO REGULAR;1984;4;0;0;0;3110976;2922432;349980;245702;69685;17676;12;0;0;0;2112;237600;27,6833;18008
GLO;GOL LINHAS AÉREAS S.A. (EX- VRG LINHAS AÉREAS S.A.);BRASILEIRA;2026;1;SGAS;ASUNCIÓN;;;PARAGUAI;AMÉRICA DO SUL;SBGR;GUARULHOS;SP;SUDESTE;BRASIL;AMÉRICA DO SUL;INTERNACIONAL;REGULAR;5008;29;1723;0;0;5988579;5694096;675360;499817;154592;34110;30;1959051;0;0;5267;594000;59,5;62284
GLO;GOL LINHAS AÉREAS S.A. (EX- VRG LINHAS AÉREAS S.A.);BRASILEIRA;2026;1;SKBO;BOGOTÁ;;;COLÔMBIA;AMÉRICA DO SUL;SBBR;BRASÍLIA;DF;CENTRO-OESTE;BRASIL;AMÉRICA DO SUL;INTERNACIONAL;REGULAR;1976;43;0;0;0;9074912;7277608;1020922;638068;184141;51562;14;0;0;0;2464;277200;75,4;25049
GLO;GOL LINHAS AÉREAS S.A. (EX- VRG LINHAS AÉREAS S.A.);BRASILEIRA;2026;1;SKBO;BOGOTÁ;;;COLÔMBIA;AMÉRICA DO SUL;SBEG;MANAUS;AM;NORTE;BRASIL;AMÉRICA DO SUL;INTERNACIONAL;NÃO REGULAR;116;0;0;0;0;314512;207292;35382;18704;6942;1787;1;0;0;0;176;19800;3,06667;1767
GLO;GOL LINHAS AÉREAS S.A. (EX- VRG LINHAS AÉREAS S.A.);BRASILEIRA;2026;1;SKBO;BOGOTÁ;;;COLÔMBIA;AMÉRICA DO SUL;SBEG;MANAUS;AM;NORTE;BRASIL;AMÉRICA DO SUL;INTERNACIONAL;REGULAR;821;11;167;0;0;2201584;1467127;247674;127890;48232;12509;7;298429;0;0;1232;138600;20,3833;9827
GLO;GOL LINHAS AÉREAS S.A. (EX- VRG LINHAS AÉREAS S.A.);BRASILEIRA;2026;1;SLVR;SANTA CRUZ;;;BOLÍVIA;AMÉRICA DO SUL;SBCT;SÃO JOSÉ DOS PINHAIS;PR;SUL;BRASIL;AMÉRICA DO SUL;INTERNACIONAL;REGULAR;0;0;0;0;0;296912;296912;33402;26860;10015;1687;1;0;0;0;176;19800;3,88333;0
GLO;GOL LINHAS AÉREAS S.A. (EX- VRG LINHAS AÉREAS S.A.);BRASILEIRA;2026;1;SLVR;SANTA CRUZ;;;BOLÍVIA;AMÉRICA DO SUL;SBGR;GUARULHOS;SP;SUDESTE;BRASIL;AMÉRICA DO SUL;INTERNACIONAL;REGULAR;4292;34;2472;0;0;8135600;7610484;915250;681567;199187;46225;25;4570728;0;0;4400;495000;70,9333;60169
GLO;GOL LINHAS AÉREAS S.A. (EX- VRG LINHAS AÉREAS S.A.);BRASILEIRA;2026;1;SMJP;ZANDERIJ;;;SURINAME;AMÉRICA DO SUL;SBBE;BELÉM;PA;NORTE;BRASIL;AMÉRICA DO SUL;INTERNACIONAL;REGULAR;1094;14;0;0;0;1686960;1165110;189783;104917;40824;9585;9;0;0;0;1584;178200;16;16468
GLO;GOL LINHAS AÉREAS S.A. (EX- VRG LINHAS AÉREAS S.A.);BRASILEIRA;2026;1;SNCP;CORREIA PINTO;SC;SUL;BRASIL;AMÉRICA DO SUL;SBSP;SÃO PAULO;SP;SUDESTE;BRASIL;AMÉRICA DO SUL;DOMÉSTICA;REGULAR;1145;16;0;0;0;1120560;664100;131721;53819;44782;8120;14;0;0;0;1932;227111;20,0333;6928
GLO;GOL LINHAS AÉREAS S.A. (EX- VRG LINHAS AÉREAS S.A.);BRASILEIRA;2026;1;SULS;MALDONADO/PUNTA DEL ESTE, MALDONADO;;;URUGUAI;AMÉRICA DO SUL;SABE;BUENOS AIRES;;;ARGENTINA;AMÉRICA DO SUL;INTERNACIONAL;REGULAR;1032;0;0;0;0;477020;414190;54351;33846;18096;2745;9;0;0;0;1564;178200;9,23333;9133
GLO;GOL LINHAS AÉREAS S.A. (EX- VRG LINHAS AÉREAS S.A.);BRASILEIRA;2026;1;SULS;MALDONADO/PUNTA DEL ESTE, MALDONADO;;;URUGUAI;AMÉRICA DO SUL;SBGR;GUARULHOS;SP;SUDESTE;BRASIL;AMÉRICA DO SUL;INTERNACIONAL;REGULAR;852;4;0;0;0;2406096;2275462;270684;192800;57642;13671;9;0;0;0;1584;178200;21,6667;14579
GLO;GOL LINHAS AÉREAS S.A. (EX- VRG LINHAS AÉREAS S.A.);BRASILEIRA;2026;1;SUMU;MONTEVIDEO, MONTEVIDEO;;;URUGUAI;AMÉRICA DO SUL;SBFZ;FORTALEZA;CE;NORDESTE;BRASIL;AMÉRICA DO SUL;INTERNACIONAL;REGULAR;803;0;0;0;0;3218922;3129291;385800;260064;68892;19485;5;0;0;0;826;99000;25,1;6510
GLO;GOL LINHAS AÉREAS S.A. (EX- VRG LINHAS AÉREAS S.A.);BRASILEIRA;2026;1;SUMU;MONTEVIDEO, MONTEVIDEO;;;URUGUAI;AMÉRICA DO SUL;SBGL;RIO DE JANEIRO;RJ;SUDESTE;BRASIL;AMÉRICA DO SUL;INTERNACIONAL;REGULAR;2761;16;0;0;0;5371680;5036064;613955;413523;118389;31008;17;0;0;0;2945;336600;44,05;19642
GLO;GOL LINHAS AÉREAS S.A. (EX- VRG LINHAS AÉREAS S.A.);BRASILEIRA;2026;1;SUMU;MONTEVIDEO, MONTEVIDEO;;;URUGUAI;AMÉRICA DO SUL;SBGR;GUARULHOS;SP;SUDESTE;BRASIL;AMÉRICA DO SUL;INTERNACIONAL;REGULAR;5054;91;7696;0;0;8239360;7674160;932580;682734;213009;47100;30;12082720;0;0;5248;594000;75,7833;62717
GLO;GOL LINHAS AÉREAS S.A. (EX- VRG LINHAS AÉREAS S.A.);BRASILEIRA;2026;1;SUMU;MONTEVIDEO, MONTEVIDEO;;;URUGUAI;AMÉRICA DO SUL;SBKP;CAMPINAS;SP;SUDESTE;BRASIL;AMÉRICA DO SUL;INTERNACIONAL;REGULAR;0;0;0;0;0;276848;261118;31145;22951;10140;1573;1;0;0;0;176;19800;3,86667;0
GLO;GOL LINHAS AÉREAS S.A. (EX- VRG LINHAS AÉREAS S.A.);BRASILEIRA;2026;1;SWGN;ARAGUAÍNA;TO;NORTE;BRASIL;AMÉRICA DO SUL;SBBR;BRASÍLIA;DF;CENTRO-OESTE;BRASIL;AMÉRICA DO SUL;DOMÉSTICA;REGULAR;977;14;0;0;0;;;;;;;;;;;;;;0
GLO;GOL LINHAS AÉREAS S.A. (EX- VRG LINHAS AÉREAS S.A.);BRASILEIRA;2026;1;SWGN;ARAGUAÍNA;TO;NORTE;BRASIL;AMÉRICA DO SUL;SBPJ;PALMAS;TO;NORTE;BRASIL;AMÉRICA DO SUL;DOMÉSTICA;REGULAR;122;16;0;0;0;824538;374759;87763;28286;24975;4433;13;0;0;0;2418;257400;10,9;544
GLO;GOL LINHAS AÉREAS S.A. (EX- VRG LINHAS AÉREAS S.A.);BRASILEIRA;2026;1;TFFF;LE LAMENTIN, FORT-DE-FRANCE;;;MARTINICA;AMÉRICA DO NORTE;SBEG;MANAUS;AM;NORTE;BRASIL;AMÉRICA DO SUL;INTERNACIONAL;NÃO REGULAR;629;0;0;0;0;1401582;1234727;155468;113495;32247;7852;4;0;0;0;714;79200;12,1;10643
GLO;GOL LINHAS AÉREAS S.A. (EX- VRG LINHAS AÉREAS S.A.);BRASILEIRA;2026;1;TLPL;VIEUX-FORT, SAINT LUCIA;;;SANTA LÚCIA;AMÉRICA CENTRAL;SBEG;MANAUS;AM;NORTE;BRASIL;AMÉRICA DO SUL;INTERNACIONAL;NÃO REGULAR;0;181;0;0;0;347448;0;36986;668;7614;1868;1;0;0;0;186;19800;2,93333;358
GLO;GOL LINHAS AÉREAS S.A. (EX- VRG LINHAS AÉREAS S.A.);BRASILEIRA;2026;1;TNCA;ORANJESTAD, ARUBA;;;ARUBA;AMÉRICA DO SUL;SBGR;GUARULHOS;SP;SUDESTE;BRASIL;AMÉRICA DO SUL;INTERNACIONAL;NÃO REGULAR;115;3;0;0;0;835296;545790;93970;49401;17367;4746;1;0;0;0;176;19800;7,48333;1784
GLO;GOL LINHAS AÉREAS S.A. (EX- VRG LINHAS AÉREAS S.A.);BRASILEIRA;2026;1;TNCA;ORANJESTAD, ARUBA;;;ARUBA;AMÉRICA DO SUL;SBGR;GUARULHOS;SP;SUDESTE;BRASIL;AMÉRICA DO SUL;INTERNACIONAL;REGULAR;1560;17;0;0;0;9738792;7403760;1127640;639104;226730;56952;12;0;0;0;2052;237600;89,7;17663
GTI;ATLAS AIR INC;ESTRANGEIRA;2026;1;KDFW;DALLAS & FORT WORTH, TEXAS;;;ESTADOS UNIDOS DA AMÉRICA;AMÉRICA DO NORTE;SBKP;CAMPINAS;SP;SUDESTE;BRASIL;AMÉRICA DO SUL;INTERNACIONAL;NÃO REGULAR;0;0;65385;0;0;0;0;1012293;533737;0;8163;1;533737760;0;0;0;124010;10,467;0
GTI;ATLAS AIR INC;ESTRANGEIRA;2026;1;KMIA;MIAMI, FLORIDA;;;ESTADOS UNIDOS DA AMÉRICA;AMÉRICA DO NORTE;SBEG;MANAUS;AM;NORTE;BRASIL;AMÉRICA DO SUL;INTERNACIONAL;REGULAR;0;0;1100798;0;0;0;0;6870782;4267786;0;58155;15;4267793864;0;0;0;1772193;80,918;0
GTI;ATLAS AIR INC;ESTRANGEIRA;2026;1;KMIA;MIAMI, FLORIDA;;;ESTADOS UNIDOS DA AMÉRICA;AMÉRICA DO NORTE;SBGL;RIO DE JANEIRO;RJ;SUDESTE;BRASIL;AMÉRICA DO SUL;INTERNACIONAL;REGULAR;0;0;646553;0;0;0;0;7670496;5725498;0;60453;9;5725503616;0;0;0;1141953;73,149;0
GTI;ATLAS AIR INC;ESTRANGEIRA;2026;1;KMIA;MIAMI, FLORIDA;;;ESTADOS UNIDOS DA AMÉRICA;AMÉRICA DO NORTE;SBGR;GUARULHOS;SP;SUDESTE;BRASIL;AMÉRICA DO SUL;INTERNACIONAL;NÃO REGULAR;0;0;1200046;0;0;0;0;12206824;7889095;0;92036;14;7889102400;0;0;0;1856834;118,617;0
GTI;ATLAS AIR INC;ESTRANGEIRA;2026;1;KMIA;MIAMI, FLORIDA;;;ESTADOS UNIDOS DA AMÉRICA;AMÉRICA DO NORTE;SBGR;GUARULHOS;SP;SUDESTE;BRASIL;AMÉRICA DO SUL;INTERNACIONAL;REGULAR;0;0;1685168;0;0;0;0;14765897;11078286;0;111758;17;11078294432;0;0;0;2246106;143,135;0
GTI;ATLAS AIR INC;ESTRANGEIRA;2026;1;KMIA;MIAMI, FLORIDA;;;ESTADOS UNIDOS DA AMÉRICA;AMÉRICA DO NORTE;SBKP;CAMPINAS;SP;SUDESTE;BRASIL;AMÉRICA DO SUL;INTERNACIONAL;NÃO REGULAR;0;0;72564;0;0;0;0;5638976;471373;0;45472;7;471375744;0;0;0;868070;58,952;0
GTI;ATLAS AIR INC;ESTRANGEIRA;2026;1;KMIA;MIAMI, FLORIDA;;;ESTADOS UNIDOS DA AMÉRICA;AMÉRICA DO NORTE;SBKP;CAMPINAS;SP;SUDESTE;BRASIL;AMÉRICA DO SUL;INTERNACIONAL;REGULAR;0;0;1590436;0;0;0;0;14030668;8994348;0;110432;17;8994355040;0;0;0;2159896;138,501;0
GTI;ATLAS AIR INC;ESTRANGEIRA;2026;1;KMIA;MIAMI, FLORIDA;;;ESTADOS UNIDOS DA AMÉRICA;AMÉRICA DO NORTE;SCEL;SANTIAGO;;;CHILE;AMÉRICA DO SUL;INTERNACIONAL;NÃO REGULAR;0;0;0;0;0;;;;;;;;;;;;;;0
GTI;ATLAS AIR INC;ESTRANGEIRA;2026;1;KMIA;MIAMI, FLORIDA;;;ESTADOS UNIDOS DA AMÉRICA;AMÉRICA DO NORTE;SCEL;SANTIAGO;;;CHILE;AMÉRICA DO SUL;INTERNACIONAL;REGULAR;0;0;0;0;0;;;;;;;;;;;;;;0
GTI;ATLAS AIR INC;ESTRANGEIRA;2026;1;KMIA;MIAMI, FLORIDA;;;ESTADOS UNIDOS DA AMÉRICA;AMÉRICA DO NORTE;SEQM;QUITO;;;EQUADOR;AMÉRICA DO SUL;INTERNACIONAL;NÃO REGULAR;0;0;0;0;0;;;;;;;;;;;;;;0
GTI;ATLAS AIR INC;ESTRANGEIRA;2026;1;KMIA;MIAMI, FLORIDA;;;ESTADOS UNIDOS DA AMÉRICA;AMÉRICA DO NORTE;SEQM;QUITO;;;EQUADOR;AMÉRICA DO SUL;INTERNACIONAL;REGULAR;0;0;0;0;0;;;;;;;;;;;;;;0
GTI;ATLAS AIR INC;ESTRANGEIRA;2026;1;KMIA;MIAMI, FLORIDA;;;ESTADOS UNIDOS DA AMÉRICA;AMÉRICA DO NORTE;SKBO;BOGOTÁ;;;COLÔMBIA;AMÉRICA DO SUL;INTERNACIONAL;REGULAR;0;0;0;0;0;;;;;;;;;;;;;;0
GTI;ATLAS AIR INC;ESTRANGEIRA;2026;1;SBEG;MANAUS;AM;NORTE;BRASIL;AMÉRICA DO SUL;SEQM;QUITO;;;EQUADOR;AMÉRICA DO SUL;INTERNACIONAL;REGULAR;0;0;160841;0;0;0;0;3652482;331485;0;30915;15;331493305;0;0;0;1772193;50,05;0
GTI;ATLAS AIR INC;ESTRANGEIRA;2026;1;SBGL;RIO DE JANEIRO;RJ;SUDESTE;BRASIL;AMÉRICA DO SUL;SBKP;CAMPINAS;SP;SUDESTE;BRASIL;AMÉRICA DO SUL;INTERNACIONAL;REGULAR;0;0;0;0;0;0;0;197420;81921;0;1592;4;81923126;0;0;0;496040;5,749;0
GTI;ATLAS AIR INC;ESTRANGEIRA;2026;1;SBGL;RIO DE JANEIRO;RJ;SUDESTE;BRASIL;AMÉRICA DO SUL;SCEL;SANTIAGO;;;CHILE;AMÉRICA DO SUL;INTERNACIONAL;REGULAR;0;0;296464;0;0;0;0;1895107;869823;0;14670;5;869825392;0;0;0;645913;23,599;0
GTI;ATLAS AIR INC;ESTRANGEIRA;2026;1;SBGR;GUARULHOS;SP;SUDESTE;BRASIL;AMÉRICA DO SUL;SCEL;SANTIAGO;;;CHILE;AMÉRICA DO SUL;INTERNACIONAL;NÃO REGULAR;0;0;854668;0;0;0;0;3813667;2234097;0;28754;11;2234102208;0;0;0;1458941;46,034;0
GTI;ATLAS AIR INC;ESTRANGEIRA;2026;1;SBGR;GUARULHOS;SP;SUDESTE;BRASIL;AMÉRICA DO SUL;SCEL;SANTIAGO;;;CHILE;AMÉRICA DO SUL;INTERNACIONAL;REGULAR;0;0;1168745;0;0;0;0;4831223;3055092;0;36596;14;3055099420;0;0;0;1848213;58,217;0
GTI;ATLAS AIR INC;ESTRANGEIRA;2026;1;SBGR;GUARULHOS;SP;SUDESTE;BRASIL;AMÉRICA DO SUL;SEQM;QUITO;;;EQUADOR;AMÉRICA DO SUL;INTERNACIONAL;NÃO REGULAR;0;0;32494;0;0;0;0;1714518;140015;0;12927;3;140016649;0;0;0;397893;17,616;0
GTI;ATLAS AIR INC;ESTRANGEIRA;2026;1;SBGR;GUARULHOS;SP;SUDESTE;BRASIL;AMÉRICA DO SUL;SEQM;QUITO;;;EQUADOR;AMÉRICA DO SUL;INTERNACIONAL;REGULAR;0;0;22054;0;0;0;0;1143012;95029;0;8618;2;95030684;0;0;0;265262;11,75;0
GTI;ATLAS AIR INC;ESTRANGEIRA;2026;1;SBGR;GUARULHOS;SP;SUDESTE;BRASIL;AMÉRICA DO SUL;SKBO;BOGOTÁ;;;COLÔMBIA;AMÉRICA DO SUL;INTERNACIONAL;REGULAR;0;0;15048;0;0;0;0;575088;65248;0;4336;1;65248128;0;0;0;132631;5,65;0
GTI;ATLAS AIR INC;ESTRANGEIRA;2026;1;SBKP;CAMPINAS;SP;SUDESTE;BRASIL;AMÉRICA DO SUL;KMIA;MIAMI, FLORIDA;;;ESTADOS UNIDOS DA AMÉRICA;AMÉRICA DO NORTE;INTERNACIONAL;NÃO REGULAR;0;0;342030;0;0;0;0;3222272;2221826;0;25984;4;2221826816;0;0;0;496040;32,099;0
GTI;ATLAS AIR INC;ESTRANGEIRA;2026;1;SBKP;CAMPINAS;SP;SUDESTE;BRASIL;AMÉRICA DO SUL;MSLP;SAN SALVADOR;;;EL SALVADOR;AMÉRICA CENTRAL;INTERNACIONAL;NÃO REGULAR;0;0;273618;0;0;0;0;3027332;1669889;0;24412;4;1669890624;0;0;0;496040;29,933;0
GTI;ATLAS AIR INC;ESTRANGEIRA;2026;1;SBKP;CAMPINAS;SP;SUDESTE;BRASIL;AMÉRICA DO SUL;MSLP;SAN SALVADOR;;;EL SALVADOR;AMÉRICA CENTRAL;INTERNACIONAL;REGULAR;0;0;229842;0;0;0;0;3027332;1402724;0;24412;4;1402725728;0;0;0;496040;31,267;0
GTI;ATLAS AIR INC;ESTRANGEIRA;2026;1;SBKP;CAMPINAS;SP;SUDESTE;BRASIL;AMÉRICA DO SUL;SCEL;SANTIAGO;;;CHILE;AMÉRICA DO SUL;INTERNACIONAL;REGULAR;0;0;384832;0;0;0;0;1324778;993250;0;10324;4;993251392;0;0;0;513282;16,117;0
GTI;ATLAS AIR INC;ESTRANGEIRA;2026;1;SBKP;CAMPINAS;SP;SUDESTE;BRASIL;AMÉRICA DO SUL;SEQM;QUITO;;;EQUADOR;AMÉRICA DO SUL;INTERNACIONAL;REGULAR;0;0;382842;0;0;0;0;2657391;1618270;0;21135;5;1618273120;0;0;0;628671;28,1;0
GTI;ATLAS AIR INC;ESTRANGEIRA;2026;1;SBKP;CAMPINAS;SP;SUDESTE;BRASIL;AMÉRICA DO SUL;SPJC;CALLAO/LIMA, LIMA METROPOLITAN AREA;;;PERU;AMÉRICA DO SUL;INTERNACIONAL;REGULAR;0;0;675154;0;0;0;0;3457946;2293494;0;27176;8;2293498128;0;0;0;1017943;37,401;0
HFY;SPRINGJET S.A. (EX -HI FLY - TRANSPORTES AÉREOS S/A.);ESTRANGEIRA;2026;1;LPPR;PORTO;;;PORTUGAL;EUROPA;SBSV;SALVADOR;BA;NORDESTE;BRASIL;AMÉRICA DO SUL;INTERNACIONAL;NÃO REGULAR;186;0;0;0;0;1963377;1254942;151807;112944;0;6747;1;0;0;0;291;22500;8,667;0
HFY;SPRINGJET S.A. (EX -HI FLY - TRANSPORTES AÉREOS S/A.);ESTRANGEIRA;2026;1;LPPT;LISBOA;;;PORTUGAL;EUROPA;SBFZ;FORTALEZA;CE;NORDESTE;BRASIL;AMÉRICA DO SUL;INTERNACIONAL;NÃO REGULAR;140;0;0;0;0;1633092;1459120;159942;131320;0;5612;1;0;0;0;291;28500;7,317;0
HFY;SPRINGJET S.A. (EX -HI FLY - TRANSPORTES AÉREOS S/A.);ESTRANGEIRA;2026;1;LPPT;LISBOA;;;PORTUGAL;EUROPA;SBMO;RIO LARGO;AL;NORDESTE;BRASIL;AMÉRICA DO SUL;INTERNACIONAL;NÃO REGULAR;37;0;0;0;0;;;;;;;;;;;;;;0
HFY;SPRINGJET S.A. (EX -HI FLY - TRANSPORTES AÉREOS S/A.);ESTRANGEIRA;2026;1;LPPT;LISBOA;;;PORTUGAL;EUROPA;SBRF;RECIFE;PE;NORDESTE;BRASIL;AMÉRICA DO SUL;INTERNACIONAL;NÃO REGULAR;200;0;0;0;0;1704387;1388109;146425;124929;0;5857;1;0;0;0;291;25000;7,383;0
HFY;SPRINGJET S.A. (EX -HI FLY - TRANSPORTES AÉREOS S/A.);ESTRANGEIRA;2026;1;LPPT;LISBOA;;;PORTUGAL;EUROPA;SBSG;SÃO GONÇALO DO AMARANTE;RN;NORDESTE;BRASIL;AMÉRICA DO SUL;INTERNACIONAL;NÃO REGULAR;120;0;0;0;0;;;;;;;;;;;;;;0
HFY;SPRINGJET S.A. (EX -HI FLY - TRANSPORTES AÉREOS S/A.);ESTRANGEIRA;2026;1;SBFZ;FORTALEZA;CE;NORDESTE;BRASIL;AMÉRICA DO SUL;SBSG;SÃO GONÇALO DO AMARANTE;RN;NORDESTE;BRASIL;AMÉRICA DO SUL;INTERNACIONAL;NÃO REGULAR;0;0;0;0;0;120765;49800;5395;4482;0;415;1;0;0;0;291;13000;0,833;0
HFY;SPRINGJET S.A. (EX -HI FLY - TRANSPORTES AÉREOS S/A.);ESTRANGEIRA;2026;1;SBMO;RIO LARGO;AL;NORDESTE;BRASIL;AMÉRICA DO SUL;LPPR;PORTO;;;PORTUGAL;EUROPA;INTERNACIONAL;NÃO REGULAR;288;0;0;0;0;1830099;1811232;188670;163010;0;6289;1;0;0;0;291;30000;7,767;0
HFY;SPRINGJET S.A. (EX -HI FLY - TRANSPORTES AÉREOS S/A.);ESTRANGEIRA;2026;1;SBMO;RIO LARGO;AL;NORDESTE;BRASIL;AMÉRICA DO SUL;LPPT;LISBOA;;;PORTUGAL;EUROPA;INTERNACIONAL;NÃO REGULAR;198;0;0;0;0;1757058;1720830;181140;154874;0;6038;1;0;0;0;291;30000;7,567;0
HFY;SPRINGJET S.A. (EX -HI FLY - TRANSPORTES AÉREOS S/A.);ESTRANGEIRA;2026;1;SBRF;RECIFE;PE;NORDESTE;BRASIL;AMÉRICA DO SUL;SBMO;RIO LARGO;AL;NORDESTE;BRASIL;AMÉRICA DO SUL;INTERNACIONAL;NÃO REGULAR;0;0;0;0;0;52671;6697;905;602;0;181;1;0;0;0;291;5000;0,683;0
HFY;SPRINGJET S.A. (EX -HI FLY - TRANSPORTES AÉREOS S/A.);ESTRANGEIRA;2026;1;SBSG;SÃO GONÇALO DO AMARANTE;RN;NORDESTE;BRASIL;AMÉRICA DO SUL;LPPT;LISBOA;;;PORTUGAL;EUROPA;INTERNACIONAL;NÃO REGULAR;87;0;0;0;0;;;;;;;;;;;;;;0
HFY;SPRINGJET S.A. (EX -HI FLY - TRANSPORTES AÉREOS S/A.);ESTRANGEIRA;2026;1;SBSG;SÃO GONÇALO DO AMARANTE;RN;NORDESTE;BRASIL;AMÉRICA DO SUL;SBMO;RIO LARGO;AL;NORDESTE;BRASIL;AMÉRICA DO SUL;INTERNACIONAL;NÃO REGULAR;0;0;0;0;0;121929;36453;4190;3280;0;419;1;0;0;0;291;10000;0,933;0
HFY;SPRINGJET S.A. (EX -HI FLY - TRANSPORTES AÉREOS S/A.);ESTRANGEIRA;2026;1;SBSV;SALVADOR;BA;NORDESTE;BRASIL;AMÉRICA DO SUL;LPPR;PORTO;;;PORTUGAL;EUROPA;INTERNACIONAL;NÃO REGULAR;287;0;0;0;0;1963377;1936389;205783;174275;0;6747;1;0;0;0;291;30500;7,983;0
IBE;IBÉRIA LINEAS AEREAS DE ESPAÑA SOCIEDAD ANONIMA OPERADORA;ESTRANGEIRA;2026;1;LEMD;MADRID;;;ESPANHA;EUROPA;SBFZ;FORTALEZA;CE;NORDESTE;BRASIL;AMÉRICA DO SUL;INTERNACIONAL;REGULAR;935;7;0;0;0;6532396;5676385;947076;510872;0;36426;6;0;0;0;1076;156000;47,967;0
IBE;IBÉRIA LINEAS AEREAS DE ESPAÑA SOCIEDAD ANONIMA OPERADORA;ESTRANGEIRA;2026;1;LEMD;MADRID;;;ESPANHA;EUROPA;SBGL;RIO DE JANEIRO;RJ;SUDESTE;BRASIL;AMÉRICA DO SUL;INTERNACIONAL;REGULAR;4575;107;69438;0;0;40009917;37272525;6232455;3920229;0;138499;17;565711386;0;0;4911;765000;176,669;0
IBE;IBÉRIA LINEAS AEREAS DE ESPAÑA SOCIEDAD ANONIMA OPERADORA;ESTRANGEIRA;2026;1;LEMD;MADRID;;;ESPANHA;EUROPA;SBGR;GUARULHOS;SP;SUDESTE;BRASIL;AMÉRICA DO SUL;INTERNACIONAL;NÃO REGULAR;327;0;3611;0;0;2915544;2739606;452412;276817;0;8378;1;30252958;0;0;348;54000;10,2;0
IBE;IBÉRIA LINEAS AEREAS DE ESPAÑA SOCIEDAD ANONIMA OPERADORA;ESTRANGEIRA;2026;1;LEMD;MADRID;;;ESPANHA;EUROPA;SBGR;GUARULHOS;SP;SUDESTE;BRASIL;AMÉRICA DO SUL;INTERNACIONAL;REGULAR;18094;157;325025;4548;7270;163094526;151591532;24924550;16427172;0;511058;61;2723059448;38103146;60908060;19467;2975000;638,497;0
IBE;IBÉRIA LINEAS AEREAS DE ESPAÑA SOCIEDAD ANONIMA OPERADORA;ESTRANGEIRA;2026;1;LEMD;MADRID;;;ESPANHA;EUROPA;SBRF;RECIFE;PE;NORDESTE;BRASIL;AMÉRICA DO SUL;INTERNACIONAL;REGULAR;2131;10;0;0;0;14529257;13397597;2125006;1205777;0;81731;13;0;0;0;2311;338000;112,2;0
IBE;IBÉRIA LINEAS AEREAS DE ESPAÑA SOCIEDAD ANONIMA OPERADORA;ESTRANGEIRA;2026;1;SBFZ;FORTALEZA;CE;NORDESTE;BRASIL;AMÉRICA DO SUL;LEMD;MADRID;;;ESPANHA;EUROPA;INTERNACIONAL;REGULAR;1015;6;0;0;0;6532396;6162065;947076;554582;0;36426;6;0;0;0;1076;156000;44,583;0
IBE;IBÉRIA LINEAS AEREAS DE ESPAÑA SOCIEDAD ANONIMA OPERADORA;ESTRANGEIRA;2026;1;SBGL;RIO DE JANEIRO;RJ;SUDESTE;BRASIL;AMÉRICA DO SUL;LEMD;MADRID;;;ESPANHA;EUROPA;INTERNACIONAL;REGULAR;4694;108;98530;0;0;40018064;38242018;6232455;4244497;0;138499;17;802723911;0;0;4912;765000;170,933;0
IBE;IBÉRIA LINEAS AEREAS DE ESPAÑA SOCIEDAD ANONIMA OPERADORA;ESTRANGEIRA;2026;1;SBGR;GUARULHOS;SP;SUDESTE;BRASIL;AMÉRICA DO SUL;LEMD;MADRID;;;ESPANHA;EUROPA;INTERNACIONAL;REGULAR;18890;159;515492;0;0;166110606;158260420;25443986;18562200;0;519436;62;4318791952;0;0;19827;3037000;617,001;0
IBE;IBÉRIA LINEAS AEREAS DE ESPAÑA SOCIEDAD ANONIMA OPERADORA;ESTRANGEIRA;2026;1;SBRF;RECIFE;PE;NORDESTE;BRASIL;AMÉRICA DO SUL;LEMD;MADRID;;;ESPANHA;EUROPA;INTERNACIONAL;REGULAR;2245;43;0;0;0;14604701;14114315;2125006;1270281;0;81731;13;0;0;0;2323;338000;113,133;0
ICE;ICELANDAIR;ESTRANGEIRA;2026;1;GVAC;ILHA DO SAL;;;CABO VERDE;ÁFRICA;SBGL;RIO DE JANEIRO;RJ;SUDESTE;BRASIL;AMÉRICA DO SUL;INTERNACIONAL;NÃO REGULAR;55;0;0;0;0;905464;270655;265734;24358;0;4921;1;0;0;0;184;54000;6,33333;0
ICE;ICELANDAIR;ESTRANGEIRA;2026;1;SBFI;FOZ DO IGUAÇU;PR;SUL;BRASIL;AMÉRICA DO SUL;SAEZ;EZEIZA, BUENOS AIRES PROVINCE;;;ARGENTINA;AMÉRICA DO SUL;INTERNACIONAL;NÃO REGULAR;0;0;0;0;0;201848;60335;59238;5430;0;1097;1;0;0;0;184;54000;2;0
ICE;ICELANDAIR;ESTRANGEIRA;2026;1;SBGL;RIO DE JANEIRO;RJ;SUDESTE;BRASIL;AMÉRICA DO SUL;SAEZ;EZEIZA, BUENOS AIRES PROVINCE;;;ARGENTINA;AMÉRICA DO SUL;INTERNACIONAL;NÃO REGULAR;55;0;0;0;0;;;;;;;;;;;;;;0
ICE;ICELANDAIR;ESTRANGEIRA;2026;1;SBGL;RIO DE JANEIRO;RJ;SUDESTE;BRASIL;AMÉRICA DO SUL;SBFI;FOZ DO IGUAÇU;PR;SUL;BRASIL;AMÉRICA DO SUL;INTERNACIONAL;NÃO REGULAR;0;0;0;0;0;217120;64900;63720;5841;0;1180;1;0;0;0;184;54000;2,3;0
ITY;ITALIA TRANSPORTO AEREO S.P.A.;ESTRANGEIRA;2026;1;LIRF;ROME;;;ITÁLIA;EUROPA;SBGL;RIO DE JANEIRO;RJ;SUDESTE;BRASIL;AMÉRICA DO SUL;INTERNACIONAL;NÃO REGULAR;281;3;0;0;0;2668761;2577051;421866;231934;0;9171;1;0;0;0;291;46000;12,217;0
ITY;ITALIA TRANSPORTO AEREO S.P.A.;ESTRANGEIRA;2026;1;LIRF;ROME;;;ITÁLIA;EUROPA;SBGL;RIO DE JANEIRO;RJ;SUDESTE;BRASIL;AMÉRICA DO SUL;INTERNACIONAL;REGULAR;7943;189;130015;0;0;80062830;72845253;12655980;7748426;0;275130;30;1192367570;0;0;8730;1380000;360,683;0
ITY;ITALIA TRANSPORTO AEREO S.P.A.;ESTRANGEIRA;2026;1;LIRF;ROME;;;ITÁLIA;EUROPA;SBGR;GUARULHOS;SP;SUDESTE;BRASIL;AMÉRICA DO SUL;INTERNACIONAL;REGULAR;16932;223;325362;0;0;173491736;159719556;28165050;17443867;0;584846;62;3069139735;0;0;18392;2985800;766,112;0
ITY;ITALIA TRANSPORTO AEREO S.P.A.;ESTRANGEIRA;2026;1;SBGL;RIO DE JANEIRO;RJ;SUDESTE;BRASIL;AMÉRICA DO SUL;LIRF;ROME;;;ITÁLIA;EUROPA;INTERNACIONAL;REGULAR;8102;223;122135;0;0;80090343;74303442;12655980;7807395;0;275130;30;1120100087;0;0;8733;1380000;327,885;0
ITY;ITALIA TRANSPORTO AEREO S.P.A.;ESTRANGEIRA;2026;1;SBGR;GUARULHOS;SP;SUDESTE;BRASIL;AMÉRICA DO SUL;LIRF;ROME;;;ITÁLIA;EUROPA;INTERNACIONAL;NÃO REGULAR;284;7;0;0;0;2745003;2678972;433918;241107;0;9433;1;0;0;0;291;46000;11,55;0
ITY;ITALIA TRANSPORTO AEREO S.P.A.;ESTRANGEIRA;2026;1;SBGR;GUARULHOS;SP;SUDESTE;BRASIL;AMÉRICA DO SUL;LIRF;ROME;;;ITÁLIA;EUROPA;INTERNACIONAL;REGULAR;16734;303;149577;0;0;168001730;157851822;27297214;15617592;0;565980;60;1410959846;0;0;17810;2893800;669,45;0
JAT;JETSMART AIRLINES SPA - CHILE;ESTRANGEIRA;2026;1;SAME;MENDOZA, MENDOZA PROVINCE;;;ARGENTINA;AMÉRICA DO SUL;SBGL;RIO DE JANEIRO;RJ;SUDESTE;BRASIL;AMÉRICA DO SUL;INTERNACIONAL;REGULAR;1759;0;0;0;0;8542560;7603426;891809;684302;0;35594;13;0;0;0;3120;325718;48,15;0
JAT;JETSMART AIRLINES SPA - CHILE;ESTRANGEIRA;2026;1;SAME;MENDOZA, MENDOZA PROVINCE;;;ARGENTINA;AMÉRICA DO SUL;SCEL;SANTIAGO;;;CHILE;AMÉRICA DO SUL;INTERNACIONAL;REGULAR;1124;0;0;0;0;611520;347900;67126;31304;0;2548;13;0;0;0;3120;342508;12,4667;0
JAT;JETSMART AIRLINES SPA - CHILE;ESTRANGEIRA;2026;1;SBFI;FOZ DO IGUAÇU;PR;SUL;BRASIL;AMÉRICA DO SUL;SCEL;SANTIAGO;;;CHILE;AMÉRICA DO SUL;INTERNACIONAL;REGULAR;2671;0;0;0;0;5833062;4799787;614490;431972;0;28752;16;0;0;0;3246;341957;51,0167;0
JAT;JETSMART AIRLINES SPA - CHILE;ESTRANGEIRA;2026;1;SBFL;FLORIANÓPOLIS;SC;SUL;BRASIL;AMÉRICA DO SUL;SCEL;SANTIAGO;;;CHILE;AMÉRICA DO SUL;INTERNACIONAL;REGULAR;13340;0;0;0;0;37391922;29574780;3982632;2661692;0;166275;75;0;0;0;16866;1796423;275,683;0
JAT;JETSMART AIRLINES SPA - CHILE;ESTRANGEIRA;2026;1;SBGL;RIO DE JANEIRO;RJ;SUDESTE;BRASIL;AMÉRICA DO SUL;SAME;MENDOZA, MENDOZA PROVINCE;;;ARGENTINA;AMÉRICA DO SUL;INTERNACIONAL;REGULAR;1609;0;0;0;0;8542560;6187880;928758;556902;0;35594;13;0;0;0;3120;339212;55,8167;0
JAT;JETSMART AIRLINES SPA - CHILE;ESTRANGEIRA;2026;1;SBGL;RIO DE JANEIRO;RJ;SUDESTE;BRASIL;AMÉRICA DO SUL;SCEL;SANTIAGO;;;CHILE;AMÉRICA DO SUL;INTERNACIONAL;REGULAR;15530;0;2066;0;0;51984612;43731270;5462914;3941836;0;231786;79;6061644;0;0;17718;1861945;369,983;0
JAT;JETSMART AIRLINES SPA - CHILE;ESTRANGEIRA;2026;1;SBGL;RIO DE JANEIRO;RJ;SUDESTE;BRASIL;AMÉRICA DO SUL;SUMU;MONTEVIDEO, MONTEVIDEO;;;URUGUAI;AMÉRICA DO SUL;INTERNACIONAL;REGULAR;5581;0;110;0;0;13176576;10243584;1414761;922110;0;56544;31;200640;0;0;7224;775645;92,4833;0
JAT;JETSMART AIRLINES SPA - CHILE;ESTRANGEIRA;2026;1;SBPA;PORTO ALEGRE;RS;SUL;BRASIL;AMÉRICA DO SUL;SBFL;FLORIANÓPOLIS;SC;SUL;BRASIL;AMÉRICA DO SUL;INTERNACIONAL;REGULAR;;;;;;87120;47190;8740;4247;0;363;1;0;0;0;240;24079;1,05;
JAT;JETSMART AIRLINES SPA - CHILE;ESTRANGEIRA;2026;1;SCEL;SANTIAGO;;;CHILE;AMÉRICA DO SUL;SAME;MENDOZA, MENDOZA PROVINCE;;;ARGENTINA;AMÉRICA DO SUL;INTERNACIONAL;REGULAR;965;0;0;0;0;611520;388668;67456;34975;0;2548;13;0;0;0;3120;344189;13,9667;0
JAT;JETSMART AIRLINES SPA - CHILE;ESTRANGEIRA;2026;1;SCEL;SANTIAGO;;;CHILE;AMÉRICA DO SUL;SBFI;FOZ DO IGUAÇU;PR;SUL;BRASIL;AMÉRICA DO SUL;INTERNACIONAL;REGULAR;2684;0;0;0;0;5833062;4823148;596391;434076;0;28752;16;0;0;0;3246;331886;45,7833;0
JAT;JETSMART AIRLINES SPA - CHILE;ESTRANGEIRA;2026;1;SCEL;SANTIAGO;;;CHILE;AMÉRICA DO SUL;SBFL;FLORIANÓPOLIS;SC;SUL;BRASIL;AMÉRICA DO SUL;INTERNACIONAL;REGULAR;14885;0;0;0;0;37391922;32711835;3855749;2944030;0;166275;75;0;0;0;16866;1739191;247,75;0
JAT;JETSMART AIRLINES SPA - CHILE;ESTRANGEIRA;2026;1;SCEL;SANTIAGO;;;CHILE;AMÉRICA DO SUL;SBGL;RIO DE JANEIRO;RJ;SUDESTE;BRASIL;AMÉRICA DO SUL;INTERNACIONAL;REGULAR;16917;0;79;0;0;51984612;46750356;5370135;4207724;0;231786;79;231786;0;0;17718;1830325;327,633;0
JAT;JETSMART AIRLINES SPA - CHILE;ESTRANGEIRA;2026;1;SCEL;SANTIAGO;;;CHILE;AMÉRICA DO SUL;SBPA;PORTO ALEGRE;RS;SUL;BRASIL;AMÉRICA DO SUL;INTERNACIONAL;REGULAR;0;0;0;0;0;453840;245830;47921;22124;0;1891;1;0;0;0;240;25342;4,067;0
JAT;JETSMART AIRLINES SPA - CHILE;ESTRANGEIRA;2026;1;SCEL;SANTIAGO;;;CHILE;AMÉRICA DO SUL;SUMU;MONTEVIDEO, MONTEVIDEO;;;URUGUAI;AMÉRICA DO SUL;INTERNACIONAL;REGULAR;35;0;0;0;0;;;;;;;;;;;;;;0
JAT;JETSMART AIRLINES SPA - CHILE;ESTRANGEIRA;2026;1;SUMU;MONTEVIDEO, MONTEVIDEO;;;URUGUAI;AMÉRICA DO SUL;SBGL;RIO DE JANEIRO;RJ;SUDESTE;BRASIL;AMÉRICA DO SUL;INTERNACIONAL;REGULAR;6444;0;164;0;0;13176576;11801280;1357272;1062399;0;56544;31;299136;0;0;7224;744127;84,5333;0
JAT;JETSMART AIRLINES SPA - CHILE;ESTRANGEIRA;2026;1;SUMU;MONTEVIDEO, MONTEVIDEO;;;URUGUAI;AMÉRICA DO SUL;SCEL;SANTIAGO;;;CHILE;AMÉRICA DO SUL;INTERNACIONAL;REGULAR;26;0;0;0;0;;;;;;;;;;;;;;0
JES;JETSMART AIRLINES S.A - ARGENTINA;ESTRANGEIRA;2026;1;SABE;BUENOS AIRES;;;ARGENTINA;AMÉRICA DO SUL;SBFL;FLORIANÓPOLIS;SC;SUL;BRASIL;AMÉRICA DO SUL;INTERNACIONAL;REGULAR;5497;0;0;0;0;7585704;6656867;770751;599101;0;32697;27;0;0;0;6264;636468;52,2833;0
JES;JETSMART AIRLINES S.A - ARGENTINA;ESTRANGEIRA;2026;1;SABE;BUENOS AIRES;;;ARGENTINA;AMÉRICA DO SUL;SBGL;RIO DE JANEIRO;RJ;SUDESTE;BRASIL;AMÉRICA DO SUL;INTERNACIONAL;REGULAR;14147;0;0;0;0;31366170;27268681;3093825;2454138;0;141768;72;0;0;0;15930;1571286;209,9;0
JES;JETSMART AIRLINES S.A - ARGENTINA;ESTRANGEIRA;2026;1;SABE;BUENOS AIRES;;;ARGENTINA;AMÉRICA DO SUL;SGAS;ASUNCIÓN;;;PARAGUAI;AMÉRICA DO SUL;INTERNACIONAL;REGULAR;618;0;0;0;0;1934400;952640;174179;85733;0;10400;10;0;0;0;1860;167484;17,6;0
JES;JETSMART AIRLINES S.A - ARGENTINA;ESTRANGEIRA;2026;1;SACO;CÓRDOBA, CÓRDOBA PROVINCE;;;ARGENTINA;AMÉRICA DO SUL;SBGL;RIO DE JANEIRO;RJ;SUDESTE;BRASIL;AMÉRICA DO SUL;INTERNACIONAL;REGULAR;5975;0;0;0;0;14742000;13593125;1516936;1223369;0;61425;27;0;0;0;6480;666791;85,3;0
JES;JETSMART AIRLINES S.A - ARGENTINA;ESTRANGEIRA;2026;1;SAEZ;EZEIZA, BUENOS AIRES PROVINCE;;;ARGENTINA;AMÉRICA DO SUL;SBFL;FLORIANÓPOLIS;SC;SUL;BRASIL;AMÉRICA DO SUL;INTERNACIONAL;REGULAR;16859;0;0;0;0;24336738;20854583;2502296;1876865;0;103908;84;0;0;0;19674;2022908;164,067;0
JES;JETSMART AIRLINES S.A - ARGENTINA;ESTRANGEIRA;2026;1;SAEZ;EZEIZA, BUENOS AIRES PROVINCE;;;ARGENTINA;AMÉRICA DO SUL;SBGL;RIO DE JANEIRO;RJ;SUDESTE;BRASIL;AMÉRICA DO SUL;INTERNACIONAL;REGULAR;12013;0;0;0;0;27269352;23977948;2669056;2157986;0;125748;63;0;0;0;13662;1337216;185,783;0
JES;JETSMART AIRLINES S.A - ARGENTINA;ESTRANGEIRA;2026;1;SAEZ;EZEIZA, BUENOS AIRES PROVINCE;;;ARGENTINA;AMÉRICA DO SUL;SBRF;RECIFE;PE;NORDESTE;BRASIL;AMÉRICA DO SUL;INTERNACIONAL;REGULAR;5018;0;0;0;0;22037652;19178796;1970840;1726073;0;118482;31;0;0;0;5766;515661;155;0
JES;JETSMART AIRLINES S.A - ARGENTINA;ESTRANGEIRA;2026;1;SAEZ;EZEIZA, BUENOS AIRES PROVINCE;;;ARGENTINA;AMÉRICA DO SUL;SBSG;SÃO GONÇALO DO AMARANTE;RN;NORDESTE;BRASIL;AMÉRICA DO SUL;INTERNACIONAL;REGULAR;5319;0;0;0;0;23127426;21334509;2163445;1920097;0;124341;31;0;0;0;5766;539382;162,183;0
JES;JETSMART AIRLINES S.A - ARGENTINA;ESTRANGEIRA;2026;1;SBFL;FLORIANÓPOLIS;SC;SUL;BRASIL;AMÉRICA DO SUL;SABE;BUENOS AIRES;;;ARGENTINA;AMÉRICA DO SUL;INTERNACIONAL;REGULAR;5974;0;0;0;0;9554790;7234514;1033385;651089;0;41174;34;0;0;0;7890;853346;74,6333;0
JES;JETSMART AIRLINES S.A - ARGENTINA;ESTRANGEIRA;2026;1;SBFL;FLORIANÓPOLIS;SC;SUL;BRASIL;AMÉRICA DO SUL;SAEZ;EZEIZA, BUENOS AIRES PROVINCE;;;ARGENTINA;AMÉRICA DO SUL;INTERNACIONAL;REGULAR;12122;0;0;0;0;22325376;14994914;2429289;1349512;0;95249;77;0;0;0;18048;1963889;176,633;0
JES;JETSMART AIRLINES S.A - ARGENTINA;ESTRANGEIRA;2026;1;SBGL;RIO DE JANEIRO;RJ;SUDESTE;BRASIL;AMÉRICA DO SUL;SABE;BUENOS AIRES;;;ARGENTINA;AMÉRICA DO SUL;INTERNACIONAL;REGULAR;12081;0;0;0;0;30893610;23368092;3292865;2103093;0;139799;71;0;0;0;15690;1672370;232,333;0
JES;JETSMART AIRLINES S.A - ARGENTINA;ESTRANGEIRA;2026;1;SBGL;RIO DE JANEIRO;RJ;SUDESTE;BRASIL;AMÉRICA DO SUL;SACO;CÓRDOBA, CÓRDOBA PROVINCE;;;ARGENTINA;AMÉRICA DO SUL;INTERNACIONAL;REGULAR;4607;0;0;0;0;12899250;10480925;1282293;943273;0;61425;27;0;0;0;5670;563652;98,3833;0
JES;JETSMART AIRLINES S.A - ARGENTINA;ESTRANGEIRA;2026;1;SBGL;RIO DE JANEIRO;RJ;SUDESTE;BRASIL;AMÉRICA DO SUL;SAEZ;EZEIZA, BUENOS AIRES PROVINCE;;;ARGENTINA;AMÉRICA DO SUL;INTERNACIONAL;REGULAR;11428;0;0;0;0;28886112;22460988;3079512;2021460;0;125748;63;0;0;0;14472;1542859;208,883;0
JES;JETSMART AIRLINES S.A - ARGENTINA;ESTRANGEIRA;2026;1;SBGL;RIO DE JANEIRO;RJ;SUDESTE;BRASIL;AMÉRICA DO SUL;SGAS;ASUNCIÓN;;;PARAGUAI;AMÉRICA DO SUL;INTERNACIONAL;REGULAR;1225;0;0;0;0;2739780;2375949;240167;213831;0;14730;10;0;0;0;1860;163050;25,9333;0
JES;JETSMART AIRLINES S.A - ARGENTINA;ESTRANGEIRA;2026;1;SBRF;RECIFE;PE;NORDESTE;BRASIL;AMÉRICA DO SUL;SAEZ;EZEIZA, BUENOS AIRES PROVINCE;;;ARGENTINA;AMÉRICA DO SUL;INTERNACIONAL;REGULAR;4742;0;0;0;0;22037652;18123924;2071589;1631136;0;118482;31;0;0;0;5766;542021;170,167;0
JES;JETSMART AIRLINES S.A - ARGENTINA;ESTRANGEIRA;2026;1;SBSG;SÃO GONÇALO DO AMARANTE;RN;NORDESTE;BRASIL;AMÉRICA DO SUL;SABE;BUENOS AIRES;;;ARGENTINA;AMÉRICA DO SUL;INTERNACIONAL;REGULAR;181;0;0;0;0;740652;720742;69800;64866;0;3982;1;0;0;0;186;17529;5,65;0
JES;JETSMART AIRLINES S.A - ARGENTINA;ESTRANGEIRA;2026;1;SBSG;SÃO GONÇALO DO AMARANTE;RN;NORDESTE;BRASIL;AMÉRICA DO SUL;SAEZ;EZEIZA, BUENOS AIRES PROVINCE;;;ARGENTINA;AMÉRICA DO SUL;INTERNACIONAL;REGULAR;4002;0;0;0;0;22381380;16052022;2108505;1444669;0;120330;30;0;0;0;5580;525684;171,2;0
JES;JETSMART AIRLINES S.A - ARGENTINA;ESTRANGEIRA;2026;1;SGAS;ASUNCIÓN;;;PARAGUAI;AMÉRICA DO SUL;SABE;BUENOS AIRES;;;ARGENTINA;AMÉRICA DO SUL;INTERNACIONAL;REGULAR;340;0;0;0;0;1160640;575120;114747;51759;0;6240;6;0;0;0;1116;110336;11,5333;0
JES;JETSMART AIRLINES S.A - ARGENTINA;ESTRANGEIRA;2026;1;SGAS;ASUNCIÓN;;;PARAGUAI;AMÉRICA DO SUL;SAEZ;EZEIZA, BUENOS AIRES PROVINCE;;;ARGENTINA;AMÉRICA DO SUL;INTERNACIONAL;REGULAR;212;0;0;0;0;796080;414090;77413;37266;0;4280;4;0;0;0;744;72351;7,78333;0
JES;JETSMART AIRLINES S.A - ARGENTINA;ESTRANGEIRA;2026;1;SGAS;ASUNCIÓN;;;PARAGUAI;AMÉRICA DO SUL;SBGL;RIO DE JANEIRO;RJ;SUDESTE;BRASIL;AMÉRICA DO SUL;INTERNACIONAL;REGULAR;1383;0;0;0;0;2739780;2476113;251067;222846;0;14730;10;0;0;0;1860;170449;23,6667;0
KAL;KOREAN AIR LINES CO. LTD.;ESTRANGEIRA;2026;1;KLAX;LOS ANGELES, CALIFORNIA;;;ESTADOS UNIDOS DA AMÉRICA;AMÉRICA DO NORTE;RKSI;INCHEON (NEAR SEOUL);;;COREIA DO SUL;ÁSIA;INTERNACIONAL;REGULAR;0;0;15927;0;0;0;0;8664300;6077077;0;86643;9;6077082240;0;0;0;900000;115,333;0
KAL;KOREAN AIR LINES CO. LTD.;ESTRANGEIRA;2026;1;KMIA;MIAMI, FLORIDA;;;ESTADOS UNIDOS DA AMÉRICA;AMÉRICA DO NORTE;SBKP;CAMPINAS;SP;SUDESTE;BRASIL;AMÉRICA DO SUL;INTERNACIONAL;REGULAR;0;0;314213;0;0;0;0;5846400;3790816;0;58464;9;3790818752;0;0;0;900000;74,4667;0
KAL;KOREAN AIR LINES CO. LTD.;ESTRANGEIRA;2026;1;PANC;ANCHORAGE, ALASKA;;;ESTADOS UNIDOS DA AMÉRICA;AMÉRICA DO NORTE;KMIA;MIAMI, FLORIDA;;;ESTADOS UNIDOS DA AMÉRICA;AMÉRICA DO NORTE;INTERNACIONAL;REGULAR;0;0;0;0;0;0;0;5791500;4355886;0;57915;9;4355890080;0;0;0;900000;67,9333;0
KAL;KOREAN AIR LINES CO. LTD.;ESTRANGEIRA;2026;1;PANC;ANCHORAGE, ALASKA;;;ESTADOS UNIDOS DA AMÉRICA;AMÉRICA DO NORTE;SBKP;CAMPINAS;SP;SUDESTE;BRASIL;AMÉRICA DO SUL;INTERNACIONAL;REGULAR;0;0;0;0;0;;;;;;;;;;;;;;0
KAL;KOREAN AIR LINES CO. LTD.;ESTRANGEIRA;2026;1;RKSI;INCHEON (NEAR SEOUL);;;COREIA DO SUL;ÁSIA;KMIA;MIAMI, FLORIDA;;;ESTADOS UNIDOS DA AMÉRICA;AMÉRICA DO NORTE;INTERNACIONAL;REGULAR;0;0;407557;0;0;;;;;;;;;;;;;;0
KAL;KOREAN AIR LINES CO. LTD.;ESTRANGEIRA;2026;1;RKSI;INCHEON (NEAR SEOUL);;;COREIA DO SUL;ÁSIA;PANC;ANCHORAGE, ALASKA;;;ESTADOS UNIDOS DA AMÉRICA;AMÉRICA DO NORTE;INTERNACIONAL;REGULAR;0;0;0;0;0;0;0;5488200;4127769;0;54882;9;4127772768;0;0;0;900000;69,1667;0
KAL;KOREAN AIR LINES CO. LTD.;ESTRANGEIRA;2026;1;RKSI;INCHEON (NEAR SEOUL);;;COREIA DO SUL;ÁSIA;SBKP;CAMPINAS;SP;SUDESTE;BRASIL;AMÉRICA DO SUL;INTERNACIONAL;REGULAR;0;0;269349;0;0;;;;;;;;;;;;;;0
KAL;KOREAN AIR LINES CO. LTD.;ESTRANGEIRA;2026;1;SBKP;CAMPINAS;SP;SUDESTE;BRASIL;AMÉRICA DO SUL;KLAX;LOS ANGELES, CALIFORNIA;;;ESTADOS UNIDOS DA AMÉRICA;AMÉRICA DO NORTE;INTERNACIONAL;REGULAR;0;0;69;0;0;;;;;;;;;;;;;;0
KAL;KOREAN AIR LINES CO. LTD.;ESTRANGEIRA;2026;1;SBKP;CAMPINAS;SP;SUDESTE;BRASIL;AMÉRICA DO SUL;RKSI;INCHEON (NEAR SEOUL);;;COREIA DO SUL;ÁSIA;INTERNACIONAL;REGULAR;0;0;21676;0;0;;;;;;;;;;;;;;0
KAL;KOREAN AIR LINES CO. LTD.;ESTRANGEIRA;2026;1;SBKP;CAMPINAS;SP;SUDESTE;BRASIL;AMÉRICA DO SUL;SCEL;SANTIAGO;;;CHILE;AMÉRICA DO SUL;INTERNACIONAL;REGULAR;0;0;365233;0;0;0;0;2322900;1257280;0;23229;9;1257282520;0;0;0;900000;35,8333;0
KAL;KOREAN AIR LINES CO. LTD.;ESTRANGEIRA;2026;1;SBKP;CAMPINAS;SP;SUDESTE;BRASIL;AMÉRICA DO SUL;SPJC;CALLAO/LIMA, LIMA METROPOLITAN AREA;;;PERU;AMÉRICA DO SUL;INTERNACIONAL;REGULAR;0;0;100152;0;0;;;;;;;;;;;;;;0
KAL;KOREAN AIR LINES CO. LTD.;ESTRANGEIRA;2026;1;SCEL;SANTIAGO;;;CHILE;AMÉRICA DO SUL;KLAX;LOS ANGELES, CALIFORNIA;;;ESTADOS UNIDOS DA AMÉRICA;AMÉRICA DO NORTE;INTERNACIONAL;REGULAR;0;0;223159;0;0;;;;;;;;;;;;;;0
KAL;KOREAN AIR LINES CO. LTD.;ESTRANGEIRA;2026;1;SCEL;SANTIAGO;;;CHILE;AMÉRICA DO SUL;RKSI;INCHEON (NEAR SEOUL);;;COREIA DO SUL;ÁSIA;INTERNACIONAL;REGULAR;0;0;200270;0;0;;;;;;;;;;;;;;0
KAL;KOREAN AIR LINES CO. LTD.;ESTRANGEIRA;2026;1;SCEL;SANTIAGO;;;CHILE;AMÉRICA DO SUL;SPJC;CALLAO/LIMA, LIMA METROPOLITAN AREA;;;PERU;AMÉRICA DO SUL;INTERNACIONAL;REGULAR;0;0;82239;0;0;0;0;2215800;1545060;0;22158;9;1545065040;0;0;0;900000;35,2;0
KAL;KOREAN AIR LINES CO. LTD.;ESTRANGEIRA;2026;1;SPJC;CALLAO/LIMA, LIMA METROPOLITAN AREA;;;PERU;AMÉRICA DO SUL;KLAX;LOS ANGELES, CALIFORNIA;;;ESTADOS UNIDOS DA AMÉRICA;AMÉRICA DO NORTE;INTERNACIONAL;REGULAR;0;0;2572;0;0;0;0;6048900;5653210;0;60489;9;5653214528;0;0;0;900000;75,9667;0
KAL;KOREAN AIR LINES CO. LTD.;ESTRANGEIRA;2026;1;SPJC;CALLAO/LIMA, LIMA METROPOLITAN AREA;;;PERU;AMÉRICA DO SUL;RKSI;INCHEON (NEAR SEOUL);;;COREIA DO SUL;ÁSIA;INTERNACIONAL;REGULAR;0;0;393381;0;0;;;;;;;;;;;;;;0
KLM;KLM CIA. REAL HOLANDESA DE AVIAÇÃO;ESTRANGEIRA;2026;1;EHAM;HAARLEMMERMEER, NEAR AMSTERDAM;;;HOLANDA;EUROPA;SBGL;RIO DE JANEIRO;RJ;SUDESTE;BRASIL;AMÉRICA DO SUL;INTERNACIONAL;REGULAR;7386;126;270891;0;73;82082160;70610160;15068615;8945314;0;286800;30;2589717952;0;697880;8586;1576215;357,281;0
KLM;KLM CIA. REAL HOLANDESA DE AVIAÇÃO;ESTRANGEIRA;2026;1;EHAM;HAARLEMMERMEER, NEAR AMSTERDAM;;;HOLANDA;EUROPA;SBGR;GUARULHOS;SP;SUDESTE;BRASIL;AMÉRICA DO SUL;INTERNACIONAL;REGULAR;11736;103;354374;470;0;132617425;114719400;21939973;13788733;0;371450;38;3464005862;4594250;0;13567;2244500;452,116;0
KLM;KLM CIA. REAL HOLANDESA DE AVIAÇÃO;ESTRANGEIRA;2026;1;LFPG;PARIS;;;FRANÇA;EUROPA;EHAM;HAARLEMMERMEER, NEAR AMSTERDAM;;;HOLANDA;EUROPA;INTERNACIONAL;REGULAR;;;;;;114912;100947;20588;9351;0;399;1;266532;0;0;288;51600;3,9;
KLM;KLM CIA. REAL HOLANDESA DE AVIAÇÃO;ESTRANGEIRA;2026;1;SBGL;RIO DE JANEIRO;RJ;SUDESTE;BRASIL;AMÉRICA DO SUL;EHAM;HAARLEMMERMEER, NEAR AMSTERDAM;;;HOLANDA;EUROPA;INTERNACIONAL;REGULAR;8047;274;102092;0;0;79328880;74510640;14611504;7675558;0;277240;29;969613448;0;0;8298;1528400;325,482;0
KLM;KLM CIA. REAL HOLANDESA DE AVIAÇÃO;ESTRANGEIRA;2026;1;SBGL;RIO DE JANEIRO;RJ;SUDESTE;BRASIL;AMÉRICA DO SUL;LFPG;PARIS;;;FRANÇA;EUROPA;INTERNACIONAL;REGULAR;0;0;0;0;0;2644992;2323552;473894;215254;0;9184;1;6134912;0;0;288;51600;11,15;0
KLM;KLM CIA. REAL HOLANDESA DE AVIAÇÃO;ESTRANGEIRA;2026;1;SBGR;GUARULHOS;SP;SUDESTE;BRASIL;AMÉRICA DO SUL;EHAM;HAARLEMMERMEER, NEAR AMSTERDAM;;;HOLANDA;EUROPA;INTERNACIONAL;REGULAR;12366;173;241468;0;385;129929300;120877650;21470773;13243085;0;361675;37;2360349709;0;3763375;13292;2196500;419,436;0
KRE;AEROSUCRE SA;ESTRANGEIRA;2026;1;SBKP;CAMPINAS;SP;SUDESTE;BRASIL;AMÉRICA DO SUL;SKBO;BOGOTÁ;;;COLÔMBIA;AMÉRICA DO SUL;INTERNACIONAL;NÃO REGULAR;0;0;0;0;0;;;;;;;;;;;;;;0
KRE;AEROSUCRE SA;ESTRANGEIRA;2026;1;SBKP;CAMPINAS;SP;SUDESTE;BRASIL;AMÉRICA DO SUL;SVVA;VALENCIA, CARABOBO;;;VENEZUELA;AMÉRICA DO SUL;INTERNACIONAL;NÃO REGULAR;0;0;886;0;0;0;0;56238;3832;0;4326;1;3832836;0;0;0;13000;5,883;0
KRE;AEROSUCRE SA;ESTRANGEIRA;2026;1;SKBO;BOGOTÁ;;;COLÔMBIA;AMÉRICA DO SUL;SBKP;CAMPINAS;SP;SUDESTE;BRASIL;AMÉRICA DO SUL;INTERNACIONAL;IMPRODUTIVO;0;0;0;0;0;0;0;0;0;0;4254;1;0;0;0;0;0;6,2;0
KRE;AEROSUCRE SA;ESTRANGEIRA;2026;1;SVVA;VALENCIA, CARABOBO;;;VENEZUELA;AMÉRICA DO SUL;SKBO;BOGOTÁ;;;COLÔMBIA;AMÉRICA DO SUL;INTERNACIONAL;NÃO REGULAR;0;0;0;0;0;0;0;11895;0;0;915;1;0;0;0;0;13000;1,267;0
LAE;LÍNEA AÉREA CARGUEIRA DE COLOMBIA S.A - LANCO;ESTRANGEIRA;2026;1;KLAX;LOS ANGELES, CALIFORNIA;;;ESTADOS UNIDOS DA AMÉRICA;AMÉRICA DO NORTE;KMIA;MIAMI, FLORIDA;;;ESTADOS UNIDOS DA AMÉRICA;AMÉRICA DO NORTE;INTERNACIONAL;REGULAR;0;0;0;0;0;;;;;;;;;;;;;;0
LAE;LÍNEA AÉREA CARGUEIRA DE COLOMBIA S.A - LANCO;ESTRANGEIRA;2026;1;KLAX;LOS ANGELES, CALIFORNIA;;;ESTADOS UNIDOS DA AMÉRICA;AMÉRICA DO NORTE;KSEA;SEATTLE, WASHINGTON;;;ESTADOS UNIDOS DA AMÉRICA;AMÉRICA DO NORTE;INTERNACIONAL;REGULAR;0;0;0;0;0;0;0;497988;88495;0;9222;6;88497386;0;0;0;324000;17,3167;0
LAE;LÍNEA AÉREA CARGUEIRA DE COLOMBIA S.A - LANCO;ESTRANGEIRA;2026;1;KLAX;LOS ANGELES, CALIFORNIA;;;ESTADOS UNIDOS DA AMÉRICA;AMÉRICA DO NORTE;SBGR;GUARULHOS;SP;SUDESTE;BRASIL;AMÉRICA DO SUL;INTERNACIONAL;NÃO REGULAR;0;0;20049;0;0;;;;;;;;;;;;;;0
LAE;LÍNEA AÉREA CARGUEIRA DE COLOMBIA S.A - LANCO;ESTRANGEIRA;2026;1;KLAX;LOS ANGELES, CALIFORNIA;;;ESTADOS UNIDOS DA AMÉRICA;AMÉRICA DO NORTE;SBGR;GUARULHOS;SP;SUDESTE;BRASIL;AMÉRICA DO SUL;INTERNACIONAL;REGULAR;0;0;37529;0;0;;;;;;;;;;;;;;0
LAE;LÍNEA AÉREA CARGUEIRA DE COLOMBIA S.A - LANCO;ESTRANGEIRA;2026;1;KLAX;LOS ANGELES, CALIFORNIA;;;ESTADOS UNIDOS DA AMÉRICA;AMÉRICA DO NORTE;SKBO;BOGOTÁ;;;COLÔMBIA;AMÉRICA DO SUL;INTERNACIONAL;NÃO REGULAR;0;0;0;0;0;;;;;;;;;;;;;;0
LAE;LÍNEA AÉREA CARGUEIRA DE COLOMBIA S.A - LANCO;ESTRANGEIRA;2026;1;KLAX;LOS ANGELES, CALIFORNIA;;;ESTADOS UNIDOS DA AMÉRICA;AMÉRICA DO NORTE;SKBO;BOGOTÁ;;;COLÔMBIA;AMÉRICA DO SUL;INTERNACIONAL;REGULAR;0;0;0;0;0;;;;;;;;;;;;;;0
LAE;LÍNEA AÉREA CARGUEIRA DE COLOMBIA S.A - LANCO;ESTRANGEIRA;2026;1;KMIA;MIAMI, FLORIDA;;;ESTADOS UNIDOS DA AMÉRICA;AMÉRICA DO NORTE;KMIA;MIAMI, FLORIDA;;;ESTADOS UNIDOS DA AMÉRICA;AMÉRICA DO NORTE;INTERNACIONAL;IMPRODUTIVO;0;0;0;0;0;0;0;0;0;0;0;1;0;0;0;0;54000;3,41667;0
LAE;LÍNEA AÉREA CARGUEIRA DE COLOMBIA S.A - LANCO;ESTRANGEIRA;2026;1;KMIA;MIAMI, FLORIDA;;;ESTADOS UNIDOS DA AMÉRICA;AMÉRICA DO NORTE;SBCF;CONFINS;MG;SUDESTE;BRASIL;AMÉRICA DO SUL;INTERNACIONAL;NÃO REGULAR;0;0;21586;0;0;0;0;345330;254732;0;6395;1;254732032;0;0;0;54000;8,36667;0
LAE;LÍNEA AÉREA CARGUEIRA DE COLOMBIA S.A - LANCO;ESTRANGEIRA;2026;1;KMIA;MIAMI, FLORIDA;;;ESTADOS UNIDOS DA AMÉRICA;AMÉRICA DO NORTE;SBCT;SÃO JOSÉ DOS PINHAIS;PR;SUL;BRASIL;AMÉRICA DO SUL;INTERNACIONAL;NÃO REGULAR;0;0;25291;0;0;0;0;357102;254104;0;6613;1;254104528;0;0;0;54000;8,53333;0
LAE;LÍNEA AÉREA CARGUEIRA DE COLOMBIA S.A - LANCO;ESTRANGEIRA;2026;1;KMIA;MIAMI, FLORIDA;;;ESTADOS UNIDOS DA AMÉRICA;AMÉRICA DO NORTE;SBEG;MANAUS;AM;NORTE;BRASIL;AMÉRICA DO SUL;INTERNACIONAL;NÃO REGULAR;0;0;61657;0;0;0;0;418716;239043;0;7754;2;239044184;0;0;0;108000;11,0333;0
LAE;LÍNEA AÉREA CARGUEIRA DE COLOMBIA S.A - LANCO;ESTRANGEIRA;2026;1;KMIA;MIAMI, FLORIDA;;;ESTADOS UNIDOS DA AMÉRICA;AMÉRICA DO NORTE;SBEG;MANAUS;AM;NORTE;BRASIL;AMÉRICA DO SUL;INTERNACIONAL;REGULAR;0;0;27262;0;0;0;0;209358;105694;0;3877;1;105694776;0;0;0;54000;5,53333;0
LAE;LÍNEA AÉREA CARGUEIRA DE COLOMBIA S.A - LANCO;ESTRANGEIRA;2026;1;KMIA;MIAMI, FLORIDA;;;ESTADOS UNIDOS DA AMÉRICA;AMÉRICA DO NORTE;SBGL;RIO DE JANEIRO;RJ;SUDESTE;BRASIL;AMÉRICA DO SUL;INTERNACIONAL;REGULAR;0;0;3774;0;0;0;0;362718;243141;0;6717;1;243141968;0;0;0;54000;8,81667;0
LAE;LÍNEA AÉREA CARGUEIRA DE COLOMBIA S.A - LANCO;ESTRANGEIRA;2026;1;KMIA;MIAMI, FLORIDA;;;ESTADOS UNIDOS DA AMÉRICA;AMÉRICA DO NORTE;SBGR;GUARULHOS;SP;SUDESTE;BRASIL;AMÉRICA DO SUL;INTERNACIONAL;NÃO REGULAR;0;0;0;0;0;0;0;709992;470552;0;13148;2;470553760;0;0;0;108000;17,7833;0
LAE;LÍNEA AÉREA CARGUEIRA DE COLOMBIA S.A - LANCO;ESTRANGEIRA;2026;1;KMIA;MIAMI, FLORIDA;;;ESTADOS UNIDOS DA AMÉRICA;AMÉRICA DO NORTE;SBGR;GUARULHOS;SP;SUDESTE;BRASIL;AMÉRICA DO SUL;INTERNACIONAL;REGULAR;0;0;0;0;0;0;0;1419984;1019323;0;26296;4;1019325008;0;0;0;216000;35,55;0
LAE;LÍNEA AÉREA CARGUEIRA DE COLOMBIA S.A - LANCO;ESTRANGEIRA;2026;1;KMIA;MIAMI, FLORIDA;;;ESTADOS UNIDOS DA AMÉRICA;AMÉRICA DO NORTE;SBKP;CAMPINAS;SP;SUDESTE;BRASIL;AMÉRICA DO SUL;INTERNACIONAL;NÃO REGULAR;0;0;48838;0;0;0;0;701568;256630;0;12992;2;256630976;0;0;0;108000;16,5333;0
LAE;LÍNEA AÉREA CARGUEIRA DE COLOMBIA S.A - LANCO;ESTRANGEIRA;2026;1;KMIA;MIAMI, FLORIDA;;;ESTADOS UNIDOS DA AMÉRICA;AMÉRICA DO NORTE;SBKP;CAMPINAS;SP;SUDESTE;BRASIL;AMÉRICA DO SUL;INTERNACIONAL;REGULAR;0;0;32424;0;0;;;;;;;;;;;;;;0
LAE;LÍNEA AÉREA CARGUEIRA DE COLOMBIA S.A - LANCO;ESTRANGEIRA;2026;1;KMIA;MIAMI, FLORIDA;;;ESTADOS UNIDOS DA AMÉRICA;AMÉRICA DO NORTE;SCEL;SANTIAGO;;;CHILE;AMÉRICA DO SUL;INTERNACIONAL;NÃO REGULAR;0;0;103;0;0;;;;;;;;;;;;;;0
LAE;LÍNEA AÉREA CARGUEIRA DE COLOMBIA S.A - LANCO;ESTRANGEIRA;2026;1;KMIA;MIAMI, FLORIDA;;;ESTADOS UNIDOS DA AMÉRICA;AMÉRICA DO NORTE;SGAS;ASUNCIÓN;;;PARAGUAI;AMÉRICA DO SUL;INTERNACIONAL;NÃO REGULAR;0;0;27124;0;0;;;;;;;;;;;;;;0
LAE;LÍNEA AÉREA CARGUEIRA DE COLOMBIA S.A - LANCO;ESTRANGEIRA;2026;1;KMIA;MIAMI, FLORIDA;;;ESTADOS UNIDOS DA AMÉRICA;AMÉRICA DO NORTE;SGES;CIUDAD DEL ESTE;;;PARAGUAI;AMÉRICA DO SUL;INTERNACIONAL;NÃO REGULAR;0;0;43077;0;0;0;0;341280;304971;0;6320;1;304971584;0;0;0;54000;8,35;0
LAE;LÍNEA AÉREA CARGUEIRA DE COLOMBIA S.A - LANCO;ESTRANGEIRA;2026;1;KMIA;MIAMI, FLORIDA;;;ESTADOS UNIDOS DA AMÉRICA;AMÉRICA DO NORTE;SKBO;BOGOTÁ;;;COLÔMBIA;AMÉRICA DO SUL;INTERNACIONAL;NÃO REGULAR;0;0;0;0;0;;;;;;;;;;;;;;0
LAE;LÍNEA AÉREA CARGUEIRA DE COLOMBIA S.A - LANCO;ESTRANGEIRA;2026;1;KMIA;MIAMI, FLORIDA;;;ESTADOS UNIDOS DA AMÉRICA;AMÉRICA DO NORTE;SKBO;BOGOTÁ;;;COLÔMBIA;AMÉRICA DO SUL;INTERNACIONAL;REGULAR;0;0;0;0;0;;;;;;;;;;;;;;0
LAE;LÍNEA AÉREA CARGUEIRA DE COLOMBIA S.A - LANCO;ESTRANGEIRA;2026;1;KMIA;MIAMI, FLORIDA;;;ESTADOS UNIDOS DA AMÉRICA;AMÉRICA DO NORTE;SUMU;MONTEVIDEO, MONTEVIDEO;;;URUGUAI;AMÉRICA DO SUL;INTERNACIONAL;NÃO REGULAR;0;0;0;0;0;;;;;;;;;;;;;;0
LAE;LÍNEA AÉREA CARGUEIRA DE COLOMBIA S.A - LANCO;ESTRANGEIRA;2026;1;KSEA;SEATTLE, WASHINGTON;;;ESTADOS UNIDOS DA AMÉRICA;AMÉRICA DO NORTE;KMIA;MIAMI, FLORIDA;;;ESTADOS UNIDOS DA AMÉRICA;AMÉRICA DO NORTE;INTERNACIONAL;REGULAR;0;0;0;0;0;0;0;1418796;992418;0;26274;6;992421504;0;0;0;324000;34,6167;0
LAE;LÍNEA AÉREA CARGUEIRA DE COLOMBIA S.A - LANCO;ESTRANGEIRA;2026;1;KSEA;SEATTLE, WASHINGTON;;;ESTADOS UNIDOS DA AMÉRICA;AMÉRICA DO NORTE;SBGR;GUARULHOS;SP;SUDESTE;BRASIL;AMÉRICA DO SUL;INTERNACIONAL;NÃO REGULAR;0;0;51529;0;0;;;;;;;;;;;;;;0
LAE;LÍNEA AÉREA CARGUEIRA DE COLOMBIA S.A - LANCO;ESTRANGEIRA;2026;1;KSEA;SEATTLE, WASHINGTON;;;ESTADOS UNIDOS DA AMÉRICA;AMÉRICA DO NORTE;SBGR;GUARULHOS;SP;SUDESTE;BRASIL;AMÉRICA DO SUL;INTERNACIONAL;REGULAR;0;0;117525;0;0;;;;;;;;;;;;;;0
LAE;LÍNEA AÉREA CARGUEIRA DE COLOMBIA S.A - LANCO;ESTRANGEIRA;2026;1;KSEA;SEATTLE, WASHINGTON;;;ESTADOS UNIDOS DA AMÉRICA;AMÉRICA DO NORTE;SKBO;BOGOTÁ;;;COLÔMBIA;AMÉRICA DO SUL;INTERNACIONAL;NÃO REGULAR;0;0;0;0;0;;;;;;;;;;;;;;0
LAE;LÍNEA AÉREA CARGUEIRA DE COLOMBIA S.A - LANCO;ESTRANGEIRA;2026;1;KSEA;SEATTLE, WASHINGTON;;;ESTADOS UNIDOS DA AMÉRICA;AMÉRICA DO NORTE;SKBO;BOGOTÁ;;;COLÔMBIA;AMÉRICA DO SUL;INTERNACIONAL;REGULAR;0;0;0;0;0;;;;;;;;;;;;;;0
LAE;LÍNEA AÉREA CARGUEIRA DE COLOMBIA S.A - LANCO;ESTRANGEIRA;2026;1;MPTO;PANAMA;;;PANAMÁ;AMÉRICA CENTRAL;KLAX;LOS ANGELES, CALIFORNIA;;;ESTADOS UNIDOS DA AMÉRICA;AMÉRICA DO NORTE;INTERNACIONAL;REGULAR;0;0;0;0;0;0;0;784890;476640;0;14535;3;476641408;0;0;0;162000;21,3167;0
LAE;LÍNEA AÉREA CARGUEIRA DE COLOMBIA S.A - LANCO;ESTRANGEIRA;2026;1;MPTO;PANAMA;;;PANAMÁ;AMÉRICA CENTRAL;KMIA;MIAMI, FLORIDA;;;ESTADOS UNIDOS DA AMÉRICA;AMÉRICA DO NORTE;INTERNACIONAL;REGULAR;0;0;0;0;0;;;;;;;;;;;;;;0
LAE;LÍNEA AÉREA CARGUEIRA DE COLOMBIA S.A - LANCO;ESTRANGEIRA;2026;1;MPTO;PANAMA;;;PANAMÁ;AMÉRICA CENTRAL;KSEA;SEATTLE, WASHINGTON;;;ESTADOS UNIDOS DA AMÉRICA;AMÉRICA DO NORTE;INTERNACIONAL;REGULAR;0;0;0;0;0;;;;;;;;;;;;;;0
LAE;LÍNEA AÉREA CARGUEIRA DE COLOMBIA S.A - LANCO;ESTRANGEIRA;2026;1;MPTO;PANAMA;;;PANAMÁ;AMÉRICA CENTRAL;SBGR;GUARULHOS;SP;SUDESTE;BRASIL;AMÉRICA DO SUL;INTERNACIONAL;NÃO REGULAR;0;0;0;0;0;;;;;;;;;;;;;;0
LAE;LÍNEA AÉREA CARGUEIRA DE COLOMBIA S.A - LANCO;ESTRANGEIRA;2026;1;MPTO;PANAMA;;;PANAMÁ;AMÉRICA CENTRAL;SBGR;GUARULHOS;SP;SUDESTE;BRASIL;AMÉRICA DO SUL;INTERNACIONAL;REGULAR;0;0;0;0;0;;;;;;;;;;;;;;0
LAE;LÍNEA AÉREA CARGUEIRA DE COLOMBIA S.A - LANCO;ESTRANGEIRA;2026;1;MPTO;PANAMA;;;PANAMÁ;AMÉRICA CENTRAL;SKBO;BOGOTÁ;;;COLÔMBIA;AMÉRICA DO SUL;INTERNACIONAL;NÃO REGULAR;0;0;0;0;0;;;;;;;;;;;;;;0
LAE;LÍNEA AÉREA CARGUEIRA DE COLOMBIA S.A - LANCO;ESTRANGEIRA;2026;1;MSLP;SAN SALVADOR;;;EL SALVADOR;AMÉRICA CENTRAL;SKBO;BOGOTÁ;;;COLÔMBIA;AMÉRICA DO SUL;INTERNACIONAL;NÃO REGULAR;0;0;0;0;0;0;0;410832;55;0;7608;4;55158;0;0;0;216000;11,9833;0
LAE;LÍNEA AÉREA CARGUEIRA DE COLOMBIA S.A - LANCO;ESTRANGEIRA;2026;1;SBCF;CONFINS;MG;SUDESTE;BRASIL;AMÉRICA DO SUL;SBKP;CAMPINAS;SP;SUDESTE;BRASIL;AMÉRICA DO SUL;INTERNACIONAL;NÃO REGULAR;0;0;0;0;0;0;0;26946;9105;0;499;1;9105253;0;0;0;54000;1,18333;0
LAE;LÍNEA AÉREA CARGUEIRA DE COLOMBIA S.A - LANCO;ESTRANGEIRA;2026;1;SBCT;SÃO JOSÉ DOS PINHAIS;PR;SUL;BRASIL;AMÉRICA DO SUL;SBKP;CAMPINAS;SP;SUDESTE;BRASIL;AMÉRICA DO SUL;INTERNACIONAL;NÃO REGULAR;0;0;0;0;0;0;0;18846;6501;0;349;1;6501870;0;0;0;54000;1,05;0
LAE;LÍNEA AÉREA CARGUEIRA DE COLOMBIA S.A - LANCO;ESTRANGEIRA;2026;1;SBCT;SÃO JOSÉ DOS PINHAIS;PR;SUL;BRASIL;AMÉRICA DO SUL;SCEL;SANTIAGO;;;CHILE;AMÉRICA DO SUL;INTERNACIONAL;NÃO REGULAR;0;0;0;0;0;;;;;;;;;;;;;;0
LAE;LÍNEA AÉREA CARGUEIRA DE COLOMBIA S.A - LANCO;ESTRANGEIRA;2026;1;SBCT;SÃO JOSÉ DOS PINHAIS;PR;SUL;BRASIL;AMÉRICA DO SUL;SGAS;ASUNCIÓN;;;PARAGUAI;AMÉRICA DO SUL;INTERNACIONAL;NÃO REGULAR;0;0;0;0;0;0;0;45306;22757;0;839;1;22757036;0;0;0;54000;1,71667;0
LAE;LÍNEA AÉREA CARGUEIRA DE COLOMBIA S.A - LANCO;ESTRANGEIRA;2026;1;SBEG;MANAUS;AM;NORTE;BRASIL;AMÉRICA DO SUL;SKBO;BOGOTÁ;;;COLÔMBIA;AMÉRICA DO SUL;INTERNACIONAL;NÃO REGULAR;0;0;0;0;0;0;0;192996;0;0;3574;2;0;0;0;0;108000;5,66667;0
LAE;LÍNEA AÉREA CARGUEIRA DE COLOMBIA S.A - LANCO;ESTRANGEIRA;2026;1;SBEG;MANAUS;AM;NORTE;BRASIL;AMÉRICA DO SUL;SKBO;BOGOTÁ;;;COLÔMBIA;AMÉRICA DO SUL;INTERNACIONAL;REGULAR;0;0;0;0;0;0;0;96498;0;0;1787;1;0;0;0;0;54000;2,86667;0
LAE;LÍNEA AÉREA CARGUEIRA DE COLOMBIA S.A - LANCO;ESTRANGEIRA;2026;1;SBGL;RIO DE JANEIRO;RJ;SUDESTE;BRASIL;AMÉRICA DO SUL;SBGL;RIO DE JANEIRO;RJ;SUDESTE;BRASIL;AMÉRICA DO SUL;INTERNACIONAL;IMPRODUTIVO;0;0;0;0;0;0;0;0;0;0;0;2;0;0;0;0;54000;4,3;0
LAE;LÍNEA AÉREA CARGUEIRA DE COLOMBIA S.A - LANCO;ESTRANGEIRA;2026;1;SBGL;RIO DE JANEIRO;RJ;SUDESTE;BRASIL;AMÉRICA DO SUL;SBKP;CAMPINAS;SP;SUDESTE;BRASIL;AMÉRICA DO SUL;INTERNACIONAL;REGULAR;0;0;0;0;0;0;0;21492;12904;0;398;1;12904752;0;0;0;54000;1,33333;0
LAE;LÍNEA AÉREA CARGUEIRA DE COLOMBIA S.A - LANCO;ESTRANGEIRA;2026;1;SBGL;RIO DE JANEIRO;RJ;SUDESTE;BRASIL;AMÉRICA DO SUL;SKBO;BOGOTÁ;;;COLÔMBIA;AMÉRICA DO SUL;INTERNACIONAL;REGULAR;0;0;0;0;0;;;;;;;;;;;;;;0
LAE;LÍNEA AÉREA CARGUEIRA DE COLOMBIA S.A - LANCO;ESTRANGEIRA;2026;1;SBGR;GUARULHOS;SP;SUDESTE;BRASIL;AMÉRICA DO SUL;MSLP;SAN SALVADOR;;;EL SALVADOR;AMÉRICA CENTRAL;INTERNACIONAL;NÃO REGULAR;0;0;0;0;0;;;;;;;;;;;;;;0
LAE;LÍNEA AÉREA CARGUEIRA DE COLOMBIA S.A - LANCO;ESTRANGEIRA;2026;1;SBGR;GUARULHOS;SP;SUDESTE;BRASIL;AMÉRICA DO SUL;SBPA;PORTO ALEGRE;RS;SUL;BRASIL;AMÉRICA DO SUL;INTERNACIONAL;NÃO REGULAR;0;0;0;0;0;0;0;46764;0;0;866;1;0;0;0;0;54000;1,8;0
LAE;LÍNEA AÉREA CARGUEIRA DE COLOMBIA S.A - LANCO;ESTRANGEIRA;2026;1;SBGR;GUARULHOS;SP;SUDESTE;BRASIL;AMÉRICA DO SUL;SKBO;BOGOTÁ;;;COLÔMBIA;AMÉRICA DO SUL;INTERNACIONAL;NÃO REGULAR;0;0;10690;0;0;0;0;468288;46351;0;8672;2;46351840;0;0;0;108000;13,2667;0
LAE;LÍNEA AÉREA CARGUEIRA DE COLOMBIA S.A - LANCO;ESTRANGEIRA;2026;1;SBGR;GUARULHOS;SP;SUDESTE;BRASIL;AMÉRICA DO SUL;SKBO;BOGOTÁ;;;COLÔMBIA;AMÉRICA DO SUL;INTERNACIONAL;REGULAR;0;0;15032;0;0;0;0;702432;65177;0;13008;3;65178752;0;0;0;162000;17,6667;0
LAE;LÍNEA AÉREA CARGUEIRA DE COLOMBIA S.A - LANCO;ESTRANGEIRA;2026;1;SBKP;CAMPINAS;SP;SUDESTE;BRASIL;AMÉRICA DO SUL;MSLP;SAN SALVADOR;;;EL SALVADOR;AMÉRICA CENTRAL;INTERNACIONAL;NÃO REGULAR;0;0;0;0;0;;;;;;;;;;;;;;0
LAE;LÍNEA AÉREA CARGUEIRA DE COLOMBIA S.A - LANCO;ESTRANGEIRA;2026;1;SBKP;CAMPINAS;SP;SUDESTE;BRASIL;AMÉRICA DO SUL;SBCT;SÃO JOSÉ DOS PINHAIS;PR;SUL;BRASIL;AMÉRICA DO SUL;INTERNACIONAL;NÃO REGULAR;0;0;0;0;0;0;0;18846;11384;0;349;1;11384380;0;0;0;54000;0,916667;0
LAE;LÍNEA AÉREA CARGUEIRA DE COLOMBIA S.A - LANCO;ESTRANGEIRA;2026;1;SBKP;CAMPINAS;SP;SUDESTE;BRASIL;AMÉRICA DO SUL;SBPA;PORTO ALEGRE;RS;SUL;BRASIL;AMÉRICA DO SUL;INTERNACIONAL;NÃO REGULAR;0;0;0;0;0;0;0;141588;25;0;2622;3;25346;0;0;0;162000;5,11667;0
LAE;LÍNEA AÉREA CARGUEIRA DE COLOMBIA S.A - LANCO;ESTRANGEIRA;2026;1;SBKP;CAMPINAS;SP;SUDESTE;BRASIL;AMÉRICA DO SUL;SCEL;SANTIAGO;;;CHILE;AMÉRICA DO SUL;INTERNACIONAL;NÃO REGULAR;0;0;4711;0;0;0;0;139374;12424;0;2581;1;12424934;0;0;0;54000;4,13333;0
LAE;LÍNEA AÉREA CARGUEIRA DE COLOMBIA S.A - LANCO;ESTRANGEIRA;2026;1;SBKP;CAMPINAS;SP;SUDESTE;BRASIL;AMÉRICA DO SUL;SGAS;ASUNCIÓN;;;PARAGUAI;AMÉRICA DO SUL;INTERNACIONAL;NÃO REGULAR;0;0;0;0;0;;;;;;;;;;;;;;0
LAE;LÍNEA AÉREA CARGUEIRA DE COLOMBIA S.A - LANCO;ESTRANGEIRA;2026;1;SBKP;CAMPINAS;SP;SUDESTE;BRASIL;AMÉRICA DO SUL;SKBO;BOGOTÁ;;;COLÔMBIA;AMÉRICA DO SUL;INTERNACIONAL;NÃO REGULAR;0;0;21657;0;0;0;0;229716;92005;0;4254;1;92005512;0;0;0;54000;5,58333;0
LAE;LÍNEA AÉREA CARGUEIRA DE COLOMBIA S.A - LANCO;ESTRANGEIRA;2026;1;SBKP;CAMPINAS;SP;SUDESTE;BRASIL;AMÉRICA DO SUL;SKBO;BOGOTÁ;;;COLÔMBIA;AMÉRICA DO SUL;INTERNACIONAL;REGULAR;0;0;0;0;0;0;0;229716;0;0;4254;1;0;0;0;0;54000;5,73333;0
LAE;LÍNEA AÉREA CARGUEIRA DE COLOMBIA S.A - LANCO;ESTRANGEIRA;2026;1;SBKP;CAMPINAS;SP;SUDESTE;BRASIL;AMÉRICA DO SUL;SUMU;MONTEVIDEO, MONTEVIDEO;;;URUGUAI;AMÉRICA DO SUL;INTERNACIONAL;NÃO REGULAR;0;0;0;0;0;0;0;84942;0;0;1573;1;0;0;0;0;54000;2,65;0
LAE;LÍNEA AÉREA CARGUEIRA DE COLOMBIA S.A - LANCO;ESTRANGEIRA;2026;1;SBPA;PORTO ALEGRE;RS;SUL;BRASIL;AMÉRICA DO SUL;MSLP;SAN SALVADOR;;;EL SALVADOR;AMÉRICA CENTRAL;INTERNACIONAL;NÃO REGULAR;0;0;107351;0;0;0;0;1362528;677351;0;25232;4;677353044;0;0;0;216000;32,5833;0
LAE;LÍNEA AÉREA CARGUEIRA DE COLOMBIA S.A - LANCO;ESTRANGEIRA;2026;1;SBPA;PORTO ALEGRE;RS;SUL;BRASIL;AMÉRICA DO SUL;SKBO;BOGOTÁ;;;COLÔMBIA;AMÉRICA DO SUL;INTERNACIONAL;NÃO REGULAR;0;0;0;0;0;;;;;;;;;;;;;;0
LAE;LÍNEA AÉREA CARGUEIRA DE COLOMBIA S.A - LANCO;ESTRANGEIRA;2026;1;SCEL;SANTIAGO;;;CHILE;AMÉRICA DO SUL;SBGR;GUARULHOS;SP;SUDESTE;BRASIL;AMÉRICA DO SUL;INTERNACIONAL;NÃO REGULAR;0;0;52946;0;0;0;0;141156;138400;0;2614;1;138400848;0;0;0;54000;3,96667;0
LAE;LÍNEA AÉREA CARGUEIRA DE COLOMBIA S.A - LANCO;ESTRANGEIRA;2026;1;SCEL;SANTIAGO;;;CHILE;AMÉRICA DO SUL;SKBO;BOGOTÁ;;;COLÔMBIA;AMÉRICA DO SUL;INTERNACIONAL;NÃO REGULAR;0;0;0;0;0;;;;;;;;;;;;;;0
LAE;LÍNEA AÉREA CARGUEIRA DE COLOMBIA S.A - LANCO;ESTRANGEIRA;2026;1;SEQM;QUITO;;;EQUADOR;AMÉRICA DO SUL;KLAX;LOS ANGELES, CALIFORNIA;;;ESTADOS UNIDOS DA AMÉRICA;AMÉRICA DO NORTE;INTERNACIONAL;REGULAR;0;0;98378;0;0;;;;;;;;;;;;;;0
LAE;LÍNEA AÉREA CARGUEIRA DE COLOMBIA S.A - LANCO;ESTRANGEIRA;2026;1;SEQM;QUITO;;;EQUADOR;AMÉRICA DO SUL;KMIA;MIAMI, FLORIDA;;;ESTADOS UNIDOS DA AMÉRICA;AMÉRICA DO NORTE;INTERNACIONAL;REGULAR;0;0;0;0;0;;;;;;;;;;;;;;0
LAE;LÍNEA AÉREA CARGUEIRA DE COLOMBIA S.A - LANCO;ESTRANGEIRA;2026;1;SEQM;QUITO;;;EQUADOR;AMÉRICA DO SUL;KSEA;SEATTLE, WASHINGTON;;;ESTADOS UNIDOS DA AMÉRICA;AMÉRICA DO NORTE;INTERNACIONAL;REGULAR;0;0;0;0;0;;;;;;;;;;;;;;0
LAE;LÍNEA AÉREA CARGUEIRA DE COLOMBIA S.A - LANCO;ESTRANGEIRA;2026;1;SEQM;QUITO;;;EQUADOR;AMÉRICA DO SUL;MPTO;PANAMA;;;PANAMÁ;AMÉRICA CENTRAL;INTERNACIONAL;REGULAR;0;0;0;0;0;0;0;166536;101132;0;3084;3;101132584;0;0;0;162000;5,35;0
LAE;LÍNEA AÉREA CARGUEIRA DE COLOMBIA S.A - LANCO;ESTRANGEIRA;2026;1;SEQM;QUITO;;;EQUADOR;AMÉRICA DO SUL;SBGR;GUARULHOS;SP;SUDESTE;BRASIL;AMÉRICA DO SUL;INTERNACIONAL;NÃO REGULAR;0;0;0;0;0;;;;;;;;;;;;;;0
LAE;LÍNEA AÉREA CARGUEIRA DE COLOMBIA S.A - LANCO;ESTRANGEIRA;2026;1;SEQM;QUITO;;;EQUADOR;AMÉRICA DO SUL;SBGR;GUARULHOS;SP;SUDESTE;BRASIL;AMÉRICA DO SUL;INTERNACIONAL;REGULAR;0;0;0;0;0;;;;;;;;;;;;;;0
LAE;LÍNEA AÉREA CARGUEIRA DE COLOMBIA S.A - LANCO;ESTRANGEIRA;2026;1;SEQM;QUITO;;;EQUADOR;AMÉRICA DO SUL;SKBO;BOGOTÁ;;;COLÔMBIA;AMÉRICA DO SUL;INTERNACIONAL;NÃO REGULAR;0;0;0;0;0;;;;;;;;;;;;;;0
LAE;LÍNEA AÉREA CARGUEIRA DE COLOMBIA S.A - LANCO;ESTRANGEIRA;2026;1;SEQM;QUITO;;;EQUADOR;AMÉRICA DO SUL;SKBQ;BARRANQUILLA;;;COLÔMBIA;AMÉRICA DO SUL;INTERNACIONAL;REGULAR;0;0;0;0;0;0;0;69444;0;0;1286;1;0;0;0;0;54000;2,2;0
LAE;LÍNEA AÉREA CARGUEIRA DE COLOMBIA S.A - LANCO;ESTRANGEIRA;2026;1;SGAS;ASUNCIÓN;;;PARAGUAI;AMÉRICA DO SUL;SCEL;SANTIAGO;;;CHILE;AMÉRICA DO SUL;INTERNACIONAL;NÃO REGULAR;0;0;3514;0;0;0;0;84834;5520;0;1571;1;5520494;0;0;0;54000;2,68333;0
LAE;LÍNEA AÉREA CARGUEIRA DE COLOMBIA S.A - LANCO;ESTRANGEIRA;2026;1;SGES;CIUDAD DEL ESTE;;;PARAGUAI;AMÉRICA DO SUL;SBKP;CAMPINAS;SP;SUDESTE;BRASIL;AMÉRICA DO SUL;INTERNACIONAL;NÃO REGULAR;0;0;1525;0;0;0;0;44712;5550;0;828;1;5550084;0;0;0;54000;1,38333;0
LAE;LÍNEA AÉREA CARGUEIRA DE COLOMBIA S.A - LANCO;ESTRANGEIRA;2026;1;SKBO;BOGOTÁ;;;COLÔMBIA;AMÉRICA DO SUL;KLAX;LOS ANGELES, CALIFORNIA;;;ESTADOS UNIDOS DA AMÉRICA;AMÉRICA DO NORTE;INTERNACIONAL;REGULAR;0;0;0;0;0;;;;;;;;;;;;;;0
LAE;LÍNEA AÉREA CARGUEIRA DE COLOMBIA S.A - LANCO;ESTRANGEIRA;2026;1;SKBO;BOGOTÁ;;;COLÔMBIA;AMÉRICA DO SUL;KMIA;MIAMI, FLORIDA;;;ESTADOS UNIDOS DA AMÉRICA;AMÉRICA DO NORTE;INTERNACIONAL;NÃO REGULAR;0;0;258025;0;0;0;0;657450;628287;0;12175;5;628290880;0;0;0;270000;19,2833;0
LAE;LÍNEA AÉREA CARGUEIRA DE COLOMBIA S.A - LANCO;ESTRANGEIRA;2026;1;SKBO;BOGOTÁ;;;COLÔMBIA;AMÉRICA DO SUL;KMIA;MIAMI, FLORIDA;;;ESTADOS UNIDOS DA AMÉRICA;AMÉRICA DO NORTE;INTERNACIONAL;REGULAR;0;0;0;0;0;;;;;;;;;;;;;;0
LAE;LÍNEA AÉREA CARGUEIRA DE COLOMBIA S.A - LANCO;ESTRANGEIRA;2026;1;SKBO;BOGOTÁ;;;COLÔMBIA;AMÉRICA DO SUL;KSEA;SEATTLE, WASHINGTON;;;ESTADOS UNIDOS DA AMÉRICA;AMÉRICA DO NORTE;INTERNACIONAL;REGULAR;0;0;0;0;0;;;;;;;;;;;;;;0
LAE;LÍNEA AÉREA CARGUEIRA DE COLOMBIA S.A - LANCO;ESTRANGEIRA;2026;1;SKBO;BOGOTÁ;;;COLÔMBIA;AMÉRICA DO SUL;MPTO;PANAMA;;;PANAMÁ;AMÉRICA CENTRAL;INTERNACIONAL;REGULAR;0;0;0;0;0;;;;;;;;;;;;;;0
LAE;LÍNEA AÉREA CARGUEIRA DE COLOMBIA S.A - LANCO;ESTRANGEIRA;2026;1;SKBO;BOGOTÁ;;;COLÔMBIA;AMÉRICA DO SUL;SBCF;CONFINS;MG;SUDESTE;BRASIL;AMÉRICA DO SUL;INTERNACIONAL;NÃO REGULAR;0;0;0;0;0;;;;;;;;;;;;;;0
LAE;LÍNEA AÉREA CARGUEIRA DE COLOMBIA S.A - LANCO;ESTRANGEIRA;2026;1;SKBO;BOGOTÁ;;;COLÔMBIA;AMÉRICA DO SUL;SBCT;SÃO JOSÉ DOS PINHAIS;PR;SUL;BRASIL;AMÉRICA DO SUL;INTERNACIONAL;NÃO REGULAR;0;0;0;0;0;;;;;;;;;;;;;;0
LAE;LÍNEA AÉREA CARGUEIRA DE COLOMBIA S.A - LANCO;ESTRANGEIRA;2026;1;SKBO;BOGOTÁ;;;COLÔMBIA;AMÉRICA DO SUL;SBGR;GUARULHOS;SP;SUDESTE;BRASIL;AMÉRICA DO SUL;INTERNACIONAL;REGULAR;0;0;0;0;0;;;;;;;;;;;;;;0
LAE;LÍNEA AÉREA CARGUEIRA DE COLOMBIA S.A - LANCO;ESTRANGEIRA;2026;1;SKBO;BOGOTÁ;;;COLÔMBIA;AMÉRICA DO SUL;SBKP;CAMPINAS;SP;SUDESTE;BRASIL;AMÉRICA DO SUL;INTERNACIONAL;NÃO REGULAR;0;0;0;0;0;;;;;;;;;;;;;;0
LAE;LÍNEA AÉREA CARGUEIRA DE COLOMBIA S.A - LANCO;ESTRANGEIRA;2026;1;SKBO;BOGOTÁ;;;COLÔMBIA;AMÉRICA DO SUL;SCEL;SANTIAGO;;;CHILE;AMÉRICA DO SUL;INTERNACIONAL;NÃO REGULAR;0;0;0;0;0;;;;;;;;;;;;;;0
LAE;LÍNEA AÉREA CARGUEIRA DE COLOMBIA S.A - LANCO;ESTRANGEIRA;2026;1;SKBO;BOGOTÁ;;;COLÔMBIA;AMÉRICA DO SUL;SEQM;QUITO;;;EQUADOR;AMÉRICA DO SUL;INTERNACIONAL;REGULAR;0;0;28689;0;0;0;0;38394;20397;0;711;1;20397880;0;0;0;54000;1,83333;0
LAE;LÍNEA AÉREA CARGUEIRA DE COLOMBIA S.A - LANCO;ESTRANGEIRA;2026;1;SKBO;BOGOTÁ;;;COLÔMBIA;AMÉRICA DO SUL;SGAS;ASUNCIÓN;;;PARAGUAI;AMÉRICA DO SUL;INTERNACIONAL;NÃO REGULAR;0;0;0;0;0;;;;;;;;;;;;;;0
LAE;LÍNEA AÉREA CARGUEIRA DE COLOMBIA S.A - LANCO;ESTRANGEIRA;2026;1;SKBO;BOGOTÁ;;;COLÔMBIA;AMÉRICA DO SUL;SGES;CIUDAD DEL ESTE;;;PARAGUAI;AMÉRICA DO SUL;INTERNACIONAL;NÃO REGULAR;0;0;0;0;0;;;;;;;;;;;;;;0
LAE;LÍNEA AÉREA CARGUEIRA DE COLOMBIA S.A - LANCO;ESTRANGEIRA;2026;1;SKBO;BOGOTÁ;;;COLÔMBIA;AMÉRICA DO SUL;SUMU;MONTEVIDEO, MONTEVIDEO;;;URUGUAI;AMÉRICA DO SUL;INTERNACIONAL;NÃO REGULAR;0;0;0;0;0;;;;;;;;;;;;;;0
LAE;LÍNEA AÉREA CARGUEIRA DE COLOMBIA S.A - LANCO;ESTRANGEIRA;2026;1;SKBQ;BARRANQUILLA;;;COLÔMBIA;AMÉRICA DO SUL;KLAX;LOS ANGELES, CALIFORNIA;;;ESTADOS UNIDOS DA AMÉRICA;AMÉRICA DO NORTE;INTERNACIONAL;REGULAR;0;0;0;0;0;0;0;275940;0;0;5110;1;0;0;0;0;54000;7,43333;0
LAE;LÍNEA AÉREA CARGUEIRA DE COLOMBIA S.A - LANCO;ESTRANGEIRA;2026;1;SKBQ;BARRANQUILLA;;;COLÔMBIA;AMÉRICA DO SUL;KMIA;MIAMI, FLORIDA;;;ESTADOS UNIDOS DA AMÉRICA;AMÉRICA DO NORTE;INTERNACIONAL;REGULAR;0;0;0;0;0;;;;;;;;;;;;;;0
LAE;LÍNEA AÉREA CARGUEIRA DE COLOMBIA S.A - LANCO;ESTRANGEIRA;2026;1;SKBQ;BARRANQUILLA;;;COLÔMBIA;AMÉRICA DO SUL;KSEA;SEATTLE, WASHINGTON;;;ESTADOS UNIDOS DA AMÉRICA;AMÉRICA DO NORTE;INTERNACIONAL;REGULAR;0;0;0;0;0;;;;;;;;;;;;;;0
LAE;LÍNEA AÉREA CARGUEIRA DE COLOMBIA S.A - LANCO;ESTRANGEIRA;2026;1;SKBQ;BARRANQUILLA;;;COLÔMBIA;AMÉRICA DO SUL;SBGR;GUARULHOS;SP;SUDESTE;BRASIL;AMÉRICA DO SUL;INTERNACIONAL;NÃO REGULAR;0;0;0;0;0;;;;;;;;;;;;;;0
LAE;LÍNEA AÉREA CARGUEIRA DE COLOMBIA S.A - LANCO;ESTRANGEIRA;2026;1;SUMU;MONTEVIDEO, MONTEVIDEO;;;URUGUAI;AMÉRICA DO SUL;SCEL;SANTIAGO;;;CHILE;AMÉRICA DO SUL;INTERNACIONAL;NÃO REGULAR;0;0;5684;0;0;0;0;73818;7770;0;1367;1;7770028;0;0;0;54000;2,43333;0
LAN;LATAM AIRLINES GROUP (EX - LAN AIRLINES S/A);ESTRANGEIRA;2026;1;GVAC;ILHA DO SAL;;;CABO VERDE;ÁFRICA;SBFZ;FORTALEZA;CE;NORDESTE;BRASIL;AMÉRICA DO SUL;INTERNACIONAL;IMPRODUTIVO;0;0;0;0;0;0;0;0;0;0;2852;1;0;0;0;0;0;4,05;0
LAN;LATAM AIRLINES GROUP (EX - LAN AIRLINES S/A);ESTRANGEIRA;2026;1;LMML;LUQA;;;MALTA;EUROPA;GVAC;ILHA DO SAL;;;CABO VERDE;ÁFRICA;INTERNACIONAL;IMPRODUTIVO;0;0;0;0;0;0;0;0;0;0;4256;1;0;0;0;0;0;6,56667;0
LAN;LATAM AIRLINES GROUP (EX - LAN AIRLINES S/A);ESTRANGEIRA;2026;1;LMML;LUQA;;;MALTA;EUROPA;SBFZ;FORTALEZA;CE;NORDESTE;BRASIL;AMÉRICA DO SUL;INTERNACIONAL;IMPRODUTIVO;0;0;0;0;0;;;;;;;;;;;;;;0
LAN;LATAM AIRLINES GROUP (EX - LAN AIRLINES S/A);ESTRANGEIRA;2026;1;SABE;BUENOS AIRES;;;ARGENTINA;AMÉRICA DO SUL;SCEL;SANTIAGO;;;CHILE;AMÉRICA DO SUL;INTERNACIONAL;REGULAR;2992;10;0;0;0;4356306;3518996;448100;316701;0;25234;22;0;0;0;3798;390679;47,6;0
LAN;LATAM AIRLINES GROUP (EX - LAN AIRLINES S/A);ESTRANGEIRA;2026;1;SAEZ;EZEIZA, BUENOS AIRES PROVINCE;;;ARGENTINA;AMÉRICA DO SUL;SBGL;RIO DE JANEIRO;RJ;SUDESTE;BRASIL;AMÉRICA DO SUL;INTERNACIONAL;REGULAR;5839;2;0;0;0;12578792;11668616;1303264;1050163;0;61876;31;0;0;0;6302;652946;92,5333;0
LAN;LATAM AIRLINES GROUP (EX - LAN AIRLINES S/A);ESTRANGEIRA;2026;1;SAEZ;EZEIZA, BUENOS AIRES PROVINCE;;;ARGENTINA;AMÉRICA DO SUL;SBGR;GUARULHOS;SP;SUDESTE;BRASIL;AMÉRICA DO SUL;INTERNACIONAL;NÃO REGULAR;1409;0;50;0;0;2696652;2508954;268331;225885;0;15498;9;86100;0;0;1566;155828;24,4333;0
LAN;LATAM AIRLINES GROUP (EX - LAN AIRLINES S/A);ESTRANGEIRA;2026;1;SAEZ;EZEIZA, BUENOS AIRES PROVINCE;;;ARGENTINA;AMÉRICA DO SUL;SBGR;GUARULHOS;SP;SUDESTE;BRASIL;AMÉRICA DO SUL;INTERNACIONAL;REGULAR;6074;19;91;0;424;11241216;10626462;1162479;957243;0;60270;35;156702;0;730128;6528;675084;94,1667;0
LAN;LATAM AIRLINES GROUP (EX - LAN AIRLINES S/A);ESTRANGEIRA;2026;1;SAEZ;EZEIZA, BUENOS AIRES PROVINCE;;;ARGENTINA;AMÉRICA DO SUL;SCEL;SANTIAGO;;;CHILE;AMÉRICA DO SUL;INTERNACIONAL;REGULAR;8;3;0;0;0;;;;;;;;;;;;;;0
LAN;LATAM AIRLINES GROUP (EX - LAN AIRLINES S/A);ESTRANGEIRA;2026;1;SBCF;CONFINS;MG;SUDESTE;BRASIL;AMÉRICA DO SUL;SCEL;SANTIAGO;;;CHILE;AMÉRICA DO SUL;INTERNACIONAL;REGULAR;1596;10;281;0;0;6950740;4886952;694369;440679;0;39806;13;860422;0;0;2270;226771;62,2333;0
LAN;LATAM AIRLINES GROUP (EX - LAN AIRLINES S/A);ESTRANGEIRA;2026;1;SBCT;SÃO JOSÉ DOS PINHAIS;PR;SUL;BRASIL;AMÉRICA DO SUL;SCEL;SANTIAGO;;;CHILE;AMÉRICA DO SUL;INTERNACIONAL;REGULAR;1775;13;0;0;0;5510232;4015050;530346;361349;0;31668;14;0;0;0;2436;234460;50,4333;0
LAN;LATAM AIRLINES GROUP (EX - LAN AIRLINES S/A);ESTRANGEIRA;2026;1;SBFL;FLORIANÓPOLIS;SC;SUL;BRASIL;AMÉRICA DO SUL;SCEL;SANTIAGO;;;CHILE;AMÉRICA DO SUL;INTERNACIONAL;NÃO REGULAR;130;0;0;0;0;385758;288210;42123;25938;0;2217;1;0;0;0;174;19000;3,48333;0
LAN;LATAM AIRLINES GROUP (EX - LAN AIRLINES S/A);ESTRANGEIRA;2026;1;SBFL;FLORIANÓPOLIS;SC;SUL;BRASIL;AMÉRICA DO SUL;SCEL;SANTIAGO;;;CHILE;AMÉRICA DO SUL;INTERNACIONAL;REGULAR;16721;45;200;0;0;43196028;37070457;4522825;3336731;0;223917;101;443400;0;0;19484;2040086;360,9;0
LAN;LATAM AIRLINES GROUP (EX - LAN AIRLINES S/A);ESTRANGEIRA;2026;1;SBFZ;FORTALEZA;CE;NORDESTE;BRASIL;AMÉRICA DO SUL;SCEL;SANTIAGO;;;CHILE;AMÉRICA DO SUL;INTERNACIONAL;IMPRODUTIVO;0;0;0;0;0;0;0;0;0;0;4692;1;0;0;0;0;0;6,8;0
LAN;LATAM AIRLINES GROUP (EX - LAN AIRLINES S/A);ESTRANGEIRA;2026;1;SBGL;RIO DE JANEIRO;RJ;SUDESTE;BRASIL;AMÉRICA DO SUL;SAEZ;EZEIZA, BUENOS AIRES PROVINCE;;;ARGENTINA;AMÉRICA DO SUL;INTERNACIONAL;REGULAR;5580;12;0;0;0;12770408;11149656;1368236;1003661;0;61876;31;0;0;209580;6398;685498;102,3;0
LAN;LATAM AIRLINES GROUP (EX - LAN AIRLINES S/A);ESTRANGEIRA;2026;1;SBGL;RIO DE JANEIRO;RJ;SUDESTE;BRASIL;AMÉRICA DO SUL;SCEL;SANTIAGO;;;CHILE;AMÉRICA DO SUL;INTERNACIONAL;REGULAR;30719;244;20;0;0;101035224;90150084;10210977;8113481;0;545724;186;58680;0;0;34436;3480250;849,75;0
LAN;LATAM AIRLINES GROUP (EX - LAN AIRLINES S/A);ESTRANGEIRA;2026;1;SBGR;GUARULHOS;SP;SUDESTE;BRASIL;AMÉRICA DO SUL;SABE;BUENOS AIRES;;;ARGENTINA;AMÉRICA DO SUL;INTERNACIONAL;REGULAR;3247;11;0;0;0;6484632;5629162;671421;506615;0;37268;22;0;0;0;3828;396358;64,2333;0
LAN;LATAM AIRLINES GROUP (EX - LAN AIRLINES S/A);ESTRANGEIRA;2026;1;SBGR;GUARULHOS;SP;SUDESTE;BRASIL;AMÉRICA DO SUL;SAEZ;EZEIZA, BUENOS AIRES PROVINCE;;;ARGENTINA;AMÉRICA DO SUL;INTERNACIONAL;REGULAR;3055;1;996;0;0;7184184;5267598;744382;475787;0;37884;22;1715112;0;0;4172;432284;63,1;0
LAN;LATAM AIRLINES GROUP (EX - LAN AIRLINES S/A);ESTRANGEIRA;2026;1;SBGR;GUARULHOS;SP;SUDESTE;BRASIL;AMÉRICA DO SUL;SCEL;SANTIAGO;;;CHILE;AMÉRICA DO SUL;INTERNACIONAL;IMPRODUTIVO;0;0;0;0;0;0;0;0;0;0;13070;5;0;0;0;0;0;21,4333;0
LAN;LATAM AIRLINES GROUP (EX - LAN AIRLINES S/A);ESTRANGEIRA;2026;1;SBGR;GUARULHOS;SP;SUDESTE;BRASIL;AMÉRICA DO SUL;SCEL;SANTIAGO;;;CHILE;AMÉRICA DO SUL;INTERNACIONAL;REGULAR;32793;589;194421;7337;16845;114519340;85425520;13834506;8240436;0;554168;212;508213882;19178918;44032830;43810;5292506;868,983;0
LAN;LATAM AIRLINES GROUP (EX - LAN AIRLINES S/A);ESTRANGEIRA;2026;1;SBGR;GUARULHOS;SP;SUDESTE;BRASIL;AMÉRICA DO SUL;SDSC;SÃO CARLOS;SP;SUDESTE;BRASIL;AMÉRICA DO SUL;INTERNACIONAL;IMPRODUTIVO;0;0;0;0;0;0;0;0;0;0;454;2;0;0;0;0;0;2,16667;0
LAN;LATAM AIRLINES GROUP (EX - LAN AIRLINES S/A);ESTRANGEIRA;2026;1;SBGR;GUARULHOS;SP;SUDESTE;BRASIL;AMÉRICA DO SUL;SUMU;MONTEVIDEO, MONTEVIDEO;;;URUGUAI;AMÉRICA DO SUL;INTERNACIONAL;REGULAR;6957;20;2663;0;255;14503660;10982150;1537867;992958;0;70650;45;4182480;0;400350;9238;979546;117,583;0
LAN;LATAM AIRLINES GROUP (EX - LAN AIRLINES S/A);ESTRANGEIRA;2026;1;SBKP;CAMPINAS;SP;SUDESTE;BRASIL;AMÉRICA DO SUL;SBGR;GUARULHOS;SP;SUDESTE;BRASIL;AMÉRICA DO SUL;INTERNACIONAL;REGULAR;0;0;0;0;0;14110;13861;1392;1247;0;83;1;0;249;0;170;16774;0,916667;0
LAN;LATAM AIRLINES GROUP (EX - LAN AIRLINES S/A);ESTRANGEIRA;2026;1;SBPA;PORTO ALEGRE;RS;SUL;BRASIL;AMÉRICA DO SUL;SCEL;SANTIAGO;;;CHILE;AMÉRICA DO SUL;INTERNACIONAL;REGULAR;3188;19;2717;0;0;7556436;6028508;793006;547692;0;41602;22;5137847;0;0;3996;419363;70;0
LAN;LATAM AIRLINES GROUP (EX - LAN AIRLINES S/A);ESTRANGEIRA;2026;1;SCEL;SANTIAGO;;;CHILE;AMÉRICA DO SUL;SAEZ;EZEIZA, BUENOS AIRES PROVINCE;;;ARGENTINA;AMÉRICA DO SUL;INTERNACIONAL;NÃO REGULAR;1472;6;12;7;257;1959636;1730898;195768;156083;0;11380;10;13656;7966;292466;1722;172032;21,3167;0
LAN;LATAM AIRLINES GROUP (EX - LAN AIRLINES S/A);ESTRANGEIRA;2026;1;SCEL;SANTIAGO;;;CHILE;AMÉRICA DO SUL;SAEZ;EZEIZA, BUENOS AIRES PROVINCE;;;ARGENTINA;AMÉRICA DO SUL;INTERNACIONAL;REGULAR;1855;12;36;0;105;2521808;2207720;265522;198731;0;13656;12;40968;0;0;2216;233329;24,7333;0
LAN;LATAM AIRLINES GROUP (EX - LAN AIRLINES S/A);ESTRANGEIRA;2026;1;SCEL;SANTIAGO;;;CHILE;AMÉRICA DO SUL;SBCF;CONFINS;MG;SUDESTE;BRASIL;AMÉRICA DO SUL;INTERNACIONAL;REGULAR;1986;11;180;0;0;6920120;6081132;691245;547847;0;39806;13;551160;0;0;2260;225751;57,7167;0
LAN;LATAM AIRLINES GROUP (EX - LAN AIRLINES S/A);ESTRANGEIRA;2026;1;SCEL;SANTIAGO;;;CHILE;AMÉRICA DO SUL;SBCT;SÃO JOSÉ DOS PINHAIS;PR;SUL;BRASIL;AMÉRICA DO SUL;INTERNACIONAL;REGULAR;2113;13;4902;0;11;5510232;4779606;527583;441271;0;31668;14;11088324;0;24882;2436;233240;46,9833;0
LAN;LATAM AIRLINES GROUP (EX - LAN AIRLINES S/A);ESTRANGEIRA;2026;1;SCEL;SANTIAGO;;;CHILE;AMÉRICA DO SUL;SBFL;FLORIANÓPOLIS;SC;SUL;BRASIL;AMÉRICA DO SUL;INTERNACIONAL;REGULAR;18634;35;0;0;0;43599522;41311578;4071990;3717990;0;226134;102;0;0;0;19666;1836729;336,25;0
LAN;LATAM AIRLINES GROUP (EX - LAN AIRLINES S/A);ESTRANGEIRA;2026;1;SCEL;SANTIAGO;;;CHILE;AMÉRICA DO SUL;SBGL;RIO DE JANEIRO;RJ;SUDESTE;BRASIL;AMÉRICA DO SUL;INTERNACIONAL;REGULAR;32175;191;46;0;0;102267504;94419054;10464780;8498063;0;545724;186;134964;0;308070;34856;3566756;770,584;0
LAN;LATAM AIRLINES GROUP (EX - LAN AIRLINES S/A);ESTRANGEIRA;2026;1;SCEL;SANTIAGO;;;CHILE;AMÉRICA DO SUL;SBGR;GUARULHOS;SP;SUDESTE;BRASIL;AMÉRICA DO SUL;INTERNACIONAL;IMPRODUTIVO;0;0;0;0;0;0;0;0;0;0;5228;2;0;0;0;0;0;7,75;0
LAN;LATAM AIRLINES GROUP (EX - LAN AIRLINES S/A);ESTRANGEIRA;2026;1;SCEL;SANTIAGO;;;CHILE;AMÉRICA DO SUL;SBGR;GUARULHOS;SP;SUDESTE;BRASIL;AMÉRICA DO SUL;INTERNACIONAL;NÃO REGULAR;49;0;0;0;0;;;;;;;;;;;;;;0
LAN;LATAM AIRLINES GROUP (EX - LAN AIRLINES S/A);ESTRANGEIRA;2026;1;SCEL;SANTIAGO;;;CHILE;AMÉRICA DO SUL;SBGR;GUARULHOS;SP;SUDESTE;BRASIL;AMÉRICA DO SUL;INTERNACIONAL;REGULAR;39350;665;778323;14878;89;114142924;101438884;13835353;11164095;0;554168;212;2034470966;38846654;232646;43666;5292830;832,1;0
LAN;LATAM AIRLINES GROUP (EX - LAN AIRLINES S/A);ESTRANGEIRA;2026;1;SCEL;SANTIAGO;;;CHILE;AMÉRICA DO SUL;SBKP;CAMPINAS;SP;SUDESTE;BRASIL;AMÉRICA DO SUL;INTERNACIONAL;REGULAR;0;0;0;0;0;438770;431027;43167;38792;0;2581;1;0;7743;0;170;16725;4,45;0
LAN;LATAM AIRLINES GROUP (EX - LAN AIRLINES S/A);ESTRANGEIRA;2026;1;SCEL;SANTIAGO;;;CHILE;AMÉRICA DO SUL;SBPA;PORTO ALEGRE;RS;SUL;BRASIL;AMÉRICA DO SUL;INTERNACIONAL;REGULAR;3292;10;504;0;0;7556436;6225172;779773;561208;0;41602;22;953064;0;0;3996;412364;65,4667;0
LAN;LATAM AIRLINES GROUP (EX - LAN AIRLINES S/A);ESTRANGEIRA;2026;1;SCEL;SANTIAGO;;;CHILE;AMÉRICA DO SUL;SCEL;SANTIAGO;;;CHILE;AMÉRICA DO SUL;INTERNACIONAL;IMPRODUTIVO;0;0;0;0;0;0;0;0;0;0;0;6;0;0;0;1256;163259;6,2;0
LAN;LATAM AIRLINES GROUP (EX - LAN AIRLINES S/A);ESTRANGEIRA;2026;1;SCEL;SANTIAGO;;;CHILE;AMÉRICA DO SUL;SUMU;MONTEVIDEO, MONTEVIDEO;;;URUGUAI;AMÉRICA DO SUL;INTERNACIONAL;REGULAR;5253;34;3769;6;47;8841756;7571813;863308;686694;0;42377;31;5186398;27340;64249;6468;631547;69,4167;0
LAN;LATAM AIRLINES GROUP (EX - LAN AIRLINES S/A);ESTRANGEIRA;2026;1;SDSC;SÃO CARLOS;SP;SUDESTE;BRASIL;AMÉRICA DO SUL;SBGR;GUARULHOS;SP;SUDESTE;BRASIL;AMÉRICA DO SUL;INTERNACIONAL;IMPRODUTIVO;0;0;0;0;0;0;0;0;0;0;227;1;0;0;0;0;0;0,8;0
LAN;LATAM AIRLINES GROUP (EX - LAN AIRLINES S/A);ESTRANGEIRA;2026;1;SDSC;SÃO CARLOS;SP;SUDESTE;BRASIL;AMÉRICA DO SUL;SPJC;CALLAO/LIMA, LIMA METROPOLITAN AREA;;;PERU;AMÉRICA DO SUL;INTERNACIONAL;IMPRODUTIVO;0;0;0;0;0;0;0;0;0;0;3287;1;0;0;0;0;0;4,63333;0
LAN;LATAM AIRLINES GROUP (EX - LAN AIRLINES S/A);ESTRANGEIRA;2026;1;SPJC;CALLAO/LIMA, LIMA METROPOLITAN AREA;;;PERU;AMÉRICA DO SUL;SBGR;GUARULHOS;SP;SUDESTE;BRASIL;AMÉRICA DO SUL;INTERNACIONAL;IMPRODUTIVO;0;0;0;0;0;0;0;0;0;0;6950;2;0;0;0;0;0;10,1667;0
LAN;LATAM AIRLINES GROUP (EX - LAN AIRLINES S/A);ESTRANGEIRA;2026;1;SUMU;MONTEVIDEO, MONTEVIDEO;;;URUGUAI;AMÉRICA DO SUL;SBGR;GUARULHOS;SP;SUDESTE;BRASIL;AMÉRICA DO SUL;INTERNACIONAL;REGULAR;8466;15;5207;0;33;14792540;13740640;1531703;1244903;0;72220;46;8214240;21980;51810;9422;975621;118,667;0
LAN;LATAM AIRLINES GROUP (EX - LAN AIRLINES S/A);ESTRANGEIRA;2026;1;SUMU;MONTEVIDEO, MONTEVIDEO;;;URUGUAI;AMÉRICA DO SUL;SCEL;SANTIAGO;;;CHILE;AMÉRICA DO SUL;INTERNACIONAL;REGULAR;5538;31;488;0;40;8579292;7622392;906752;686726;0;41010;30;668463;0;54680;6276;663327;73,9;0
LAP;TRANSPORTE AÉREOS DEL MERCOSUR S.A. (TAM MERCOSUR);ESTRANGEIRA;2026;1;SBGR;GUARULHOS;SP;SUDESTE;BRASIL;AMÉRICA DO SUL;SGAS;ASUNCIÓN;;;PARAGUAI;AMÉRICA DO SUL;INTERNACIONAL;REGULAR;7663;66;29025;0;643;10167054;8712831;964412;817863;0;59124;52;33001425;0;731091;8942;848228;107,683;0
LAP;TRANSPORTE AÉREOS DEL MERCOSUR S.A. (TAM MERCOSUR);ESTRANGEIRA;2026;1;SGAS;ASUNCIÓN;;;PARAGUAI;AMÉRICA DO SUL;SBGR;GUARULHOS;SP;SUDESTE;BRASIL;AMÉRICA DO SUL;INTERNACIONAL;REGULAR;8685;59;8635;58;505;10396728;9874845;1029039;899105;0;60261;53;9817995;65946;574185;9144;905068;108,15;0
LCO;LAN CARGO S.A.;ESTRANGEIRA;2026;1;EBBR;BRUSSELS/ZAVENTEM;;;BÉLGICA;EUROPA;EDDF;FRANKFURT AM MAIN;;;ALEMANHA;EUROPA;INTERNACIONAL;NÃO REGULAR;0;0;2812;0;0;0;0;164700;46993;0;3050;10;46996230;0;0;0;540000;11,4167;0
LCO;LAN CARGO S.A.;ESTRANGEIRA;2026;1;EBBR;BRUSSELS/ZAVENTEM;;;BÉLGICA;EUROPA;EDDF;FRANKFURT AM MAIN;;;ALEMANHA;EUROPA;INTERNACIONAL;REGULAR;0;0;3157;0;0;0;0;98820;28037;0;1830;6;28038650;0;0;0;324000;6,96667;0
LCO;LAN CARGO S.A.;ESTRANGEIRA;2026;1;EBBR;BRUSSELS/ZAVENTEM;;;BÉLGICA;EUROPA;GVAC;ILHA DO SAL;;;CABO VERDE;ÁFRICA;INTERNACIONAL;NÃO REGULAR;0;0;3143;0;0;0;0;2192832;1407871;0;40608;9;1407874848;0;0;0;486000;58,0667;0
LCO;LAN CARGO S.A.;ESTRANGEIRA;2026;1;EBBR;BRUSSELS/ZAVENTEM;;;BÉLGICA;EUROPA;GVAC;ILHA DO SAL;;;CABO VERDE;ÁFRICA;INTERNACIONAL;REGULAR;0;0;1630;0;0;0;0;243648;78987;0;4512;1;78987072;0;0;0;54000;6,6;0
LCO;LAN CARGO S.A.;ESTRANGEIRA;2026;1;EBBR;BRUSSELS/ZAVENTEM;;;BÉLGICA;EUROPA;KMIA;MIAMI, FLORIDA;;;ESTADOS UNIDOS DA AMÉRICA;AMÉRICA DO NORTE;INTERNACIONAL;NÃO REGULAR;0;0;0;0;0;;;;;;;;;;;;;;0
LCO;LAN CARGO S.A.;ESTRANGEIRA;2026;1;EBBR;BRUSSELS/ZAVENTEM;;;BÉLGICA;EUROPA;LEMD;MADRID;;;ESPANHA;EUROPA;INTERNACIONAL;NÃO REGULAR;0;0;0;0;0;0;0;142128;45441;0;2632;2;45441480;0;0;0;108000;5,48333;0
LCO;LAN CARGO S.A.;ESTRANGEIRA;2026;1;EBBR;BRUSSELS/ZAVENTEM;;;BÉLGICA;EUROPA;LEZG;ZARAGOZA;;;ESPANHA;EUROPA;INTERNACIONAL;NÃO REGULAR;0;0;0;0;0;0;0;179820;98766;0;3330;3;98767796;0;0;0;162000;7,85;0
LCO;LAN CARGO S.A.;ESTRANGEIRA;2026;1;EBBR;BRUSSELS/ZAVENTEM;;;BÉLGICA;EUROPA;LEZG;ZARAGOZA;;;ESPANHA;EUROPA;INTERNACIONAL;REGULAR;0;0;0;0;0;0;0;59940;27511;0;1110;1;27511350;0;0;0;54000;1,6;0
LCO;LAN CARGO S.A.;ESTRANGEIRA;2026;1;EBBR;BRUSSELS/ZAVENTEM;;;BÉLGICA;EUROPA;SAEZ;EZEIZA, BUENOS AIRES PROVINCE;;;ARGENTINA;AMÉRICA DO SUL;INTERNACIONAL;NÃO REGULAR;0;0;11518;0;0;;;;;;;;;;;;;;0
LCO;LAN CARGO S.A.;ESTRANGEIRA;2026;1;EBBR;BRUSSELS/ZAVENTEM;;;BÉLGICA;EUROPA;SAEZ;EZEIZA, BUENOS AIRES PROVINCE;;;ARGENTINA;AMÉRICA DO SUL;INTERNACIONAL;REGULAR;0;0;0;0;0;;;;;;;;;;;;;;0
LCO;LAN CARGO S.A.;ESTRANGEIRA;2026;1;EBBR;BRUSSELS/ZAVENTEM;;;BÉLGICA;EUROPA;SBCT;SÃO JOSÉ DOS PINHAIS;PR;SUL;BRASIL;AMÉRICA DO SUL;INTERNACIONAL;NÃO REGULAR;0;0;86575;0;0;;;;;;;;;;;;;;0
LCO;LAN CARGO S.A.;ESTRANGEIRA;2026;1;EBBR;BRUSSELS/ZAVENTEM;;;BÉLGICA;EUROPA;SBCT;SÃO JOSÉ DOS PINHAIS;PR;SUL;BRASIL;AMÉRICA DO SUL;INTERNACIONAL;REGULAR;0;0;11281;0;0;;;;;;;;;;;;;;0
LCO;LAN CARGO S.A.;ESTRANGEIRA;2026;1;EBBR;BRUSSELS/ZAVENTEM;;;BÉLGICA;EUROPA;SBFL;FLORIANÓPOLIS;SC;SUL;BRASIL;AMÉRICA DO SUL;INTERNACIONAL;NÃO REGULAR;0;0;94059;0;0;;;;;;;;;;;;;;0
LCO;LAN CARGO S.A.;ESTRANGEIRA;2026;1;EBBR;BRUSSELS/ZAVENTEM;;;BÉLGICA;EUROPA;SBFL;FLORIANÓPOLIS;SC;SUL;BRASIL;AMÉRICA DO SUL;INTERNACIONAL;REGULAR;0;0;7615;0;0;;;;;;;;;;;;;;0
LCO;LAN CARGO S.A.;ESTRANGEIRA;2026;1;EBBR;BRUSSELS/ZAVENTEM;;;BÉLGICA;EUROPA;SBGL;RIO DE JANEIRO;RJ;SUDESTE;BRASIL;AMÉRICA DO SUL;INTERNACIONAL;NÃO REGULAR;0;0;12256;0;0;;;;;;;;;;;;;;0
LCO;LAN CARGO S.A.;ESTRANGEIRA;2026;1;EBBR;BRUSSELS/ZAVENTEM;;;BÉLGICA;EUROPA;SBKP;CAMPINAS;SP;SUDESTE;BRASIL;AMÉRICA DO SUL;INTERNACIONAL;NÃO REGULAR;0;0;223247;0;0;;;;;;;;;;;;;;0
LCO;LAN CARGO S.A.;ESTRANGEIRA;2026;1;EBBR;BRUSSELS/ZAVENTEM;;;BÉLGICA;EUROPA;SBKP;CAMPINAS;SP;SUDESTE;BRASIL;AMÉRICA DO SUL;INTERNACIONAL;REGULAR;0;0;71991;0;0;;;;;;;;;;;;;;0
LCO;LAN CARGO S.A.;ESTRANGEIRA;2026;1;EBBR;BRUSSELS/ZAVENTEM;;;BÉLGICA;EUROPA;SBSJ;SÃO JOSÉ DOS CAMPOS;SP;SUDESTE;BRASIL;AMÉRICA DO SUL;INTERNACIONAL;NÃO REGULAR;0;0;2459;0;0;;;;;;;;;;;;;;0
LCO;LAN CARGO S.A.;ESTRANGEIRA;2026;1;EBBR;BRUSSELS/ZAVENTEM;;;BÉLGICA;EUROPA;SCEL;SANTIAGO;;;CHILE;AMÉRICA DO SUL;INTERNACIONAL;NÃO REGULAR;0;0;94842;0;0;;;;;;;;;;;;;;0
LCO;LAN CARGO S.A.;ESTRANGEIRA;2026;1;EBBR;BRUSSELS/ZAVENTEM;;;BÉLGICA;EUROPA;SCEL;SANTIAGO;;;CHILE;AMÉRICA DO SUL;INTERNACIONAL;REGULAR;0;0;30238;0;0;;;;;;;;;;;;;;0
LCO;LAN CARGO S.A.;ESTRANGEIRA;2026;1;EBBR;BRUSSELS/ZAVENTEM;;;BÉLGICA;EUROPA;SEQM;QUITO;;;EQUADOR;AMÉRICA DO SUL;INTERNACIONAL;NÃO REGULAR;0;0;0;0;0;;;;;;;;;;;;;;0
LCO;LAN CARGO S.A.;ESTRANGEIRA;2026;1;EBBR;BRUSSELS/ZAVENTEM;;;BÉLGICA;EUROPA;SKBO;BOGOTÁ;;;COLÔMBIA;AMÉRICA DO SUL;INTERNACIONAL;NÃO REGULAR;0;0;0;0;0;;;;;;;;;;;;;;0
LCO;LAN CARGO S.A.;ESTRANGEIRA;2026;1;EBBR;BRUSSELS/ZAVENTEM;;;BÉLGICA;EUROPA;SPJC;CALLAO/LIMA, LIMA METROPOLITAN AREA;;;PERU;AMÉRICA DO SUL;INTERNACIONAL;NÃO REGULAR;0;0;57989;0;0;;;;;;;;;;;;;;0
LCO;LAN CARGO S.A.;ESTRANGEIRA;2026;1;EBBR;BRUSSELS/ZAVENTEM;;;BÉLGICA;EUROPA;SUMU;MONTEVIDEO, MONTEVIDEO;;;URUGUAI;AMÉRICA DO SUL;INTERNACIONAL;NÃO REGULAR;0;0;9034;0;0;;;;;;;;;;;;;;0
LCO;LAN CARGO S.A.;ESTRANGEIRA;2026;1;EBLG;LIÈGE;;;BÉLGICA;EUROPA;EDDF;FRANKFURT AM MAIN;;;ALEMANHA;EUROPA;INTERNACIONAL;REGULAR;0;0;0;0;0;0;0;12528;0;0;232;1;0;0;0;0;54000;0,983333;0
LCO;LAN CARGO S.A.;ESTRANGEIRA;2026;1;EBLG;LIÈGE;;;BÉLGICA;EUROPA;GVAC;ILHA DO SAL;;;CABO VERDE;ÁFRICA;INTERNACIONAL;REGULAR;0;0;0;0;0;;;;;;;;;;;;;;0
LCO;LAN CARGO S.A.;ESTRANGEIRA;2026;1;EBLG;LIÈGE;;;BÉLGICA;EUROPA;SBKP;CAMPINAS;SP;SUDESTE;BRASIL;AMÉRICA DO SUL;INTERNACIONAL;REGULAR;0;0;0;0;0;;;;;;;;;;;;;;0
LCO;LAN CARGO S.A.;ESTRANGEIRA;2026;1;EBLG;LIÈGE;;;BÉLGICA;EUROPA;SCEL;SANTIAGO;;;CHILE;AMÉRICA DO SUL;INTERNACIONAL;REGULAR;0;0;0;0;0;;;;;;;;;;;;;;0
LCO;LAN CARGO S.A.;ESTRANGEIRA;2026;1;EDDF;FRANKFURT AM MAIN;;;ALEMANHA;EUROPA;GVAC;ILHA DO SAL;;;CABO VERDE;ÁFRICA;INTERNACIONAL;NÃO REGULAR;0;0;62;0;0;0;0;2511540;1716373;0;46510;10;1716377144;0;0;0;540000;69,2;0
LCO;LAN CARGO S.A.;ESTRANGEIRA;2026;1;EDDF;FRANKFURT AM MAIN;;;ALEMANHA;EUROPA;GVAC;ILHA DO SAL;;;CABO VERDE;ÁFRICA;INTERNACIONAL;REGULAR;0;0;0;0;0;0;0;1758078;1214135;0;32557;7;1214138888;0;0;0;378000;45,8667;0
LCO;LAN CARGO S.A.;ESTRANGEIRA;2026;1;EDDF;FRANKFURT AM MAIN;;;ALEMANHA;EUROPA;SAEZ;EZEIZA, BUENOS AIRES PROVINCE;;;ARGENTINA;AMÉRICA DO SUL;INTERNACIONAL;NÃO REGULAR;0;0;25902;0;0;;;;;;;;;;;;;;0
LCO;LAN CARGO S.A.;ESTRANGEIRA;2026;1;EDDF;FRANKFURT AM MAIN;;;ALEMANHA;EUROPA;SBCT;SÃO JOSÉ DOS PINHAIS;PR;SUL;BRASIL;AMÉRICA DO SUL;INTERNACIONAL;NÃO REGULAR;0;0;0;0;0;;;;;;;;;;;;;;0
LCO;LAN CARGO S.A.;ESTRANGEIRA;2026;1;EDDF;FRANKFURT AM MAIN;;;ALEMANHA;EUROPA;SBFL;FLORIANÓPOLIS;SC;SUL;BRASIL;AMÉRICA DO SUL;INTERNACIONAL;NÃO REGULAR;0;0;0;0;0;;;;;;;;;;;;;;0
LCO;LAN CARGO S.A.;ESTRANGEIRA;2026;1;EDDF;FRANKFURT AM MAIN;;;ALEMANHA;EUROPA;SBFL;FLORIANÓPOLIS;SC;SUL;BRASIL;AMÉRICA DO SUL;INTERNACIONAL;REGULAR;0;0;0;0;0;;;;;;;;;;;;;;0
LCO;LAN CARGO S.A.;ESTRANGEIRA;2026;1;EDDF;FRANKFURT AM MAIN;;;ALEMANHA;EUROPA;SBKP;CAMPINAS;SP;SUDESTE;BRASIL;AMÉRICA DO SUL;INTERNACIONAL;NÃO REGULAR;0;0;46429;0;0;;;;;;;;;;;;;;0
LCO;LAN CARGO S.A.;ESTRANGEIRA;2026;1;EDDF;FRANKFURT AM MAIN;;;ALEMANHA;EUROPA;SBKP;CAMPINAS;SP;SUDESTE;BRASIL;AMÉRICA DO SUL;INTERNACIONAL;REGULAR;0;0;89604;0;0;;;;;;;;;;;;;;0
LCO;LAN CARGO S.A.;ESTRANGEIRA;2026;1;EDDF;FRANKFURT AM MAIN;;;ALEMANHA;EUROPA;SBSJ;SÃO JOSÉ DOS CAMPOS;SP;SUDESTE;BRASIL;AMÉRICA DO SUL;INTERNACIONAL;NÃO REGULAR;0;0;0;0;0;;;;;;;;;;;;;;0
LCO;LAN CARGO S.A.;ESTRANGEIRA;2026;1;EDDF;FRANKFURT AM MAIN;;;ALEMANHA;EUROPA;SCEL;SANTIAGO;;;CHILE;AMÉRICA DO SUL;INTERNACIONAL;NÃO REGULAR;0;0;148893;0;0;;;;;;;;;;;;;;0
LCO;LAN CARGO S.A.;ESTRANGEIRA;2026;1;EDDF;FRANKFURT AM MAIN;;;ALEMANHA;EUROPA;SCEL;SANTIAGO;;;CHILE;AMÉRICA DO SUL;INTERNACIONAL;REGULAR;0;0;79146;0;0;;;;;;;;;;;;;;0
LCO;LAN CARGO S.A.;ESTRANGEIRA;2026;1;EDDF;FRANKFURT AM MAIN;;;ALEMANHA;EUROPA;SUMU;MONTEVIDEO, MONTEVIDEO;;;URUGUAI;AMÉRICA DO SUL;INTERNACIONAL;NÃO REGULAR;0;0;0;0;0;;;;;;;;;;;;;;0
LCO;LAN CARGO S.A.;ESTRANGEIRA;2026;1;GVAC;ILHA DO SAL;;;CABO VERDE;ÁFRICA;KMIA;MIAMI, FLORIDA;;;ESTADOS UNIDOS DA AMÉRICA;AMÉRICA DO NORTE;INTERNACIONAL;NÃO REGULAR;0;0;0;0;0;;;;;;;;;;;;;;0
LCO;LAN CARGO S.A.;ESTRANGEIRA;2026;1;GVAC;ILHA DO SAL;;;CABO VERDE;ÁFRICA;SAEZ;EZEIZA, BUENOS AIRES PROVINCE;;;ARGENTINA;AMÉRICA DO SUL;INTERNACIONAL;NÃO REGULAR;0;0;0;0;0;;;;;;;;;;;;;;0
LCO;LAN CARGO S.A.;ESTRANGEIRA;2026;1;GVAC;ILHA DO SAL;;;CABO VERDE;ÁFRICA;SAEZ;EZEIZA, BUENOS AIRES PROVINCE;;;ARGENTINA;AMÉRICA DO SUL;INTERNACIONAL;REGULAR;0;0;0;0;0;;;;;;;;;;;;;;0
LCO;LAN CARGO S.A.;ESTRANGEIRA;2026;1;GVAC;ILHA DO SAL;;;CABO VERDE;ÁFRICA;SBCT;SÃO JOSÉ DOS PINHAIS;PR;SUL;BRASIL;AMÉRICA DO SUL;INTERNACIONAL;NÃO REGULAR;0;0;0;0;0;0;0;1186056;877800;0;21964;4;877802240;0;0;0;216000;28,2833;0
LCO;LAN CARGO S.A.;ESTRANGEIRA;2026;1;GVAC;ILHA DO SAL;;;CABO VERDE;ÁFRICA;SBCT;SÃO JOSÉ DOS PINHAIS;PR;SUL;BRASIL;AMÉRICA DO SUL;INTERNACIONAL;REGULAR;0;0;0;0;0;;;;;;;;;;;;;;0
LCO;LAN CARGO S.A.;ESTRANGEIRA;2026;1;GVAC;ILHA DO SAL;;;CABO VERDE;ÁFRICA;SBFL;FLORIANÓPOLIS;SC;SUL;BRASIL;AMÉRICA DO SUL;INTERNACIONAL;NÃO REGULAR;0;0;0;0;0;0;0;1527390;1072967;0;28285;5;1072968848;0;0;0;270000;37,35;0
LCO;LAN CARGO S.A.;ESTRANGEIRA;2026;1;GVAC;ILHA DO SAL;;;CABO VERDE;ÁFRICA;SBFL;FLORIANÓPOLIS;SC;SUL;BRASIL;AMÉRICA DO SUL;INTERNACIONAL;REGULAR;0;0;0;0;0;0;0;305478;224090;0;5657;1;224090736;0;0;0;54000;7,86667;0
LCO;LAN CARGO S.A.;ESTRANGEIRA;2026;1;GVAC;ILHA DO SAL;;;CABO VERDE;ÁFRICA;SBGL;RIO DE JANEIRO;RJ;SUDESTE;BRASIL;AMÉRICA DO SUL;INTERNACIONAL;NÃO REGULAR;0;0;0;0;0;0;0;265734;145041;0;4921;1;145041552;0;0;0;54000;6,46667;0
LCO;LAN CARGO S.A.;ESTRANGEIRA;2026;1;GVAC;ILHA DO SAL;;;CABO VERDE;ÁFRICA;SBKP;CAMPINAS;SP;SUDESTE;BRASIL;AMÉRICA DO SUL;INTERNACIONAL;NÃO REGULAR;0;0;0;0;0;0;0;3888108;2674544;0;72002;14;2674550280;0;0;0;756000;96,1333;0
LCO;LAN CARGO S.A.;ESTRANGEIRA;2026;1;GVAC;ILHA DO SAL;;;CABO VERDE;ÁFRICA;SBKP;CAMPINAS;SP;SUDESTE;BRASIL;AMÉRICA DO SUL;INTERNACIONAL;REGULAR;0;0;0;0;0;0;0;2221776;1420391;0;41144;8;1420393744;0;0;0;432000;55,5333;0
LCO;LAN CARGO S.A.;ESTRANGEIRA;2026;1;GVAC;ILHA DO SAL;;;CABO VERDE;ÁFRICA;SBSJ;SÃO JOSÉ DOS CAMPOS;SP;SUDESTE;BRASIL;AMÉRICA DO SUL;INTERNACIONAL;NÃO REGULAR;0;0;0;0;0;;;;;;;;;;;;;;0
LCO;LAN CARGO S.A.;ESTRANGEIRA;2026;1;GVAC;ILHA DO SAL;;;CABO VERDE;ÁFRICA;SCEL;SANTIAGO;;;CHILE;AMÉRICA DO SUL;INTERNACIONAL;NÃO REGULAR;0;0;0;0;0;;;;;;;;;;;;;;0
LCO;LAN CARGO S.A.;ESTRANGEIRA;2026;1;GVAC;ILHA DO SAL;;;CABO VERDE;ÁFRICA;SCEL;SANTIAGO;;;CHILE;AMÉRICA DO SUL;INTERNACIONAL;REGULAR;0;0;0;0;0;;;;;;;;;;;;;;0
LCO;LAN CARGO S.A.;ESTRANGEIRA;2026;1;GVAC;ILHA DO SAL;;;CABO VERDE;ÁFRICA;SEQM;QUITO;;;EQUADOR;AMÉRICA DO SUL;INTERNACIONAL;NÃO REGULAR;0;0;0;0;0;;;;;;;;;;;;;;0
LCO;LAN CARGO S.A.;ESTRANGEIRA;2026;1;GVAC;ILHA DO SAL;;;CABO VERDE;ÁFRICA;SKBO;BOGOTÁ;;;COLÔMBIA;AMÉRICA DO SUL;INTERNACIONAL;NÃO REGULAR;0;0;0;0;0;;;;;;;;;;;;;;0
LCO;LAN CARGO S.A.;ESTRANGEIRA;2026;1;GVAC;ILHA DO SAL;;;CABO VERDE;ÁFRICA;SPJC;CALLAO/LIMA, LIMA METROPOLITAN AREA;;;PERU;AMÉRICA DO SUL;INTERNACIONAL;NÃO REGULAR;0;0;0;0;0;;;;;;;;;;;;;;0
LCO;LAN CARGO S.A.;ESTRANGEIRA;2026;1;GVAC;ILHA DO SAL;;;CABO VERDE;ÁFRICA;SUMU;MONTEVIDEO, MONTEVIDEO;;;URUGUAI;AMÉRICA DO SUL;INTERNACIONAL;NÃO REGULAR;0;0;0;0;0;;;;;;;;;;;;;;0
LCO;LAN CARGO S.A.;ESTRANGEIRA;2026;1;KMIA;MIAMI, FLORIDA;;;ESTADOS UNIDOS DA AMÉRICA;AMÉRICA DO NORTE;SAEZ;EZEIZA, BUENOS AIRES PROVINCE;;;ARGENTINA;AMÉRICA DO SUL;INTERNACIONAL;NÃO REGULAR;0;0;61438;0;0;;;;;;;;;;;;;;0
LCO;LAN CARGO S.A.;ESTRANGEIRA;2026;1;KMIA;MIAMI, FLORIDA;;;ESTADOS UNIDOS DA AMÉRICA;AMÉRICA DO NORTE;SAEZ;EZEIZA, BUENOS AIRES PROVINCE;;;ARGENTINA;AMÉRICA DO SUL;INTERNACIONAL;REGULAR;0;0;22813;0;0;;;;;;;;;;;;;;0
LCO;LAN CARGO S.A.;ESTRANGEIRA;2026;1;KMIA;MIAMI, FLORIDA;;;ESTADOS UNIDOS DA AMÉRICA;AMÉRICA DO NORTE;SBCF;CONFINS;MG;SUDESTE;BRASIL;AMÉRICA DO SUL;INTERNACIONAL;NÃO REGULAR;0;0;5859;0;0;;;;;;;;;;;;;;0
LCO;LAN CARGO S.A.;ESTRANGEIRA;2026;1;KMIA;MIAMI, FLORIDA;;;ESTADOS UNIDOS DA AMÉRICA;AMÉRICA DO NORTE;SBEG;MANAUS;AM;NORTE;BRASIL;AMÉRICA DO SUL;INTERNACIONAL;NÃO REGULAR;0;0;0;0;0;0;0;628074;531838;0;11631;3;531839120;0;0;0;162000;16,95;0
LCO;LAN CARGO S.A.;ESTRANGEIRA;2026;1;KMIA;MIAMI, FLORIDA;;;ESTADOS UNIDOS DA AMÉRICA;AMÉRICA DO NORTE;SBEG;MANAUS;AM;NORTE;BRASIL;AMÉRICA DO SUL;INTERNACIONAL;REGULAR;0;0;0;0;0;0;0;209358;158154;0;3877;1;158154464;0;0;0;54000;5,33333;0
LCO;LAN CARGO S.A.;ESTRANGEIRA;2026;1;KMIA;MIAMI, FLORIDA;;;ESTADOS UNIDOS DA AMÉRICA;AMÉRICA DO NORTE;SBFL;FLORIANÓPOLIS;SC;SUL;BRASIL;AMÉRICA DO SUL;INTERNACIONAL;NÃO REGULAR;0;0;10781;0;0;;;;;;;;;;;;;;0
LCO;LAN CARGO S.A.;ESTRANGEIRA;2026;1;KMIA;MIAMI, FLORIDA;;;ESTADOS UNIDOS DA AMÉRICA;AMÉRICA DO NORTE;SBKP;CAMPINAS;SP;SUDESTE;BRASIL;AMÉRICA DO SUL;INTERNACIONAL;NÃO REGULAR;0;0;99156;0;0;0;0;1753920;1197458;0;32480;5;1197459648;0;0;0;270000;42,5167;0
LCO;LAN CARGO S.A.;ESTRANGEIRA;2026;1;KMIA;MIAMI, FLORIDA;;;ESTADOS UNIDOS DA AMÉRICA;AMÉRICA DO NORTE;SBSJ;SÃO JOSÉ DOS CAMPOS;SP;SUDESTE;BRASIL;AMÉRICA DO SUL;INTERNACIONAL;NÃO REGULAR;0;0;34556;0;0;0;0;711828;495056;0;13182;2;495056608;0;0;0;108000;18,0333;0
LCO;LAN CARGO S.A.;ESTRANGEIRA;2026;1;KMIA;MIAMI, FLORIDA;;;ESTADOS UNIDOS DA AMÉRICA;AMÉRICA DO NORTE;SCEL;SANTIAGO;;;CHILE;AMÉRICA DO SUL;INTERNACIONAL;NÃO REGULAR;0;0;46488;0;0;;;;;;;;;;;;;;0
LCO;LAN CARGO S.A.;ESTRANGEIRA;2026;1;KMIA;MIAMI, FLORIDA;;;ESTADOS UNIDOS DA AMÉRICA;AMÉRICA DO NORTE;SCEL;SANTIAGO;;;CHILE;AMÉRICA DO SUL;INTERNACIONAL;REGULAR;0;0;17980;0;0;;;;;;;;;;;;;;0
LCO;LAN CARGO S.A.;ESTRANGEIRA;2026;1;KMIA;MIAMI, FLORIDA;;;ESTADOS UNIDOS DA AMÉRICA;AMÉRICA DO NORTE;SEQM;QUITO;;;EQUADOR;AMÉRICA DO SUL;INTERNACIONAL;NÃO REGULAR;0;0;0;0;0;;;;;;;;;;;;;;0
LCO;LAN CARGO S.A.;ESTRANGEIRA;2026;1;KMIA;MIAMI, FLORIDA;;;ESTADOS UNIDOS DA AMÉRICA;AMÉRICA DO NORTE;SGAS;ASUNCIÓN;;;PARAGUAI;AMÉRICA DO SUL;INTERNACIONAL;NÃO REGULAR;0;0;130392;0;0;0;0;333666;223037;0;6179;1;223037184;0;0;0;54000;7,83333;0
LCO;LAN CARGO S.A.;ESTRANGEIRA;2026;1;KMIA;MIAMI, FLORIDA;;;ESTADOS UNIDOS DA AMÉRICA;AMÉRICA DO NORTE;SGES;CIUDAD DEL ESTE;;;PARAGUAI;AMÉRICA DO SUL;INTERNACIONAL;NÃO REGULAR;0;0;38552;0;0;0;0;341280;317782;0;6320;1;317782240;0;0;0;54000;8,31667;0
LCO;LAN CARGO S.A.;ESTRANGEIRA;2026;1;KMIA;MIAMI, FLORIDA;;;ESTADOS UNIDOS DA AMÉRICA;AMÉRICA DO NORTE;SKBO;BOGOTÁ;;;COLÔMBIA;AMÉRICA DO SUL;INTERNACIONAL;NÃO REGULAR;0;0;0;0;0;;;;;;;;;;;;;;0
LCO;LAN CARGO S.A.;ESTRANGEIRA;2026;1;KMIA;MIAMI, FLORIDA;;;ESTADOS UNIDOS DA AMÉRICA;AMÉRICA DO NORTE;SUMU;MONTEVIDEO, MONTEVIDEO;;;URUGUAI;AMÉRICA DO SUL;INTERNACIONAL;NÃO REGULAR;0;0;55783;0;0;;;;;;;;;;;;;;0
LCO;LAN CARGO S.A.;ESTRANGEIRA;2026;1;LEMD;MADRID;;;ESPANHA;EUROPA;GVAC;ILHA DO SAL;;;CABO VERDE;ÁFRICA;INTERNACIONAL;NÃO REGULAR;0;0;0;0;0;0;0;348948;258208;0;6462;2;258208592;0;0;0;108000;9,66667;0
LCO;LAN CARGO S.A.;ESTRANGEIRA;2026;1;LEMD;MADRID;;;ESPANHA;EUROPA;SBGL;RIO DE JANEIRO;RJ;SUDESTE;BRASIL;AMÉRICA DO SUL;INTERNACIONAL;NÃO REGULAR;0;0;45386;0;0;;;;;;;;;;;;;;0
LCO;LAN CARGO S.A.;ESTRANGEIRA;2026;1;LEMD;MADRID;;;ESPANHA;EUROPA;SBKP;CAMPINAS;SP;SUDESTE;BRASIL;AMÉRICA DO SUL;INTERNACIONAL;NÃO REGULAR;0;0;0;0;0;;;;;;;;;;;;;;0
LCO;LAN CARGO S.A.;ESTRANGEIRA;2026;1;LEMD;MADRID;;;ESPANHA;EUROPA;SCEL;SANTIAGO;;;CHILE;AMÉRICA DO SUL;INTERNACIONAL;NÃO REGULAR;0;0;0;0;0;;;;;;;;;;;;;;0
LCO;LAN CARGO S.A.;ESTRANGEIRA;2026;1;LEZG;ZARAGOZA;;;ESPANHA;EUROPA;GVAC;ILHA DO SAL;;;CABO VERDE;ÁFRICA;INTERNACIONAL;NÃO REGULAR;0;0;0;0;0;0;0;562302;490347;0;10413;3;490348176;0;0;0;162000;14,8167;0
LCO;LAN CARGO S.A.;ESTRANGEIRA;2026;1;LEZG;ZARAGOZA;;;ESPANHA;EUROPA;GVAC;ILHA DO SAL;;;CABO VERDE;ÁFRICA;INTERNACIONAL;REGULAR;0;0;0;0;0;0;0;187434;134910;0;3471;1;134910832;0;0;0;54000;4,95;0
LCO;LAN CARGO S.A.;ESTRANGEIRA;2026;1;LEZG;ZARAGOZA;;;ESPANHA;EUROPA;SBCT;SÃO JOSÉ DOS PINHAIS;PR;SUL;BRASIL;AMÉRICA DO SUL;INTERNACIONAL;NÃO REGULAR;0;0;0;0;0;;;;;;;;;;;;;;0
LCO;LAN CARGO S.A.;ESTRANGEIRA;2026;1;LEZG;ZARAGOZA;;;ESPANHA;EUROPA;SBCT;SÃO JOSÉ DOS PINHAIS;PR;SUL;BRASIL;AMÉRICA DO SUL;INTERNACIONAL;REGULAR;0;0;0;0;0;;;;;;;;;;;;;;0
LCO;LAN CARGO S.A.;ESTRANGEIRA;2026;1;LEZG;ZARAGOZA;;;ESPANHA;EUROPA;SBKP;CAMPINAS;SP;SUDESTE;BRASIL;AMÉRICA DO SUL;INTERNACIONAL;NÃO REGULAR;0;0;0;0;0;;;;;;;;;;;;;;0
LCO;LAN CARGO S.A.;ESTRANGEIRA;2026;1;LEZG;ZARAGOZA;;;ESPANHA;EUROPA;SBKP;CAMPINAS;SP;SUDESTE;BRASIL;AMÉRICA DO SUL;INTERNACIONAL;REGULAR;0;0;0;0;0;;;;;;;;;;;;;;0
LCO;LAN CARGO S.A.;ESTRANGEIRA;2026;1;LEZG;ZARAGOZA;;;ESPANHA;EUROPA;SCEL;SANTIAGO;;;CHILE;AMÉRICA DO SUL;INTERNACIONAL;NÃO REGULAR;0;0;52290;0;0;;;;;;;;;;;;;;0
LCO;LAN CARGO S.A.;ESTRANGEIRA;2026;1;LEZG;ZARAGOZA;;;ESPANHA;EUROPA;SCEL;SANTIAGO;;;CHILE;AMÉRICA DO SUL;INTERNACIONAL;REGULAR;0;0;14083;0;0;;;;;;;;;;;;;;0
LCO;LAN CARGO S.A.;ESTRANGEIRA;2026;1;MSLP;SAN SALVADOR;;;EL SALVADOR;AMÉRICA CENTRAL;KMIA;MIAMI, FLORIDA;;;ESTADOS UNIDOS DA AMÉRICA;AMÉRICA DO NORTE;INTERNACIONAL;NÃO REGULAR;0;0;0;0;0;0;0;89154;0;0;1651;1;0;0;0;0;54000;2,76667;0
LCO;LAN CARGO S.A.;ESTRANGEIRA;2026;1;SAEZ;EZEIZA, BUENOS AIRES PROVINCE;;;ARGENTINA;AMÉRICA DO SUL;SCEL;SANTIAGO;;;CHILE;AMÉRICA DO SUL;INTERNACIONAL;NÃO REGULAR;0;0;17656;0;0;0;0;491616;207121;0;9104;8;207123966;0;0;0;432000;17,2;0
LCO;LAN CARGO S.A.;ESTRANGEIRA;2026;1;SAEZ;EZEIZA, BUENOS AIRES PROVINCE;;;ARGENTINA;AMÉRICA DO SUL;SCEL;SANTIAGO;;;CHILE;AMÉRICA DO SUL;INTERNACIONAL;REGULAR;0;0;6154;0;0;0;0;61452;27464;0;1138;1;27464492;0;0;0;54000;2,3;0
LCO;LAN CARGO S.A.;ESTRANGEIRA;2026;1;SAEZ;EZEIZA, BUENOS AIRES PROVINCE;;;ARGENTINA;AMÉRICA DO SUL;SEQM;QUITO;;;EQUADOR;AMÉRICA DO SUL;INTERNACIONAL;NÃO REGULAR;0;0;0;0;0;;;;;;;;;;;;;;0
LCO;LAN CARGO S.A.;ESTRANGEIRA;2026;1;SAEZ;EZEIZA, BUENOS AIRES PROVINCE;;;ARGENTINA;AMÉRICA DO SUL;SPJC;CALLAO/LIMA, LIMA METROPOLITAN AREA;;;PERU;AMÉRICA DO SUL;INTERNACIONAL;NÃO REGULAR;0;0;98505;0;0;0;0;681048;394845;0;12612;4;394847040;0;0;0;216000;20,4;0
LCO;LAN CARGO S.A.;ESTRANGEIRA;2026;1;SBCF;CONFINS;MG;SUDESTE;BRASIL;AMÉRICA DO SUL;SEQM;QUITO;;;EQUADOR;AMÉRICA DO SUL;INTERNACIONAL;NÃO REGULAR;0;0;0;0;0;0;0;233712;30179;0;4328;1;30179144;0;0;0;54000;6,13333;0
LCO;LAN CARGO S.A.;ESTRANGEIRA;2026;1;SBCT;SÃO JOSÉ DOS PINHAIS;PR;SUL;BRASIL;AMÉRICA DO SUL;KMIA;MIAMI, FLORIDA;;;ESTADOS UNIDOS DA AMÉRICA;AMÉRICA DO NORTE;INTERNACIONAL;NÃO REGULAR;0;0;0;0;0;;;;;;;;;;;;;;0
LCO;LAN CARGO S.A.;ESTRANGEIRA;2026;1;SBCT;SÃO JOSÉ DOS PINHAIS;PR;SUL;BRASIL;AMÉRICA DO SUL;SBFL;FLORIANÓPOLIS;SC;SUL;BRASIL;AMÉRICA DO SUL;INTERNACIONAL;NÃO REGULAR;0;0;0;0;0;0;0;13284;7168;0;246;1;7168932;0;0;0;54000;1,06667;0
LCO;LAN CARGO S.A.;ESTRANGEIRA;2026;1;SBCT;SÃO JOSÉ DOS PINHAIS;PR;SUL;BRASIL;AMÉRICA DO SUL;SBKP;CAMPINAS;SP;SUDESTE;BRASIL;AMÉRICA DO SUL;INTERNACIONAL;NÃO REGULAR;0;0;0;0;0;0;0;56538;23109;0;1047;3;23110082;0;0;0;162000;2,98333;0
LCO;LAN CARGO S.A.;ESTRANGEIRA;2026;1;SBCT;SÃO JOSÉ DOS PINHAIS;PR;SUL;BRASIL;AMÉRICA DO SUL;SCEL;SANTIAGO;;;CHILE;AMÉRICA DO SUL;INTERNACIONAL;NÃO REGULAR;0;0;0;0;0;0;0;488592;252186;0;9048;4;252188120;0;0;0;216000;14,35;0
LCO;LAN CARGO S.A.;ESTRANGEIRA;2026;1;SBCT;SÃO JOSÉ DOS PINHAIS;PR;SUL;BRASIL;AMÉRICA DO SUL;SCEL;SANTIAGO;;;CHILE;AMÉRICA DO SUL;INTERNACIONAL;REGULAR;0;0;0;0;0;0;0;122148;38971;0;2262;1;38972000;0;0;0;54000;3,81667;0
LCO;LAN CARGO S.A.;ESTRANGEIRA;2026;1;SBCT;SÃO JOSÉ DOS PINHAIS;PR;SUL;BRASIL;AMÉRICA DO SUL;SEQM;QUITO;;;EQUADOR;AMÉRICA DO SUL;INTERNACIONAL;NÃO REGULAR;0;0;0;0;0;;;;;;;;;;;;;;0
LCO;LAN CARGO S.A.;ESTRANGEIRA;2026;1;SBCT;SÃO JOSÉ DOS PINHAIS;PR;SUL;BRASIL;AMÉRICA DO SUL;SKBO;BOGOTÁ;;;COLÔMBIA;AMÉRICA DO SUL;INTERNACIONAL;NÃO REGULAR;0;0;0;0;0;;;;;;;;;;;;;;0
LCO;LAN CARGO S.A.;ESTRANGEIRA;2026;1;SBCT;SÃO JOSÉ DOS PINHAIS;PR;SUL;BRASIL;AMÉRICA DO SUL;SPJC;CALLAO/LIMA, LIMA METROPOLITAN AREA;;;PERU;AMÉRICA DO SUL;INTERNACIONAL;NÃO REGULAR;0;0;0;0;0;;;;;;;;;;;;;;0
LCO;LAN CARGO S.A.;ESTRANGEIRA;2026;1;SBEG;MANAUS;AM;NORTE;BRASIL;AMÉRICA DO SUL;SAEZ;EZEIZA, BUENOS AIRES PROVINCE;;;ARGENTINA;AMÉRICA DO SUL;INTERNACIONAL;NÃO REGULAR;0;0;0;0;0;0;0;381996;330588;0;7074;2;330589248;0;0;0;108000;10,15;0
LCO;LAN CARGO S.A.;ESTRANGEIRA;2026;1;SBEG;MANAUS;AM;NORTE;BRASIL;AMÉRICA DO SUL;SAEZ;EZEIZA, BUENOS AIRES PROVINCE;;;ARGENTINA;AMÉRICA DO SUL;INTERNACIONAL;REGULAR;0;0;0;0;0;0;0;190998;144284;0;3537;1;144284848;0;0;0;54000;4,85;0
LCO;LAN CARGO S.A.;ESTRANGEIRA;2026;1;SBEG;MANAUS;AM;NORTE;BRASIL;AMÉRICA DO SUL;SCEL;SANTIAGO;;;CHILE;AMÉRICA DO SUL;INTERNACIONAL;NÃO REGULAR;0;0;0;0;0;;;;;;;;;;;;;;0
LCO;LAN CARGO S.A.;ESTRANGEIRA;2026;1;SBEG;MANAUS;AM;NORTE;BRASIL;AMÉRICA DO SUL;SCEL;SANTIAGO;;;CHILE;AMÉRICA DO SUL;INTERNACIONAL;REGULAR;0;0;0;0;0;;;;;;;;;;;;;;0
LCO;LAN CARGO S.A.;ESTRANGEIRA;2026;1;SBEG;MANAUS;AM;NORTE;BRASIL;AMÉRICA DO SUL;SUMU;MONTEVIDEO, MONTEVIDEO;;;URUGUAI;AMÉRICA DO SUL;INTERNACIONAL;NÃO REGULAR;0;0;0;0;0;0;0;192240;155614;0;3560;1;155614720;0;0;0;54000;4,85;0
LCO;LAN CARGO S.A.;ESTRANGEIRA;2026;1;SBFL;FLORIANÓPOLIS;SC;SUL;BRASIL;AMÉRICA DO SUL;KMIA;MIAMI, FLORIDA;;;ESTADOS UNIDOS DA AMÉRICA;AMÉRICA DO NORTE;INTERNACIONAL;NÃO REGULAR;0;0;0;0;0;;;;;;;;;;;;;;0
LCO;LAN CARGO S.A.;ESTRANGEIRA;2026;1;SBFL;FLORIANÓPOLIS;SC;SUL;BRASIL;AMÉRICA DO SUL;SAEZ;EZEIZA, BUENOS AIRES PROVINCE;;;ARGENTINA;AMÉRICA DO SUL;INTERNACIONAL;NÃO REGULAR;0;0;0;0;0;0;0;267192;147679;0;4948;4;147681724;0;0;0;216000;8,61667;0
LCO;LAN CARGO S.A.;ESTRANGEIRA;2026;1;SBFL;FLORIANÓPOLIS;SC;SUL;BRASIL;AMÉRICA DO SUL;SBKP;CAMPINAS;SP;SUDESTE;BRASIL;AMÉRICA DO SUL;INTERNACIONAL;NÃO REGULAR;0;0;0;0;0;0;0;29052;10704;0;538;1;10704586;0;0;0;54000;1,53333;0
LCO;LAN CARGO S.A.;ESTRANGEIRA;2026;1;SBFL;FLORIANÓPOLIS;SC;SUL;BRASIL;AMÉRICA DO SUL;SCEL;SANTIAGO;;;CHILE;AMÉRICA DO SUL;INTERNACIONAL;NÃO REGULAR;0;0;0;0;0;0;0;359154;87432;0;6651;3;87434047;0;0;0;162000;11,4333;0
LCO;LAN CARGO S.A.;ESTRANGEIRA;2026;1;SBFL;FLORIANÓPOLIS;SC;SUL;BRASIL;AMÉRICA DO SUL;SCEL;SANTIAGO;;;CHILE;AMÉRICA DO SUL;INTERNACIONAL;REGULAR;0;0;0;0;0;0;0;119718;70939;0;2217;1;70939568;0;0;0;54000;3,41667;0
LCO;LAN CARGO S.A.;ESTRANGEIRA;2026;1;SBFL;FLORIANÓPOLIS;SC;SUL;BRASIL;AMÉRICA DO SUL;SKBO;BOGOTÁ;;;COLÔMBIA;AMÉRICA DO SUL;INTERNACIONAL;NÃO REGULAR;0;0;0;0;0;;;;;;;;;;;;;;0
LCO;LAN CARGO S.A.;ESTRANGEIRA;2026;1;SBFL;FLORIANÓPOLIS;SC;SUL;BRASIL;AMÉRICA DO SUL;SPJC;CALLAO/LIMA, LIMA METROPOLITAN AREA;;;PERU;AMÉRICA DO SUL;INTERNACIONAL;NÃO REGULAR;0;0;0;0;0;;;;;;;;;;;;;;0
LCO;LAN CARGO S.A.;ESTRANGEIRA;2026;1;SBGL;RIO DE JANEIRO;RJ;SUDESTE;BRASIL;AMÉRICA DO SUL;SCEL;SANTIAGO;;;CHILE;AMÉRICA DO SUL;INTERNACIONAL;NÃO REGULAR;0;0;0;0;0;0;0;316872;21245;0;5868;2;21245094;0;0;0;108000;9,25;0
LCO;LAN CARGO S.A.;ESTRANGEIRA;2026;1;SBGR;GUARULHOS;SP;SUDESTE;BRASIL;AMÉRICA DO SUL;KMIA;MIAMI, FLORIDA;;;ESTADOS UNIDOS DA AMÉRICA;AMÉRICA DO NORTE;INTERNACIONAL;NÃO REGULAR;0;0;0;0;0;;;;;;;;;;;;;;0
LCO;LAN CARGO S.A.;ESTRANGEIRA;2026;1;SBGR;GUARULHOS;SP;SUDESTE;BRASIL;AMÉRICA DO SUL;KMIA;MIAMI, FLORIDA;;;ESTADOS UNIDOS DA AMÉRICA;AMÉRICA DO NORTE;INTERNACIONAL;REGULAR;0;0;0;0;0;;;;;;;;;;;;;;0
LCO;LAN CARGO S.A.;ESTRANGEIRA;2026;1;SBGR;GUARULHOS;SP;SUDESTE;BRASIL;AMÉRICA DO SUL;SCEL;SANTIAGO;;;CHILE;AMÉRICA DO SUL;INTERNACIONAL;NÃO REGULAR;0;0;8544;0;0;0;0;1129248;22333;0;20912;8;22334016;0;0;0;432000;34,2167;0
LCO;LAN CARGO S.A.;ESTRANGEIRA;2026;1;SBGR;GUARULHOS;SP;SUDESTE;BRASIL;AMÉRICA DO SUL;SEQM;QUITO;;;EQUADOR;AMÉRICA DO SUL;INTERNACIONAL;NÃO REGULAR;0;0;0;0;0;0;0;1163430;68921;0;21545;5;68922456;0;0;0;270000;30,8167;0
LCO;LAN CARGO S.A.;ESTRANGEIRA;2026;1;SBGR;GUARULHOS;SP;SUDESTE;BRASIL;AMÉRICA DO SUL;SEQM;QUITO;;;EQUADOR;AMÉRICA DO SUL;INTERNACIONAL;REGULAR;0;0;440;0;0;0;0;465372;71300;0;8618;2;71301024;0;0;0;108000;11,7333;0
LCO;LAN CARGO S.A.;ESTRANGEIRA;2026;1;SBGR;GUARULHOS;SP;SUDESTE;BRASIL;AMÉRICA DO SUL;SKBO;BOGOTÁ;;;COLÔMBIA;AMÉRICA DO SUL;INTERNACIONAL;NÃO REGULAR;0;0;9145;0;0;0;0;936576;52881;0;17344;4;52881856;0;0;0;216000;24,15;0
LCO;LAN CARGO S.A.;ESTRANGEIRA;2026;1;SBKP;CAMPINAS;SP;SUDESTE;BRASIL;AMÉRICA DO SUL;KMIA;MIAMI, FLORIDA;;;ESTADOS UNIDOS DA AMÉRICA;AMÉRICA DO NORTE;INTERNACIONAL;NÃO REGULAR;0;0;0;0;0;;;;;;;;;;;;;;0
LCO;LAN CARGO S.A.;ESTRANGEIRA;2026;1;SBKP;CAMPINAS;SP;SUDESTE;BRASIL;AMÉRICA DO SUL;SAEZ;EZEIZA, BUENOS AIRES PROVINCE;;;ARGENTINA;AMÉRICA DO SUL;INTERNACIONAL;NÃO REGULAR;0;0;36;0;0;0;0;370872;73457;0;6868;4;73458409;0;0;0;216000;11,9167;0
LCO;LAN CARGO S.A.;ESTRANGEIRA;2026;1;SBKP;CAMPINAS;SP;SUDESTE;BRASIL;AMÉRICA DO SUL;SAEZ;EZEIZA, BUENOS AIRES PROVINCE;;;ARGENTINA;AMÉRICA DO SUL;INTERNACIONAL;REGULAR;0;0;914;0;0;0;0;92718;8784;0;1717;1;8784172;0;0;0;54000;2,76667;0
LCO;LAN CARGO S.A.;ESTRANGEIRA;2026;1;SBKP;CAMPINAS;SP;SUDESTE;BRASIL;AMÉRICA DO SUL;SBCF;CONFINS;MG;SUDESTE;BRASIL;AMÉRICA DO SUL;INTERNACIONAL;NÃO REGULAR;0;0;0;0;0;0;0;26946;6403;0;499;1;6403168;0;0;0;54000;1,31667;0
LCO;LAN CARGO S.A.;ESTRANGEIRA;2026;1;SBKP;CAMPINAS;SP;SUDESTE;BRASIL;AMÉRICA DO SUL;SBCT;SÃO JOSÉ DOS PINHAIS;PR;SUL;BRASIL;AMÉRICA DO SUL;INTERNACIONAL;NÃO REGULAR;0;0;0;0;0;0;0;75384;46611;0;1396;4;46613138;0;0;0;216000;4,2;0
LCO;LAN CARGO S.A.;ESTRANGEIRA;2026;1;SBKP;CAMPINAS;SP;SUDESTE;BRASIL;AMÉRICA DO SUL;SBCT;SÃO JOSÉ DOS PINHAIS;PR;SUL;BRASIL;AMÉRICA DO SUL;INTERNACIONAL;REGULAR;0;0;20590;0;0;0;0;18846;17135;0;349;1;17135900;0;0;0;54000;1;0
LCO;LAN CARGO S.A.;ESTRANGEIRA;2026;1;SBKP;CAMPINAS;SP;SUDESTE;BRASIL;AMÉRICA DO SUL;SBFL;FLORIANÓPOLIS;SC;SUL;BRASIL;AMÉRICA DO SUL;INTERNACIONAL;NÃO REGULAR;0;0;0;0;0;0;0;58104;34834;0;1076;2;34834962;0;0;0;108000;2,38333;0
LCO;LAN CARGO S.A.;ESTRANGEIRA;2026;1;SBKP;CAMPINAS;SP;SUDESTE;BRASIL;AMÉRICA DO SUL;SBGL;RIO DE JANEIRO;RJ;SUDESTE;BRASIL;AMÉRICA DO SUL;INTERNACIONAL;NÃO REGULAR;0;0;0;0;0;0;0;21492;14092;0;398;1;14092782;0;0;0;54000;1,05;0
LCO;LAN CARGO S.A.;ESTRANGEIRA;2026;1;SBKP;CAMPINAS;SP;SUDESTE;BRASIL;AMÉRICA DO SUL;SBSJ;SÃO JOSÉ DOS CAMPOS;SP;SUDESTE;BRASIL;AMÉRICA DO SUL;INTERNACIONAL;NÃO REGULAR;0;0;0;0;0;0;0;7128;1075;0;132;1;1075536;0;0;0;54000;0,666667;0
LCO;LAN CARGO S.A.;ESTRANGEIRA;2026;1;SBKP;CAMPINAS;SP;SUDESTE;BRASIL;AMÉRICA DO SUL;SCEL;SANTIAGO;;;CHILE;AMÉRICA DO SUL;INTERNACIONAL;NÃO REGULAR;0;0;58697;0;0;0;0;696870;175929;0;12905;5;175931280;0;0;0;270000;19,9333;0
LCO;LAN CARGO S.A.;ESTRANGEIRA;2026;1;SBKP;CAMPINAS;SP;SUDESTE;BRASIL;AMÉRICA DO SUL;SCEL;SANTIAGO;;;CHILE;AMÉRICA DO SUL;INTERNACIONAL;REGULAR;0;0;23733;0;0;0;0;696870;252867;0;12905;5;252868316;0;0;0;270000;20,4;0
LCO;LAN CARGO S.A.;ESTRANGEIRA;2026;1;SBKP;CAMPINAS;SP;SUDESTE;BRASIL;AMÉRICA DO SUL;SEQM;QUITO;;;EQUADOR;AMÉRICA DO SUL;INTERNACIONAL;NÃO REGULAR;0;0;7245;0;0;;;;;;;;;;;;;;0
LCO;LAN CARGO S.A.;ESTRANGEIRA;2026;1;SBKP;CAMPINAS;SP;SUDESTE;BRASIL;AMÉRICA DO SUL;SGAS;ASUNCIÓN;;;PARAGUAI;AMÉRICA DO SUL;INTERNACIONAL;NÃO REGULAR;0;0;11244;0;0;0;0;175284;115603;0;3246;3;115604128;0;0;0;162000;5,8;0
LCO;LAN CARGO S.A.;ESTRANGEIRA;2026;1;SBKP;CAMPINAS;SP;SUDESTE;BRASIL;AMÉRICA DO SUL;SKBO;BOGOTÁ;;;COLÔMBIA;AMÉRICA DO SUL;INTERNACIONAL;NÃO REGULAR;0;0;32316;0;0;0;0;229716;137472;0;4254;1;137472256;0;0;0;54000;5,63333;0
LCO;LAN CARGO S.A.;ESTRANGEIRA;2026;1;SBKP;CAMPINAS;SP;SUDESTE;BRASIL;AMÉRICA DO SUL;SPJC;CALLAO/LIMA, LIMA METROPOLITAN AREA;;;PERU;AMÉRICA DO SUL;INTERNACIONAL;NÃO REGULAR;0;0;96488;0;0;0;0;733752;434900;0;13588;4;434900912;0;0;0;216000;18,8833;0
LCO;LAN CARGO S.A.;ESTRANGEIRA;2026;1;SBKP;CAMPINAS;SP;SUDESTE;BRASIL;AMÉRICA DO SUL;SUMU;MONTEVIDEO, MONTEVIDEO;;;URUGUAI;AMÉRICA DO SUL;INTERNACIONAL;NÃO REGULAR;0;0;0;0;0;0;0;169884;88204;0;3146;2;88204404;0;0;0;108000;5,11667;0
LCO;LAN CARGO S.A.;ESTRANGEIRA;2026;1;SBPA;PORTO ALEGRE;RS;SUL;BRASIL;AMÉRICA DO SUL;KMIA;MIAMI, FLORIDA;;;ESTADOS UNIDOS DA AMÉRICA;AMÉRICA DO NORTE;INTERNACIONAL;NÃO REGULAR;0;0;0;0;0;;;;;;;;;;;;;;0
LCO;LAN CARGO S.A.;ESTRANGEIRA;2026;1;SBPA;PORTO ALEGRE;RS;SUL;BRASIL;AMÉRICA DO SUL;MSLP;SAN SALVADOR;;;EL SALVADOR;AMÉRICA CENTRAL;INTERNACIONAL;NÃO REGULAR;0;0;35479;0;0;0;0;340632;223801;0;6308;1;223801536;0;0;0;54000;8,61667;0
LCO;LAN CARGO S.A.;ESTRANGEIRA;2026;1;SBSJ;SÃO JOSÉ DOS CAMPOS;SP;SUDESTE;BRASIL;AMÉRICA DO SUL;SBKP;CAMPINAS;SP;SUDESTE;BRASIL;AMÉRICA DO SUL;INTERNACIONAL;NÃO REGULAR;0;0;0;0;0;0;0;14256;5352;0;264;2;5353260;0;0;0;108000;1,68333;0
LCO;LAN CARGO S.A.;ESTRANGEIRA;2026;1;SBSJ;SÃO JOSÉ DOS CAMPOS;SP;SUDESTE;BRASIL;AMÉRICA DO SUL;SCEL;SANTIAGO;;;CHILE;AMÉRICA DO SUL;INTERNACIONAL;NÃO REGULAR;0;0;0;0;0;0;0;144666;15240;0;2679;1;15240831;0;0;0;54000;4,38333;0
LCO;LAN CARGO S.A.;ESTRANGEIRA;2026;1;SCEL;SANTIAGO;;;CHILE;AMÉRICA DO SUL;KMIA;MIAMI, FLORIDA;;;ESTADOS UNIDOS DA AMÉRICA;AMÉRICA DO NORTE;INTERNACIONAL;NÃO REGULAR;0;0;0;0;0;;;;;;;;;;;;;;0
LCO;LAN CARGO S.A.;ESTRANGEIRA;2026;1;SCEL;SANTIAGO;;;CHILE;AMÉRICA DO SUL;KMIA;MIAMI, FLORIDA;;;ESTADOS UNIDOS DA AMÉRICA;AMÉRICA DO NORTE;INTERNACIONAL;REGULAR;0;0;0;0;0;;;;;;;;;;;;;;0
LCO;LAN CARGO S.A.;ESTRANGEIRA;2026;1;SCEL;SANTIAGO;;;CHILE;AMÉRICA DO SUL;MSLP;SAN SALVADOR;;;EL SALVADOR;AMÉRICA CENTRAL;INTERNACIONAL;NÃO REGULAR;0;0;0;0;0;;;;;;;;;;;;;;0
LCO;LAN CARGO S.A.;ESTRANGEIRA;2026;1;SCEL;SANTIAGO;;;CHILE;AMÉRICA DO SUL;SBGR;GUARULHOS;SP;SUDESTE;BRASIL;AMÉRICA DO SUL;INTERNACIONAL;NÃO REGULAR;0;0;729527;0;0;0;0;2117340;1956761;0;39210;15;1956769816;0;0;0;810000;59,8167;0
LCO;LAN CARGO S.A.;ESTRANGEIRA;2026;1;SCEL;SANTIAGO;;;CHILE;AMÉRICA DO SUL;SBGR;GUARULHOS;SP;SUDESTE;BRASIL;AMÉRICA DO SUL;INTERNACIONAL;REGULAR;0;0;122285;0;0;0;0;423468;361756;0;7842;3;361756688;0;0;0;162000;11,6167;0
LCO;LAN CARGO S.A.;ESTRANGEIRA;2026;1;SCEL;SANTIAGO;;;CHILE;AMÉRICA DO SUL;SBPA;PORTO ALEGRE;RS;SUL;BRASIL;AMÉRICA DO SUL;INTERNACIONAL;NÃO REGULAR;0;0;0;0;0;0;0;102114;0;0;1891;1;0;0;0;0;54000;2,7;0
LCO;LAN CARGO S.A.;ESTRANGEIRA;2026;1;SCEL;SANTIAGO;;;CHILE;AMÉRICA DO SUL;SEQM;QUITO;;;EQUADOR;AMÉRICA DO SUL;INTERNACIONAL;NÃO REGULAR;0;0;15995;0;0;;;;;;;;;;;;;;0
LCO;LAN CARGO S.A.;ESTRANGEIRA;2026;1;SCEL;SANTIAGO;;;CHILE;AMÉRICA DO SUL;SEQM;QUITO;;;EQUADOR;AMÉRICA DO SUL;INTERNACIONAL;REGULAR;0;0;16107;0;0;;;;;;;;;;;;;;0
LCO;LAN CARGO S.A.;ESTRANGEIRA;2026;1;SCEL;SANTIAGO;;;CHILE;AMÉRICA DO SUL;SKBO;BOGOTÁ;;;COLÔMBIA;AMÉRICA DO SUL;INTERNACIONAL;NÃO REGULAR;0;0;3051;0;0;;;;;;;;;;;;;;0
LCO;LAN CARGO S.A.;ESTRANGEIRA;2026;1;SDSC;SÃO CARLOS;SP;SUDESTE;BRASIL;AMÉRICA DO SUL;SEQM;QUITO;;;EQUADOR;AMÉRICA DO SUL;INTERNACIONAL;REGULAR;0;0;0;0;0;0;0;220968;0;0;4092;1;0;0;0;0;54000;6,05;0
LCO;LAN CARGO S.A.;ESTRANGEIRA;2026;1;SEQM;QUITO;;;EQUADOR;AMÉRICA DO SUL;KMIA;MIAMI, FLORIDA;;;ESTADOS UNIDOS DA AMÉRICA;AMÉRICA DO NORTE;INTERNACIONAL;NÃO REGULAR;0;0;296276;0;0;0;0;935712;855641;0;17328;6;855645104;0;0;0;324000;24,1333;0
LCO;LAN CARGO S.A.;ESTRANGEIRA;2026;1;SEQM;QUITO;;;EQUADOR;AMÉRICA DO SUL;KMIA;MIAMI, FLORIDA;;;ESTADOS UNIDOS DA AMÉRICA;AMÉRICA DO NORTE;INTERNACIONAL;REGULAR;0;0;48579;0;0;0;0;155952;140296;0;2888;1;140296160;0;0;0;54000;3,78333;0
LCO;LAN CARGO S.A.;ESTRANGEIRA;2026;1;SGAS;ASUNCIÓN;;;PARAGUAI;AMÉRICA DO SUL;SBKP;CAMPINAS;SP;SUDESTE;BRASIL;AMÉRICA DO SUL;INTERNACIONAL;NÃO REGULAR;0;0;8820;0;0;0;0;58428;10953;0;1082;1;10953086;0;0;0;54000;1,61667;0
LCO;LAN CARGO S.A.;ESTRANGEIRA;2026;1;SGAS;ASUNCIÓN;;;PARAGUAI;AMÉRICA DO SUL;SCEL;SANTIAGO;;;CHILE;AMÉRICA DO SUL;INTERNACIONAL;NÃO REGULAR;0;0;0;0;0;0;0;84834;0;0;1571;1;0;0;0;0;54000;2,63333;0
LCO;LAN CARGO S.A.;ESTRANGEIRA;2026;1;SGAS;ASUNCIÓN;;;PARAGUAI;AMÉRICA DO SUL;SEQM;QUITO;;;EQUADOR;AMÉRICA DO SUL;INTERNACIONAL;NÃO REGULAR;0;0;12241;0;0;0;0;386640;43822;0;7160;2;43822780;0;0;0;108000;10,25;0
LCO;LAN CARGO S.A.;ESTRANGEIRA;2026;1;SGAS;ASUNCIÓN;;;PARAGUAI;AMÉRICA DO SUL;SKBO;BOGOTÁ;;;COLÔMBIA;AMÉRICA DO SUL;INTERNACIONAL;NÃO REGULAR;0;0;0;0;0;;;;;;;;;;;;;;0
LCO;LAN CARGO S.A.;ESTRANGEIRA;2026;1;SGES;CIUDAD DEL ESTE;;;PARAGUAI;AMÉRICA DO SUL;SBCF;CONFINS;MG;SUDESTE;BRASIL;AMÉRICA DO SUL;INTERNACIONAL;NÃO REGULAR;0;0;0;0;0;;;;;;;;;;;;;;0
LCO;LAN CARGO S.A.;ESTRANGEIRA;2026;1;SGES;CIUDAD DEL ESTE;;;PARAGUAI;AMÉRICA DO SUL;SBKP;CAMPINAS;SP;SUDESTE;BRASIL;AMÉRICA DO SUL;INTERNACIONAL;NÃO REGULAR;0;0;0;0;0;0;0;44712;9712;0;828;1;9712440;0;0;0;54000;1,38333;0
LCO;LAN CARGO S.A.;ESTRANGEIRA;2026;1;SGES;CIUDAD DEL ESTE;;;PARAGUAI;AMÉRICA DO SUL;SEQM;QUITO;;;EQUADOR;AMÉRICA DO SUL;INTERNACIONAL;NÃO REGULAR;0;0;0;0;0;;;;;;;;;;;;;;0
LCO;LAN CARGO S.A.;ESTRANGEIRA;2026;1;SKBO;BOGOTÁ;;;COLÔMBIA;AMÉRICA DO SUL;KMIA;MIAMI, FLORIDA;;;ESTADOS UNIDOS DA AMÉRICA;AMÉRICA DO NORTE;INTERNACIONAL;NÃO REGULAR;0;0;251774;0;0;0;0;657450;613067;0;12175;5;613069688;0;0;0;270000;20,0833;0
LCO;LAN CARGO S.A.;ESTRANGEIRA;2026;1;SPJC;CALLAO/LIMA, LIMA METROPOLITAN AREA;;;PERU;AMÉRICA DO SUL;KMIA;MIAMI, FLORIDA;;;ESTADOS UNIDOS DA AMÉRICA;AMÉRICA DO NORTE;INTERNACIONAL;NÃO REGULAR;0;0;0;0;0;;;;;;;;;;;;;;0
LCO;LAN CARGO S.A.;ESTRANGEIRA;2026;1;SPJC;CALLAO/LIMA, LIMA METROPOLITAN AREA;;;PERU;AMÉRICA DO SUL;SEQM;QUITO;;;EQUADOR;AMÉRICA DO SUL;INTERNACIONAL;NÃO REGULAR;0;0;9911;0;0;0;0;215622;13553;0;3993;3;13553573;0;0;0;162000;7,25;0
LCO;LAN CARGO S.A.;ESTRANGEIRA;2026;1;SPJC;CALLAO/LIMA, LIMA METROPOLITAN AREA;;;PERU;AMÉRICA DO SUL;SKBO;BOGOTÁ;;;COLÔMBIA;AMÉRICA DO SUL;INTERNACIONAL;NÃO REGULAR;0;0;5706;0;0;0;0;203904;10772;0;3776;2;10772928;0;0;0;108000;6,3;0
LCO;LAN CARGO S.A.;ESTRANGEIRA;2026;1;SUMU;MONTEVIDEO, MONTEVIDEO;;;URUGUAI;AMÉRICA DO SUL;SAEZ;EZEIZA, BUENOS AIRES PROVINCE;;;ARGENTINA;AMÉRICA DO SUL;INTERNACIONAL;NÃO REGULAR;0;0;0;0;0;0;0;12366;6899;0;229;1;6899999;0;0;0;54000;0,966667;0
LCO;LAN CARGO S.A.;ESTRANGEIRA;2026;1;SUMU;MONTEVIDEO, MONTEVIDEO;;;URUGUAI;AMÉRICA DO SUL;SCEL;SANTIAGO;;;CHILE;AMÉRICA DO SUL;INTERNACIONAL;NÃO REGULAR;0;0;346;0;0;0;0;73818;7086;0;1367;1;7086528;0;0;0;54000;2,21667;0
LCO;LAN CARGO S.A.;ESTRANGEIRA;2026;1;SUMU;MONTEVIDEO, MONTEVIDEO;;;URUGUAI;AMÉRICA DO SUL;SEQM;QUITO;;;EQUADOR;AMÉRICA DO SUL;INTERNACIONAL;NÃO REGULAR;0;0;3190;0;0;0;0;243216;14367;0;4504;1;14367760;0;0;0;54000;6,88333;0
LNE;LATAM AIRLINES ECUADOR S.A.;ESTRANGEIRA;2026;1;KMIA;MIAMI, FLORIDA;;;ESTADOS UNIDOS DA AMÉRICA;AMÉRICA DO NORTE;SBEG;MANAUS;AM;NORTE;BRASIL;AMÉRICA DO SUL;INTERNACIONAL;NÃO REGULAR;0;0;229378;0;0;0;0;1465506;889295;0;27139;7;889298496;0;0;0;378000;38,6667;0
LNE;LATAM AIRLINES ECUADOR S.A.;ESTRANGEIRA;2026;1;KMIA;MIAMI, FLORIDA;;;ESTADOS UNIDOS DA AMÉRICA;AMÉRICA DO NORTE;SEQM;QUITO;;;EQUADOR;AMÉRICA DO SUL;INTERNACIONAL;NÃO REGULAR;0;0;0;0;0;;;;;;;;;;;;;;0
LNE;LATAM AIRLINES ECUADOR S.A.;ESTRANGEIRA;2026;1;SBEG;MANAUS;AM;NORTE;BRASIL;AMÉRICA DO SUL;SEQM;QUITO;;;EQUADOR;AMÉRICA DO SUL;INTERNACIONAL;NÃO REGULAR;0;0;5717;0;0;0;0;779058;11780;0;14427;7;11782737;0;0;0;378000;23,0167;0
LPE;LATAM AIRLINES PERU (EX-LAN PERU S.A.);ESTRANGEIRA;2026;1;SABE;BUENOS AIRES;;;ARGENTINA;AMÉRICA DO SUL;SBGL;RIO DE JANEIRO;RJ;SUDESTE;BRASIL;AMÉRICA DO SUL;INTERNACIONAL;REGULAR;0;0;0;0;0;342606;336699;32636;30302;0;1969;1;0;0;0;174;16575;3,31667;0
LPE;LATAM AIRLINES PERU (EX-LAN PERU S.A.);ESTRANGEIRA;2026;1;SABE;BUENOS AIRES;;;ARGENTINA;AMÉRICA DO SUL;SBGR;GUARULHOS;SP;SUDESTE;BRASIL;AMÉRICA DO SUL;INTERNACIONAL;REGULAR;4912;53;0;0;0;8476776;8053276;807672;724779;0;50820;30;0;0;0;5004;476793;82,2167;0
LPE;LATAM AIRLINES PERU (EX-LAN PERU S.A.);ESTRANGEIRA;2026;1;SABE;BUENOS AIRES;;;ARGENTINA;AMÉRICA DO SUL;SPJC;CALLAO/LIMA, LIMA METROPOLITAN AREA;;;PERU;AMÉRICA DO SUL;INTERNACIONAL;REGULAR;13;0;0;0;0;;;;;;;;;;;;;;0
LPE;LATAM AIRLINES PERU (EX-LAN PERU S.A.);ESTRANGEIRA;2026;1;SABE;BUENOS AIRES;;;ARGENTINA;AMÉRICA DO SUL;SPQU;AREQUIPA, AREQUIPA REGION;;;PERU;AMÉRICA DO SUL;INTERNACIONAL;REGULAR;0;0;0;0;0;;;;;;;;;;;;;;0
LPE;LATAM AIRLINES PERU (EX-LAN PERU S.A.);ESTRANGEIRA;2026;1;SBBR;BRASÍLIA;DF;CENTRO-OESTE;BRASIL;AMÉRICA DO SUL;SPJC;CALLAO/LIMA, LIMA METROPOLITAN AREA;;;PERU;AMÉRICA DO SUL;INTERNACIONAL;REGULAR;4029;17;430;0;0;16641126;12800133;1764929;1153364;0;98487;31;1366110;0;0;5238;555538;142,133;0
LPE;LATAM AIRLINES PERU (EX-LAN PERU S.A.);ESTRANGEIRA;2026;1;SBCT;SÃO JOSÉ DOS PINHAIS;PR;SUL;BRASIL;AMÉRICA DO SUL;SPJC;CALLAO/LIMA, LIMA METROPOLITAN AREA;;;PERU;AMÉRICA DO SUL;INTERNACIONAL;REGULAR;1648;20;0;0;0;7782288;5425216;597685;488262;0;46088;14;0;0;0;2364;181559;65,65;0
LPE;LATAM AIRLINES PERU (EX-LAN PERU S.A.);ESTRANGEIRA;2026;1;SBFL;FLORIANÓPOLIS;SC;SUL;BRASIL;AMÉRICA DO SUL;SPJC;CALLAO/LIMA, LIMA METROPOLITAN AREA;;;PERU;AMÉRICA DO SUL;INTERNACIONAL;REGULAR;1450;28;0;0;0;7044378;4992350;691193;449305;0;44759;13;0;0;0;2046;200755;63,7833;0
LPE;LATAM AIRLINES PERU (EX-LAN PERU S.A.);ESTRANGEIRA;2026;1;SBGL;RIO DE JANEIRO;RJ;SUDESTE;BRASIL;AMÉRICA DO SUL;SBGR;GUARULHOS;SP;SUDESTE;BRASIL;AMÉRICA DO SUL;INTERNACIONAL;REGULAR;0;0;0;0;0;58638;57627;5816;5186;0;337;1;0;0;0;174;17261;1,36667;0
LPE;LATAM AIRLINES PERU (EX-LAN PERU S.A.);ESTRANGEIRA;2026;1;SBGL;RIO DE JANEIRO;RJ;SUDESTE;BRASIL;AMÉRICA DO SUL;SPJC;CALLAO/LIMA, LIMA METROPOLITAN AREA;;;PERU;AMÉRICA DO SUL;INTERNACIONAL;REGULAR;9401;136;0;0;0;39125943;35507577;3711679;3195654;0;234174;62;0;0;0;10359;982714;336,117;0
LPE;LATAM AIRLINES PERU (EX-LAN PERU S.A.);ESTRANGEIRA;2026;1;SBGR;GUARULHOS;SP;SUDESTE;BRASIL;AMÉRICA DO SUL;SABE;BUENOS AIRES;;;ARGENTINA;AMÉRICA DO SUL;INTERNACIONAL;REGULAR;4230;15;0;0;0;8771532;7199500;937321;647940;0;52514;31;0;0;0;5178;553326;90,3;0
LPE;LATAM AIRLINES PERU (EX-LAN PERU S.A.);ESTRANGEIRA;2026;1;SBGR;GUARULHOS;SP;SUDESTE;BRASIL;AMÉRICA DO SUL;SBGR;GUARULHOS;SP;SUDESTE;BRASIL;AMÉRICA DO SUL;INTERNACIONAL;IMPRODUTIVO;0;0;0;0;0;0;0;0;0;0;0;1;0;0;0;174;19000;0,55;0
LPE;LATAM AIRLINES PERU (EX-LAN PERU S.A.);ESTRANGEIRA;2026;1;SBGR;GUARULHOS;SP;SUDESTE;BRASIL;AMÉRICA DO SUL;SPJC;CALLAO/LIMA, LIMA METROPOLITAN AREA;;;PERU;AMÉRICA DO SUL;INTERNACIONAL;REGULAR;4364;36;2749;113;613;16784250;14059850;1673678;1276870;0;100775;29;9504125;389200;1991175;4830;481638;145,05;0
LPE;LATAM AIRLINES PERU (EX-LAN PERU S.A.);ESTRANGEIRA;2026;1;SBGR;GUARULHOS;SP;SUDESTE;BRASIL;AMÉRICA DO SUL;SPQU;AREQUIPA, AREQUIPA REGION;;;PERU;AMÉRICA DO SUL;INTERNACIONAL;REGULAR;0;0;0;0;0;952476;905947;90383;81682;0;5474;2;38318;2737;109480;348;33023;8,33333;0
LPE;LATAM AIRLINES PERU (EX-LAN PERU S.A.);ESTRANGEIRA;2026;1;SBPA;PORTO ALEGRE;RS;SUL;BRASIL;AMÉRICA DO SUL;SPJC;CALLAO/LIMA, LIMA METROPOLITAN AREA;;;PERU;AMÉRICA DO SUL;INTERNACIONAL;REGULAR;1712;31;2684;0;0;7163348;5714656;736257;523271;0;46732;14;8959192;0;0;2146;220570;67,9667;0
LPE;LATAM AIRLINES PERU (EX-LAN PERU S.A.);ESTRANGEIRA;2026;1;SPJC;CALLAO/LIMA, LIMA METROPOLITAN AREA;;;PERU;AMÉRICA DO SUL;SABE;BUENOS AIRES;;;ARGENTINA;AMÉRICA DO SUL;INTERNACIONAL;REGULAR;20;0;0;0;0;;;;;;;;;;;;;;0
LPE;LATAM AIRLINES PERU (EX-LAN PERU S.A.);ESTRANGEIRA;2026;1;SPJC;CALLAO/LIMA, LIMA METROPOLITAN AREA;;;PERU;AMÉRICA DO SUL;SBBR;BRASÍLIA;DF;CENTRO-OESTE;BRASIL;AMÉRICA DO SUL;INTERNACIONAL;REGULAR;4340;17;0;0;0;16514046;13788180;1691412;1240918;0;98487;31;0;0;0;5198;532397;144,7;0
LPE;LATAM AIRLINES PERU (EX-LAN PERU S.A.);ESTRANGEIRA;2026;1;SPJC;CALLAO/LIMA, LIMA METROPOLITAN AREA;;;PERU;AMÉRICA DO SUL;SBCT;SÃO JOSÉ DOS PINHAIS;PR;SUL;BRASIL;AMÉRICA DO SUL;INTERNACIONAL;REGULAR;2059;23;0;0;0;7782288;6778228;754571;610034;0;46088;14;0;0;0;2364;229216;64,3;0
LPE;LATAM AIRLINES PERU (EX-LAN PERU S.A.);ESTRANGEIRA;2026;1;SPJC;CALLAO/LIMA, LIMA METROPOLITAN AREA;;;PERU;AMÉRICA DO SUL;SBFL;FLORIANÓPOLIS;SC;SUL;BRASIL;AMÉRICA DO SUL;INTERNACIONAL;REGULAR;1737;27;0;0;0;7044378;5980491;633731;538237;0;44759;13;0;0;0;2046;184065;61,6333;0
LPE;LATAM AIRLINES PERU (EX-LAN PERU S.A.);ESTRANGEIRA;2026;1;SPJC;CALLAO/LIMA, LIMA METROPOLITAN AREA;;;PERU;AMÉRICA DO SUL;SBGL;RIO DE JANEIRO;RJ;SUDESTE;BRASIL;AMÉRICA DO SUL;INTERNACIONAL;REGULAR;9528;116;1090;0;0;39586737;35987256;3627207;3242942;0;234174;62;4116930;0;0;10481;960350;325,6;0
LPE;LATAM AIRLINES PERU (EX-LAN PERU S.A.);ESTRANGEIRA;2026;1;SPJC;CALLAO/LIMA, LIMA METROPOLITAN AREA;;;PERU;AMÉRICA DO SUL;SBGR;GUARULHOS;SP;SUDESTE;BRASIL;AMÉRICA DO SUL;INTERNACIONAL;IMPRODUTIVO;0;0;0;0;0;0;0;0;0;0;3475;1;0;0;0;0;0;4,86667;0
LPE;LATAM AIRLINES PERU (EX-LAN PERU S.A.);ESTRANGEIRA;2026;1;SPJC;CALLAO/LIMA, LIMA METROPOLITAN AREA;;;PERU;AMÉRICA DO SUL;SBGR;GUARULHOS;SP;SUDESTE;BRASIL;AMÉRICA DO SUL;INTERNACIONAL;REGULAR;4432;24;11753;192;19;17993550;15470700;1719842;1433257;0;107725;31;40841675;667200;66025;5178;494923;154,933;0
LPE;LATAM AIRLINES PERU (EX-LAN PERU S.A.);ESTRANGEIRA;2026;1;SPJC;CALLAO/LIMA, LIMA METROPOLITAN AREA;;;PERU;AMÉRICA DO SUL;SBPA;PORTO ALEGRE;RS;SUL;BRASIL;AMÉRICA DO SUL;INTERNACIONAL;REGULAR;1584;28;2301;0;0;7136644;5287392;723431;483539;0;46732;14;7680738;0;0;2138;216728;65,7167;0
LPE;LATAM AIRLINES PERU (EX-LAN PERU S.A.);ESTRANGEIRA;2026;1;SPJC;CALLAO/LIMA, LIMA METROPOLITAN AREA;;;PERU;AMÉRICA DO SUL;SDSC;SÃO CARLOS;SP;SUDESTE;BRASIL;AMÉRICA DO SUL;INTERNACIONAL;IMPRODUTIVO;0;0;0;0;0;0;0;0;0;0;3287;1;0;0;0;0;0;3,9;0
LPE;LATAM AIRLINES PERU (EX-LAN PERU S.A.);ESTRANGEIRA;2026;1;SPJC;CALLAO/LIMA, LIMA METROPOLITAN AREA;;;PERU;AMÉRICA DO SUL;SPJC;CALLAO/LIMA, LIMA METROPOLITAN AREA;;;PERU;AMÉRICA DO SUL;INTERNACIONAL;IMPRODUTIVO;0;0;0;0;0;0;0;0;0;0;0;1;0;0;0;174;19000;0,783333;0
LPE;LATAM AIRLINES PERU (EX-LAN PERU S.A.);ESTRANGEIRA;2026;1;SPQU;AREQUIPA, AREQUIPA REGION;;;PERU;AMÉRICA DO SUL;SPJC;CALLAO/LIMA, LIMA METROPOLITAN AREA;;;PERU;AMÉRICA DO SUL;INTERNACIONAL;REGULAR;0;0;0;0;0;266568;253546;29852;22860;0;1532;2;10724;766;30640;348;38973;3,13333;0
LTG;ABSA - AEROLINHAS BRASILEIRAS S.A.;BRASILEIRA;2026;1;EBBR;BRUSSELS/ZAVENTEM;;;BÉLGICA;EUROPA;GVAC;ILHA DO SAL;;;CABO VERDE;ÁFRICA;INTERNACIONAL;REGULAR;0;0;3052;0;0;0;0;1218240;806757;183802;22560;5;806759136;0;0;0;270000;32,35;0
LTG;ABSA - AEROLINHAS BRASILEIRAS S.A.;BRASILEIRA;2026;1;EBBR;BRUSSELS/ZAVENTEM;;;BÉLGICA;EUROPA;SBGR;GUARULHOS;SP;SUDESTE;BRASIL;AMÉRICA DO SUL;INTERNACIONAL;NÃO REGULAR;0;0;0;0;0;;;;;;;;;;;;;;0
LTG;ABSA - AEROLINHAS BRASILEIRAS S.A.;BRASILEIRA;2026;1;EBBR;BRUSSELS/ZAVENTEM;;;BÉLGICA;EUROPA;SBKP;CAMPINAS;SP;SUDESTE;BRASIL;AMÉRICA DO SUL;INTERNACIONAL;NÃO REGULAR;0;0;105263;0;0;;;;;;;;;;;;;;0
LTG;ABSA - AEROLINHAS BRASILEIRAS S.A.;BRASILEIRA;2026;1;EBBR;BRUSSELS/ZAVENTEM;;;BÉLGICA;EUROPA;SBKP;CAMPINAS;SP;SUDESTE;BRASIL;AMÉRICA DO SUL;INTERNACIONAL;REGULAR;0;0;24240;0;0;;;;;;;;;;;;;;0
LTG;ABSA - AEROLINHAS BRASILEIRAS S.A.;BRASILEIRA;2026;1;EBBR;BRUSSELS/ZAVENTEM;;;BÉLGICA;EUROPA;SBSJ;SÃO JOSÉ DOS CAMPOS;SP;SUDESTE;BRASIL;AMÉRICA DO SUL;INTERNACIONAL;NÃO REGULAR;0;0;23954;0;0;;;;;;;;;;;;;;0
LTG;ABSA - AEROLINHAS BRASILEIRAS S.A.;BRASILEIRA;2026;1;EBBR;BRUSSELS/ZAVENTEM;;;BÉLGICA;EUROPA;SBSJ;SÃO JOSÉ DOS CAMPOS;SP;SUDESTE;BRASIL;AMÉRICA DO SUL;INTERNACIONAL;REGULAR;0;0;22294;0;0;;;;;;;;;;;;;;0
LTG;ABSA - AEROLINHAS BRASILEIRAS S.A.;BRASILEIRA;2026;1;EBLG;LIÈGE;;;BÉLGICA;EUROPA;GVAC;ILHA DO SAL;;;CABO VERDE;ÁFRICA;INTERNACIONAL;REGULAR;0;0;0;0;0;0;0;244998;167642;35668;4537;1;167642144;0;0;0;54000;6,05;0
LTG;ABSA - AEROLINHAS BRASILEIRAS S.A.;BRASILEIRA;2026;1;EBLG;LIÈGE;;;BÉLGICA;EUROPA;SBKP;CAMPINAS;SP;SUDESTE;BRASIL;AMÉRICA DO SUL;INTERNACIONAL;NÃO REGULAR;0;0;35046;0;0;;;;;;;;;;;;;;0
LTG;ABSA - AEROLINHAS BRASILEIRAS S.A.;BRASILEIRA;2026;1;EBLG;LIÈGE;;;BÉLGICA;EUROPA;SBSJ;SÃO JOSÉ DOS CAMPOS;SP;SUDESTE;BRASIL;AMÉRICA DO SUL;INTERNACIONAL;REGULAR;0;0;1904;0;0;;;;;;;;;;;;;;0
LTG;ABSA - AEROLINHAS BRASILEIRAS S.A.;BRASILEIRA;2026;1;GVAC;ILHA DO SAL;;;CABO VERDE;ÁFRICA;EBBR;BRUSSELS/ZAVENTEM;;;BÉLGICA;EUROPA;INTERNACIONAL;NÃO REGULAR;0;0;0;0;0;0;0;487296;219328;72737;9024;2;219328320;0;0;0;108000;12,2667;0
LTG;ABSA - AEROLINHAS BRASILEIRAS S.A.;BRASILEIRA;2026;1;GVAC;ILHA DO SAL;;;CABO VERDE;ÁFRICA;EBBR;BRUSSELS/ZAVENTEM;;;BÉLGICA;EUROPA;INTERNACIONAL;REGULAR;0;0;0;0;0;0;0;730944;448672;108192;13536;3;448673280;0;0;0;162000;18,05;0
LTG;ABSA - AEROLINHAS BRASILEIRAS S.A.;BRASILEIRA;2026;1;GVAC;ILHA DO SAL;;;CABO VERDE;ÁFRICA;EBLG;LIÈGE;;;BÉLGICA;EUROPA;INTERNACIONAL;REGULAR;0;0;0;0;0;0;0;244998;190631;35088;4537;1;190631136;0;0;0;54000;6,45;0
LTG;ABSA - AEROLINHAS BRASILEIRAS S.A.;BRASILEIRA;2026;1;GVAC;ILHA DO SAL;;;CABO VERDE;ÁFRICA;SBGR;GUARULHOS;SP;SUDESTE;BRASIL;AMÉRICA DO SUL;INTERNACIONAL;NÃO REGULAR;0;0;0;0;0;;;;;;;;;;;;;;0
LTG;ABSA - AEROLINHAS BRASILEIRAS S.A.;BRASILEIRA;2026;1;GVAC;ILHA DO SAL;;;CABO VERDE;ÁFRICA;SBKP;CAMPINAS;SP;SUDESTE;BRASIL;AMÉRICA DO SUL;INTERNACIONAL;NÃO REGULAR;0;0;0;0;0;;;;;;;;;;;;;;0
LTG;ABSA - AEROLINHAS BRASILEIRAS S.A.;BRASILEIRA;2026;1;GVAC;ILHA DO SAL;;;CABO VERDE;ÁFRICA;SBKP;CAMPINAS;SP;SUDESTE;BRASIL;AMÉRICA DO SUL;INTERNACIONAL;REGULAR;0;0;0;0;0;0;0;277722;169307;39564;5143;1;169307552;0;0;0;54000;7,63333;0
LTG;ABSA - AEROLINHAS BRASILEIRAS S.A.;BRASILEIRA;2026;1;GVAC;ILHA DO SAL;;;CABO VERDE;ÁFRICA;SBSJ;SÃO JOSÉ DOS CAMPOS;SP;SUDESTE;BRASIL;AMÉRICA DO SUL;INTERNACIONAL;NÃO REGULAR;0;0;0;0;0;0;0;275130;211396;38787;5095;1;211396640;0;0;0;54000;7,11667;0
LTG;ABSA - AEROLINHAS BRASILEIRAS S.A.;BRASILEIRA;2026;1;GVAC;ILHA DO SAL;;;CABO VERDE;ÁFRICA;SBSJ;SÃO JOSÉ DOS CAMPOS;SP;SUDESTE;BRASIL;AMÉRICA DO SUL;INTERNACIONAL;REGULAR;0;0;0;0;0;0;0;1100520;704585;159275;20380;4;704587560;0;0;0;216000;27,2833;0
LTG;ABSA - AEROLINHAS BRASILEIRAS S.A.;BRASILEIRA;2026;1;KMIA;MIAMI, FLORIDA;;;ESTADOS UNIDOS DA AMÉRICA;AMÉRICA DO NORTE;SBCF;CONFINS;MG;SUDESTE;BRASIL;AMÉRICA DO SUL;INTERNACIONAL;NÃO REGULAR;0;0;29532;0;0;0;0;345330;302758;51200;6395;1;302758496;0;0;0;54000;7,95;0
LTG;ABSA - AEROLINHAS BRASILEIRAS S.A.;BRASILEIRA;2026;1;KMIA;MIAMI, FLORIDA;;;ESTADOS UNIDOS DA AMÉRICA;AMÉRICA DO NORTE;SBCT;SÃO JOSÉ DOS PINHAIS;PR;SUL;BRASIL;AMÉRICA DO SUL;INTERNACIONAL;NÃO REGULAR;0;0;8060;0;0;0;0;357102;266437;52986;6613;1;266437776;0;0;0;54000;8,56667;0
LTG;ABSA - AEROLINHAS BRASILEIRAS S.A.;BRASILEIRA;2026;1;KMIA;MIAMI, FLORIDA;;;ESTADOS UNIDOS DA AMÉRICA;AMÉRICA DO NORTE;SBCT;SÃO JOSÉ DOS PINHAIS;PR;SUL;BRASIL;AMÉRICA DO SUL;INTERNACIONAL;REGULAR;0;0;35631;0;0;0;0;1071306;560629;156105;19839;3;560630304;0;0;0;162000;25,35;0
LTG;ABSA - AEROLINHAS BRASILEIRAS S.A.;BRASILEIRA;2026;1;KMIA;MIAMI, FLORIDA;;;ESTADOS UNIDOS DA AMÉRICA;AMÉRICA DO NORTE;SBEG;MANAUS;AM;NORTE;BRASIL;AMÉRICA DO SUL;INTERNACIONAL;NÃO REGULAR;0;0;72995;0;0;0;0;418716;283000;63363;7754;2;283001616;0;0;0;108000;11,3667;0
LTG;ABSA - AEROLINHAS BRASILEIRAS S.A.;BRASILEIRA;2026;1;KMIA;MIAMI, FLORIDA;;;ESTADOS UNIDOS DA AMÉRICA;AMÉRICA DO NORTE;SBEG;MANAUS;AM;NORTE;BRASIL;AMÉRICA DO SUL;INTERNACIONAL;REGULAR;0;0;28918;0;0;0;0;209358;112115;31896;3877;1;112115088;0;0;0;54000;5,5;0
LTG;ABSA - AEROLINHAS BRASILEIRAS S.A.;BRASILEIRA;2026;1;KMIA;MIAMI, FLORIDA;;;ESTADOS UNIDOS DA AMÉRICA;AMÉRICA DO NORTE;SBFL;FLORIANÓPOLIS;SC;SUL;BRASIL;AMÉRICA DO SUL;INTERNACIONAL;NÃO REGULAR;0;0;43053;0;0;0;0;739368;479356;103398;13692;2;479356928;0;0;0;108000;17,85;0
LTG;ABSA - AEROLINHAS BRASILEIRAS S.A.;BRASILEIRA;2026;1;KMIA;MIAMI, FLORIDA;;;ESTADOS UNIDOS DA AMÉRICA;AMÉRICA DO NORTE;SBFL;FLORIANÓPOLIS;SC;SUL;BRASIL;AMÉRICA DO SUL;INTERNACIONAL;REGULAR;0;0;43112;0;0;;;;;;;;;;;;;;0
LTG;ABSA - AEROLINHAS BRASILEIRAS S.A.;BRASILEIRA;2026;1;KMIA;MIAMI, FLORIDA;;;ESTADOS UNIDOS DA AMÉRICA;AMÉRICA DO NORTE;SBGL;RIO DE JANEIRO;RJ;SUDESTE;BRASIL;AMÉRICA DO SUL;INTERNACIONAL;NÃO REGULAR;0;0;23922;0;0;0;0;725436;505581;104988;13434;2;505581872;0;0;0;108000;17,2333;0
LTG;ABSA - AEROLINHAS BRASILEIRAS S.A.;BRASILEIRA;2026;1;KMIA;MIAMI, FLORIDA;;;ESTADOS UNIDOS DA AMÉRICA;AMÉRICA DO NORTE;SBGL;RIO DE JANEIRO;RJ;SUDESTE;BRASIL;AMÉRICA DO SUL;INTERNACIONAL;REGULAR;0;0;11417;0;0;0;0;362718;261156;52096;6717;1;261156960;0;0;0;54000;8,83333;0
LTG;ABSA - AEROLINHAS BRASILEIRAS S.A.;BRASILEIRA;2026;1;KMIA;MIAMI, FLORIDA;;;ESTADOS UNIDOS DA AMÉRICA;AMÉRICA DO NORTE;SBGR;GUARULHOS;SP;SUDESTE;BRASIL;AMÉRICA DO SUL;INTERNACIONAL;NÃO REGULAR;0;0;34279;0;0;0;0;709992;347698;104698;13148;2;347698864;0;0;0;108000;17,7667;0
LTG;ABSA - AEROLINHAS BRASILEIRAS S.A.;BRASILEIRA;2026;1;KMIA;MIAMI, FLORIDA;;;ESTADOS UNIDOS DA AMÉRICA;AMÉRICA DO NORTE;SBGR;GUARULHOS;SP;SUDESTE;BRASIL;AMÉRICA DO SUL;INTERNACIONAL;REGULAR;0;0;62308;5065;0;0;0;354996;313875;53745;6574;1;313875616;0;0;0;54000;8,83333;0
LTG;ABSA - AEROLINHAS BRASILEIRAS S.A.;BRASILEIRA;2026;1;KMIA;MIAMI, FLORIDA;;;ESTADOS UNIDOS DA AMÉRICA;AMÉRICA DO NORTE;SBKP;CAMPINAS;SP;SUDESTE;BRASIL;AMÉRICA DO SUL;INTERNACIONAL;NÃO REGULAR;0;0;331463;3873;486;0;0;701568;529884;104009;12992;2;529885216;0;0;0;108000;16,6167;0
LTG;ABSA - AEROLINHAS BRASILEIRAS S.A.;BRASILEIRA;2026;1;KMIA;MIAMI, FLORIDA;;;ESTADOS UNIDOS DA AMÉRICA;AMÉRICA DO NORTE;SBKP;CAMPINAS;SP;SUDESTE;BRASIL;AMÉRICA DO SUL;INTERNACIONAL;REGULAR;0;0;262173;0;1062;0;0;1403136;1026250;207286;25984;4;1026251072;0;0;0;216000;33,9667;0
LTG;ABSA - AEROLINHAS BRASILEIRAS S.A.;BRASILEIRA;2026;1;KMIA;MIAMI, FLORIDA;;;ESTADOS UNIDOS DA AMÉRICA;AMÉRICA DO NORTE;SBNF;NAVEGANTES;SC;SUL;BRASIL;AMÉRICA DO SUL;INTERNACIONAL;REGULAR;0;0;0;0;0;;;;;;;;;;;;;;0
LTG;ABSA - AEROLINHAS BRASILEIRAS S.A.;BRASILEIRA;2026;1;KMIA;MIAMI, FLORIDA;;;ESTADOS UNIDOS DA AMÉRICA;AMÉRICA DO NORTE;SBSJ;SÃO JOSÉ DOS CAMPOS;SP;SUDESTE;BRASIL;AMÉRICA DO SUL;INTERNACIONAL;NÃO REGULAR;0;0;81523;0;0;0;0;1423656;873365;198274;26364;4;870163600;23872602;3203226;0;216000;35,5833;0
LTG;ABSA - AEROLINHAS BRASILEIRAS S.A.;BRASILEIRA;2026;1;KMIA;MIAMI, FLORIDA;;;ESTADOS UNIDOS DA AMÉRICA;AMÉRICA DO NORTE;SBSJ;SÃO JOSÉ DOS CAMPOS;SP;SUDESTE;BRASIL;AMÉRICA DO SUL;INTERNACIONAL;REGULAR;0;0;36533;0;0;0;0;1067742;450750;154850;19773;3;450751904;33383416;0;0;162000;26,0333;0
LTG;ABSA - AEROLINHAS BRASILEIRAS S.A.;BRASILEIRA;2026;1;KMIA;MIAMI, FLORIDA;;;ESTADOS UNIDOS DA AMÉRICA;AMÉRICA DO NORTE;SBVT;VITÓRIA;ES;SUDESTE;BRASIL;AMÉRICA DO SUL;INTERNACIONAL;NÃO REGULAR;0;0;11261;0;0;0;0;361692;257524;51947;6698;1;257524704;0;0;0;54000;8,51667;0
LTG;ABSA - AEROLINHAS BRASILEIRAS S.A.;BRASILEIRA;2026;1;KMIA;MIAMI, FLORIDA;;;ESTADOS UNIDOS DA AMÉRICA;AMÉRICA DO NORTE;SBVT;VITÓRIA;ES;SUDESTE;BRASIL;AMÉRICA DO SUL;INTERNACIONAL;REGULAR;0;0;28579;0;0;0;0;723384;552383;106204;13396;2;552384080;0;0;0;108000;17,0333;0
LTG;ABSA - AEROLINHAS BRASILEIRAS S.A.;BRASILEIRA;2026;1;KMIA;MIAMI, FLORIDA;;;ESTADOS UNIDOS DA AMÉRICA;AMÉRICA DO NORTE;SCEL;SANTIAGO;;;CHILE;AMÉRICA DO SUL;INTERNACIONAL;NÃO REGULAR;0;0;2;0;0;;;;;;;;;;;;;;0
LTG;ABSA - AEROLINHAS BRASILEIRAS S.A.;BRASILEIRA;2026;1;KMIA;MIAMI, FLORIDA;;;ESTADOS UNIDOS DA AMÉRICA;AMÉRICA DO NORTE;SGAS;ASUNCIÓN;;;PARAGUAI;AMÉRICA DO SUL;INTERNACIONAL;NÃO REGULAR;0;0;27635;0;0;0;0;333666;193569;49528;6179;1;193569536;0;0;0;54000;7,95;0
LTG;ABSA - AEROLINHAS BRASILEIRAS S.A.;BRASILEIRA;2026;1;KMIA;MIAMI, FLORIDA;;;ESTADOS UNIDOS DA AMÉRICA;AMÉRICA DO NORTE;SGES;CIUDAD DEL ESTE;;;PARAGUAI;AMÉRICA DO SUL;INTERNACIONAL;NÃO REGULAR;0;0;37736;0;0;0;0;341280;292559;52181;6320;1;292559104;1586320;0;0;54000;8,45;0
LTG;ABSA - AEROLINHAS BRASILEIRAS S.A.;BRASILEIRA;2026;1;KMIA;MIAMI, FLORIDA;;;ESTADOS UNIDOS DA AMÉRICA;AMÉRICA DO NORTE;SGES;CIUDAD DEL ESTE;;;PARAGUAI;AMÉRICA DO SUL;INTERNACIONAL;REGULAR;0;0;90428;0;0;0;0;682560;610037;104866;12640;2;603326144;0;6711840;0;108000;16,6167;0
LTG;ABSA - AEROLINHAS BRASILEIRAS S.A.;BRASILEIRA;2026;1;KMIA;MIAMI, FLORIDA;;;ESTADOS UNIDOS DA AMÉRICA;AMÉRICA DO NORTE;SKBO;BOGOTÁ;;;COLÔMBIA;AMÉRICA DO SUL;INTERNACIONAL;NÃO REGULAR;0;0;0;0;0;0;0;131490;0;14900;2435;1;0;0;0;0;54000;3,66667;0
LTG;ABSA - AEROLINHAS BRASILEIRAS S.A.;BRASILEIRA;2026;1;KMIA;MIAMI, FLORIDA;;;ESTADOS UNIDOS DA AMÉRICA;AMÉRICA DO NORTE;SUMU;MONTEVIDEO, MONTEVIDEO;;;URUGUAI;AMÉRICA DO SUL;INTERNACIONAL;REGULAR;0;0;27629;0;0;0;0;389340;253056;57394;7210;1;253056576;0;0;0;54000;9,2;0
LTG;ABSA - AEROLINHAS BRASILEIRAS S.A.;BRASILEIRA;2026;1;MSLP;SAN SALVADOR;;;EL SALVADOR;AMÉRICA CENTRAL;SEQM;QUITO;;;EQUADOR;AMÉRICA DO SUL;INTERNACIONAL;NÃO REGULAR;0;0;0;0;0;0;0;103302;0;13477;1913;1;0;0;0;0;54000;2,88333;0
LTG;ABSA - AEROLINHAS BRASILEIRAS S.A.;BRASILEIRA;2026;1;SBCF;CONFINS;MG;SUDESTE;BRASIL;AMÉRICA DO SUL;KMIA;MIAMI, FLORIDA;;;ESTADOS UNIDOS DA AMÉRICA;AMÉRICA DO NORTE;INTERNACIONAL;REGULAR;0;0;0;0;0;;;;;;;;;;;;;;0
LTG;ABSA - AEROLINHAS BRASILEIRAS S.A.;BRASILEIRA;2026;1;SBCF;CONFINS;MG;SUDESTE;BRASIL;AMÉRICA DO SUL;SBKP;CAMPINAS;SP;SUDESTE;BRASIL;AMÉRICA DO SUL;DOMÉSTICA;NÃO REGULAR;0;0;0;0;0;0;0;53892;15370;10396;998;2;15370697;0;0;0;108000;2,28333;0
LTG;ABSA - AEROLINHAS BRASILEIRAS S.A.;BRASILEIRA;2026;1;SBCF;CONFINS;MG;SUDESTE;BRASIL;AMÉRICA DO SUL;SBKP;CAMPINAS;SP;SUDESTE;BRASIL;AMÉRICA DO SUL;DOMÉSTICA;REGULAR;0;0;0;0;0;0;0;26946;0;4785;499;1;0;0;0;0;54000;1,35;0
LTG;ABSA - AEROLINHAS BRASILEIRAS S.A.;BRASILEIRA;2026;1;SBCF;CONFINS;MG;SUDESTE;BRASIL;AMÉRICA DO SUL;SKBO;BOGOTÁ;;;COLÔMBIA;AMÉRICA DO SUL;INTERNACIONAL;REGULAR;0;0;0;0;0;0;0;230418;134483;31891;4267;1;134483040;0;0;0;54000;5,83333;0
LTG;ABSA - AEROLINHAS BRASILEIRAS S.A.;BRASILEIRA;2026;1;SBCT;SÃO JOSÉ DOS PINHAIS;PR;SUL;BRASIL;AMÉRICA DO SUL;SBFL;FLORIANÓPOLIS;SC;SUL;BRASIL;AMÉRICA DO SUL;DOMÉSTICA;REGULAR;0;0;0;0;0;0;0;13284;4585;3187;246;1;4585440;0;0;0;54000;0,816667;0
LTG;ABSA - AEROLINHAS BRASILEIRAS S.A.;BRASILEIRA;2026;1;SBCT;SÃO JOSÉ DOS PINHAIS;PR;SUL;BRASIL;AMÉRICA DO SUL;SBGR;GUARULHOS;SP;SUDESTE;BRASIL;AMÉRICA DO SUL;DOMÉSTICA;REGULAR;0;0;0;0;0;;;;;;;;;;;;;;0
LTG;ABSA - AEROLINHAS BRASILEIRAS S.A.;BRASILEIRA;2026;1;SBCT;SÃO JOSÉ DOS PINHAIS;PR;SUL;BRASIL;AMÉRICA DO SUL;SBKP;CAMPINAS;SP;SUDESTE;BRASIL;AMÉRICA DO SUL;DOMÉSTICA;NÃO REGULAR;0;0;0;0;0;0;0;18846;11248;4684;349;1;11248270;0;0;0;54000;1,03333;0
LTG;ABSA - AEROLINHAS BRASILEIRAS S.A.;BRASILEIRA;2026;1;SBCT;SÃO JOSÉ DOS PINHAIS;PR;SUL;BRASIL;AMÉRICA DO SUL;SBKP;CAMPINAS;SP;SUDESTE;BRASIL;AMÉRICA DO SUL;DOMÉSTICA;REGULAR;0;0;0;0;0;0;0;37692;10646;8901;698;2;10646594;0;0;0;108000;1,86667;0
LTG;ABSA - AEROLINHAS BRASILEIRAS S.A.;BRASILEIRA;2026;1;SBCT;SÃO JOSÉ DOS PINHAIS;PR;SUL;BRASIL;AMÉRICA DO SUL;SBNF;NAVEGANTES;SC;SUL;BRASIL;AMÉRICA DO SUL;DOMÉSTICA;REGULAR;0;0;0;0;0;;;;;;;;;;;;;;0
LTG;ABSA - AEROLINHAS BRASILEIRAS S.A.;BRASILEIRA;2026;1;SBEG;MANAUS;AM;NORTE;BRASIL;AMÉRICA DO SUL;KMIA;MIAMI, FLORIDA;;;ESTADOS UNIDOS DA AMÉRICA;AMÉRICA DO NORTE;INTERNACIONAL;NÃO REGULAR;0;0;0;0;0;;;;;;;;;;;;;;0
LTG;ABSA - AEROLINHAS BRASILEIRAS S.A.;BRASILEIRA;2026;1;SBEG;MANAUS;AM;NORTE;BRASIL;AMÉRICA DO SUL;KMIA;MIAMI, FLORIDA;;;ESTADOS UNIDOS DA AMÉRICA;AMÉRICA DO NORTE;INTERNACIONAL;REGULAR;0;0;1062;0;0;;;;;;;;;;;;;;0
LTG;ABSA - AEROLINHAS BRASILEIRAS S.A.;BRASILEIRA;2026;1;SBEG;MANAUS;AM;NORTE;BRASIL;AMÉRICA DO SUL;SBGR;GUARULHOS;SP;SUDESTE;BRASIL;AMÉRICA DO SUL;DOMÉSTICA;NÃO REGULAR;0;0;162387;0;0;0;0;728190;437955;103367;13485;5;437957732;0;0;0;270000;19,95;0
LTG;ABSA - AEROLINHAS BRASILEIRAS S.A.;BRASILEIRA;2026;1;SBEG;MANAUS;AM;NORTE;BRASIL;AMÉRICA DO SUL;SBGR;GUARULHOS;SP;SUDESTE;BRASIL;AMÉRICA DO SUL;DOMÉSTICA;REGULAR;0;0;754172;0;0;0;0;3204036;2033992;465531;59334;22;2034001888;0;0;0;1188000;88,7;0
LTG;ABSA - AEROLINHAS BRASILEIRAS S.A.;BRASILEIRA;2026;1;SBEG;MANAUS;AM;NORTE;BRASIL;AMÉRICA DO SUL;SBKP;CAMPINAS;SP;SUDESTE;BRASIL;AMÉRICA DO SUL;DOMÉSTICA;NÃO REGULAR;0;0;0;0;0;;;;;;;;;;;;;;0
LTG;ABSA - AEROLINHAS BRASILEIRAS S.A.;BRASILEIRA;2026;1;SBEG;MANAUS;AM;NORTE;BRASIL;AMÉRICA DO SUL;SBKP;CAMPINAS;SP;SUDESTE;BRASIL;AMÉRICA DO SUL;DOMÉSTICA;REGULAR;0;0;0;0;0;;;;;;;;;;;;;;0
LTG;ABSA - AEROLINHAS BRASILEIRAS S.A.;BRASILEIRA;2026;1;SBEG;MANAUS;AM;NORTE;BRASIL;AMÉRICA DO SUL;SEQM;QUITO;;;EQUADOR;AMÉRICA DO SUL;INTERNACIONAL;REGULAR;0;0;0;0;0;0;0;111294;0;12579;2061;1;0;0;0;0;54000;3,05;0
LTG;ABSA - AEROLINHAS BRASILEIRAS S.A.;BRASILEIRA;2026;1;SBEG;MANAUS;AM;NORTE;BRASIL;AMÉRICA DO SUL;SKBO;BOGOTÁ;;;COLÔMBIA;AMÉRICA DO SUL;INTERNACIONAL;NÃO REGULAR;0;0;0;0;0;0;0;482490;0;58360;8935;5;0;0;0;0;270000;13,3;0
LTG;ABSA - AEROLINHAS BRASILEIRAS S.A.;BRASILEIRA;2026;1;SBEG;MANAUS;AM;NORTE;BRASIL;AMÉRICA DO SUL;SKBO;BOGOTÁ;;;COLÔMBIA;AMÉRICA DO SUL;INTERNACIONAL;REGULAR;0;0;1788;0;0;0;0;482490;5092;59352;8935;5;5092950;0;0;0;270000;14,3;0
LTG;ABSA - AEROLINHAS BRASILEIRAS S.A.;BRASILEIRA;2026;1;SBEG;MANAUS;AM;NORTE;BRASIL;AMÉRICA DO SUL;SKRG;MEDELLÍN/RIONEGRO;;;COLÔMBIA;AMÉRICA DO SUL;INTERNACIONAL;NÃO REGULAR;0;0;0;0;0;0;0;107514;27;11523;1991;1;27874;0;0;0;54000;2,7;0
LTG;ABSA - AEROLINHAS BRASILEIRAS S.A.;BRASILEIRA;2026;1;SBFL;FLORIANÓPOLIS;SC;SUL;BRASIL;AMÉRICA DO SUL;KMIA;MIAMI, FLORIDA;;;ESTADOS UNIDOS DA AMÉRICA;AMÉRICA DO NORTE;INTERNACIONAL;NÃO REGULAR;0;0;0;0;0;;;;;;;;;;;;;;0
LTG;ABSA - AEROLINHAS BRASILEIRAS S.A.;BRASILEIRA;2026;1;SBFL;FLORIANÓPOLIS;SC;SUL;BRASIL;AMÉRICA DO SUL;SBCF;CONFINS;MG;SUDESTE;BRASIL;AMÉRICA DO SUL;DOMÉSTICA;REGULAR;0;0;0;0;0;0;0;54486;0;6889;1009;1;0;0;0;0;54000;1,61667;0
LTG;ABSA - AEROLINHAS BRASILEIRAS S.A.;BRASILEIRA;2026;1;SBFL;FLORIANÓPOLIS;SC;SUL;BRASIL;AMÉRICA DO SUL;SBGR;GUARULHOS;SP;SUDESTE;BRASIL;AMÉRICA DO SUL;DOMÉSTICA;NÃO REGULAR;0;0;0;0;0;;;;;;;;;;;;;;0
LTG;ABSA - AEROLINHAS BRASILEIRAS S.A.;BRASILEIRA;2026;1;SBFL;FLORIANÓPOLIS;SC;SUL;BRASIL;AMÉRICA DO SUL;SBGR;GUARULHOS;SP;SUDESTE;BRASIL;AMÉRICA DO SUL;DOMÉSTICA;REGULAR;0;0;0;0;0;0;0;27810;4384;6515;515;1;4384195;0;0;0;54000;1,35;0
LTG;ABSA - AEROLINHAS BRASILEIRAS S.A.;BRASILEIRA;2026;1;SBFL;FLORIANÓPOLIS;SC;SUL;BRASIL;AMÉRICA DO SUL;SBKP;CAMPINAS;SP;SUDESTE;BRASIL;AMÉRICA DO SUL;DOMÉSTICA;NÃO REGULAR;0;0;17;0;0;0;0;58104;22805;11418;1076;2;22805820;0;0;0;108000;2,23333;0
LTG;ABSA - AEROLINHAS BRASILEIRAS S.A.;BRASILEIRA;2026;1;SBFL;FLORIANÓPOLIS;SC;SUL;BRASIL;AMÉRICA DO SUL;SBNF;NAVEGANTES;SC;SUL;BRASIL;AMÉRICA DO SUL;DOMÉSTICA;REGULAR;0;0;0;0;0;0;0;4806;590;1995;89;1;590248;0;0;0;54000;0,666667;0
LTG;ABSA - AEROLINHAS BRASILEIRAS S.A.;BRASILEIRA;2026;1;SBFL;FLORIANÓPOLIS;SC;SUL;BRASIL;AMÉRICA DO SUL;SBSJ;SÃO JOSÉ DOS CAMPOS;SP;SUDESTE;BRASIL;AMÉRICA DO SUL;DOMÉSTICA;NÃO REGULAR;0;0;0;0;0;0;0;30348;6620;5557;562;1;6620922;0;0;0;54000;1,2;0
LTG;ABSA - AEROLINHAS BRASILEIRAS S.A.;BRASILEIRA;2026;1;SBFL;FLORIANÓPOLIS;SC;SUL;BRASIL;AMÉRICA DO SUL;SCEL;SANTIAGO;;;CHILE;AMÉRICA DO SUL;INTERNACIONAL;NÃO REGULAR;0;0;0;0;0;0;0;119718;4;16638;2217;1;4434;0;0;0;54000;3,75;0
LTG;ABSA - AEROLINHAS BRASILEIRAS S.A.;BRASILEIRA;2026;1;SBFL;FLORIANÓPOLIS;SC;SUL;BRASIL;AMÉRICA DO SUL;SKBO;BOGOTÁ;;;COLÔMBIA;AMÉRICA DO SUL;INTERNACIONAL;NÃO REGULAR;0;0;0;0;0;0;0;244458;17510;28041;4527;1;17510436;0;0;0;54000;5,93333;0
LTG;ABSA - AEROLINHAS BRASILEIRAS S.A.;BRASILEIRA;2026;1;SBGL;RIO DE JANEIRO;RJ;SUDESTE;BRASIL;AMÉRICA DO SUL;SBKP;CAMPINAS;SP;SUDESTE;BRASIL;AMÉRICA DO SUL;DOMÉSTICA;NÃO REGULAR;0;0;0;0;0;0;0;42984;20435;11411;796;2;20436106;0;0;0;108000;2,58333;0
LTG;ABSA - AEROLINHAS BRASILEIRAS S.A.;BRASILEIRA;2026;1;SBGL;RIO DE JANEIRO;RJ;SUDESTE;BRASIL;AMÉRICA DO SUL;SBKP;CAMPINAS;SP;SUDESTE;BRASIL;AMÉRICA DO SUL;DOMÉSTICA;REGULAR;0;0;0;0;0;0;0;21492;10930;5600;398;1;10930274;0;0;0;54000;1,45;0
LTG;ABSA - AEROLINHAS BRASILEIRAS S.A.;BRASILEIRA;2026;1;SBGR;GUARULHOS;SP;SUDESTE;BRASIL;AMÉRICA DO SUL;KMIA;MIAMI, FLORIDA;;;ESTADOS UNIDOS DA AMÉRICA;AMÉRICA DO NORTE;INTERNACIONAL;NÃO REGULAR;0;0;14;0;0;;;;;;;;;;;;;;0
LTG;ABSA - AEROLINHAS BRASILEIRAS S.A.;BRASILEIRA;2026;1;SBGR;GUARULHOS;SP;SUDESTE;BRASIL;AMÉRICA DO SUL;KMIA;MIAMI, FLORIDA;;;ESTADOS UNIDOS DA AMÉRICA;AMÉRICA DO NORTE;INTERNACIONAL;REGULAR;0;0;0;0;0;;;;;;;;;;;;;;0
LTG;ABSA - AEROLINHAS BRASILEIRAS S.A.;BRASILEIRA;2026;1;SBGR;GUARULHOS;SP;SUDESTE;BRASIL;AMÉRICA DO SUL;SBEG;MANAUS;AM;NORTE;BRASIL;AMÉRICA DO SUL;DOMÉSTICA;NÃO REGULAR;0;0;34427;0;0;0;0;728190;92886;103756;13485;5;92887374;0;0;0;270000;18,3167;0
LTG;ABSA - AEROLINHAS BRASILEIRAS S.A.;BRASILEIRA;2026;1;SBGR;GUARULHOS;SP;SUDESTE;BRASIL;AMÉRICA DO SUL;SBEG;MANAUS;AM;NORTE;BRASIL;AMÉRICA DO SUL;DOMÉSTICA;REGULAR;0;0;1141459;0;0;0;0;3640950;2995980;542150;67425;25;2995992120;0;0;0;1350000;96,3667;0
LTG;ABSA - AEROLINHAS BRASILEIRAS S.A.;BRASILEIRA;2026;1;SBGR;GUARULHOS;SP;SUDESTE;BRASIL;AMÉRICA DO SUL;SBKP;CAMPINAS;SP;SUDESTE;BRASIL;AMÉRICA DO SUL;DOMÉSTICA;NÃO REGULAR;0;0;480;0;0;0;0;13446;1944;8686;249;3;1945354;0;0;0;162000;2,48333;0
LTG;ABSA - AEROLINHAS BRASILEIRAS S.A.;BRASILEIRA;2026;1;SBGR;GUARULHOS;SP;SUDESTE;BRASIL;AMÉRICA DO SUL;SBKP;CAMPINAS;SP;SUDESTE;BRASIL;AMÉRICA DO SUL;DOMÉSTICA;REGULAR;0;0;10803;0;0;0;0;22410;4018;14209;415;5;4021765;0;0;0;270000;4,35;0
LTG;ABSA - AEROLINHAS BRASILEIRAS S.A.;BRASILEIRA;2026;1;SBGR;GUARULHOS;SP;SUDESTE;BRASIL;AMÉRICA DO SUL;SBSV;SALVADOR;BA;NORDESTE;BRASIL;AMÉRICA DO SUL;DOMÉSTICA;REGULAR;0;0;7723;0;0;0;0;78408;55642;12252;1452;1;55642092;0;0;0;54000;2,18333;0
LTG;ABSA - AEROLINHAS BRASILEIRAS S.A.;BRASILEIRA;2026;1;SBGR;GUARULHOS;SP;SUDESTE;BRASIL;AMÉRICA DO SUL;SKBO;BOGOTÁ;;;COLÔMBIA;AMÉRICA DO SUL;INTERNACIONAL;NÃO REGULAR;0;0;0;0;0;;;;;;;;;;;;;;0
LTG;ABSA - AEROLINHAS BRASILEIRAS S.A.;BRASILEIRA;2026;1;SBGR;GUARULHOS;SP;SUDESTE;BRASIL;AMÉRICA DO SUL;SKBO;BOGOTÁ;;;COLÔMBIA;AMÉRICA DO SUL;INTERNACIONAL;REGULAR;0;0;0;0;0;;;;;;;;;;;;;;0
LTG;ABSA - AEROLINHAS BRASILEIRAS S.A.;BRASILEIRA;2026;1;SBGR;GUARULHOS;SP;SUDESTE;BRASIL;AMÉRICA DO SUL;SKRG;MEDELLÍN/RIONEGRO;;;COLÔMBIA;AMÉRICA DO SUL;INTERNACIONAL;NÃO REGULAR;0;0;0;0;0;;;;;;;;;;;;;;0
LTG;ABSA - AEROLINHAS BRASILEIRAS S.A.;BRASILEIRA;2026;1;SBKP;CAMPINAS;SP;SUDESTE;BRASIL;AMÉRICA DO SUL;EBBR;BRUSSELS/ZAVENTEM;;;BÉLGICA;EUROPA;INTERNACIONAL;NÃO REGULAR;0;0;48610;0;0;;;;;;;;;;;;;;0
LTG;ABSA - AEROLINHAS BRASILEIRAS S.A.;BRASILEIRA;2026;1;SBKP;CAMPINAS;SP;SUDESTE;BRASIL;AMÉRICA DO SUL;EBBR;BRUSSELS/ZAVENTEM;;;BÉLGICA;EUROPA;INTERNACIONAL;REGULAR;0;0;36817;0;0;;;;;;;;;;;;;;0
LTG;ABSA - AEROLINHAS BRASILEIRAS S.A.;BRASILEIRA;2026;1;SBKP;CAMPINAS;SP;SUDESTE;BRASIL;AMÉRICA DO SUL;EBLG;LIÈGE;;;BÉLGICA;EUROPA;INTERNACIONAL;REGULAR;0;0;18662;0;0;;;;;;;;;;;;;;0
LTG;ABSA - AEROLINHAS BRASILEIRAS S.A.;BRASILEIRA;2026;1;SBKP;CAMPINAS;SP;SUDESTE;BRASIL;AMÉRICA DO SUL;GVAC;ILHA DO SAL;;;CABO VERDE;ÁFRICA;INTERNACIONAL;NÃO REGULAR;0;0;0;0;0;;;;;;;;;;;;;;0
LTG;ABSA - AEROLINHAS BRASILEIRAS S.A.;BRASILEIRA;2026;1;SBKP;CAMPINAS;SP;SUDESTE;BRASIL;AMÉRICA DO SUL;GVAC;ILHA DO SAL;;;CABO VERDE;ÁFRICA;INTERNACIONAL;REGULAR;0;0;0;0;0;0;0;277722;250001;38283;5143;1;250001232;0;0;0;54000;6,85;0
LTG;ABSA - AEROLINHAS BRASILEIRAS S.A.;BRASILEIRA;2026;1;SBKP;CAMPINAS;SP;SUDESTE;BRASIL;AMÉRICA DO SUL;KMIA;MIAMI, FLORIDA;;;ESTADOS UNIDOS DA AMÉRICA;AMÉRICA DO NORTE;INTERNACIONAL;NÃO REGULAR;0;0;1225;0;0;;;;;;;;;;;;;;0
LTG;ABSA - AEROLINHAS BRASILEIRAS S.A.;BRASILEIRA;2026;1;SBKP;CAMPINAS;SP;SUDESTE;BRASIL;AMÉRICA DO SUL;KMIA;MIAMI, FLORIDA;;;ESTADOS UNIDOS DA AMÉRICA;AMÉRICA DO NORTE;INTERNACIONAL;REGULAR;0;0;4784;0;0;;;;;;;;;;;;;;0
LTG;ABSA - AEROLINHAS BRASILEIRAS S.A.;BRASILEIRA;2026;1;SBKP;CAMPINAS;SP;SUDESTE;BRASIL;AMÉRICA DO SUL;MSLP;SAN SALVADOR;;;EL SALVADOR;AMÉRICA CENTRAL;INTERNACIONAL;NÃO REGULAR;0;0;0;0;0;;;;;;;;;;;;;;0
LTG;ABSA - AEROLINHAS BRASILEIRAS S.A.;BRASILEIRA;2026;1;SBKP;CAMPINAS;SP;SUDESTE;BRASIL;AMÉRICA DO SUL;SBCF;CONFINS;MG;SUDESTE;BRASIL;AMÉRICA DO SUL;DOMÉSTICA;NÃO REGULAR;0;0;0;0;0;0;0;26946;6483;5446;499;1;6483008;0;0;0;54000;1,1;0
LTG;ABSA - AEROLINHAS BRASILEIRAS S.A.;BRASILEIRA;2026;1;SBKP;CAMPINAS;SP;SUDESTE;BRASIL;AMÉRICA DO SUL;SBCF;CONFINS;MG;SUDESTE;BRASIL;AMÉRICA DO SUL;DOMÉSTICA;REGULAR;0;0;10395;0;0;0;0;26946;20914;5838;499;1;20914088;0;0;0;54000;1,31667;0
LTG;ABSA - AEROLINHAS BRASILEIRAS S.A.;BRASILEIRA;2026;1;SBKP;CAMPINAS;SP;SUDESTE;BRASIL;AMÉRICA DO SUL;SBEG;MANAUS;AM;NORTE;BRASIL;AMÉRICA DO SUL;DOMÉSTICA;NÃO REGULAR;0;0;62434;0;0;0;0;282960;163576;40318;5240;2;163577072;0;0;0;108000;7,05;0
LTG;ABSA - AEROLINHAS BRASILEIRAS S.A.;BRASILEIRA;2026;1;SBKP;CAMPINAS;SP;SUDESTE;BRASIL;AMÉRICA DO SUL;SBEG;MANAUS;AM;NORTE;BRASIL;AMÉRICA DO SUL;DOMÉSTICA;REGULAR;0;0;111913;0;0;0;0;424440;293211;63076;7860;3;293212064;0;0;0;162000;10,7333;0
LTG;ABSA - AEROLINHAS BRASILEIRAS S.A.;BRASILEIRA;2026;1;SBKP;CAMPINAS;SP;SUDESTE;BRASIL;AMÉRICA DO SUL;SBFL;FLORIANÓPOLIS;SC;SUL;BRASIL;AMÉRICA DO SUL;DOMÉSTICA;NÃO REGULAR;0;0;6770;0;0;0;0;29052;5723;5013;538;1;5723244;0;0;0;54000;1,23333;0
LTG;ABSA - AEROLINHAS BRASILEIRAS S.A.;BRASILEIRA;2026;1;SBKP;CAMPINAS;SP;SUDESTE;BRASIL;AMÉRICA DO SUL;SBFL;FLORIANÓPOLIS;SC;SUL;BRASIL;AMÉRICA DO SUL;DOMÉSTICA;REGULAR;0;0;0;0;0;0;0;87156;21314;16336;1614;3;21315022;0;0;0;162000;3,45;0
LTG;ABSA - AEROLINHAS BRASILEIRAS S.A.;BRASILEIRA;2026;1;SBKP;CAMPINAS;SP;SUDESTE;BRASIL;AMÉRICA DO SUL;SBGR;GUARULHOS;SP;SUDESTE;BRASIL;AMÉRICA DO SUL;DOMÉSTICA;NÃO REGULAR;0;0;0;0;0;;;;;;;;;;;;;;0
LTG;ABSA - AEROLINHAS BRASILEIRAS S.A.;BRASILEIRA;2026;1;SBKP;CAMPINAS;SP;SUDESTE;BRASIL;AMÉRICA DO SUL;SBGR;GUARULHOS;SP;SUDESTE;BRASIL;AMÉRICA DO SUL;DOMÉSTICA;REGULAR;0;0;0;0;0;0;0;8964;0;9604;166;2;0;0;0;0;108000;1,53333;0
LTG;ABSA - AEROLINHAS BRASILEIRAS S.A.;BRASILEIRA;2026;1;SBKP;CAMPINAS;SP;SUDESTE;BRASIL;AMÉRICA DO SUL;SBNF;NAVEGANTES;SC;SUL;BRASIL;AMÉRICA DO SUL;DOMÉSTICA;REGULAR;0;0;16317;0;0;0;0;49356;14832;15480;914;2;14832849;0;0;0;108000;2,36667;0
LTG;ABSA - AEROLINHAS BRASILEIRAS S.A.;BRASILEIRA;2026;1;SBKP;CAMPINAS;SP;SUDESTE;BRASIL;AMÉRICA DO SUL;SBPA;PORTO ALEGRE;RS;SUL;BRASIL;AMÉRICA DO SUL;DOMÉSTICA;NÃO REGULAR;0;0;78;0;0;0;0;47196;68;6944;874;1;68172;0;0;0;54000;1,65;0
LTG;ABSA - AEROLINHAS BRASILEIRAS S.A.;BRASILEIRA;2026;1;SBKP;CAMPINAS;SP;SUDESTE;BRASIL;AMÉRICA DO SUL;SBRF;RECIFE;PE;NORDESTE;BRASIL;AMÉRICA DO SUL;DOMÉSTICA;REGULAR;0;0;24960;0;0;0;0;568620;169403;78406;10530;5;169404528;0;0;0;270000;15,1667;0
LTG;ABSA - AEROLINHAS BRASILEIRAS S.A.;BRASILEIRA;2026;1;SBKP;CAMPINAS;SP;SUDESTE;BRASIL;AMÉRICA DO SUL;SBSJ;SÃO JOSÉ DOS CAMPOS;SP;SUDESTE;BRASIL;AMÉRICA DO SUL;DOMÉSTICA;NÃO REGULAR;0;0;9075;0;0;0;0;21384;4908;10913;396;3;4910268;0;0;0;162000;1,9;0
LTG;ABSA - AEROLINHAS BRASILEIRAS S.A.;BRASILEIRA;2026;1;SBKP;CAMPINAS;SP;SUDESTE;BRASIL;AMÉRICA DO SUL;SCEL;SANTIAGO;;;CHILE;AMÉRICA DO SUL;INTERNACIONAL;NÃO REGULAR;0;0;3905;0;0;0;0;278748;8979;32880;5162;2;8979299;0;0;0;108000;8,13333;0
LTG;ABSA - AEROLINHAS BRASILEIRAS S.A.;BRASILEIRA;2026;1;SBKP;CAMPINAS;SP;SUDESTE;BRASIL;AMÉRICA DO SUL;SCEL;SANTIAGO;;;CHILE;AMÉRICA DO SUL;INTERNACIONAL;REGULAR;0;0;500;0;0;0;0;278748;13638;33147;5162;2;13638004;0;0;0;108000;8,43333;0
LTG;ABSA - AEROLINHAS BRASILEIRAS S.A.;BRASILEIRA;2026;1;SBKP;CAMPINAS;SP;SUDESTE;BRASIL;AMÉRICA DO SUL;SEQM;QUITO;;;EQUADOR;AMÉRICA DO SUL;INTERNACIONAL;NÃO REGULAR;0;0;17772;36;0;0;0;1369548;75121;158606;25362;6;75122244;152172;0;0;324000;34,7833;0
LTG;ABSA - AEROLINHAS BRASILEIRAS S.A.;BRASILEIRA;2026;1;SBKP;CAMPINAS;SP;SUDESTE;BRASIL;AMÉRICA DO SUL;SEQM;QUITO;;;EQUADOR;AMÉRICA DO SUL;INTERNACIONAL;REGULAR;0;0;28824;0;0;0;0;228258;110045;30668;4227;1;110045720;0;0;0;54000;5,33333;0
LTG;ABSA - AEROLINHAS BRASILEIRAS S.A.;BRASILEIRA;2026;1;SBKP;CAMPINAS;SP;SUDESTE;BRASIL;AMÉRICA DO SUL;SGAS;ASUNCIÓN;;;PARAGUAI;AMÉRICA DO SUL;INTERNACIONAL;NÃO REGULAR;0;0;18484;0;0;0;0;116856;19999;18891;2164;2;19999688;0;0;0;108000;3,71667;0
LTG;ABSA - AEROLINHAS BRASILEIRAS S.A.;BRASILEIRA;2026;1;SBKP;CAMPINAS;SP;SUDESTE;BRASIL;AMÉRICA DO SUL;SKBO;BOGOTÁ;;;COLÔMBIA;AMÉRICA DO SUL;INTERNACIONAL;NÃO REGULAR;0;0;28402;0;0;0;0;459432;104366;61799;8508;2;104367636;0;0;0;108000;11,8;0
LTG;ABSA - AEROLINHAS BRASILEIRAS S.A.;BRASILEIRA;2026;1;SBKP;CAMPINAS;SP;SUDESTE;BRASIL;AMÉRICA DO SUL;SKBO;BOGOTÁ;;;COLÔMBIA;AMÉRICA DO SUL;INTERNACIONAL;REGULAR;0;0;86700;0;0;0;0;229716;149745;32181;4254;1;149745056;0;0;0;54000;5,68333;0
LTG;ABSA - AEROLINHAS BRASILEIRAS S.A.;BRASILEIRA;2026;1;SBNF;NAVEGANTES;SC;SUL;BRASIL;AMÉRICA DO SUL;KMIA;MIAMI, FLORIDA;;;ESTADOS UNIDOS DA AMÉRICA;AMÉRICA DO NORTE;INTERNACIONAL;REGULAR;0;0;0;0;0;;;;;;;;;;;;;;0
LTG;ABSA - AEROLINHAS BRASILEIRAS S.A.;BRASILEIRA;2026;1;SBNF;NAVEGANTES;SC;SUL;BRASIL;AMÉRICA DO SUL;SBKP;CAMPINAS;SP;SUDESTE;BRASIL;AMÉRICA DO SUL;DOMÉSTICA;REGULAR;0;0;0;0;0;0;0;24678;0;4528;457;1;0;0;0;0;54000;1,01667;0
LTG;ABSA - AEROLINHAS BRASILEIRAS S.A.;BRASILEIRA;2026;1;SBNF;NAVEGANTES;SC;SUL;BRASIL;AMÉRICA DO SUL;SEQM;QUITO;;;EQUADOR;AMÉRICA DO SUL;INTERNACIONAL;REGULAR;0;0;0;0;0;0;0;235008;12142;25317;4352;1;12142080;0;0;0;54000;5,73333;0
LTG;ABSA - AEROLINHAS BRASILEIRAS S.A.;BRASILEIRA;2026;1;SBNF;NAVEGANTES;SC;SUL;BRASIL;AMÉRICA DO SUL;SKBO;BOGOTÁ;;;COLÔMBIA;AMÉRICA DO SUL;INTERNACIONAL;REGULAR;0;0;0;0;0;0;0;240570;89019;29535;4455;1;89019808;0;0;0;54000;5,73333;0
LTG;ABSA - AEROLINHAS BRASILEIRAS S.A.;BRASILEIRA;2026;1;SBPA;PORTO ALEGRE;RS;SUL;BRASIL;AMÉRICA DO SUL;MSLP;SAN SALVADOR;;;EL SALVADOR;AMÉRICA CENTRAL;INTERNACIONAL;NÃO REGULAR;0;0;34135;0;0;0;0;340632;215323;48559;6308;1;215323584;0;0;0;54000;8,08333;0
LTG;ABSA - AEROLINHAS BRASILEIRAS S.A.;BRASILEIRA;2026;1;SBPA;PORTO ALEGRE;RS;SUL;BRASIL;AMÉRICA DO SUL;SEQM;QUITO;;;EQUADOR;AMÉRICA DO SUL;INTERNACIONAL;NÃO REGULAR;0;0;0;0;0;;;;;;;;;;;;;;0
LTG;ABSA - AEROLINHAS BRASILEIRAS S.A.;BRASILEIRA;2026;1;SBRF;RECIFE;PE;NORDESTE;BRASIL;AMÉRICA DO SUL;EBBR;BRUSSELS/ZAVENTEM;;;BÉLGICA;EUROPA;INTERNACIONAL;NÃO REGULAR;0;0;0;0;0;;;;;;;;;;;;;;0
LTG;ABSA - AEROLINHAS BRASILEIRAS S.A.;BRASILEIRA;2026;1;SBRF;RECIFE;PE;NORDESTE;BRASIL;AMÉRICA DO SUL;EBBR;BRUSSELS/ZAVENTEM;;;BÉLGICA;EUROPA;INTERNACIONAL;REGULAR;0;0;62623;0;0;;;;;;;;;;;;;;0
LTG;ABSA - AEROLINHAS BRASILEIRAS S.A.;BRASILEIRA;2026;1;SBRF;RECIFE;PE;NORDESTE;BRASIL;AMÉRICA DO SUL;EBLG;LIÈGE;;;BÉLGICA;EUROPA;INTERNACIONAL;REGULAR;0;0;23355;0;0;;;;;;;;;;;;;;0
LTG;ABSA - AEROLINHAS BRASILEIRAS S.A.;BRASILEIRA;2026;1;SBRF;RECIFE;PE;NORDESTE;BRASIL;AMÉRICA DO SUL;GVAC;ILHA DO SAL;;;CABO VERDE;ÁFRICA;INTERNACIONAL;NÃO REGULAR;0;0;0;0;0;0;0;165402;0;24101;3063;1;0;0;0;0;54000;4,25;0
LTG;ABSA - AEROLINHAS BRASILEIRAS S.A.;BRASILEIRA;2026;1;SBRF;RECIFE;PE;NORDESTE;BRASIL;AMÉRICA DO SUL;GVAC;ILHA DO SAL;;;CABO VERDE;ÁFRICA;INTERNACIONAL;REGULAR;0;0;0;0;0;0;0;661608;433282;93013;12252;4;433282792;0;0;0;216000;16,4;0
LTG;ABSA - AEROLINHAS BRASILEIRAS S.A.;BRASILEIRA;2026;1;SBSJ;SÃO JOSÉ DOS CAMPOS;SP;SUDESTE;BRASIL;AMÉRICA DO SUL;KMIA;MIAMI, FLORIDA;;;ESTADOS UNIDOS DA AMÉRICA;AMÉRICA DO NORTE;INTERNACIONAL;NÃO REGULAR;0;0;0;0;0;;;;;;;;;;;;;;0
LTG;ABSA - AEROLINHAS BRASILEIRAS S.A.;BRASILEIRA;2026;1;SBSJ;SÃO JOSÉ DOS CAMPOS;SP;SUDESTE;BRASIL;AMÉRICA DO SUL;SBGR;GUARULHOS;SP;SUDESTE;BRASIL;AMÉRICA DO SUL;DOMÉSTICA;NÃO REGULAR;0;0;0;0;0;0;0;10692;286;13606;198;3;286902;0;0;0;162000;1,91667;0
LTG;ABSA - AEROLINHAS BRASILEIRAS S.A.;BRASILEIRA;2026;1;SBSJ;SÃO JOSÉ DOS CAMPOS;SP;SUDESTE;BRASIL;AMÉRICA DO SUL;SBGR;GUARULHOS;SP;SUDESTE;BRASIL;AMÉRICA DO SUL;DOMÉSTICA;REGULAR;0;0;0;0;0;0;0;7128;2884;8928;132;2;2884332;334290;0;0;108000;1,53333;0
LTG;ABSA - AEROLINHAS BRASILEIRAS S.A.;BRASILEIRA;2026;1;SBSJ;SÃO JOSÉ DOS CAMPOS;SP;SUDESTE;BRASIL;AMÉRICA DO SUL;SBKP;CAMPINAS;SP;SUDESTE;BRASIL;AMÉRICA DO SUL;DOMÉSTICA;NÃO REGULAR;0;0;0;0;0;0;0;64152;28577;28542;1188;9;28516752;478104;64152;0;486000;6,75;0
LTG;ABSA - AEROLINHAS BRASILEIRAS S.A.;BRASILEIRA;2026;1;SBSJ;SÃO JOSÉ DOS CAMPOS;SP;SUDESTE;BRASIL;AMÉRICA DO SUL;SBKP;CAMPINAS;SP;SUDESTE;BRASIL;AMÉRICA DO SUL;DOMÉSTICA;REGULAR;0;0;0;0;0;0;0;7128;2052;3113;132;1;2052468;0;0;0;54000;0,85;0
LTG;ABSA - AEROLINHAS BRASILEIRAS S.A.;BRASILEIRA;2026;1;SBSJ;SÃO JOSÉ DOS CAMPOS;SP;SUDESTE;BRASIL;AMÉRICA DO SUL;SCEL;SANTIAGO;;;CHILE;AMÉRICA DO SUL;INTERNACIONAL;NÃO REGULAR;0;0;0;0;0;0;0;144666;4423;18173;2679;1;4423029;0;0;0;54000;4,03333;0
LTG;ABSA - AEROLINHAS BRASILEIRAS S.A.;BRASILEIRA;2026;1;SBSJ;SÃO JOSÉ DOS CAMPOS;SP;SUDESTE;BRASIL;AMÉRICA DO SUL;SKBO;BOGOTÁ;;;COLÔMBIA;AMÉRICA DO SUL;INTERNACIONAL;NÃO REGULAR;0;0;8787;0;0;0;0;235764;38364;26996;4366;1;38364040;0;0;0;54000;6,06667;0
LTG;ABSA - AEROLINHAS BRASILEIRAS S.A.;BRASILEIRA;2026;1;SBSV;SALVADOR;BA;NORDESTE;BRASIL;AMÉRICA DO SUL;SBEG;MANAUS;AM;NORTE;BRASIL;AMÉRICA DO SUL;DOMÉSTICA;REGULAR;0;0;0;0;0;0;0;141966;80442;21019;2629;1;80442144;0;0;0;54000;3,68333;0
LTG;ABSA - AEROLINHAS BRASILEIRAS S.A.;BRASILEIRA;2026;1;SBVT;VITÓRIA;ES;SUDESTE;BRASIL;AMÉRICA DO SUL;SBFL;FLORIANÓPOLIS;SC;SUL;BRASIL;AMÉRICA DO SUL;DOMÉSTICA;NÃO REGULAR;0;0;0;0;0;0;0;63504;31971;9639;1176;1;31971912;0;0;0;54000;1,96667;0
LTG;ABSA - AEROLINHAS BRASILEIRAS S.A.;BRASILEIRA;2026;1;SBVT;VITÓRIA;ES;SUDESTE;BRASIL;AMÉRICA DO SUL;SBFL;FLORIANÓPOLIS;SC;SUL;BRASIL;AMÉRICA DO SUL;DOMÉSTICA;REGULAR;0;0;0;0;0;;;;;;;;;;;;;;0
LTG;ABSA - AEROLINHAS BRASILEIRAS S.A.;BRASILEIRA;2026;1;SBVT;VITÓRIA;ES;SUDESTE;BRASIL;AMÉRICA DO SUL;SBGR;GUARULHOS;SP;SUDESTE;BRASIL;AMÉRICA DO SUL;DOMÉSTICA;REGULAR;0;0;0;0;0;;;;;;;;;;;;;;0
LTG;ABSA - AEROLINHAS BRASILEIRAS S.A.;BRASILEIRA;2026;1;SBVT;VITÓRIA;ES;SUDESTE;BRASIL;AMÉRICA DO SUL;SBKP;CAMPINAS;SP;SUDESTE;BRASIL;AMÉRICA DO SUL;DOMÉSTICA;NÃO REGULAR;0;0;0;0;0;;;;;;;;;;;;;;0
LTG;ABSA - AEROLINHAS BRASILEIRAS S.A.;BRASILEIRA;2026;1;SBVT;VITÓRIA;ES;SUDESTE;BRASIL;AMÉRICA DO SUL;SBKP;CAMPINAS;SP;SUDESTE;BRASIL;AMÉRICA DO SUL;DOMÉSTICA;REGULAR;0;0;0;0;0;0;0;41634;20428;7919;771;1;20428416;0;0;0;54000;1,65;0
LTG;ABSA - AEROLINHAS BRASILEIRAS S.A.;BRASILEIRA;2026;1;SBVT;VITÓRIA;ES;SUDESTE;BRASIL;AMÉRICA DO SUL;SBSJ;SÃO JOSÉ DOS CAMPOS;SP;SUDESTE;BRASIL;AMÉRICA DO SUL;DOMÉSTICA;REGULAR;0;0;0;0;0;0;0;35910;18217;6847;665;1;18217676;0;0;0;54000;1,51667;0
LTG;ABSA - AEROLINHAS BRASILEIRAS S.A.;BRASILEIRA;2026;1;SCEL;SANTIAGO;;;CHILE;AMÉRICA DO SUL;KMIA;MIAMI, FLORIDA;;;ESTADOS UNIDOS DA AMÉRICA;AMÉRICA DO NORTE;INTERNACIONAL;NÃO REGULAR;0;0;46696;0;0;0;0;359478;319010;54344;6657;1;319010112;0;0;0;54000;8,75;0
LTG;ABSA - AEROLINHAS BRASILEIRAS S.A.;BRASILEIRA;2026;1;SCEL;SANTIAGO;;;CHILE;AMÉRICA DO SUL;KMIA;MIAMI, FLORIDA;;;ESTADOS UNIDOS DA AMÉRICA;AMÉRICA DO NORTE;INTERNACIONAL;REGULAR;0;0;44912;0;0;0;0;359478;330826;52955;6657;1;330826272;0;0;0;54000;8,76667;0
LTG;ABSA - AEROLINHAS BRASILEIRAS S.A.;BRASILEIRA;2026;1;SDSC;SÃO CARLOS;SP;SUDESTE;BRASIL;AMÉRICA DO SUL;SBKP;CAMPINAS;SP;SUDESTE;BRASIL;AMÉRICA DO SUL;DOMÉSTICA;NÃO REGULAR;0;0;0;0;0;0;0;7992;0;2965;148;1;0;0;0;0;54000;1,23333;0
LTG;ABSA - AEROLINHAS BRASILEIRAS S.A.;BRASILEIRA;2026;1;SEQM;QUITO;;;EQUADOR;AMÉRICA DO SUL;KMIA;MIAMI, FLORIDA;;;ESTADOS UNIDOS DA AMÉRICA;AMÉRICA DO NORTE;INTERNACIONAL;NÃO REGULAR;0;0;245757;0;0;0;0;779760;709744;110337;14440;5;709746224;0;0;0;270000;20,3833;0
LTG;ABSA - AEROLINHAS BRASILEIRAS S.A.;BRASILEIRA;2026;1;SEQM;QUITO;;;EQUADOR;AMÉRICA DO SUL;KMIA;MIAMI, FLORIDA;;;ESTADOS UNIDOS DA AMÉRICA;AMÉRICA DO NORTE;INTERNACIONAL;REGULAR;0;0;149759;0;0;0;0;467856;432502;69840;8664;3;432503984;0;0;0;162000;12,1167;0
LTG;ABSA - AEROLINHAS BRASILEIRAS S.A.;BRASILEIRA;2026;1;SGAS;ASUNCIÓN;;;PARAGUAI;AMÉRICA DO SUL;KMIA;MIAMI, FLORIDA;;;ESTADOS UNIDOS DA AMÉRICA;AMÉRICA DO NORTE;INTERNACIONAL;NÃO REGULAR;0;0;0;0;0;;;;;;;;;;;;;;0
LTG;ABSA - AEROLINHAS BRASILEIRAS S.A.;BRASILEIRA;2026;1;SGAS;ASUNCIÓN;;;PARAGUAI;AMÉRICA DO SUL;SBKP;CAMPINAS;SP;SUDESTE;BRASIL;AMÉRICA DO SUL;INTERNACIONAL;NÃO REGULAR;0;0;0;0;0;0;0;58428;3994;7798;1082;1;3994744;0;0;0;54000;1,7;0
LTG;ABSA - AEROLINHAS BRASILEIRAS S.A.;BRASILEIRA;2026;1;SGAS;ASUNCIÓN;;;PARAGUAI;AMÉRICA DO SUL;SCEL;SANTIAGO;;;CHILE;AMÉRICA DO SUL;INTERNACIONAL;NÃO REGULAR;0;0;0;0;0;0;0;84834;0;11722;1571;1;0;0;0;0;54000;2,68333;0
LTG;ABSA - AEROLINHAS BRASILEIRAS S.A.;BRASILEIRA;2026;1;SGAS;ASUNCIÓN;;;PARAGUAI;AMÉRICA DO SUL;SKBO;BOGOTÁ;;;COLÔMBIA;AMÉRICA DO SUL;INTERNACIONAL;NÃO REGULAR;0;0;4134;0;0;0;0;204282;15638;24032;3783;1;15638922;0;0;0;54000;5,15;0
LTG;ABSA - AEROLINHAS BRASILEIRAS S.A.;BRASILEIRA;2026;1;SGES;CIUDAD DEL ESTE;;;PARAGUAI;AMÉRICA DO SUL;SBKP;CAMPINAS;SP;SUDESTE;BRASIL;AMÉRICA DO SUL;INTERNACIONAL;NÃO REGULAR;0;0;0;0;0;0;0;44712;7083;6636;828;1;7083540;207828;0;0;54000;1,35;0
LTG;ABSA - AEROLINHAS BRASILEIRAS S.A.;BRASILEIRA;2026;1;SGES;CIUDAD DEL ESTE;;;PARAGUAI;AMÉRICA DO SUL;SBKP;CAMPINAS;SP;SUDESTE;BRASIL;AMÉRICA DO SUL;INTERNACIONAL;REGULAR;0;0;0;0;0;0;0;89424;5047;12322;1656;2;4168980;0;879336;0;108000;2,8;0
LTG;ABSA - AEROLINHAS BRASILEIRAS S.A.;BRASILEIRA;2026;1;SKBO;BOGOTÁ;;;COLÔMBIA;AMÉRICA DO SUL;KMIA;MIAMI, FLORIDA;;;ESTADOS UNIDOS DA AMÉRICA;AMÉRICA DO NORTE;INTERNACIONAL;NÃO REGULAR;0;0;465540;0;0;0;0;1314900;1133585;200832;24350;10;1133589912;0;0;0;540000;39,55;0
LTG;ABSA - AEROLINHAS BRASILEIRAS S.A.;BRASILEIRA;2026;1;SKBO;BOGOTÁ;;;COLÔMBIA;AMÉRICA DO SUL;KMIA;MIAMI, FLORIDA;;;ESTADOS UNIDOS DA AMÉRICA;AMÉRICA DO NORTE;INTERNACIONAL;REGULAR;0;0;357257;0;0;0;0;1051920;872503;161045;19480;8;872506768;0;0;0;432000;30,2;0
LTG;ABSA - AEROLINHAS BRASILEIRAS S.A.;BRASILEIRA;2026;1;SKBO;BOGOTÁ;;;COLÔMBIA;AMÉRICA DO SUL;SBKP;CAMPINAS;SP;SUDESTE;BRASIL;AMÉRICA DO SUL;INTERNACIONAL;NÃO REGULAR;0;0;0;0;0;;;;;;;;;;;;;;0
LTG;ABSA - AEROLINHAS BRASILEIRAS S.A.;BRASILEIRA;2026;1;SKBO;BOGOTÁ;;;COLÔMBIA;AMÉRICA DO SUL;SBSJ;SÃO JOSÉ DOS CAMPOS;SP;SUDESTE;BRASIL;AMÉRICA DO SUL;INTERNACIONAL;NÃO REGULAR;0;0;0;0;0;;;;;;;;;;;;;;0
LTG;ABSA - AEROLINHAS BRASILEIRAS S.A.;BRASILEIRA;2026;1;SKRG;MEDELLÍN/RIONEGRO;;;COLÔMBIA;AMÉRICA DO SUL;KMIA;MIAMI, FLORIDA;;;ESTADOS UNIDOS DA AMÉRICA;AMÉRICA DO NORTE;INTERNACIONAL;NÃO REGULAR;0;0;38732;0;0;0;0;121122;86907;17079;2243;1;86907280;0;0;0;54000;3,08333;0
LTG;ABSA - AEROLINHAS BRASILEIRAS S.A.;BRASILEIRA;2026;1;SUMU;MONTEVIDEO, MONTEVIDEO;;;URUGUAI;AMÉRICA DO SUL;SBKP;CAMPINAS;SP;SUDESTE;BRASIL;AMÉRICA DO SUL;INTERNACIONAL;REGULAR;0;0;0;0;0;0;0;84942;11748;10090;1573;1;11748737;0;0;0;54000;2,33333;0
MAA;AEROTRANSPORTES MAS DE CARGA S.A. DE C.V.;ESTRANGEIRA;2026;1;MMSM;ZUMPANGO, STATE OF MEXICO;;;MÉXICO;AMÉRICA DO NORTE;SBKP;CAMPINAS;SP;SUDESTE;BRASIL;AMÉRICA DO SUL;INTERNACIONAL;REGULAR;0;0;69183;0;0;;;;;;;;;;;;;;0
MAA;AEROTRANSPORTES MAS DE CARGA S.A. DE C.V.;ESTRANGEIRA;2026;1;MMSM;ZUMPANGO, STATE OF MEXICO;;;MÉXICO;AMÉRICA DO NORTE;SCEL;SANTIAGO;;;CHILE;AMÉRICA DO SUL;INTERNACIONAL;REGULAR;0;0;0;0;0;0;0;962612;458336;0;19875;3;458337384;0;0;0;145300;25,75;0
MAA;AEROTRANSPORTES MAS DE CARGA S.A. DE C.V.;ESTRANGEIRA;2026;1;SBKP;CAMPINAS;SP;SUDESTE;BRASIL;AMÉRICA DO SUL;MMSM;ZUMPANGO, STATE OF MEXICO;;;MÉXICO;AMÉRICA DO NORTE;INTERNACIONAL;REGULAR;0;0;126698;0;0;0;0;1186086;933382;0;22101;3;933384144;0;0;0;161000;27,95;0
MAA;AEROTRANSPORTES MAS DE CARGA S.A. DE C.V.;ESTRANGEIRA;2026;1;SCEL;SANTIAGO;;;CHILE;AMÉRICA DO SUL;SBKP;CAMPINAS;SP;SUDESTE;BRASIL;AMÉRICA DO SUL;INTERNACIONAL;REGULAR;0;0;0;0;0;0;0;467418;178560;0;7743;3;178561324;0;0;0;181100;11,283;0
MWM;MODERN TRANSPORTE AEREO DE CARGA S.A;BRASILEIRA;2026;1;SBBR;BRASÍLIA;DF;CENTRO-OESTE;BRASIL;AMÉRICA DO SUL;SBEG;MANAUS;AM;NORTE;BRASIL;AMÉRICA DO SUL;DOMÉSTICA;REGULAR;0;0;42121;0;0;0;0;148481;138995;39483;7796;4;138996836;11694;0;0;76184;11,95;0
MWM;MODERN TRANSPORTE AEREO DE CARGA S.A;BRASILEIRA;2026;1;SBEG;MANAUS;AM;NORTE;BRASIL;AMÉRICA DO SUL;SBKP;CAMPINAS;SP;SUDESTE;BRASIL;AMÉRICA DO SUL;DOMÉSTICA;NÃO REGULAR;0;0;21143;0;0;0;0;156710;55393;31640;7860;3;55394660;0;0;0;59813;11,3833;0
MWM;MODERN TRANSPORTE AEREO DE CARGA S.A;BRASILEIRA;2026;1;SBEG;MANAUS;AM;NORTE;BRASIL;AMÉRICA DO SUL;SBKP;CAMPINAS;SP;SUDESTE;BRASIL;AMÉRICA DO SUL;DOMÉSTICA;REGULAR;0;0;85034;0;0;0;0;412042;222786;89810;20960;8;222789080;0;0;0;157268;30,15;0
MWM;MODERN TRANSPORTE AEREO DE CARGA S.A;BRASILEIRA;2026;1;SBKP;CAMPINAS;SP;SUDESTE;BRASIL;AMÉRICA DO SUL;SBBR;BRASÍLIA;DF;CENTRO-OESTE;BRASIL;AMÉRICA DO SUL;DOMÉSTICA;REGULAR;0;0;8805;4;0;0;0;66459;30323;17667;3192;4;30324798;7980;0;0;83284;6,4;0
MWM;MODERN TRANSPORTE AEREO DE CARGA S.A;BRASILEIRA;2026;1;SBKP;CAMPINAS;SP;SUDESTE;BRASIL;AMÉRICA DO SUL;SBEG;MANAUS;AM;NORTE;BRASIL;AMÉRICA DO SUL;DOMÉSTICA;NÃO REGULAR;0;0;41390;0;0;0;0;153828;108441;37630;7860;3;108441800;0;0;0;58713;11,8;0
MWM;MODERN TRANSPORTE AEREO DE CARGA S.A;BRASILEIRA;2026;1;SBKP;CAMPINAS;SP;SUDESTE;BRASIL;AMÉRICA DO SUL;SBEG;MANAUS;AM;NORTE;BRASIL;AMÉRICA DO SUL;DOMÉSTICA;REGULAR;0;0;92252;1197;0;0;0;204056;165204;47705;10480;4;165206720;3120420;0;0;77884;15,25;0
NCR;NATIONAL AIRLINES;ESTRANGEIRA;2026;1;CYYZ;TORONTO;;;CANADÁ;AMÉRICA DO NORTE;SBKP;CAMPINAS;SP;SUDESTE;BRASIL;AMÉRICA DO SUL;INTERNACIONAL;IMPRODUTIVO;0;0;0;0;0;0;0;0;0;0;8123;1;0;0;0;0;0;9,3;0
NCR;NATIONAL AIRLINES;ESTRANGEIRA;2026;1;KLCK;COLUMBUS, OHIO;;;ESTADOS UNIDOS DA AMÉRICA;AMÉRICA DO NORTE;SBKP;CAMPINAS;SP;SUDESTE;BRASIL;AMÉRICA DO SUL;INTERNACIONAL;IMPRODUTIVO;0;0;0;0;0;0;0;0;0;0;15822;2;0;0;0;0;0;19,883;0
NCR;NATIONAL AIRLINES;ESTRANGEIRA;2026;1;KMIA;MIAMI, FLORIDA;;;ESTADOS UNIDOS DA AMÉRICA;AMÉRICA DO NORTE;SBKP;CAMPINAS;SP;SUDESTE;BRASIL;AMÉRICA DO SUL;INTERNACIONAL;IMPRODUTIVO;0;0;0;0;0;0;0;0;0;0;6496;1;0;0;0;0;0;8,817;0
NCR;NATIONAL AIRLINES;ESTRANGEIRA;2026;1;MPTO;PANAMA;;;PANAMÁ;AMÉRICA CENTRAL;KLAX;LOS ANGELES, CALIFORNIA;;;ESTADOS UNIDOS DA AMÉRICA;AMÉRICA DO NORTE;INTERNACIONAL;NÃO REGULAR;0;0;0;0;0;0;0;1046520;961770;0;9690;2;961771264;0;0;0;216000;13,834;0
NCR;NATIONAL AIRLINES;ESTRANGEIRA;2026;1;MPTO;PANAMA;;;PANAMÁ;AMÉRICA CENTRAL;KORD;CHICAGO, ILLINOIS;;;ESTADOS UNIDOS DA AMÉRICA;AMÉRICA DO NORTE;INTERNACIONAL;NÃO REGULAR;0;0;0;0;0;0;0;810648;771278;0;7506;2;771279040;0;0;0;216000;11,417;0
NCR;NATIONAL AIRLINES;ESTRANGEIRA;2026;1;MSLP;SAN SALVADOR;;;EL SALVADOR;AMÉRICA CENTRAL;SBKP;CAMPINAS;SP;SUDESTE;BRASIL;AMÉRICA DO SUL;INTERNACIONAL;IMPRODUTIVO;0;0;0;0;0;0;0;0;0;0;6103;1;0;0;0;0;0;7,583;0
NCR;NATIONAL AIRLINES;ESTRANGEIRA;2026;1;SBKP;CAMPINAS;SP;SUDESTE;BRASIL;AMÉRICA DO SUL;KLAX;LOS ANGELES, CALIFORNIA;;;ESTADOS UNIDOS DA AMÉRICA;AMÉRICA DO NORTE;INTERNACIONAL;NÃO REGULAR;0;0;198508;0;0;;;;;;;;;;;;;;0
NCR;NATIONAL AIRLINES;ESTRANGEIRA;2026;1;SBKP;CAMPINAS;SP;SUDESTE;BRASIL;AMÉRICA DO SUL;KMIA;MIAMI, FLORIDA;;;ESTADOS UNIDOS DA AMÉRICA;AMÉRICA DO NORTE;INTERNACIONAL;NÃO REGULAR;0;0;262995;0;0;0;0;2104704;1708414;0;19488;3;1708415488;0;0;0;324000;23,333;0
NCR;NATIONAL AIRLINES;ESTRANGEIRA;2026;1;SBKP;CAMPINAS;SP;SUDESTE;BRASIL;AMÉRICA DO SUL;KORD;CHICAGO, ILLINOIS;;;ESTADOS UNIDOS DA AMÉRICA;AMÉRICA DO NORTE;INTERNACIONAL;NÃO REGULAR;0;0;205510;0;0;;;;;;;;;;;;;;0
NCR;NATIONAL AIRLINES;ESTRANGEIRA;2026;1;SBKP;CAMPINAS;SP;SUDESTE;BRASIL;AMÉRICA DO SUL;MPTO;PANAMA;;;PANAMÁ;AMÉRICA CENTRAL;INTERNACIONAL;NÃO REGULAR;0;0;0;0;0;0;0;2161728;2021704;0;20016;4;2021706080;0;0;0;432000;24,484;0
NCR;NATIONAL AIRLINES;ESTRANGEIRA;2026;1;SPJC;CALLAO/LIMA, LIMA METROPOLITAN AREA;;;PERU;AMÉRICA DO SUL;SBKP;CAMPINAS;SP;SUDESTE;BRASIL;AMÉRICA DO SUL;INTERNACIONAL;IMPRODUTIVO;0;0;0;0;0;0;0;0;0;0;6794;2;0;0;0;0;0;10,383;0
OAE;OMNI AIR INTERNATIONAL;ESTRANGEIRA;2026;1;SBCF;CONFINS;MG;SUDESTE;BRASIL;AMÉRICA DO SUL;KAEX;ALEXANDRIA, LOUISIANA; ; ;ESTADOS UNIDOS DA AMÉRICA;AMÉRICA DO NORTE;INTERNACIONAL;IMPRODUTIVO;0;0;0;0;0;0;0;0;0;0;23031;3;0;0;0;0;0;30,65;0
OAE;OMNI AIR INTERNATIONAL;ESTRANGEIRA;2026;1;SBCF;CONFINS;MG;SUDESTE;BRASIL;AMÉRICA DO SUL;SCEL;SANTIAGO;;;CHILE;AMÉRICA DO SUL;INTERNACIONAL;NÃO REGULAR;0;0;0;0;0;756314;70426;163418;6338;0;3062;1;0;0;0;247;53370;4,61667;0
OAE;OMNI AIR INTERNATIONAL;ESTRANGEIRA;2026;1;SKBO;BOGOTÁ;;;COLÔMBIA;AMÉRICA DO SUL;SBCF;CONFINS;MG;SUDESTE;BRASIL;AMÉRICA DO SUL;INTERNACIONAL;NÃO REGULAR;197;0;0;0;0;3161847;938740;683187;84485;0;12801;3;0;0;0;741;160110;17,9333;0
OAE;OMNI AIR INTERNATIONAL;ESTRANGEIRA;2026;1;SKBO;BOGOTÁ;;;COLÔMBIA;AMÉRICA DO SUL;SCEL;SANTIAGO;;;CHILE;AMÉRICA DO SUL;INTERNACIONAL;NÃO REGULAR;23;0;0;0;0;;;;;;;;;;;;;;0
PLS;PLACAR LINHAS AÉREAS S.A.;BRASILEIRA;2026;1;SBCT;SÃO JOSÉ DOS PINHAIS;PR;SUL;BRASIL;AMÉRICA DO SUL;SBGL;RIO DE JANEIRO;RJ;SUDESTE;BRASIL;AMÉRICA DO SUL;DOMÉSTICA;IMPRODUTIVO;0;0;0;0;0;0;0;0;0;1445;673;1;0;0;0;0;0;1,317;0
PLS;PLACAR LINHAS AÉREAS S.A.;BRASILEIRA;2026;1;SBCT;SÃO JOSÉ DOS PINHAIS;PR;SUL;BRASIL;AMÉRICA DO SUL;SBGR;GUARULHOS;SP;SUDESTE;BRASIL;AMÉRICA DO SUL;DOMÉSTICA;NÃO REGULAR;54;0;0;1300;0;35182;19386;4920;1453;1124;359;1;0;466700;0;98;13705;0,917;0
PLS;PLACAR LINHAS AÉREAS S.A.;BRASILEIRA;2026;1;SBGL;RIO DE JANEIRO;RJ;SUDESTE;BRASIL;AMÉRICA DO SUL;SBSR;SÃO JOSÉ DO RIO PRETO;SP;SUDESTE;BRASIL;AMÉRICA DO SUL;DOMÉSTICA;NÃO REGULAR;59;0;0;1100;0;65954;39707;9223;2978;1927;673;1;0;740300;0;98;13705;1,583;0
PLS;PLACAR LINHAS AÉREAS S.A.;BRASILEIRA;2026;1;SBGL;RIO DE JANEIRO;RJ;SUDESTE;BRASIL;AMÉRICA DO SUL;SDCO;SOROCABA;SP;SUDESTE;BRASIL;AMÉRICA DO SUL;DOMÉSTICA;IMPRODUTIVO;0;0;0;0;0;0;0;0;0;1606;439;1;0;0;0;0;0;1,4;0
PLS;PLACAR LINHAS AÉREAS S.A.;BRASILEIRA;2026;1;SBGR;GUARULHOS;SP;SUDESTE;BRASIL;AMÉRICA DO SUL;SBSR;SÃO JOSÉ DO RIO PRETO;SP;SUDESTE;BRASIL;AMÉRICA DO SUL;DOMÉSTICA;IMPRODUTIVO;0;0;0;0;0;0;0;0;0;1204;420;1;0;0;0;0;0;3,333;0
PLS;PLACAR LINHAS AÉREAS S.A.;BRASILEIRA;2026;1;SBGR;GUARULHOS;SP;SUDESTE;BRASIL;AMÉRICA DO SUL;SBSR;SÃO JOSÉ DO RIO PRETO;SP;SUDESTE;BRASIL;AMÉRICA DO SUL;DOMÉSTICA;NÃO REGULAR;41;0;0;200;0;41160;17220;5756;1291;1365;420;1;0;84000;0;98;13705;1,183;0
PLS;PLACAR LINHAS AÉREAS S.A.;BRASILEIRA;2026;1;SBKP;CAMPINAS;SP;SUDESTE;BRASIL;AMÉRICA DO SUL;SBCT;SÃO JOSÉ DOS PINHAIS;PR;SUL;BRASIL;AMÉRICA DO SUL;DOMÉSTICA;NÃO REGULAR;51;0;0;1400;0;34202;17799;4783;1334;1205;349;1;0;488600;0;98;13705;0,9;0
PLS;PLACAR LINHAS AÉREAS S.A.;BRASILEIRA;2026;1;SBSR;SÃO JOSÉ DO RIO PRETO;SP;SUDESTE;BRASIL;AMÉRICA DO SUL;SBCT;SÃO JOSÉ DOS PINHAIS;PR;SUL;BRASIL;AMÉRICA DO SUL;DOMÉSTICA;IMPRODUTIVO;0;0;0;0;0;0;0;0;0;1365;525;1;0;0;0;0;0;0,933;0
PLS;PLACAR LINHAS AÉREAS S.A.;BRASILEIRA;2026;1;SBSR;SÃO JOSÉ DO RIO PRETO;SP;SUDESTE;BRASIL;AMÉRICA DO SUL;SBGL;RIO DE JANEIRO;RJ;SUDESTE;BRASIL;AMÉRICA DO SUL;DOMÉSTICA;NÃO REGULAR;58;0;0;1100;0;65954;39034;9223;2927;1526;673;1;0;740300;0;98;13705;1,367;0
PLS;PLACAR LINHAS AÉREAS S.A.;BRASILEIRA;2026;1;SBSR;SÃO JOSÉ DO RIO PRETO;SP;SUDESTE;BRASIL;AMÉRICA DO SUL;SBGR;GUARULHOS;SP;SUDESTE;BRASIL;AMÉRICA DO SUL;DOMÉSTICA;NÃO REGULAR;45;0;0;400;0;41160;18900;5756;1417;1365;420;1;0;168000;0;98;13705;1,017;0
PLS;PLACAR LINHAS AÉREAS S.A.;BRASILEIRA;2026;1;SBSR;SÃO JOSÉ DO RIO PRETO;SP;SUDESTE;BRASIL;AMÉRICA DO SUL;SDCO;SOROCABA;SP;SUDESTE;BRASIL;AMÉRICA DO SUL;DOMÉSTICA;IMPRODUTIVO;0;0;0;0;0;0;0;0;0;964;356;1;0;0;0;0;0;0,867;0
PLS;PLACAR LINHAS AÉREAS S.A.;BRASILEIRA;2026;1;SDCO;SOROCABA;SP;SUDESTE;BRASIL;AMÉRICA DO SUL;SBKP;CAMPINAS;SP;SUDESTE;BRASIL;AMÉRICA DO SUL;DOMÉSTICA;IMPRODUTIVO;0;0;0;0;0;0;0;0;0;402;64;1;0;0;0;0;0;0,517;0
PLS;PLACAR LINHAS AÉREAS S.A.;BRASILEIRA;2026;1;SDCO;SOROCABA;SP;SUDESTE;BRASIL;AMÉRICA DO SUL;SBSR;SÃO JOSÉ DO RIO PRETO;SP;SUDESTE;BRASIL;AMÉRICA DO SUL;DOMÉSTICA;IMPRODUTIVO;0;0;0;0;0;0;0;0;0;1124;356;1;0;0;0;0;0;0,883;0
QTR;QATAR AIRWAYS GROUP;ESTRANGEIRA;2026;1;DNMM;IKEJA,  LAGOS STATE;;;NIGÉRIA;ÁFRICA;SBGR;GUARULHOS;SP;SUDESTE;BRASIL;AMÉRICA DO SUL;INTERNACIONAL;REGULAR;0;0;809968;0;0;0;0;5371248;5144912;0;50816;8;5144916672;0;0;0;845600;62,233;0
QTR;QATAR AIRWAYS GROUP;ESTRANGEIRA;2026;1;DNMM;IKEJA,  LAGOS STATE;;;NIGÉRIA;ÁFRICA;SEQM;QUITO;;;EQUADOR;AMÉRICA DO SUL;INTERNACIONAL;REGULAR;0;0;0;0;0;;;;;;;;;;;;;;0
QTR;QATAR AIRWAYS GROUP;ESTRANGEIRA;2026;1;EBLG;LIÈGE;;;BÉLGICA;EUROPA;SBGR;GUARULHOS;SP;SUDESTE;BRASIL;AMÉRICA DO SUL;INTERNACIONAL;REGULAR;0;0;135593;0;0;0;0;4092704;1456877;0;38720;4;1456878736;0;0;0;422800;49,283;0
QTR;QATAR AIRWAYS GROUP;ESTRANGEIRA;2026;1;EBLG;LIÈGE;;;BÉLGICA;EUROPA;SEQM;QUITO;;;EQUADOR;AMÉRICA DO SUL;INTERNACIONAL;REGULAR;0;0;14911;0;0;;;;;;;;;;;;;;0
QTR;QATAR AIRWAYS GROUP;ESTRANGEIRA;2026;1;OTHH;DOHA;;;QATAR;ÁSIA;SBGR;GUARULHOS;SP;SUDESTE;BRASIL;AMÉRICA DO SUL;INTERNACIONAL;REGULAR;24139;0;422400;0;1056;304062836;286240262;62737338;30859832;0;972356;82;5085730196;0;12522048;25642;5290721;1221,59;0
QTR;QATAR AIRWAYS GROUP;ESTRANGEIRA;2026;1;OTHH;DOHA;;;QATAR;ÁSIA;SKBO;BOGOTÁ;;;COLÔMBIA;AMÉRICA DO SUL;INTERNACIONAL;REGULAR;0;0;6486;0;0;;;;;;;;;;;;;;0
QTR;QATAR AIRWAYS GROUP;ESTRANGEIRA;2026;1;SBGR;GUARULHOS;SP;SUDESTE;BRASIL;AMÉRICA DO SUL;OTHH;DOHA;;;QATAR;ÁSIA;INTERNACIONAL;REGULAR;24731;0;190579;0;5;307999692;293260198;59835889;28653325;0;948640;80;2259885780;0;59290;25974;5046038;1090,87;0
QTR;QATAR AIRWAYS GROUP;ESTRANGEIRA;2026;1;SBGR;GUARULHOS;SP;SUDESTE;BRASIL;AMÉRICA DO SUL;SEQM;QUITO;;;EQUADOR;AMÉRICA DO SUL;INTERNACIONAL;REGULAR;0;0;19292;0;0;0;0;4099149;147377;0;38781;9;147380727;0;0;0;951300;51,215;0
QTR;QATAR AIRWAYS GROUP;ESTRANGEIRA;2026;1;SBGR;GUARULHOS;SP;SUDESTE;BRASIL;AMÉRICA DO SUL;SKBO;BOGOTÁ;;;COLÔMBIA;AMÉRICA DO SUL;INTERNACIONAL;REGULAR;0;0;53689;0;0;0;0;2749890;260917;0;26016;6;260918800;0;0;0;634200;33,9;0
RAM;COMPAGNIE NATIONALE ROYAL AIR MAROC;ESTRANGEIRA;2026;1;GMMN;CASABLANCA;;;MARROCOS;ÁFRICA;SBGR;GUARULHOS;SP;SUDESTE;BRASIL;AMÉRICA DO SUL;INTERNACIONAL;REGULAR;5000;0;37310;0;0;43430400;37700000;7401888;3674311;0;135720;18;281317400;0;0;5760;981684;176,967;0
RAM;COMPAGNIE NATIONALE ROYAL AIR MAROC;ESTRANGEIRA;2026;1;SBGR;GUARULHOS;SP;SUDESTE;BRASIL;AMÉRICA DO SUL;GMMN;CASABLANCA;;;MARROCOS;ÁFRICA;INTERNACIONAL;REGULAR;4900;0;43759;0;0;41017600;36946000;6990672;3655077;0;128180;17;329942860;0;0;5440;927146;151,583;0
RER;SERVICIO AEREO REGIONAL REGAIR AIR LTDA;ESTRANGEIRA;2026;1;SBKP;CAMPINAS;SP;SUDESTE;BRASIL;AMÉRICA DO SUL;SBKP;CAMPINAS;SP;SUDESTE;BRASIL;AMÉRICA DO SUL;INTERNACIONAL;IMPRODUTIVO;0;0;0;0;0;;0;;;0;;1;0;;0;0;0;0,883;0
RER;SERVICIO AEREO REGIONAL REGAIR AIR LTDA;ESTRANGEIRA;2026;1;SBKP;CAMPINAS;SP;SUDESTE;BRASIL;AMÉRICA DO SUL;SEQM;QUITO;;;EQUADOR;AMÉRICA DO SUL;INTERNACIONAL;IMPRODUTIVO;0;0;0;0;0;0;0;0;0;0;50724;12;0;0;0;0;0;72,767;0
RER;SERVICIO AEREO REGIONAL REGAIR AIR LTDA;ESTRANGEIRA;2026;1;SEQM;QUITO;;;EQUADOR;AMÉRICA DO SUL;SBKP;CAMPINAS;SP;SUDESTE;BRASIL;AMÉRICA DO SUL;INTERNACIONAL;NÃO REGULAR;2078;0;0;30973;0;;;;;;;;;;;;;;0
RER;SERVICIO AEREO REGIONAL REGAIR AIR LTDA;ESTRANGEIRA;2026;1;SEQM;QUITO;;;EQUADOR;AMÉRICA DO SUL;SPSO;PISCO, ICA REGION;;;PERU;AMÉRICA DO SUL;INTERNACIONAL;NÃO REGULAR;0;0;0;0;0;3565016;3187652;444542;286881;0;21476;14;0;47512582;0;2324;289800;34,934;0
RER;SERVICIO AEREO REGIONAL REGAIR AIR LTDA;ESTRANGEIRA;2026;1;SPSO;PISCO, ICA REGION;;;PERU;AMÉRICA DO SUL;SBKP;CAMPINAS;SP;SUDESTE;BRASIL;AMÉRICA DO SUL;INTERNACIONAL;NÃO REGULAR;0;0;0;0;0;7506520;6711940;936054;604069;0;45220;14;0;100042790;0;2324;289800;62,966;0
SAA;SOUTH AFRICAN AIRWAYS STATE OWNED COMPANY (SOC) LIMITED;ESTRANGEIRA;2026;1;FACT;CAPE TOWN;;;ÁFRICA DO SUL;ÁFRICA;SBGR;GUARULHOS;SP;SUDESTE;BRASIL;AMÉRICA DO SUL;INTERNACIONAL;REGULAR;2007;0;6385;0;0;14232591;12746457;2203209;1187729;0;57159;9;40551135;0;0;2241;346908;77,748;0
SAA;SOUTH AFRICAN AIRWAYS STATE OWNED COMPANY (SOC) LIMITED;ESTRANGEIRA;2026;1;FAOR;JOHANNESBURG;;;ÁFRICA DO SUL;ÁFRICA;SBGR;GUARULHOS;SP;SUDESTE;BRASIL;AMÉRICA DO SUL;INTERNACIONAL;REGULAR;3320;0;9782;0;0;31493520;24700800;4637010;2295841;0;126480;17;72778080;0;0;4233;623255;173,183;0
SAA;SOUTH AFRICAN AIRWAYS STATE OWNED COMPANY (SOC) LIMITED;ESTRANGEIRA;2026;1;SBGR;GUARULHOS;SP;SUDESTE;BRASIL;AMÉRICA DO SUL;FACT;CAPE TOWN;;;ÁFRICA DO SUL;ÁFRICA;INTERNACIONAL;REGULAR;1982;0;8167;0;0;14232591;12587682;2074157;1184756;0;57159;9;51868617;0;0;2241;326588;68,084;0
SAA;SOUTH AFRICAN AIRWAYS STATE OWNED COMPANY (SOC) LIMITED;ESTRANGEIRA;2026;1;SBGR;GUARULHOS;SP;SUDESTE;BRASIL;AMÉRICA DO SUL;FAOR;JOHANNESBURG;;;ÁFRICA DO SUL;ÁFRICA;INTERNACIONAL;REGULAR;3614;0;9906;0;0;31493520;26888160;4178289;2493627;0;126480;17;73700640;0;0;4233;561599;160,767;0
SID;SIDERAL LINHAS AÉREAS LTDA.;BRASILEIRA;2026;1;SBBE;BELÉM;PA;NORTE;BRASIL;AMÉRICA DO SUL;SBEG;MANAUS;AM;NORTE;BRASIL;AMÉRICA DO SUL;DOMÉSTICA;IMPRODUTIVO;0;0;0;1150;0;0;0;26769;0;5693;1299;1;0;1493850;0;0;20608;2,25;0
SID;SIDERAL LINHAS AÉREAS LTDA.;BRASILEIRA;2026;1;SBBR;BRASÍLIA;DF;CENTRO-OESTE;BRASIL;AMÉRICA DO SUL;SBEG;MANAUS;AM;NORTE;BRASIL;AMÉRICA DO SUL;DOMÉSTICA;NÃO REGULAR;0;0;0;0;220572;0;0;843423;431025;192238;40929;21;0;1188890;431034995;0;432756;63,95;0
SID;SIDERAL LINHAS AÉREAS LTDA.;BRASILEIRA;2026;1;SBBR;BRASÍLIA;DF;CENTRO-OESTE;BRASIL;AMÉRICA DO SUL;SBGL;RIO DE JANEIRO;RJ;SUDESTE;BRASIL;AMÉRICA DO SUL;DOMÉSTICA;IMPRODUTIVO;0;0;0;180;0;172746;0;18794;0;3960;914;1;0;164520;0;189;20563;1,48333;0
SID;SIDERAL LINHAS AÉREAS LTDA.;BRASILEIRA;2026;1;SBBR;BRASÍLIA;DF;CENTRO-OESTE;BRASIL;AMÉRICA DO SUL;SBGR;GUARULHOS;SP;SUDESTE;BRASIL;AMÉRICA DO SUL;DOMÉSTICA;IMPRODUTIVO;0;0;0;1035;0;0;0;17619;0;4332;855;1;0;884925;0;0;20608;1,91667;0
SID;SIDERAL LINHAS AÉREAS LTDA.;BRASILEIRA;2026;1;SBBR;BRASÍLIA;DF;CENTRO-OESTE;BRASIL;AMÉRICA DO SUL;SBGR;GUARULHOS;SP;SUDESTE;BRASIL;AMÉRICA DO SUL;DOMÉSTICA;NÃO REGULAR;0;0;0;140;178171;0;0;352371;186492;96049;17100;20;0;119700;186504570;0;412148;35,2667;0
SID;SIDERAL LINHAS AÉREAS LTDA.;BRASILEIRA;2026;1;SBBV;BOA VISTA;RR;NORTE;BRASIL;AMÉRICA DO SUL;SBBR;BRASÍLIA;DF;CENTRO-OESTE;BRASIL;AMÉRICA DO SUL;DOMÉSTICA;NÃO REGULAR;172;0;0;180;0;474390;431720;51613;34638;11015;2510;1;0;451800;0;189;20563;3,5;900
SID;SIDERAL LINHAS AÉREAS LTDA.;BRASILEIRA;2026;1;SBBV;BOA VISTA;RR;NORTE;BRASIL;AMÉRICA DO SUL;SBCT;SÃO JOSÉ DOS PINHAIS;PR;SUL;BRASIL;AMÉRICA DO SUL;DOMÉSTICA;NÃO REGULAR;165;0;0;180;0;640710;559350;69708;46032;15594;3390;1;0;610200;0;189;20563;4,66667;1204
SID;SIDERAL LINHAS AÉREAS LTDA.;BRASILEIRA;2026;1;SBCF;CONFINS;MG;SUDESTE;BRASIL;AMÉRICA DO SUL;SBGL;RIO DE JANEIRO;RJ;SUDESTE;BRASIL;AMÉRICA DO SUL;DOMÉSTICA;NÃO REGULAR;49;0;0;380;0;18824;17738;4831;1806;2723;362;1;0;137560;0;52;13348;1,25;1314
SID;SIDERAL LINHAS AÉREAS LTDA.;BRASILEIRA;2026;1;SBCF;CONFINS;MG;SUDESTE;BRASIL;AMÉRICA DO SUL;SBUL;UBERLÂNDIA;MG;SUDESTE;BRASIL;AMÉRICA DO SUL;DOMÉSTICA;NÃO REGULAR;48;1;0;410;0;23608;21792;6059;2251;2847;454;1;0;186140;0;52;13348;1,25;1360
SID;SIDERAL LINHAS AÉREAS LTDA.;BRASILEIRA;2026;1;SBCH;CHAPECÓ;SC;SUL;BRASIL;AMÉRICA DO SUL;SBGR;GUARULHOS;SP;SUDESTE;BRASIL;AMÉRICA DO SUL;DOMÉSTICA;NÃO REGULAR;56;0;0;280;0;47744;41776;12067;4238;3750;746;1;0;208880;0;64;16176;1,5;1482
SID;SIDERAL LINHAS AÉREAS LTDA.;BRASILEIRA;2026;1;SBCT;SÃO JOSÉ DOS PINHAIS;PR;SUL;BRASIL;AMÉRICA DO SUL;SBGL;RIO DE JANEIRO;RJ;SUDESTE;BRASIL;AMÉRICA DO SUL;DOMÉSTICA;NÃO REGULAR;0;0;0;350;0;127197;0;13838;0;3218;673;1;0;235550;0;189;20563;1,45;0
SID;SIDERAL LINHAS AÉREAS LTDA.;BRASILEIRA;2026;1;SBCT;SÃO JOSÉ DOS PINHAIS;PR;SUL;BRASIL;AMÉRICA DO SUL;SBGR;GUARULHOS;SP;SUDESTE;BRASIL;AMÉRICA DO SUL;DOMÉSTICA;IMPRODUTIVO;0;0;0;180;0;67851;0;7382;0;2970;359;1;0;64620;0;189;20563;1,36667;0
SID;SIDERAL LINHAS AÉREAS LTDA.;BRASILEIRA;2026;1;SBCT;SÃO JOSÉ DOS PINHAIS;PR;SUL;BRASIL;AMÉRICA DO SUL;SBPA;PORTO ALEGRE;RS;SUL;BRASIL;AMÉRICA DO SUL;DOMÉSTICA;IMPRODUTIVO;0;0;0;350;0;27768;0;7127;0;2847;534;1;0;186900;0;52;13348;1,33333;0
SID;SIDERAL LINHAS AÉREAS LTDA.;BRASILEIRA;2026;1;SBCT;SÃO JOSÉ DOS PINHAIS;PR;SUL;BRASIL;AMÉRICA DO SUL;SBSV;SALVADOR;BA;NORDESTE;BRASIL;AMÉRICA DO SUL;DOMÉSTICA;IMPRODUTIVO;0;1;0;350;0;260064;0;31989;0;7005;1806;1;0;632100;0;144;17713;3;0
SID;SIDERAL LINHAS AÉREAS LTDA.;BRASILEIRA;2026;1;SBEG;MANAUS;AM;NORTE;BRASIL;AMÉRICA DO SUL;SBBE;BELÉM;PA;NORTE;BRASIL;AMÉRICA DO SUL;DOMÉSTICA;NÃO REGULAR;0;0;17968;0;0;0;0;26769;23340;6931;1299;1;23340432;0;0;0;20608;2,16667;0
SID;SIDERAL LINHAS AÉREAS LTDA.;BRASILEIRA;2026;1;SBEG;MANAUS;AM;NORTE;BRASIL;AMÉRICA DO SUL;SBBR;BRASÍLIA;DF;CENTRO-OESTE;BRASIL;AMÉRICA DO SUL;DOMÉSTICA;NÃO REGULAR;0;0;0;0;89450;0;0;843416;252217;186065;40929;21;0;0;252225937;0;432752;64,8833;0
SID;SIDERAL LINHAS AÉREAS LTDA.;BRASILEIRA;2026;1;SBEG;MANAUS;AM;NORTE;BRASIL;AMÉRICA DO SUL;SBGR;GUARULHOS;SP;SUDESTE;BRASIL;AMÉRICA DO SUL;DOMÉSTICA;NÃO REGULAR;0;0;0;0;39963;;;;;;;;;;;;;;0
SID;SIDERAL LINHAS AÉREAS LTDA.;BRASILEIRA;2026;1;SBFZ;FORTALEZA;CE;NORDESTE;BRASIL;AMÉRICA DO SUL;SBGR;GUARULHOS;SP;SUDESTE;BRASIL;AMÉRICA DO SUL;DOMÉSTICA;NÃO REGULAR;0;0;0;5475;107900;0;0;967239;253231;206398;46940;20;0;12849825;253241300;0;412124;71,9167;0
SID;SIDERAL LINHAS AÉREAS LTDA.;BRASILEIRA;2026;1;SBGL;RIO DE JANEIRO;RJ;SUDESTE;BRASIL;AMÉRICA DO SUL;SBBR;BRASÍLIA;DF;CENTRO-OESTE;BRASIL;AMÉRICA DO SUL;DOMÉSTICA;NÃO REGULAR;95;0;18928;280;0;172746;86830;37629;24822;11138;1828;2;17300192;255920;0;189;41171;3,91667;1105
SID;SIDERAL LINHAS AÉREAS LTDA.;BRASILEIRA;2026;1;SBGL;RIO DE JANEIRO;RJ;SUDESTE;BRASIL;AMÉRICA DO SUL;SBBV;BOA VISTA;RR;NORTE;BRASIL;AMÉRICA DO SUL;DOMÉSTICA;IMPRODUTIVO;0;0;0;180;0;646947;0;70387;0;12995;3423;1;0;616140;0;189;20563;4,53333;0
SID;SIDERAL LINHAS AÉREAS LTDA.;BRASILEIRA;2026;1;SBGL;RIO DE JANEIRO;RJ;SUDESTE;BRASIL;AMÉRICA DO SUL;SBCF;CONFINS;MG;SUDESTE;BRASIL;AMÉRICA DO SUL;DOMÉSTICA;NÃO REGULAR;50;0;0;350;0;18824;18100;4831;1818;2884;362;1;0;126700;0;52;13348;1,16667;1273
SID;SIDERAL LINHAS AÉREAS LTDA.;BRASILEIRA;2026;1;SBGL;RIO DE JANEIRO;RJ;SUDESTE;BRASIL;AMÉRICA DO SUL;SBCT;SÃO JOSÉ DOS PINHAIS;PR;SUL;BRASIL;AMÉRICA DO SUL;DOMÉSTICA;NÃO REGULAR;0;0;18992;0;0;0;0;13869;12781;4827;673;1;12781616;0;0;0;20608;1,66667;0
SID;SIDERAL LINHAS AÉREAS LTDA.;BRASILEIRA;2026;1;SBGL;RIO DE JANEIRO;RJ;SUDESTE;BRASIL;AMÉRICA DO SUL;SBGR;GUARULHOS;SP;SUDESTE;BRASIL;AMÉRICA DO SUL;DOMÉSTICA;NÃO REGULAR;65;0;0;380;0;63693;21905;6929;2011;4950;337;1;0;128060;0;189;20563;1,75;1094
SID;SIDERAL LINHAS AÉREAS LTDA.;BRASILEIRA;2026;1;SBGL;RIO DE JANEIRO;RJ;SUDESTE;BRASIL;AMÉRICA DO SUL;SBPA;PORTO ALEGRE;RS;SUL;BRASIL;AMÉRICA DO SUL;DOMÉSTICA;NÃO REGULAR;52;0;0;463;0;58344;58344;14976;5650;5569;1122;1;0;519486;0;52;13348;2,16667;1136
SID;SIDERAL LINHAS AÉREAS LTDA.;BRASILEIRA;2026;1;SBGR;GUARULHOS;SP;SUDESTE;BRASIL;AMÉRICA DO SUL;SBBR;BRASÍLIA;DF;CENTRO-OESTE;BRASIL;AMÉRICA DO SUL;DOMÉSTICA;NÃO REGULAR;63;0;0;1067;186480;54720;53865;366204;164910;102821;17955;21;0;1433835;159940575;64;428328;38,5167;1100
SID;SIDERAL LINHAS AÉREAS LTDA.;BRASILEIRA;2026;1;SBGR;GUARULHOS;SP;SUDESTE;BRASIL;AMÉRICA DO SUL;SBBV;BOA VISTA;RR;NORTE;BRASIL;AMÉRICA DO SUL;DOMÉSTICA;IMPRODUTIVO;0;0;0;180;0;624267;0;67919;0;12376;3303;1;0;594540;0;189;20563;4,41667;0
SID;SIDERAL LINHAS AÉREAS LTDA.;BRASILEIRA;2026;1;SBGR;GUARULHOS;SP;SUDESTE;BRASIL;AMÉRICA DO SUL;SBCH;CHAPECÓ;SC;SUL;BRASIL;AMÉRICA DO SUL;DOMÉSTICA;NÃO REGULAR;64;0;0;330;0;47744;47744;12067;4673;4257;746;1;0;246180;0;64;16176;1,66667;1465
SID;SIDERAL LINHAS AÉREAS LTDA.;BRASILEIRA;2026;1;SBGR;GUARULHOS;SP;SUDESTE;BRASIL;AMÉRICA DO SUL;SBEG;MANAUS;AM;NORTE;BRASIL;AMÉRICA DO SUL;DOMÉSTICA;NÃO REGULAR;0;0;0;610;585;;;;;;;;;;;;;;0
SID;SIDERAL LINHAS AÉREAS LTDA.;BRASILEIRA;2026;1;SBGR;GUARULHOS;SP;SUDESTE;BRASIL;AMÉRICA DO SUL;SBFZ;FORTALEZA;CE;NORDESTE;BRASIL;AMÉRICA DO SUL;DOMÉSTICA;NÃO REGULAR;0;0;0;266;115362;0;0;967230;270744;196968;46940;20;0;624302;270754612;0;412120;70,5;0
SID;SIDERAL LINHAS AÉREAS LTDA.;BRASILEIRA;2026;1;SBGR;GUARULHOS;SP;SUDESTE;BRASIL;AMÉRICA DO SUL;SBGL;RIO DE JANEIRO;RJ;SUDESTE;BRASIL;AMÉRICA DO SUL;DOMÉSTICA;IMPRODUTIVO;0;0;0;2300;0;0;0;13888;0;4332;674;2;0;775100;0;0;41216;2;0
SID;SIDERAL LINHAS AÉREAS LTDA.;BRASILEIRA;2026;1;SBGR;GUARULHOS;SP;SUDESTE;BRASIL;AMÉRICA DO SUL;SBGL;RIO DE JANEIRO;RJ;SUDESTE;BRASIL;AMÉRICA DO SUL;DOMÉSTICA;NÃO REGULAR;66;0;0;380;0;63693;22242;6929;2046;2228;337;1;0;128060;0;189;20563;1;1123
SID;SIDERAL LINHAS AÉREAS LTDA.;BRASILEIRA;2026;1;SBGR;GUARULHOS;SP;SUDESTE;BRASIL;AMÉRICA DO SUL;SBSR;SÃO JOSÉ DO RIO PRETO;SP;SUDESTE;BRASIL;AMÉRICA DO SUL;DOMÉSTICA;NÃO REGULAR;59;1;0;280;0;26880;24780;6793;2352;3342;420;1;0;117600;0;64;16176;1,41667;1175
SID;SIDERAL LINHAS AÉREAS LTDA.;BRASILEIRA;2026;1;SBGR;GUARULHOS;SP;SUDESTE;BRASIL;AMÉRICA DO SUL;SBSV;SALVADOR;BA;NORDESTE;BRASIL;AMÉRICA DO SUL;DOMÉSTICA;NÃO REGULAR;48;0;0;793;171745;209088;69696;624149;256405;140705;30492;21;0;1151436;249373740;144;429865;49,5833;1250
SID;SIDERAL LINHAS AÉREAS LTDA.;BRASILEIRA;2026;1;SBPA;PORTO ALEGRE;RS;SUL;BRASIL;AMÉRICA DO SUL;SBGL;RIO DE JANEIRO;RJ;SUDESTE;BRASIL;AMÉRICA DO SUL;DOMÉSTICA;NÃO REGULAR;49;0;0;373;0;58344;54978;14976;5401;5074;1122;1;0;418506;0;52;13348;2,08333;1139
SID;SIDERAL LINHAS AÉREAS LTDA.;BRASILEIRA;2026;1;SBSR;SÃO JOSÉ DO RIO PRETO;SP;SUDESTE;BRASIL;AMÉRICA DO SUL;SBGR;GUARULHOS;SP;SUDESTE;BRASIL;AMÉRICA DO SUL;DOMÉSTICA;NÃO REGULAR;62;0;0;305;0;26880;26040;6793;2394;2599;420;1;0;128100;0;64;16176;1,08333;1050
SID;SIDERAL LINHAS AÉREAS LTDA.;BRASILEIRA;2026;1;SBSV;SALVADOR;BA;NORDESTE;BRASIL;AMÉRICA DO SUL;SBGR;GUARULHOS;SP;SUDESTE;BRASIL;AMÉRICA DO SUL;DOMÉSTICA;NÃO REGULAR;57;0;0;23830;139150;209088;82764;624144;209840;150334;30492;21;0;34601160;202045800;144;429861;54,3;1100
SID;SIDERAL LINHAS AÉREAS LTDA.;BRASILEIRA;2026;1;SBSV;SALVADOR;BA;NORDESTE;BRASIL;AMÉRICA DO SUL;SBSV;SALVADOR;BA;NORDESTE;BRASIL;AMÉRICA DO SUL;DOMÉSTICA;IMPRODUTIVO;0;0;0;0;0;0;0;0;0;866;0;1;0;0;0;0;20608;0,666667;0
SID;SIDERAL LINHAS AÉREAS LTDA.;BRASILEIRA;2026;1;SBUL;UBERLÂNDIA;MG;SUDESTE;BRASIL;AMÉRICA DO SUL;SBCF;CONFINS;MG;SUDESTE;BRASIL;AMÉRICA DO SUL;DOMÉSTICA;NÃO REGULAR;50;0;0;350;0;23608;22700;6059;2338;2970;454;1;0;158900;0;52;13348;1,16667;1401
SKU;SKY AIRLINE S.A.;ESTRANGEIRA;2026;1;SAEZ;EZEIZA, BUENOS AIRES PROVINCE;;;ARGENTINA;AMÉRICA DO SUL;SBSV;SALVADOR;BA;NORDESTE;BRASIL;AMÉRICA DO SUL;INTERNACIONAL;REGULAR;960;0;0;0;0;10061580;9331560;903244;839834;0;53958;17;0;0;0;3170;284580;73,8;0
SKU;SKY AIRLINE S.A.;ESTRANGEIRA;2026;1;SAEZ;EZEIZA, BUENOS AIRES PROVINCE;;;ARGENTINA;AMÉRICA DO SUL;SCEL;SANTIAGO;;;CHILE;AMÉRICA DO SUL;INTERNACIONAL;REGULAR;607;0;0;0;0;3601770;3190952;323850;287179;0;19346;17;0;0;0;3165;284580;37,65;0
SKU;SKY AIRLINE S.A.;ESTRANGEIRA;2026;1;SBFL;FLORIANÓPOLIS;SC;SUL;BRASIL;AMÉRICA DO SUL;SCEL;SANTIAGO;;;CHILE;AMÉRICA DO SUL;INTERNACIONAL;REGULAR;11116;0;0;0;0;36480735;29082606;3064599;2617398;0;170709;77;0;0;0;16455;1382330;278,733;0
SKU;SKY AIRLINE S.A.;ESTRANGEIRA;2026;1;SBFL;FLORIANÓPOLIS;SC;SUL;BRASIL;AMÉRICA DO SUL;SUMU;MONTEVIDEO, MONTEVIDEO;;;URUGUAI;AMÉRICA DO SUL;INTERNACIONAL;REGULAR;254;0;0;0;0;2580006;2495713;232193;224609;0;13871;13;0;0;0;2418;217620;24,6833;0
SKU;SKY AIRLINE S.A.;ESTRANGEIRA;2026;1;SBGL;RIO DE JANEIRO;RJ;SUDESTE;BRASIL;AMÉRICA DO SUL;SCEL;SANTIAGO;;;CHILE;AMÉRICA DO SUL;INTERNACIONAL;REGULAR;14512;0;0;0;0;44279928;36270108;3679195;3264272;0;199512;68;0;0;0;15092;1253990;312,95;0
SKU;SKY AIRLINE S.A.;ESTRANGEIRA;2026;1;SBGL;RIO DE JANEIRO;RJ;SUDESTE;BRASIL;AMÉRICA DO SUL;SUMU;MONTEVIDEO, MONTEVIDEO;;;URUGUAI;AMÉRICA DO SUL;INTERNACIONAL;REGULAR;325;0;0;0;0;5767488;4514400;519061;406286;0;31008;17;0;0;0;3162;284580;49,0333;0
SKU;SKY AIRLINE S.A.;ESTRANGEIRA;2026;1;SBGR;GUARULHOS;SP;SUDESTE;BRASIL;AMÉRICA DO SUL;SBFL;FLORIANÓPOLIS;SC;SUL;BRASIL;AMÉRICA DO SUL;INTERNACIONAL;REGULAR;0;0;0;0;0;95790;91670;8621;8250;0;515;1;0;0;0;186;16740;1,08333;0
SKU;SKY AIRLINE S.A.;ESTRANGEIRA;2026;1;SBGR;GUARULHOS;SP;SUDESTE;BRASIL;AMÉRICA DO SUL;SBGL;RIO DE JANEIRO;RJ;SUDESTE;BRASIL;AMÉRICA DO SUL;INTERNACIONAL;REGULAR;0;0;0;0;0;80206;76162;6854;6854;0;337;1;0;0;0;238;20340;1,18333;0
SKU;SKY AIRLINE S.A.;ESTRANGEIRA;2026;1;SBGR;GUARULHOS;SP;SUDESTE;BRASIL;AMÉRICA DO SUL;SCEL;SANTIAGO;;;CHILE;AMÉRICA DO SUL;INTERNACIONAL;REGULAR;3322;0;0;0;0;12426956;8683708;1105766;781521;0;65350;25;0;0;0;4754;423020;104,45;0
SKU;SKY AIRLINE S.A.;ESTRANGEIRA;2026;1;SBSV;SALVADOR;BA;NORDESTE;BRASIL;AMÉRICA DO SUL;SAEZ;EZEIZA, BUENOS AIRES PROVINCE;;;ARGENTINA;AMÉRICA DO SUL;INTERNACIONAL;REGULAR;426;0;0;0;0;10036188;8325402;903244;749276;0;53958;17;0;0;0;3162;284580;81,75;0
SKU;SKY AIRLINE S.A.;ESTRANGEIRA;2026;1;SBSV;SALVADOR;BA;NORDESTE;BRASIL;AMÉRICA DO SUL;SCEL;SANTIAGO;;;CHILE;AMÉRICA DO SUL;INTERNACIONAL;REGULAR;3785;0;0;0;0;;;;;;;;;;;;;;0
SKU;SKY AIRLINE S.A.;ESTRANGEIRA;2026;1;SBSV;SALVADOR;BA;NORDESTE;BRASIL;AMÉRICA DO SUL;SUMU;MONTEVIDEO, MONTEVIDEO;;;URUGUAI;AMÉRICA DO SUL;INTERNACIONAL;REGULAR;362;0;0;0;0;7864080;5889000;707756;530006;0;42280;14;0;0;0;2604;234360;62,4167;0
SKU;SKY AIRLINE S.A.;ESTRANGEIRA;2026;1;SCEL;SANTIAGO;;;CHILE;AMÉRICA DO SUL;SAEZ;EZEIZA, BUENOS AIRES PROVINCE;;;ARGENTINA;AMÉRICA DO SUL;INTERNACIONAL;REGULAR;473;0;0;0;0;3598356;2791514;323850;251228;0;19346;17;0;0;0;3162;284580;32,6833;0
SKU;SKY AIRLINE S.A.;ESTRANGEIRA;2026;1;SCEL;SANTIAGO;;;CHILE;AMÉRICA DO SUL;SBFL;FLORIANÓPOLIS;SC;SUL;BRASIL;AMÉRICA DO SUL;INTERNACIONAL;REGULAR;13479;0;0;0;0;35992995;34110762;3151559;3069934;0;168492;76;0;0;0;16235;1421560;244,967;0
SKU;SKY AIRLINE S.A.;ESTRANGEIRA;2026;1;SCEL;SANTIAGO;;;CHILE;AMÉRICA DO SUL;SBGL;RIO DE JANEIRO;RJ;SUDESTE;BRASIL;AMÉRICA DO SUL;INTERNACIONAL;REGULAR;16573;0;0;0;0;42906816;41786028;3782696;3760716;0;193644;66;0;0;0;14624;1289270;268,217;0
SKU;SKY AIRLINE S.A.;ESTRANGEIRA;2026;1;SCEL;SANTIAGO;;;CHILE;AMÉRICA DO SUL;SBGR;GUARULHOS;SP;SUDESTE;BRASIL;AMÉRICA DO SUL;INTERNACIONAL;REGULAR;4662;0;0;0;0;13556204;13242524;1214872;1191816;0;70578;27;0;0;0;5186;464760;105,283;0
SKU;SKY AIRLINE S.A.;ESTRANGEIRA;2026;1;SCEL;SANTIAGO;;;CHILE;AMÉRICA DO SUL;SBSV;SALVADOR;BA;NORDESTE;BRASIL;AMÉRICA DO SUL;INTERNACIONAL;REGULAR;3410;0;0;0;0;;;;;;;;;;;;;;0
SKU;SKY AIRLINE S.A.;ESTRANGEIRA;2026;1;SCEL;SANTIAGO;;;CHILE;AMÉRICA DO SUL;SUMU;MONTEVIDEO, MONTEVIDEO;;;URUGUAI;AMÉRICA DO SUL;INTERNACIONAL;REGULAR;3236;0;0;0;0;7883489;6405762;709373;576504;0;42377;31;0;0;0;5767;518940;66,0167;0
SKU;SKY AIRLINE S.A.;ESTRANGEIRA;2026;1;SUMU;MONTEVIDEO, MONTEVIDEO;;;URUGUAI;AMÉRICA DO SUL;SBFL;FLORIANÓPOLIS;SC;SUL;BRASIL;AMÉRICA DO SUL;INTERNACIONAL;REGULAR;33;0;0;0;0;2580006;2171345;232193;195415;0;13871;13;0;0;0;2418;217620;23,5;0
SKU;SKY AIRLINE S.A.;ESTRANGEIRA;2026;1;SUMU;MONTEVIDEO, MONTEVIDEO;;;URUGUAI;AMÉRICA DO SUL;SBGL;RIO DE JANEIRO;RJ;SUDESTE;BRASIL;AMÉRICA DO SUL;INTERNACIONAL;REGULAR;839;0;0;0;0;5776608;5369856;519061;483279;0;31008;17;0;0;0;3167;284580;45,4667;0
SKU;SKY AIRLINE S.A.;ESTRANGEIRA;2026;1;SUMU;MONTEVIDEO, MONTEVIDEO;;;URUGUAI;AMÉRICA DO SUL;SBSV;SALVADOR;BA;NORDESTE;BRASIL;AMÉRICA DO SUL;INTERNACIONAL;REGULAR;916;0;0;0;0;7897300;7084920;707756;637637;0;42280;14;0;0;0;2615;234360;56,9833;0
SKU;SKY AIRLINE S.A.;ESTRANGEIRA;2026;1;SUMU;MONTEVIDEO, MONTEVIDEO;;;URUGUAI;AMÉRICA DO SUL;SCEL;SANTIAGO;;;CHILE;AMÉRICA DO SUL;INTERNACIONAL;REGULAR;3290;0;0;0;0;7890324;6870542;709373;618331;0;42377;31;0;0;0;5772;518940;77,2833;0
SKX;SKY AIRLINE PERU S.A.C.;ESTRANGEIRA;2026;1;SBGR;GUARULHOS;SP;SUDESTE;BRASIL;AMÉRICA DO SUL;SPJC;CALLAO/LIMA, LIMA METROPOLITAN AREA;;;PERU;AMÉRICA DO SUL;INTERNACIONAL;REGULAR;4430;0;0;0;0;20036850;15394250;1803301;1385471;0;107725;31;0;0;0;5766;518940;151,833;0
SKX;SKY AIRLINE PERU S.A.C.;ESTRANGEIRA;2026;1;SPJC;CALLAO/LIMA, LIMA METROPOLITAN AREA;;;PERU;AMÉRICA DO SUL;SBGR;GUARULHOS;SP;SUDESTE;BRASIL;AMÉRICA DO SUL;INTERNACIONAL;REGULAR;5338;0;0;0;0;20043800;18549550;1803301;1669446;0;107725;31;0;0;0;5768;518940;149,7;0
SLM;SURINAM AIRWAYS LTD;ESTRANGEIRA;2026;1;SBBE;BELÉM;PA;NORTE;BRASIL;AMÉRICA DO SUL;SMJP;ZANDERIJ;;;SURINAME;AMÉRICA DO SUL;INTERNACIONAL;REGULAR;1151;0;0;0;0;1380240;1225815;122271;110320;0;8520;8;0;0;0;1296;114812;13,533;0
SLM;SURINAM AIRWAYS LTD;ESTRANGEIRA;2026;1;SMJP;ZANDERIJ;;;SURINAME;AMÉRICA DO SUL;SBBE;BELÉM;PA;NORTE;BRASIL;AMÉRICA DO SUL;INTERNACIONAL;REGULAR;779;0;0;0;0;1552770;829635;79074;74663;0;9585;9;0;0;0;1458;74251;15,201;0
SWR;SWISS INTERNATIONAL AIR LINES LTD.;ESTRANGEIRA;2026;1;LSZH;ZÜRICH/KLOTEN;;;SUÍÇA;EUROPA;SAEZ;EZEIZA, BUENOS AIRES PROVINCE;;;ARGENTINA;AMÉRICA DO SUL;INTERNACIONAL;REGULAR;446;0;114940;0;0;;;;;;;;;;;;;;0
SWR;SWISS INTERNATIONAL AIR LINES LTD.;ESTRANGEIRA;2026;1;LSZH;ZÜRICH/KLOTEN;;;SUÍÇA;EUROPA;SBGR;GUARULHOS;SP;SUDESTE;BRASIL;AMÉRICA DO SUL;INTERNACIONAL;REGULAR;9200;0;281799;0;480;95321280;92688414;18766377;12158817;0;297879;31;3812265064;0;4612320;9920;1953000;370,082;0
SWR;SWISS INTERNATIONAL AIR LINES LTD.;ESTRANGEIRA;2026;1;SAEZ;EZEIZA, BUENOS AIRES PROVINCE;;;ARGENTINA;AMÉRICA DO SUL;LSZH;ZÜRICH/KLOTEN;;;SUÍÇA;EUROPA;INTERNACIONAL;REGULAR;719;0;67588;0;0;;;;;;;;;;;;;;0
SWR;SWISS INTERNATIONAL AIR LINES LTD.;ESTRANGEIRA;2026;1;SAEZ;EZEIZA, BUENOS AIRES PROVINCE;;;ARGENTINA;AMÉRICA DO SUL;SBGR;GUARULHOS;SP;SUDESTE;BRASIL;AMÉRICA DO SUL;INTERNACIONAL;REGULAR;1489;0;34281;0;33;4408320;3802176;867888;517666;0;13776;8;175418418;0;56826;2560;504000;21,55;0
SWR;SWISS INTERNATIONAL AIR LINES LTD.;ESTRANGEIRA;2026;1;SBGR;GUARULHOS;SP;SUDESTE;BRASIL;AMÉRICA DO SUL;LSZH;ZÜRICH/KLOTEN;;;SUÍÇA;EUROPA;INTERNACIONAL;REGULAR;8793;0;337170;0;8360;95321280;91400808;18766377;12195711;0;297879;31;3889319642;0;80331241;9920;1953000;344,952;0
SWR;SWISS INTERNATIONAL AIR LINES LTD.;ESTRANGEIRA;2026;1;SBGR;GUARULHOS;SP;SUDESTE;BRASIL;AMÉRICA DO SUL;SAEZ;EZEIZA, BUENOS AIRES PROVINCE;;;ARGENTINA;AMÉRICA DO SUL;INTERNACIONAL;REGULAR;644;0;28223;0;1498;4408320;1876980;867888;418031;0;13776;8;246526688;0;2579556;2560;504000;23,666;0
TAM;TAM LINHAS AÉREAS S.A.;BRASILEIRA;2026;1;EDDF;FRANKFURT AM MAIN;;;ALEMANHA;EUROPA;SBGR;GUARULHOS;SP;SUDESTE;BRASIL;AMÉRICA DO SUL;INTERNACIONAL;REGULAR;11893;74;305588;1914;2283;124532580;116527614;19483515;14235714;3922508;303738;31;2994151234;18753372;22368834;12710;1988521;378,067;253076
TAM;TAM LINHAS AÉREAS S.A.;BRASILEIRA;2026;1;EGLL;LONDON, ENGLAND;;;REINO UNIDO;EUROPA;SBGR;GUARULHOS;SP;SUDESTE;BRASIL;AMÉRICA DO SUL;INTERNACIONAL;REGULAR;12002;87;159648;6724;147830;120249310;113550922;18977817;14175666;3762374;293291;31;1510429727;63615764;1398619623;12710;2005902;360,9;290700
TAM;TAM LINHAS AÉREAS S.A.;BRASILEIRA;2026;1;FAOR;JOHANNESBURG;;;ÁFRICA DO SUL;ÁFRICA;SBGR;GUARULHOS;SP;SUDESTE;BRASIL;AMÉRICA DO SUL;INTERNACIONAL;REGULAR;4343;35;85259;0;0;40116480;32311920;4842960;3606032;1129087;133920;18;634326960;0;0;5392;650936;173,267;73699
TAM;TAM LINHAS AÉREAS S.A.;BRASILEIRA;2026;1;KBOS;BOSTON, MASSACHUSETTS;;;ESTADOS UNIDOS DA AMÉRICA;AMÉRICA DO NORTE;SBGR;GUARULHOS;SP;SUDESTE;BRASIL;AMÉRICA DO SUL;INTERNACIONAL;IMPRODUTIVO;0;0;0;0;0;0;0;0;0;55635;7738;1;0;0;0;0;0;9,23333;0
TAM;TAM LINHAS AÉREAS S.A.;BRASILEIRA;2026;1;KBOS;BOSTON, MASSACHUSETTS;;;ESTADOS UNIDOS DA AMÉRICA;AMÉRICA DO NORTE;SBGR;GUARULHOS;SP;SUDESTE;BRASIL;AMÉRICA DO SUL;INTERNACIONAL;REGULAR;3390;75;38265;0;0;30131772;26231820;5310979;3122463;812451;100594;13;296094566;0;0;3894;686351;123,867;111009
TAM;TAM LINHAS AÉREAS S.A.;BRASILEIRA;2026;1;KJFK;NEW YORK, NEW YORK;;;ESTADOS UNIDOS DA AMÉRICA;AMÉRICA DO NORTE;KMIA;MIAMI, FLORIDA;;;ESTADOS UNIDOS DA AMÉRICA;AMÉRICA DO NORTE;INTERNACIONAL;REGULAR;294;4;40;0;0;527100;516558;97102;51506;23528;1757;1;70280;0;0;300;55266;5,43333;7225
TAM;TAM LINHAS AÉREAS S.A.;BRASILEIRA;2026;1;KJFK;NEW YORK, NEW YORK;;;ESTADOS UNIDOS DA AMÉRICA;AMÉRICA DO NORTE;SBGR;GUARULHOS;SP;SUDESTE;BRASIL;AMÉRICA DO SUL;INTERNACIONAL;REGULAR;7568;82;167625;7;15266;64239648;58001152;11618288;7247170;1806635;214592;28;1284678000;53648;116998624;8382;1515958;271,217;195123
TAM;TAM LINHAS AÉREAS S.A.;BRASILEIRA;2026;1;KLAX;LOS ANGELES, CALIFORNIA;;;ESTADOS UNIDOS DA AMÉRICA;AMÉRICA DO NORTE;SBGR;GUARULHOS;SP;SUDESTE;BRASIL;AMÉRICA DO SUL;INTERNACIONAL;REGULAR;5018;63;164230;1484;24449;53562600;49773542;8732001;6867994;1502415;178542;18;1628997380;14719796;242509633;5400;880332;209,3;127380
TAM;TAM LINHAS AÉREAS S.A.;BRASILEIRA;2026;1;KMCO;ORLANDO, FLORIDA;;;ESTADOS UNIDOS DA AMÉRICA;AMÉRICA DO NORTE;SBGR;GUARULHOS;SP;SUDESTE;BRASIL;AMÉRICA DO SUL;INTERNACIONAL;REGULAR;16886;165;61561;4;17090;125043276;114121566;23053864;12347637;3335780;419009;61;422862506;27476;117391210;18204;3356223;528,833;480451
TAM;TAM LINHAS AÉREAS S.A.;BRASILEIRA;2026;1;KMCO;ORLANDO, FLORIDA;;;ESTADOS UNIDOS DA AMÉRICA;AMÉRICA DO NORTE;SKBO;BOGOTÁ;;;COLÔMBIA;AMÉRICA DO SUL;INTERNACIONAL;REGULAR;0;0;0;0;0;812520;746640;145559;76747;33083;2745;1;0;0;0;296;53027;5,16667;0
TAM;TAM LINHAS AÉREAS S.A.;BRASILEIRA;2026;1;KMIA;MIAMI, FLORIDA;;;ESTADOS UNIDOS DA AMÉRICA;AMÉRICA DO NORTE;SBGR;GUARULHOS;SP;SUDESTE;BRASIL;AMÉRICA DO SUL;INTERNACIONAL;REGULAR;18563;290;305091;58667;167340;143286904;122033162;23732885;15715286;4202848;401014;61;2005668224;385676860;1100093156;21796;3610117;504,183;525870
TAM;TAM LINHAS AÉREAS S.A.;BRASILEIRA;2026;1;LEBL;BARCELONA;;;ESPANHA;EUROPA;SBGR;GUARULHOS;SP;SUDESTE;BRASIL;AMÉRICA DO SUL;INTERNACIONAL;REGULAR;6211;68;137945;1447;20377;57726290;54439415;8780164;6628064;1687141;192830;22;1209087914;12682955;178604406;6586;1001731;240,583;132051
TAM;TAM LINHAS AÉREAS S.A.;BRASILEIRA;2026;1;LEMD;MADRID;;;ESPANHA;EUROPA;SBGR;GUARULHOS;SP;SUDESTE;BRASIL;AMÉRICA DO SUL;INTERNACIONAL;REGULAR;13792;156;274085;4037;8499;122302044;115549376;21273582;13411505;3545276;368632;44;2296284128;33821986;71204622;14598;2539222;462,633;283819
TAM;TAM LINHAS AÉREAS S.A.;BRASILEIRA;2026;1;LFPG;PARIS;;;FRANÇA;EUROPA;LFPG;PARIS;;;FRANÇA;EUROPA;INTERNACIONAL;IMPRODUTIVO;0;0;0;0;0;0;0;0;0;675;0;1;0;0;0;300;56259;1,05;0
TAM;TAM LINHAS AÉREAS S.A.;BRASILEIRA;2026;1;LFPG;PARIS;;;FRANÇA;EUROPA;SBGR;GUARULHOS;SP;SUDESTE;BRASIL;AMÉRICA DO SUL;INTERNACIONAL;REGULAR;8669;101;205378;4716;0;87504120;81531945;14383267;9780638;2518814;291555;31;1931580097;44353980;0;9304;1529323;364,617;184389
TAM;TAM LINHAS AÉREAS S.A.;BRASILEIRA;2026;1;LIMC;MILAN;;;ITÁLIA;EUROPA;SBGR;GUARULHOS;SP;SUDESTE;BRASIL;AMÉRICA DO SUL;INTERNACIONAL;REGULAR;11681;67;254297;0;1067;120554350;110794285;18957797;13280200;3791424;294035;31;2412007038;0;10120495;12710;1998714;369,35;268689
TAM;TAM LINHAS AÉREAS S.A.;BRASILEIRA;2026;1;LIRF;ROME;;;ITÁLIA;EUROPA;SBGR;GUARULHOS;SP;SUDESTE;BRASIL;AMÉRICA DO SUL;INTERNACIONAL;REGULAR;10083;146;241954;0;3497;104423310;95112939;16405409;11374550;3291821;254691;27;2282352084;0;32987201;11070;1739152;320,667;204151
TAM;TAM LINHAS AÉREAS S.A.;BRASILEIRA;2026;1;LPPT;LISBOA;;;PORTUGAL;EUROPA;LPPT;LISBOA;;;PORTUGAL;EUROPA;INTERNACIONAL;IMPRODUTIVO;0;0;0;0;0;0;0;0;0;1023;0;1;0;0;0;410;63800;0,666667;0
TAM;TAM LINHAS AÉREAS S.A.;BRASILEIRA;2026;1;LPPT;LISBOA;;;PORTUGAL;EUROPA;SBFZ;FORTALEZA;CE;NORDESTE;BRASIL;AMÉRICA DO SUL;INTERNACIONAL;REGULAR;3545;13;36820;32;0;21886800;19894540;3864786;2045787;600998;72956;13;206633840;179584;0;3900;688666;94,2667;61844
TAM;TAM LINHAS AÉREAS S.A.;BRASILEIRA;2026;1;LPPT;LISBOA;;;PORTUGAL;EUROPA;SBGR;GUARULHOS;SP;SUDESTE;BRASIL;AMÉRICA DO SUL;INTERNACIONAL;REGULAR;21989;175;336212;1926;0;186091620;174482715;30115096;19278999;5558016;491970;62;2667842226;15282810;0;23452;3795225;619,7;444232
TAM;TAM LINHAS AÉREAS S.A.;BRASILEIRA;2026;1;MMMX;MEXICO;;;MÉXICO;AMÉRICA DO NORTE;MMMX;MEXICO;;;MÉXICO;AMÉRICA DO NORTE;INTERNACIONAL;IMPRODUTIVO;0;0;0;0;0;0;0;0;0;675;0;1;0;0;0;298;56259;0,65;0
TAM;TAM LINHAS AÉREAS S.A.;BRASILEIRA;2026;1;MMMX;MEXICO;;;MÉXICO;AMÉRICA DO NORTE;SBEG;MANAUS;AM;NORTE;BRASIL;AMÉRICA DO SUL;INTERNACIONAL;REGULAR;0;0;0;0;0;1472716;1240442;182033;145408;41133;4942;1;34964648;0;0;298;36834;6,5;0
TAM;TAM LINHAS AÉREAS S.A.;BRASILEIRA;2026;1;MMMX;MEXICO;;;MÉXICO;AMÉRICA DO NORTE;SBGR;GUARULHOS;SP;SUDESTE;BRASIL;AMÉRICA DO SUL;INTERNACIONAL;REGULAR;6901;13;77582;1;0;66733474;49429450;9363787;4889896;1697246;222990;30;524078529;7433;0;8978;1259760;274,567;92131
TAM;TAM LINHAS AÉREAS S.A.;BRASILEIRA;2026;1;SAAR;ROSARIO, SANTA FE PROVINCE;;;ARGENTINA;AMÉRICA DO SUL;SBGR;GUARULHOS;SP;SUDESTE;BRASIL;AMÉRICA DO SUL;INTERNACIONAL;REGULAR;2440;36;3066;0;0;5179458;4272440;531551;354732;132924;29767;17;5368566;0;0;2958;303576;44,25;16528
TAM;TAM LINHAS AÉREAS S.A.;BRASILEIRA;2026;1;SABE;BUENOS AIRES;;;ARGENTINA;AMÉRICA DO SUL;SBGL;RIO DE JANEIRO;RJ;SUDESTE;BRASIL;AMÉRICA DO SUL;INTERNACIONAL;REGULAR;0;0;0;0;0;338668;328823;33276;29188;9069;1969;1;0;0;0;172;16900;4,15;0
TAM;TAM LINHAS AÉREAS S.A.;BRASILEIRA;2026;1;SABE;BUENOS AIRES;;;ARGENTINA;AMÉRICA DO SUL;SBGR;GUARULHOS;SP;SUDESTE;BRASIL;AMÉRICA DO SUL;INTERNACIONAL;REGULAR;16712;58;0;0;0;29567076;28027230;2969782;2445621;798146;171094;101;0;0;0;17454;1753154;276,1;205149
TAM;TAM LINHAS AÉREAS S.A.;BRASILEIRA;2026;1;SABE;BUENOS AIRES;;;ARGENTINA;AMÉRICA DO SUL;SBPA;PORTO ALEGRE;RS;SUL;BRASIL;AMÉRICA DO SUL;INTERNACIONAL;REGULAR;2123;6;0;0;0;1920438;1802427;186689;148681;55178;11037;13;0;0;0;2262;219896;20,6833;15905
TAM;TAM LINHAS AÉREAS S.A.;BRASILEIRA;2026;1;SACO;CÓRDOBA, CÓRDOBA PROVINCE;;;ARGENTINA;AMÉRICA DO SUL;SBGR;GUARULHOS;SP;SUDESTE;BRASIL;AMÉRICA DO SUL;INTERNACIONAL;IMPRODUTIVO;0;0;0;0;0;0;0;0;0;7579;1954;1;0;0;0;0;0;3,16667;0
TAM;TAM LINHAS AÉREAS S.A.;BRASILEIRA;2026;1;SACO;CÓRDOBA, CÓRDOBA PROVINCE;;;ARGENTINA;AMÉRICA DO SUL;SBGR;GUARULHOS;SP;SUDESTE;BRASIL;AMÉRICA DO SUL;INTERNACIONAL;REGULAR;4427;8;2144;186;0;10285856;8650358;1016313;738220;258270;58620;30;4189376;363444;0;5264;520128;87,45;43638
TAM;TAM LINHAS AÉREAS S.A.;BRASILEIRA;2026;1;SAEZ;EZEIZA, BUENOS AIRES PROVINCE;;;ARGENTINA;AMÉRICA DO SUL;SBFL;FLORIANÓPOLIS;SC;SUL;BRASIL;AMÉRICA DO SUL;INTERNACIONAL;REGULAR;5503;67;0;0;0;7434370;6807211;804918;566106;186104;38347;31;0;0;0;6010;650707;61,55;44933
TAM;TAM LINHAS AÉREAS S.A.;BRASILEIRA;2026;1;SAEZ;EZEIZA, BUENOS AIRES PROVINCE;;;ARGENTINA;AMÉRICA DO SUL;SBGR;GUARULHOS;SP;SUDESTE;BRASIL;AMÉRICA DO SUL;INTERNACIONAL;REGULAR;4024;13;654;0;2691;7456260;6929328;826608;590111;195045;37884;22;1126188;0;4633902;4330;480032;57,9333;37551
TAM;TAM LINHAS AÉREAS S.A.;BRASILEIRA;2026;1;SAEZ;EZEIZA, BUENOS AIRES PROVINCE;;;ARGENTINA;AMÉRICA DO SUL;SBRF;RECIFE;PE;NORDESTE;BRASIL;AMÉRICA DO SUL;INTERNACIONAL;REGULAR;650;0;0;0;0;2660112;2484300;258364;211091;54564;15288;4;0;0;0;696;67600;19,8167;6481
TAM;TAM LINHAS AÉREAS S.A.;BRASILEIRA;2026;1;SAME;MENDOZA, MENDOZA PROVINCE;;;ARGENTINA;AMÉRICA DO SUL;SBGR;GUARULHOS;SP;SUDESTE;BRASIL;AMÉRICA DO SUL;INTERNACIONAL;REGULAR;2767;7;98;0;0;7442604;6690606;743615;613951;188740;43524;18;236964;0;0;3078;307535;61,9;46290
TAM;TAM LINHAS AÉREAS S.A.;BRASILEIRA;2026;1;SBAR;ARACAJU;SE;NORDESTE;BRASIL;AMÉRICA DO SUL;SBBR;BRASÍLIA;DF;CENTRO-OESTE;BRASIL;AMÉRICA DO SUL;DOMÉSTICA;REGULAR;4882;22;3211;132;0;7635720;6307544;775267;529900;205451;43928;34;4148612;170544;0;5910;600067;71,5333;40791
TAM;TAM LINHAS AÉREAS S.A.;BRASILEIRA;2026;1;SBAR;ARACAJU;SE;NORDESTE;BRASIL;AMÉRICA DO SUL;SBGR;GUARULHOS;SP;SUDESTE;BRASIL;AMÉRICA DO SUL;DOMÉSTICA;REGULAR;15866;155;25672;1057;0;33237270;27051530;3873554;2310069;802897;156860;92;43770760;1802185;0;19494;2271888;247,5;139284
TAM;TAM LINHAS AÉREAS S.A.;BRASILEIRA;2026;1;SBAR;ARACAJU;SE;NORDESTE;BRASIL;AMÉRICA DO SUL;SBSP;SÃO PAULO;SP;SUDESTE;BRASIL;AMÉRICA DO SUL;DOMÉSTICA;REGULAR;1316;4;0;0;0;2684232;2281944;271252;190707;71525;15606;9;0;0;0;1548;156434;25,5167;11283
TAM;TAM LINHAS AÉREAS S.A.;BRASILEIRA;2026;1;SBBE;BELÉM;PA;NORTE;BRASIL;AMÉRICA DO SUL;SBBE;BELÉM;PA;NORTE;BRASIL;AMÉRICA DO SUL;DOMÉSTICA;IMPRODUTIVO;0;0;0;0;0;0;0;0;0;387;0;1;0;0;0;218;27000;0,116667;0
TAM;TAM LINHAS AÉREAS S.A.;BRASILEIRA;2026;1;SBBE;BELÉM;PA;NORTE;BRASIL;AMÉRICA DO SUL;SBBR;BRASÍLIA;DF;CENTRO-OESTE;BRASIL;AMÉRICA DO SUL;DOMÉSTICA;REGULAR;9546;75;24483;170;0;17986696;15149576;1922576;1330472;459051;98332;61;39452088;274040;0;11158;1192684;156,483;97442
TAM;TAM LINHAS AÉREAS S.A.;BRASILEIRA;2026;1;SBBE;BELÉM;PA;NORTE;BRASIL;AMÉRICA DO SUL;SBCY;VÁRZEA GRANDE;MT;CENTRO-OESTE;BRASIL;AMÉRICA DO SUL;DOMÉSTICA;REGULAR;0;0;0;0;0;315744;265512;30318;22426;12424;1794;1;16146;0;0;176;16900;3,91667;0
TAM;TAM LINHAS AÉREAS S.A.;BRASILEIRA;2026;1;SBBE;BELÉM;PA;NORTE;BRASIL;AMÉRICA DO SUL;SBEG;MANAUS;AM;NORTE;BRASIL;AMÉRICA DO SUL;DOMÉSTICA;REGULAR;1619;2;7774;0;0;2629176;2103081;298283;190089;66859;12990;10;10098426;0;0;2024;229626;20,8;17141
TAM;TAM LINHAS AÉREAS S.A.;BRASILEIRA;2026;1;SBBE;BELÉM;PA;NORTE;BRASIL;AMÉRICA DO SUL;SBFZ;FORTALEZA;CE;NORDESTE;BRASIL;AMÉRICA DO SUL;DOMÉSTICA;REGULAR;8125;17;4516;4;0;11375904;9230000;1264279;768303;289506;59072;52;5130176;4544;0;10014;1112935;94,85;62458
TAM;TAM LINHAS AÉREAS S.A.;BRASILEIRA;2026;1;SBBE;BELÉM;PA;NORTE;BRASIL;AMÉRICA DO SUL;SBGR;GUARULHOS;SP;SUDESTE;BRASIL;AMÉRICA DO SUL;DOMÉSTICA;REGULAR;33237;344;75681;845;0;92976580;81796257;10869468;7193248;2128066;447902;182;186250941;2079545;0;37780;4416707;666,05;354477
TAM;TAM LINHAS AÉREAS S.A.;BRASILEIRA;2026;1;SBBE;BELÉM;PA;NORTE;BRASIL;AMÉRICA DO SUL;SBMQ;MACAPÁ;AP;NORTE;BRASIL;AMÉRICA DO SUL;DOMÉSTICA;REGULAR;1597;2;3345;0;0;729064;525413;73472;45290;29584;4277;13;1100505;0;0;2216;223332;11,55;14557
TAM;TAM LINHAS AÉREAS S.A.;BRASILEIRA;2026;1;SBBR;BRASÍLIA;DF;CENTRO-OESTE;BRASIL;AMÉRICA DO SUL;SBAR;ARACAJU;SE;NORDESTE;BRASIL;AMÉRICA DO SUL;DOMÉSTICA;REGULAR;4911;23;21092;263;0;7674480;6345012;742194;552965;193830;43928;34;27250864;339796;0;5940;574474;70,1333;38589
TAM;TAM LINHAS AÉREAS S.A.;BRASILEIRA;2026;1;SBBR;BRASÍLIA;DF;CENTRO-OESTE;BRASIL;AMÉRICA DO SUL;SBBE;BELÉM;PA;NORTE;BRASIL;AMÉRICA DO SUL;DOMÉSTICA;REGULAR;8728;97;62220;578;0;18205928;14069536;1998732;1283899;422061;99944;62;100298640;931736;0;11294;1239926;153,517;79663
TAM;TAM LINHAS AÉREAS S.A.;BRASILEIRA;2026;1;SBBR;BRASÍLIA;DF;CENTRO-OESTE;BRASIL;AMÉRICA DO SUL;SBBR;BRASÍLIA;DF;CENTRO-OESTE;BRASIL;AMÉRICA DO SUL;DOMÉSTICA;IMPRODUTIVO;0;0;0;0;0;0;0;0;0;22779;0;12;0;0;0;1984;232100;9,91667;0
TAM;TAM LINHAS AÉREAS S.A.;BRASILEIRA;2026;1;SBBR;BRASÍLIA;DF;CENTRO-OESTE;BRASIL;AMÉRICA DO SUL;SBBV;BOA VISTA;RR;NORTE;BRASIL;AMÉRICA DO SUL;DOMÉSTICA;NÃO REGULAR;150;1;851;0;0;436740;376500;43166;39715;12041;2510;1;2136010;0;0;174;17198;3,58333;3722
TAM;TAM LINHAS AÉREAS S.A.;BRASILEIRA;2026;1;SBBR;BRASÍLIA;DF;CENTRO-OESTE;BRASIL;AMÉRICA DO SUL;SBBV;BOA VISTA;RR;NORTE;BRASIL;AMÉRICA DO SUL;DOMÉSTICA;REGULAR;4917;49;21968;357;0;14000780;12341670;1442462;1166268;314928;75300;30;55139680;896070;0;5578;574689;104,5;73911
TAM;TAM LINHAS AÉREAS S.A.;BRASILEIRA;2026;1;SBBR;BRASÍLIA;DF;CENTRO-OESTE;BRASIL;AMÉRICA DO SUL;SBCF;CONFINS;MG;SUDESTE;BRASIL;AMÉRICA DO SUL;DOMÉSTICA;REGULAR;13822;171;34238;491;0;9872064;8265135;1034532;697111;293940;55554;94;20234658;290181;0;16704;1750567;115,95;94650
TAM;TAM LINHAS AÉREAS S.A.;BRASILEIRA;2026;1;SBBR;BRASÍLIA;DF;CENTRO-OESTE;BRASIL;AMÉRICA DO SUL;SBCG;CAMPO GRANDE;MS;CENTRO-OESTE;BRASIL;AMÉRICA DO SUL;DOMÉSTICA;REGULAR;10889;59;42805;266;0;10609946;9549653;1203013;840385;294297;53497;61;37539985;233282;0;12098;1371751;100,65;98806
TAM;TAM LINHAS AÉREAS S.A.;BRASILEIRA;2026;1;SBBR;BRASÍLIA;DF;CENTRO-OESTE;BRASIL;AMÉRICA DO SUL;SBCT;SÃO JOSÉ DOS PINHAIS;PR;SUL;BRASIL;AMÉRICA DO SUL;DOMÉSTICA;REGULAR;10021;89;21054;200;0;12272044;10842722;1315005;930995;324730;67084;62;22780428;216400;0;11342;1215372;114,35;87841
TAM;TAM LINHAS AÉREAS S.A.;BRASILEIRA;2026;1;SBBR;BRASÍLIA;DF;CENTRO-OESTE;BRASIL;AMÉRICA DO SUL;SBCY;VÁRZEA GRANDE;MT;CENTRO-OESTE;BRASIL;AMÉRICA DO SUL;DOMÉSTICA;REGULAR;12624;50;46360;200;0;12209468;11083872;1213317;976279;371218;68484;78;40704080;175600;0;13906;1381932;127,083;118826
TAM;TAM LINHAS AÉREAS S.A.;BRASILEIRA;2026;1;SBBR;BRASÍLIA;DF;CENTRO-OESTE;BRASIL;AMÉRICA DO SUL;SBEG;MANAUS;AM;NORTE;BRASIL;AMÉRICA DO SUL;DOMÉSTICA;REGULAR;9606;58;78443;174;0;22456378;18722094;2393741;1779041;553914;118889;61;152885407;339126;0;11522;1228195;176,233;113919
TAM;TAM LINHAS AÉREAS S.A.;BRASILEIRA;2026;1;SBBR;BRASÍLIA;DF;CENTRO-OESTE;BRASIL;AMÉRICA DO SUL;SBFI;FOZ DO IGUAÇU;PR;SUL;BRASIL;AMÉRICA DO SUL;DOMÉSTICA;REGULAR;5494;69;1511;0;0;8047468;7026826;912572;587379;201511;38370;30;1932569;0;0;6292;713507;63,2833;45697
TAM;TAM LINHAS AÉREAS S.A.;BRASILEIRA;2026;1;SBBR;BRASÍLIA;DF;CENTRO-OESTE;BRASIL;AMÉRICA DO SUL;SBFL;FLORIANÓPOLIS;SC;SUL;BRASIL;AMÉRICA DO SUL;DOMÉSTICA;REGULAR;9288;68;15255;1;0;14624820;12204432;1585362;1030866;358293;78840;60;20045070;1314;0;11130;1206539;130,2;72693
TAM;TAM LINHAS AÉREAS S.A.;BRASILEIRA;2026;1;SBBR;BRASÍLIA;DF;CENTRO-OESTE;BRASIL;AMÉRICA DO SUL;SBFZ;FORTALEZA;CE;NORDESTE;BRASIL;AMÉRICA DO SUL;DOMÉSTICA;REGULAR;14643;155;46877;39;0;28175184;24775956;3044833;2151577;653832;157356;93;79315884;65988;0;16652;1799576;231,833;126546
TAM;TAM LINHAS AÉREAS S.A.;BRASILEIRA;2026;1;SBBR;BRASÍLIA;DF;CENTRO-OESTE;BRASIL;AMÉRICA DO SUL;SBGL;RIO DE JANEIRO;RJ;SUDESTE;BRASIL;AMÉRICA DO SUL;DOMÉSTICA;IMPRODUTIVO;0;0;0;0;0;0;0;0;0;3760;914;1;0;0;0;0;0;1,56667;0
TAM;TAM LINHAS AÉREAS S.A.;BRASILEIRA;2026;1;SBBR;BRASÍLIA;DF;CENTRO-OESTE;BRASIL;AMÉRICA DO SUL;SBGL;RIO DE JANEIRO;RJ;SUDESTE;BRASIL;AMÉRICA DO SUL;DOMÉSTICA;REGULAR;13534;84;29890;83;0;15260144;12370076;1610685;1048076;403755;86830;95;27319460;75862;0;16696;1762287;157,867;101802
TAM;TAM LINHAS AÉREAS S.A.;BRASILEIRA;2026;1;SBBR;BRASÍLIA;DF;CENTRO-OESTE;BRASIL;AMÉRICA DO SUL;SBGO;GOIÂNIA;GO;CENTRO-OESTE;BRASIL;AMÉRICA DO SUL;DOMÉSTICA;REGULAR;13215;243;31939;393;0;2918026;2178984;319294;189102;163622;15159;93;5206057;64059;0;17902;1959079;67,1167;124908
TAM;TAM LINHAS AÉREAS S.A.;BRASILEIRA;2026;1;SBBR;BRASÍLIA;DF;CENTRO-OESTE;BRASIL;AMÉRICA DO SUL;SBGR;GUARULHOS;SP;SUDESTE;BRASIL;AMÉRICA DO SUL;DOMÉSTICA;IMPRODUTIVO;0;0;0;0;0;0;0;0;0;16231;3420;4;0;0;0;0;0;6,23333;0
TAM;TAM LINHAS AÉREAS S.A.;BRASILEIRA;2026;1;SBBR;BRASÍLIA;DF;CENTRO-OESTE;BRASIL;AMÉRICA DO SUL;SBGR;GUARULHOS;SP;SUDESTE;BRASIL;AMÉRICA DO SUL;DOMÉSTICA;REGULAR;33529;1149;55115;15450;0;35367930;28527930;4011605;2455734;1057895;180405;211;47123325;13209750;0;41366;4691995;363,833;316619
TAM;TAM LINHAS AÉREAS S.A.;BRASILEIRA;2026;1;SBBR;BRASÍLIA;DF;CENTRO-OESTE;BRASIL;AMÉRICA DO SUL;SBIZ;IMPERATRIZ;MA;NORDESTE;BRASIL;AMÉRICA DO SUL;DOMÉSTICA;REGULAR;3651;46;14864;130;0;6024334;4202301;602406;373501;161468;35681;31;17108464;149630;0;5234;523400;57,9;35823
TAM;TAM LINHAS AÉREAS S.A.;BRASILEIRA;2026;1;SBBR;BRASÍLIA;DF;CENTRO-OESTE;BRASIL;AMÉRICA DO SUL;SBJP;SANTA RITA;PB;NORDESTE;BRASIL;AMÉRICA DO SUL;DOMÉSTICA;REGULAR;9017;83;23118;239;0;19151340;15446121;2102098;1319703;431116;102780;60;39601134;409407;0;11180;1227158;153,633;71028
TAM;TAM LINHAS AÉREAS S.A.;BRASILEIRA;2026;1;SBBR;BRASÍLIA;DF;CENTRO-OESTE;BRASIL;AMÉRICA DO SUL;SBKP;CAMPINAS;SP;SUDESTE;BRASIL;AMÉRICA DO SUL;DOMÉSTICA;REGULAR;12611;209;39748;30;0;13684104;10063578;1495288;862439;381567;71820;90;31718904;23940;0;17148;1873824;140,633;95240
TAM;TAM LINHAS AÉREAS S.A.;BRASILEIRA;2026;1;SBBR;BRASÍLIA;DF;CENTRO-OESTE;BRASIL;AMÉRICA DO SUL;SBMA;MARABÁ;PA;NORTE;BRASIL;AMÉRICA DO SUL;DOMÉSTICA;NÃO REGULAR;121;3;872;102;0;162150;142175;19270;12942;5226;1175;1;1024600;119850;0;138;16400;1,91667;1068
TAM;TAM LINHAS AÉREAS S.A.;BRASILEIRA;2026;1;SBBR;BRASÍLIA;DF;CENTRO-OESTE;BRASIL;AMÉRICA DO SUL;SBMA;MARABÁ;PA;NORTE;BRASIL;AMÉRICA DO SUL;DOMÉSTICA;REGULAR;3461;13;21639;383;0;5400300;4066675;584557;372779;156002;35250;30;25425825;450025;0;4596;497500;57,9333;36058
TAM;TAM LINHAS AÉREAS S.A.;BRASILEIRA;2026;1;SBBR;BRASÍLIA;DF;CENTRO-OESTE;BRASIL;AMÉRICA DO SUL;SBMO;RIO LARGO;AL;NORDESTE;BRASIL;AMÉRICA DO SUL;DOMÉSTICA;REGULAR;10131;60;18822;383;0;17157556;15125583;1897713;1281578;402721;92566;62;28101246;571819;0;11492;1271091;144,283;79765
TAM;TAM LINHAS AÉREAS S.A.;BRASILEIRA;2026;1;SBBR;BRASÍLIA;DF;CENTRO-OESTE;BRASIL;AMÉRICA DO SUL;SBMQ;MACAPÁ;AP;NORTE;BRASIL;AMÉRICA DO SUL;DOMÉSTICA;REGULAR;4194;12;22497;473;0;9323072;7565976;942386;706716;230699;55924;31;40584588;853292;0;5168;522397;81,9;54712
TAM;TAM LINHAS AÉREAS S.A.;BRASILEIRA;2026;1;SBBR;BRASÍLIA;DF;CENTRO-OESTE;BRASIL;AMÉRICA DO SUL;SBPA;PORTO ALEGRE;RS;SUL;BRASIL;AMÉRICA DO SUL;DOMÉSTICA;REGULAR;12801;149;22171;451;0;30196470;20545605;3557797;1739228;703873;147660;92;35584455;723855;0;18814;2216708;232,483;101414
TAM;TAM LINHAS AÉREAS S.A.;BRASILEIRA;2026;1;SBBR;BRASÍLIA;DF;CENTRO-OESTE;BRASIL;AMÉRICA DO SUL;SBPJ;PALMAS;TO;NORTE;BRASIL;AMÉRICA DO SUL;DOMÉSTICA;REGULAR;4297;8;22306;73;0;3393632;2672734;325855;239449;100909;19282;31;13874332;45406;0;5456;523922;40,1167;40407
TAM;TAM LINHAS AÉREAS S.A.;BRASILEIRA;2026;1;SBBR;BRASÍLIA;DF;CENTRO-OESTE;BRASIL;AMÉRICA DO SUL;SBPS;PORTO SEGURO;BA;NORDESTE;BRASIL;AMÉRICA DO SUL;DOMÉSTICA;REGULAR;6088;15;3524;113;0;6478208;5759248;624603;472699;175193;36894;39;3333704;106898;0;6848;660273;64,5833;39578
TAM;TAM LINHAS AÉREAS S.A.;BRASILEIRA;2026;1;SBBR;BRASÍLIA;DF;CENTRO-OESTE;BRASIL;AMÉRICA DO SUL;SBPV;PORTO VELHO;RO;NORTE;BRASIL;AMÉRICA DO SUL;DOMÉSTICA;REGULAR;5030;19;23375;83;0;10835484;9602270;1116702;891720;275032;59179;31;44622875;158447;0;5676;584971;88,1833;66496
TAM;TAM LINHAS AÉREAS S.A.;BRASILEIRA;2026;1;SBBR;BRASÍLIA;DF;CENTRO-OESTE;BRASIL;AMÉRICA DO SUL;SBRB;RIO BRANCO;AC;NORTE;BRASIL;AMÉRICA DO SUL;DOMÉSTICA;NÃO REGULAR;151;0;827;0;0;394110;342015;38278;31175;10385;2265;1;1873155;0;0;174;16900;3,48333;1612
TAM;TAM LINHAS AÉREAS S.A.;BRASILEIRA;2026;1;SBBR;BRASÍLIA;DF;CENTRO-OESTE;BRASIL;AMÉRICA DO SUL;SBRB;RIO BRANCO;AC;NORTE;BRASIL;AMÉRICA DO SUL;DOMÉSTICA;REGULAR;4150;22;19985;62;0;10980720;9399750;1137186;881576;292471;67950;30;45266025;140430;0;4848;502073;97,4833;57988
TAM;TAM LINHAS AÉREAS S.A.;BRASILEIRA;2026;1;SBBR;BRASÍLIA;DF;CENTRO-OESTE;BRASIL;AMÉRICA DO SUL;SBRF;RECIFE;PE;NORDESTE;BRASIL;AMÉRICA DO SUL;DOMÉSTICA;REGULAR;13209;90;67111;710;0;26454076;21847686;2845558;1911641;624624;150514;91;111001594;1174340;0;15994;1720437;227,483;98010
TAM;TAM LINHAS AÉREAS S.A.;BRASILEIRA;2026;1;SBBR;BRASÍLIA;DF;CENTRO-OESTE;BRASIL;AMÉRICA DO SUL;SBRJ;RIO DE JANEIRO;RJ;SUDESTE;BRASIL;AMÉRICA DO SUL;DOMÉSTICA;REGULAR;22736;135;26169;315;0;25184064;21099008;2955927;1746988;836375;179104;193;24284832;292320;0;27138;3185328;317,233;151263
TAM;TAM LINHAS AÉREAS S.A.;BRASILEIRA;2026;1;SBBR;BRASÍLIA;DF;CENTRO-OESTE;BRASIL;AMÉRICA DO SUL;SBSG;SÃO GONÇALO DO AMARANTE;RN;NORDESTE;BRASIL;AMÉRICA DO SUL;DOMÉSTICA;REGULAR;11118;95;16403;427;0;23695980;19689978;2866779;1657329;501243;109802;62;29049713;756217;0;13380;1618740;162,017;85580
TAM;TAM LINHAS AÉREAS S.A.;BRASILEIRA;2026;1;SBBR;BRASÍLIA;DF;CENTRO-OESTE;BRASIL;AMÉRICA DO SUL;SBSI;SINOP;MT;CENTRO-OESTE;BRASIL;AMÉRICA DO SUL;DOMÉSTICA;REGULAR;4170;8;0;0;0;4238646;3915630;481651;331557;137542;29109;31;0;0;0;4514;512960;50,95;40362
TAM;TAM LINHAS AÉREAS S.A.;BRASILEIRA;2026;1;SBBR;BRASÍLIA;DF;CENTRO-OESTE;BRASIL;AMÉRICA DO SUL;SBSL;SÃO LUÍS;MA;NORDESTE;BRASIL;AMÉRICA DO SUL;DOMÉSTICA;REGULAR;7731;46;31686;25;0;13779000;11836161;1567693;1043800;306509;68895;45;48511266;38275;0;9000;1023976;104,65;70280
TAM;TAM LINHAS AÉREAS S.A.;BRASILEIRA;2026;1;SBBR;BRASÍLIA;DF;CENTRO-OESTE;BRASIL;AMÉRICA DO SUL;SBSN;SANTARÉM;PA;NORTE;BRASIL;AMÉRICA DO SUL;DOMÉSTICA;REGULAR;3580;29;16197;318;0;7499520;5992920;856902;546540;225755;51894;31;27113778;532332;0;4480;511900;77,2667;41798
TAM;TAM LINHAS AÉREAS S.A.;BRASILEIRA;2026;1;SBBR;BRASÍLIA;DF;CENTRO-OESTE;BRASIL;AMÉRICA DO SUL;SBSP;SÃO PAULO;SP;SUDESTE;BRASIL;AMÉRICA DO SUL;DOMÉSTICA;IMPRODUTIVO;0;0;0;0;0;0;0;0;0;11964;2616;3;0;0;0;0;0;4,95;0
TAM;TAM LINHAS AÉREAS S.A.;BRASILEIRA;2026;1;SBBR;BRASÍLIA;DF;CENTRO-OESTE;BRASIL;AMÉRICA DO SUL;SBSP;SÃO PAULO;SP;SUDESTE;BRASIL;AMÉRICA DO SUL;DOMÉSTICA;REGULAR;36621;941;47052;4361;0;43050640;31933512;4467521;2630598;1301674;260728;299;41029344;3802792;0;49370;5123511;521,717;223279
TAM;TAM LINHAS AÉREAS S.A.;BRASILEIRA;2026;1;SBBR;BRASÍLIA;DF;CENTRO-OESTE;BRASIL;AMÉRICA DO SUL;SBSV;SALVADOR;BA;NORDESTE;BRASIL;AMÉRICA DO SUL;DOMÉSTICA;REGULAR;14300;167;43058;327;0;18679360;15515500;1937971;1328184;482799;99820;92;46717930;354795;0;17216;1786181;169,883;108619
TAM;TAM LINHAS AÉREAS S.A.;BRASILEIRA;2026;1;SBBR;BRASÍLIA;DF;CENTRO-OESTE;BRASIL;AMÉRICA DO SUL;SBTE;TERESINA;PI;NORDESTE;BRASIL;AMÉRICA DO SUL;DOMÉSTICA;REGULAR;8182;67;23889;86;0;14082064;10832968;1384008;941017;352519;80764;61;31629036;113864;0;10636;1045350;127,35;73222
TAM;TAM LINHAS AÉREAS S.A.;BRASILEIRA;2026;1;SBBR;BRASÍLIA;DF;CENTRO-OESTE;BRASIL;AMÉRICA DO SUL;SBVT;VITÓRIA;ES;SUDESTE;BRASIL;AMÉRICA DO SUL;DOMÉSTICA;REGULAR;7706;52;33056;0;0;10442782;7266758;1088898;624825;274891;57523;61;31171808;0;0;11074;1154749;102,75;51618
TAM;TAM LINHAS AÉREAS S.A.;BRASILEIRA;2026;1;SBBR;BRASÍLIA;DF;CENTRO-OESTE;BRASIL;AMÉRICA DO SUL;SCEL;SANTIAGO;;;CHILE;AMÉRICA DO SUL;INTERNACIONAL;REGULAR;1737;7;0;0;0;6941060;5228370;724219;444312;159351;39130;13;0;0;0;2306;240606;59,9667;17339
TAM;TAM LINHAS AÉREAS S.A.;BRASILEIRA;2026;1;SBBV;BOA VISTA;RR;NORTE;BRASIL;AMÉRICA DO SUL;SBBR;BRASÍLIA;DF;CENTRO-OESTE;BRASIL;AMÉRICA DO SUL;DOMÉSTICA;NÃO REGULAR;130;0;0;0;0;436740;326300;47690;28320;10819;2510;1;0;0;0;174;19000;3,36667;1533
TAM;TAM LINHAS AÉREAS S.A.;BRASILEIRA;2026;1;SBBV;BOA VISTA;RR;NORTE;BRASIL;AMÉRICA DO SUL;SBBR;BRASÍLIA;DF;CENTRO-OESTE;BRASIL;AMÉRICA DO SUL;DOMÉSTICA;REGULAR;4922;51;11996;4;0;13564040;11922500;1465298;1060047;304351;72790;29;30109960;10040;0;5404;583789;103,7;55825
TAM;TAM LINHAS AÉREAS S.A.;BRASILEIRA;2026;1;SBBV;BOA VISTA;RR;NORTE;BRASIL;AMÉRICA DO SUL;SBCY;VÁRZEA GRANDE;MT;CENTRO-OESTE;BRASIL;AMÉRICA DO SUL;DOMÉSTICA;REGULAR;0;0;0;0;0;372592;364124;35777;30982;15300;2117;1;0;0;0;176;16900;4,8;0
TAM;TAM LINHAS AÉREAS S.A.;BRASILEIRA;2026;1;SBBV;BOA VISTA;RR;NORTE;BRASIL;AMÉRICA DO SUL;SBGR;GUARULHOS;SP;SUDESTE;BRASIL;AMÉRICA DO SUL;DOMÉSTICA;REGULAR;1415;4;4022;93;0;5231952;4673745;515556;424151;117819;29727;9;13284666;307179;0;1584;156089;41,65;18268
TAM;TAM LINHAS AÉREAS S.A.;BRASILEIRA;2026;1;SBCA;CASCAVEL;PR;SUL;BRASIL;AMÉRICA DO SUL;SBCT;SÃO JOSÉ DOS PINHAIS;PR;SUL;BRASIL;AMÉRICA DO SUL;DOMÉSTICA;REGULAR;0;0;0;0;0;153650;126432;14838;10720;12647;878;2;0;0;0;350;33800;4,23333;0
TAM;TAM LINHAS AÉREAS S.A.;BRASILEIRA;2026;1;SBCA;CASCAVEL;PR;SUL;BRASIL;AMÉRICA DO SUL;SBGR;GUARULHOS;SP;SUDESTE;BRASIL;AMÉRICA DO SUL;DOMÉSTICA;REGULAR;6930;37;0;0;0;5270120;4875228;528686;409122;191948;30828;42;0;0;0;7180;720312;70,4;62086
TAM;TAM LINHAS AÉREAS S.A.;BRASILEIRA;2026;1;SBCF;CONFINS;MG;SUDESTE;BRASIL;AMÉRICA DO SUL;SBBR;BRASÍLIA;DF;CENTRO-OESTE;BRASIL;AMÉRICA DO SUL;DOMÉSTICA;REGULAR;14333;242;45209;953;0;10266852;8668197;1084754;737377;327629;56145;95;26718519;563223;0;17372;1835539;120,5;99680
TAM;TAM LINHAS AÉREAS S.A.;BRASILEIRA;2026;1;SBCF;CONFINS;MG;SUDESTE;BRASIL;AMÉRICA DO SUL;SBCF;CONFINS;MG;SUDESTE;BRASIL;AMÉRICA DO SUL;DOMÉSTICA;IMPRODUTIVO;0;0;0;0;0;0;0;0;0;5173;0;1;0;0;0;220;27000;1,55;0
TAM;TAM LINHAS AÉREAS S.A.;BRASILEIRA;2026;1;SBCF;CONFINS;MG;SUDESTE;BRASIL;AMÉRICA DO SUL;SBFZ;FORTALEZA;CE;NORDESTE;BRASIL;AMÉRICA DO SUL;DOMÉSTICA;REGULAR;3689;13;4543;0;0;7848192;6854162;838840;571802;170978;42734;23;8440894;0;0;4224;451479;62,4333;26539
TAM;TAM LINHAS AÉREAS S.A.;BRASILEIRA;2026;1;SBCF;CONFINS;MG;SUDESTE;BRASIL;AMÉRICA DO SUL;SBGR;GUARULHOS;SP;SUDESTE;BRASIL;AMÉRICA DO SUL;DOMÉSTICA;REGULAR;32718;442;53675;4735;0;18197248;16631376;2012292;1446046;695851;94240;190;26794416;2350544;0;36688;4057163;240,35;338509
TAM;TAM LINHAS AÉREAS S.A.;BRASILEIRA;2026;1;SBCF;CONFINS;MG;SUDESTE;BRASIL;AMÉRICA DO SUL;SBKP;CAMPINAS;SP;SUDESTE;BRASIL;AMÉRICA DO SUL;DOMÉSTICA;REGULAR;163;0;0;0;0;86826;81337;8433;6436;5245;499;1;0;0;0;174;16900;1,21667;673
TAM;TAM LINHAS AÉREAS S.A.;BRASILEIRA;2026;1;SBCF;CONFINS;MG;SUDESTE;BRASIL;AMÉRICA DO SUL;SBPA;PORTO ALEGRE;RS;SUL;BRASIL;AMÉRICA DO SUL;DOMÉSTICA;REGULAR;8438;101;15876;3;0;18278040;11492556;2238316;944884;426633;83082;61;21623112;4086;0;13420;1643404;132,45;45043
TAM;TAM LINHAS AÉREAS S.A.;BRASILEIRA;2026;1;SBCF;CONFINS;MG;SUDESTE;BRASIL;AMÉRICA DO SUL;SBPJ;PALMAS;TO;NORTE;BRASIL;AMÉRICA DO SUL;DOMÉSTICA;REGULAR;0;0;0;0;0;200640;192660;19266;15101;9172;1140;1;0;0;0;176;16900;2,93333;0
TAM;TAM LINHAS AÉREAS S.A.;BRASILEIRA;2026;1;SBCF;CONFINS;MG;SUDESTE;BRASIL;AMÉRICA DO SUL;SBSP;SÃO PAULO;SP;SUDESTE;BRASIL;AMÉRICA DO SUL;DOMÉSTICA;IMPRODUTIVO;0;0;0;0;0;0;0;0;0;6516;524;1;0;0;0;0;0;2;0
TAM;TAM LINHAS AÉREAS S.A.;BRASILEIRA;2026;1;SBCF;CONFINS;MG;SUDESTE;BRASIL;AMÉRICA DO SUL;SBSP;SÃO PAULO;SP;SUDESTE;BRASIL;AMÉRICA DO SUL;DOMÉSTICA;REGULAR;29593;369;25823;904;0;18590472;15506732;1908005;1260043;718007;108468;207;13531252;473696;0;35478;3641445;281,283;159546
TAM;TAM LINHAS AÉREAS S.A.;BRASILEIRA;2026;1;SBCG;CAMPO GRANDE;MS;CENTRO-OESTE;BRASIL;AMÉRICA DO SUL;SBBR;BRASÍLIA;DF;CENTRO-OESTE;BRASIL;AMÉRICA DO SUL;DOMÉSTICA;REGULAR;9823;50;15844;1;0;9722422;8434109;1022820;713443;267803;52620;60;13895188;877;0;11086;1166294;95,2333;77289
TAM;TAM LINHAS AÉREAS S.A.;BRASILEIRA;2026;1;SBCG;CAMPO GRANDE;MS;CENTRO-OESTE;BRASIL;AMÉRICA DO SUL;SBCG;CAMPO GRANDE;MS;CENTRO-OESTE;BRASIL;AMÉRICA DO SUL;DOMÉSTICA;IMPRODUTIVO;0;0;0;0;0;0;0;0;0;311;0;1;0;0;0;216;27000;0,0666667;0
TAM;TAM LINHAS AÉREAS S.A.;BRASILEIRA;2026;1;SBCG;CAMPO GRANDE;MS;CENTRO-OESTE;BRASIL;AMÉRICA DO SUL;SBCY;VÁRZEA GRANDE;MT;CENTRO-OESTE;BRASIL;AMÉRICA DO SUL;DOMÉSTICA;REGULAR;0;0;0;0;0;122540;114742;15039;9090;11494;557;1;0;0;0;220;27000;2,63333;0
TAM;TAM LINHAS AÉREAS S.A.;BRASILEIRA;2026;1;SBCG;CAMPO GRANDE;MS;CENTRO-OESTE;BRASIL;AMÉRICA DO SUL;SBGR;GUARULHOS;SP;SUDESTE;BRASIL;AMÉRICA DO SUL;DOMÉSTICA;REGULAR;19525;348;16484;2562;0;21381618;17709175;2432916;1483805;626491;108840;120;14950988;2323734;0;23574;2682412;223,383;155156
TAM;TAM LINHAS AÉREAS S.A.;BRASILEIRA;2026;1;SBCG;CAMPO GRANDE;MS;CENTRO-OESTE;BRASIL;AMÉRICA DO SUL;SBSP;SÃO PAULO;SP;SUDESTE;BRASIL;AMÉRICA DO SUL;DOMÉSTICA;REGULAR;6473;51;1704;115;0;6915870;5806281;688028;481069;190410;39468;44;1528488;103155;0;7710;767055;70,4667;49151
TAM;TAM LINHAS AÉREAS S.A.;BRASILEIRA;2026;1;SBCH;CHAPECÓ;SC;SUL;BRASIL;AMÉRICA DO SUL;SBCT;SÃO JOSÉ DOS PINHAIS;PR;SUL;BRASIL;AMÉRICA DO SUL;DOMÉSTICA;REGULAR;0;0;0;0;0;68640;41340;6802;3608;5958;390;1;0;0;0;176;17443;1,98333;0
TAM;TAM LINHAS AÉREAS S.A.;BRASILEIRA;2026;1;SBCH;CHAPECÓ;SC;SUL;BRASIL;AMÉRICA DO SUL;SBGR;GUARULHOS;SP;SUDESTE;BRASIL;AMÉRICA DO SUL;DOMÉSTICA;REGULAR;12766;76;9825;89;0;11239236;9444360;1152731;794488;398309;65648;88;7329450;66394;0;15066;1545270;141,717;107041
TAM;TAM LINHAS AÉREAS S.A.;BRASILEIRA;2026;1;SBCT;SÃO JOSÉ DOS PINHAIS;PR;SUL;BRASIL;AMÉRICA DO SUL;SBBR;BRASÍLIA;DF;CENTRO-OESTE;BRASIL;AMÉRICA DO SUL;DOMÉSTICA;REGULAR;10164;131;31714;118;0;12347784;10812426;1323867;943294;322919;66002;61;34314548;127676;0;11412;1223564;112,183;91469
TAM;TAM LINHAS AÉREAS S.A.;BRASILEIRA;2026;1;SBCT;SÃO JOSÉ DOS PINHAIS;PR;SUL;BRASIL;AMÉRICA DO SUL;SBCT;SÃO JOSÉ DOS PINHAIS;PR;SUL;BRASIL;AMÉRICA DO SUL;DOMÉSTICA;IMPRODUTIVO;0;0;0;0;0;0;0;0;0;4382;0;2;0;0;0;392;43900;1,66667;0
TAM;TAM LINHAS AÉREAS S.A.;BRASILEIRA;2026;1;SBCT;SÃO JOSÉ DOS PINHAIS;PR;SUL;BRASIL;AMÉRICA DO SUL;SBFI;FOZ DO IGUAÇU;PR;SUL;BRASIL;AMÉRICA DO SUL;DOMÉSTICA;REGULAR;6687;33;287;17;0;5595434;3564171;548719;287753;180883;31980;60;152971;9061;0;10498;1029560;68,0333;38120
TAM;TAM LINHAS AÉREAS S.A.;BRASILEIRA;2026;1;SBCT;SÃO JOSÉ DOS PINHAIS;PR;SUL;BRASIL;AMÉRICA DO SUL;SBGL;RIO DE JANEIRO;RJ;SUDESTE;BRASIL;AMÉRICA DO SUL;DOMÉSTICA;REGULAR;7290;27;2339;25;0;7098804;4906170;766817;394100;214607;40380;60;1574147;16825;0;10548;1139442;82,1;36542
TAM;TAM LINHAS AÉREAS S.A.;BRASILEIRA;2026;1;SBCT;SÃO JOSÉ DOS PINHAIS;PR;SUL;BRASIL;AMÉRICA DO SUL;SBGR;GUARULHOS;SP;SUDESTE;BRASIL;AMÉRICA DO SUL;DOMÉSTICA;IMPRODUTIVO;0;0;0;0;0;0;0;0;0;2299;359;1;0;0;0;0;0;1,41667;0
TAM;TAM LINHAS AÉREAS S.A.;BRASILEIRA;2026;1;SBCT;SÃO JOSÉ DOS PINHAIS;PR;SUL;BRASIL;AMÉRICA DO SUL;SBGR;GUARULHOS;SP;SUDESTE;BRASIL;AMÉRICA DO SUL;DOMÉSTICA;REGULAR;38437;909;49557;2662;0;15293400;14016796;1748224;1223166;738039;77544;216;17834043;955658;2513;42600;4869840;248,85;421505
TAM;TAM LINHAS AÉREAS S.A.;BRASILEIRA;2026;1;SBCT;SÃO JOSÉ DOS PINHAIS;PR;SUL;BRASIL;AMÉRICA DO SUL;SBPA;PORTO ALEGRE;RS;SUL;BRASIL;AMÉRICA DO SUL;DOMÉSTICA;REGULAR;6588;81;7758;52;0;5696712;3517992;590935;284734;181793;32574;61;4142772;27768;0;10668;1106677;70,3167;31419
TAM;TAM LINHAS AÉREAS S.A.;BRASILEIRA;2026;1;SBCT;SÃO JOSÉ DOS PINHAIS;PR;SUL;BRASIL;AMÉRICA DO SUL;SBRP;RIBEIRÃO PRETO;SP;SUDESTE;BRASIL;AMÉRICA DO SUL;DOMÉSTICA;REGULAR;0;0;0;0;0;89584;87039;8602;6948;5821;509;1;0;0;0;176;16900;2,3;0
TAM;TAM LINHAS AÉREAS S.A.;BRASILEIRA;2026;1;SBCT;SÃO JOSÉ DOS PINHAIS;PR;SUL;BRASIL;AMÉRICA DO SUL;SBSP;SÃO PAULO;SP;SUDESTE;BRASIL;AMÉRICA DO SUL;DOMÉSTICA;NÃO REGULAR;36;1;0;0;0;46340;11916;5428;935;2267;331;1;0;0;0;140;16400;1,11667;126
TAM;TAM LINHAS AÉREAS S.A.;BRASILEIRA;2026;1;SBCT;SÃO JOSÉ DOS PINHAIS;PR;SUL;BRASIL;AMÉRICA DO SUL;SBSP;SÃO PAULO;SP;SUDESTE;BRASIL;AMÉRICA DO SUL;DOMÉSTICA;REGULAR;30313;788;39300;937;0;12265536;10033603;1229870;821012;554691;71496;216;13008300;310147;0;37056;3716016;226,7;167942
TAM;TAM LINHAS AÉREAS S.A.;BRASILEIRA;2026;1;SBCX;CAXIAS DO SUL;RS;SUL;BRASIL;AMÉRICA DO SUL;SBGR;GUARULHOS;SP;SUDESTE;BRASIL;AMÉRICA DO SUL;DOMÉSTICA;REGULAR;4592;54;0;0;0;4220904;3646048;416927;309351;124352;24614;31;0;0;0;5316;525121;49,3;45230
TAM;TAM LINHAS AÉREAS S.A.;BRASILEIRA;2026;1;SBCY;VÁRZEA GRANDE;MT;CENTRO-OESTE;BRASIL;AMÉRICA DO SUL;SBBR;BRASÍLIA;DF;CENTRO-OESTE;BRASIL;AMÉRICA DO SUL;DOMÉSTICA;REGULAR;10560;35;5639;14;0;12587008;9625514;1298297;798245;358745;70240;80;4958944;12292;0;14336;1478732;128,05;78098
TAM;TAM LINHAS AÉREAS S.A.;BRASILEIRA;2026;1;SBCY;VÁRZEA GRANDE;MT;CENTRO-OESTE;BRASIL;AMÉRICA DO SUL;SBCF;CONFINS;MG;SUDESTE;BRASIL;AMÉRICA DO SUL;DOMÉSTICA;REGULAR;0;0;0;0;0;239360;167280;22984;13582;8630;1360;1;0;0;0;176;16900;2,8;0
TAM;TAM LINHAS AÉREAS S.A.;BRASILEIRA;2026;1;SBCY;VÁRZEA GRANDE;MT;CENTRO-OESTE;BRASIL;AMÉRICA DO SUL;SBCG;CAMPO GRANDE;MS;CENTRO-OESTE;BRASIL;AMÉRICA DO SUL;DOMÉSTICA;REGULAR;0;0;0;0;0;98032;93576;9413;7686;3583;557;1;0;0;0;176;16900;1,13333;0
TAM;TAM LINHAS AÉREAS S.A.;BRASILEIRA;2026;1;SBCY;VÁRZEA GRANDE;MT;CENTRO-OESTE;BRASIL;AMÉRICA DO SUL;SBGR;GUARULHOS;SP;SUDESTE;BRASIL;AMÉRICA DO SUL;DOMÉSTICA;IMPRODUTIVO;0;0;0;0;0;0;0;0;0;6055;1330;1;0;0;0;0;0;2,46667;0
TAM;TAM LINHAS AÉREAS S.A.;BRASILEIRA;2026;1;SBCY;VÁRZEA GRANDE;MT;CENTRO-OESTE;BRASIL;AMÉRICA DO SUL;SBGR;GUARULHOS;SP;SUDESTE;BRASIL;AMÉRICA DO SUL;DOMÉSTICA;REGULAR;25821;130;16608;1137;0;40966660;34341930;4738491;2897992;1097412;202160;152;22088640;1512210;0;30802;3562794;345,933;225814
TAM;TAM LINHAS AÉREAS S.A.;BRASILEIRA;2026;1;SBCY;VÁRZEA GRANDE;MT;CENTRO-OESTE;BRASIL;AMÉRICA DO SUL;SBSP;SÃO PAULO;SP;SUDESTE;BRASIL;AMÉRICA DO SUL;DOMÉSTICA;NÃO REGULAR;19;0;1;0;0;231246;25251;23989;2178;5768;1329;1;1329;0;0;174;18051;2,58333;213
TAM;TAM LINHAS AÉREAS S.A.;BRASILEIRA;2026;1;SBCY;VÁRZEA GRANDE;MT;CENTRO-OESTE;BRASIL;AMÉRICA DO SUL;SBSP;SÃO PAULO;SP;SUDESTE;BRASIL;AMÉRICA DO SUL;DOMÉSTICA;REGULAR;8952;51;2538;20;0;13741860;11897208;1416352;989253;366086;79740;60;3373002;26580;0;10340;1065746;133,333;70446
TAM;TAM LINHAS AÉREAS S.A.;BRASILEIRA;2026;1;SBDB;BONITO;MS;CENTRO-OESTE;BRASIL;AMÉRICA DO SUL;SBGR;GUARULHOS;SP;SUDESTE;BRASIL;AMÉRICA DO SUL;DOMÉSTICA;REGULAR;1029;5;0;0;0;1181600;976930;140063;80321;42753;8440;8;0;0;0;1120;132762;15,85;7473
TAM;TAM LINHAS AÉREAS S.A.;BRASILEIRA;2026;1;SBDB;BONITO;MS;CENTRO-OESTE;BRASIL;AMÉRICA DO SUL;SBRP;RIBEIRÃO PRETO;SP;SUDESTE;BRASIL;AMÉRICA DO SUL;DOMÉSTICA;REGULAR;0;0;0;0;0;125860;92597;14743;7650;6326;899;1;0;0;0;140;16400;2,18333;0
TAM;TAM LINHAS AÉREAS S.A.;BRASILEIRA;2026;1;SBDO;DOURADOS;MS;CENTRO-OESTE;BRASIL;AMÉRICA DO SUL;SBGR;GUARULHOS;SP;SUDESTE;BRASIL;AMÉRICA DO SUL;DOMÉSTICA;REGULAR;1561;22;0;0;0;1908352;1368997;209715;115222;61041;12278;14;0;0;0;2176;239138;21,4333;14317
TAM;TAM LINHAS AÉREAS S.A.;BRASILEIRA;2026;1;SBEG;MANAUS;AM;NORTE;BRASIL;AMÉRICA DO SUL;SBBE;BELÉM;PA;NORTE;BRASIL;AMÉRICA DO SUL;DOMÉSTICA;REGULAR;1679;0;1050;0;0;2572020;2181021;294150;184337;56994;12990;10;1363950;0;0;1980;226445;20,25;14935
TAM;TAM LINHAS AÉREAS S.A.;BRASILEIRA;2026;1;SBEG;MANAUS;AM;NORTE;BRASIL;AMÉRICA DO SUL;SBBR;BRASÍLIA;DF;CENTRO-OESTE;BRASIL;AMÉRICA DO SUL;DOMÉSTICA;REGULAR;9724;65;27283;0;0;22725340;18952076;2541033;1669476;544428;118889;61;53174567;0;0;11660;1303772;178,4;100014
TAM;TAM LINHAS AÉREAS S.A.;BRASILEIRA;2026;1;SBEG;MANAUS;AM;NORTE;BRASIL;AMÉRICA DO SUL;SBFZ;FORTALEZA;CE;NORDESTE;BRASIL;AMÉRICA DO SUL;DOMÉSTICA;REGULAR;8667;33;5801;0;0;26763220;20714130;3128925;1764252;564905;126670;53;13864390;0;0;11198;1309177;174,4;82365
TAM;TAM LINHAS AÉREAS S.A.;BRASILEIRA;2026;1;SBEG;MANAUS;AM;NORTE;BRASIL;AMÉRICA DO SUL;SBGL;RIO DE JANEIRO;RJ;SUDESTE;BRASIL;AMÉRICA DO SUL;DOMÉSTICA;REGULAR;1344;10;1887;0;0;5061966;4390074;539952;385278;122975;28470;10;5372289;0;0;1778;189658;39,5833;15860
TAM;TAM LINHAS AÉREAS S.A.;BRASILEIRA;2026;1;SBEG;MANAUS;AM;NORTE;BRASIL;AMÉRICA DO SUL;SBGR;GUARULHOS;SP;SUDESTE;BRASIL;AMÉRICA DO SUL;DOMÉSTICA;REGULAR;22740;259;56467;168;0;68606286;60941412;8194939;5394637;1604216;326337;121;170496250;453096;0;25438;3038548;480,067;243357
TAM;TAM LINHAS AÉREAS S.A.;BRASILEIRA;2026;1;SBEG;MANAUS;AM;NORTE;BRASIL;AMÉRICA DO SUL;SBKP;CAMPINAS;SP;SUDESTE;BRASIL;AMÉRICA DO SUL;DOMÉSTICA;REGULAR;0;0;0;0;0;565920;516140;70740;46384;13674;2620;1;851500;0;0;216;27000;4,28333;0
TAM;TAM LINHAS AÉREAS S.A.;BRASILEIRA;2026;1;SBFI;FOZ DO IGUAÇU;PR;SUL;BRASIL;AMÉRICA DO SUL;SBBR;BRASÍLIA;DF;CENTRO-OESTE;BRASIL;AMÉRICA DO SUL;DOMÉSTICA;REGULAR;5548;78;716;0;0;8272572;7095892;948008;606279;201000;39649;31;915764;0;0;6468;741213;62,2833;57222
TAM;TAM LINHAS AÉREAS S.A.;BRASILEIRA;2026;1;SBFI;FOZ DO IGUAÇU;PR;SUL;BRASIL;AMÉRICA DO SUL;SBCT;SÃO JOSÉ DOS PINHAIS;PR;SUL;BRASIL;AMÉRICA DO SUL;DOMÉSTICA;REGULAR;7381;44;40;0;0;5615688;3934073;588888;326003;178654;31980;60;21320;0;0;10536;1104917;65,85;58087
TAM;TAM LINHAS AÉREAS S.A.;BRASILEIRA;2026;1;SBFI;FOZ DO IGUAÇU;PR;SUL;BRASIL;AMÉRICA DO SUL;SBGL;RIO DE JANEIRO;RJ;SUDESTE;BRASIL;AMÉRICA DO SUL;DOMÉSTICA;REGULAR;5737;12;130;0;0;7632240;6947840;888586;603016;178336;36580;31;153400;0;0;6468;753044;57,9;67981
TAM;TAM LINHAS AÉREAS S.A.;BRASILEIRA;2026;1;SBFI;FOZ DO IGUAÇU;PR;SUL;BRASIL;AMÉRICA DO SUL;SBGR;GUARULHOS;SP;SUDESTE;BRASIL;AMÉRICA DO SUL;DOMÉSTICA;NÃO REGULAR;142;1;0;0;0;184210;119990;22815;10104;5975;845;1;0;0;0;218;27000;1,78333;1308
TAM;TAM LINHAS AÉREAS S.A.;BRASILEIRA;2026;1;SBFI;FOZ DO IGUAÇU;PR;SUL;BRASIL;AMÉRICA DO SUL;SBGR;GUARULHOS;SP;SUDESTE;BRASIL;AMÉRICA DO SUL;DOMÉSTICA;REGULAR;21102;297;17795;635;0;20653490;17566705;2375383;1528611;640818;102245;121;15036775;536575;0;24442;2811132;211,117;235881
TAM;TAM LINHAS AÉREAS S.A.;BRASILEIRA;2026;1;SBFI;FOZ DO IGUAÇU;PR;SUL;BRASIL;AMÉRICA DO SUL;SBKP;CAMPINAS;SP;SUDESTE;BRASIL;AMÉRICA DO SUL;DOMÉSTICA;REGULAR;0;0;0;0;0;139026;129438;13602;11655;5893;799;1;0;0;0;174;17025;1,98333;0
TAM;TAM LINHAS AÉREAS S.A.;BRASILEIRA;2026;1;SBFI;FOZ DO IGUAÇU;PR;SUL;BRASIL;AMÉRICA DO SUL;SBSP;SÃO PAULO;SP;SUDESTE;BRASIL;AMÉRICA DO SUL;DOMÉSTICA;REGULAR;9891;134;7042;92;0;9781394;8120511;1001268;685242;308096;57470;70;5781482;75532;0;11914;1219623;113,117;85817
TAM;TAM LINHAS AÉREAS S.A.;BRASILEIRA;2026;1;SBFL;FLORIANÓPOLIS;SC;SUL;BRASIL;AMÉRICA DO SUL;SAEZ;EZEIZA, BUENOS AIRES PROVINCE;;;ARGENTINA;AMÉRICA DO SUL;INTERNACIONAL;REGULAR;4882;75;0;0;0;7434370;6039034;830978;498955;194702;38347;31;0;0;0;6010;671775;68,5;37224
TAM;TAM LINHAS AÉREAS S.A.;BRASILEIRA;2026;1;SBFL;FLORIANÓPOLIS;SC;SUL;BRASIL;AMÉRICA DO SUL;SBBR;BRASÍLIA;DF;CENTRO-OESTE;BRASIL;AMÉRICA DO SUL;DOMÉSTICA;IMPRODUTIVO;0;0;0;0;0;0;0;0;0;5754;1314;1;0;0;0;0;0;2,21667;0
TAM;TAM LINHAS AÉREAS S.A.;BRASILEIRA;2026;1;SBFL;FLORIANÓPOLIS;SC;SUL;BRASIL;AMÉRICA DO SUL;SBBR;BRASÍLIA;DF;CENTRO-OESTE;BRASIL;AMÉRICA DO SUL;DOMÉSTICA;NÃO REGULAR;214;0;0;0;0;286452;281196;35478;22787;7056;1314;1;0;0;0;218;27000;2;1292
TAM;TAM LINHAS AÉREAS S.A.;BRASILEIRA;2026;1;SBFL;FLORIANÓPOLIS;SC;SUL;BRASIL;AMÉRICA DO SUL;SBBR;BRASÍLIA;DF;CENTRO-OESTE;BRASIL;AMÉRICA DO SUL;DOMÉSTICA;REGULAR;9900;64;41727;0;0;14049288;12814128;1495254;1129478;354834;74898;57;54829278;0;0;10692;1137960;122,833;87656
TAM;TAM LINHAS AÉREAS S.A.;BRASILEIRA;2026;1;SBFL;FLORIANÓPOLIS;SC;SUL;BRASIL;AMÉRICA DO SUL;SBFL;FLORIANÓPOLIS;SC;SUL;BRASIL;AMÉRICA DO SUL;DOMÉSTICA;IMPRODUTIVO;0;0;0;0;0;0;0;0;0;990;0;3;0;0;0;526;50700;0,733333;0
TAM;TAM LINHAS AÉREAS S.A.;BRASILEIRA;2026;1;SBFL;FLORIANÓPOLIS;SC;SUL;BRASIL;AMÉRICA DO SUL;SBGL;RIO DE JANEIRO;RJ;SUDESTE;BRASIL;AMÉRICA DO SUL;DOMÉSTICA;REGULAR;4573;19;16778;0;0;4174500;3601455;440000;306109;126186;23529;31;12734502;0;0;5500;579729;45,6;29675
TAM;TAM LINHAS AÉREAS S.A.;BRASILEIRA;2026;1;SBFL;FLORIANÓPOLIS;SC;SUL;BRASIL;AMÉRICA DO SUL;SBGR;GUARULHOS;SP;SUDESTE;BRASIL;AMÉRICA DO SUL;DOMÉSTICA;IMPRODUTIVO;0;0;0;0;0;0;0;0;0;3609;515;1;0;0;0;0;0;1,18333;0
TAM;TAM LINHAS AÉREAS S.A.;BRASILEIRA;2026;1;SBFL;FLORIANÓPOLIS;SC;SUL;BRASIL;AMÉRICA DO SUL;SBGR;GUARULHOS;SP;SUDESTE;BRASIL;AMÉRICA DO SUL;DOMÉSTICA;REGULAR;32458;514;53432;1269;0;18415370;16790030;2055067;1461135;792345;94245;183;27517480;653535;0;35758;3990515;259,1;337367
TAM;TAM LINHAS AÉREAS S.A.;BRASILEIRA;2026;1;SBFL;FLORIANÓPOLIS;SC;SUL;BRASIL;AMÉRICA DO SUL;SBJV;JOINVILLE;SC;SUL;BRASIL;AMÉRICA DO SUL;DOMÉSTICA;REGULAR;0;0;0;0;0;28036;24287;2754;2135;4482;163;1;46129;7661;0;172;16900;1,2;0
TAM;TAM LINHAS AÉREAS S.A.;BRASILEIRA;2026;1;SBFL;FLORIANÓPOLIS;SC;SUL;BRASIL;AMÉRICA DO SUL;SBPA;PORTO ALEGRE;RS;SUL;BRASIL;AMÉRICA DO SUL;DOMÉSTICA;REGULAR;4297;54;10838;0;0;1967460;1559811;201071;129560;80712;11253;31;3934194;0;0;5420;553957;29,55;23840
TAM;TAM LINHAS AÉREAS S.A.;BRASILEIRA;2026;1;SBFL;FLORIANÓPOLIS;SC;SUL;BRASIL;AMÉRICA DO SUL;SBSP;SÃO PAULO;SP;SUDESTE;BRASIL;AMÉRICA DO SUL;DOMÉSTICA;REGULAR;27838;392;73814;36;0;14574608;13501008;1468801;1143601;527585;86376;177;36021232;17568;0;29866;3009955;210,533;195862
TAM;TAM LINHAS AÉREAS S.A.;BRASILEIRA;2026;1;SBFL;FLORIANÓPOLIS;SC;SUL;BRASIL;AMÉRICA DO SUL;SBUL;UBERLÂNDIA;MG;SUDESTE;BRASIL;AMÉRICA DO SUL;DOMÉSTICA;REGULAR;0;0;0;0;0;172128;144744;16528;12019;8910;978;1;0;0;0;176;16900;2,9;0
TAM;TAM LINHAS AÉREAS S.A.;BRASILEIRA;2026;1;SBFN;FERNANDO DE NORONHA;PE;NORDESTE;BRASIL;AMÉRICA DO SUL;SBGR;GUARULHOS;SP;SUDESTE;BRASIL;AMÉRICA DO SUL;DOMÉSTICA;REGULAR;2830;23;0;0;0;8211900;7496670;972340;648603;249573;58278;22;0;0;0;3100;367064;86,1167;32602
TAM;TAM LINHAS AÉREAS S.A.;BRASILEIRA;2026;1;SBFZ;FORTALEZA;CE;NORDESTE;BRASIL;AMÉRICA DO SUL;LPPT;LISBOA;;;PORTUGAL;EUROPA;INTERNACIONAL;REGULAR;3019;10;143418;0;0;18519600;16942628;3367487;2288831;501575;61732;11;804861808;0;0;3300;600052;75,0833;38004
TAM;TAM LINHAS AÉREAS S.A.;BRASILEIRA;2026;1;SBFZ;FORTALEZA;CE;NORDESTE;BRASIL;AMÉRICA DO SUL;SBBE;BELÉM;PA;NORTE;BRASIL;AMÉRICA DO SUL;DOMÉSTICA;REGULAR;8849;24;19596;63;0;12046144;10052464;1312112;860992;317177;60208;53;22261056;71568;0;10604;1155040;105,75;74669
TAM;TAM LINHAS AÉREAS S.A.;BRASILEIRA;2026;1;SBFZ;FORTALEZA;CE;NORDESTE;BRASIL;AMÉRICA DO SUL;SBBR;BRASÍLIA;DF;CENTRO-OESTE;BRASIL;AMÉRICA DO SUL;DOMÉSTICA;REGULAR;15068;196;99105;181;0;27894312;25215876;2905679;2313687;725929;153972;91;167685660;306252;0;16486;1717335;239,75;152092
TAM;TAM LINHAS AÉREAS S.A.;BRASILEIRA;2026;1;SBFZ;FORTALEZA;CE;NORDESTE;BRASIL;AMÉRICA DO SUL;SBCF;CONFINS;MG;SUDESTE;BRASIL;AMÉRICA DO SUL;DOMÉSTICA;REGULAR;3686;34;3614;0;0;7766440;6848588;779622;572254;187732;42734;23;6714812;0;0;4180;419607;62,6;27937
TAM;TAM LINHAS AÉREAS S.A.;BRASILEIRA;2026;1;SBFZ;FORTALEZA;CE;NORDESTE;BRASIL;AMÉRICA DO SUL;SBEG;MANAUS;AM;NORTE;BRASIL;AMÉRICA DO SUL;DOMÉSTICA;REGULAR;9333;35;114671;0;0;27121720;22305870;3088767;2235906;605890;126670;53;274063690;0;0;11348;1292375;181,483;120890
TAM;TAM LINHAS AÉREAS S.A.;BRASILEIRA;2026;1;SBFZ;FORTALEZA;CE;NORDESTE;BRASIL;AMÉRICA DO SUL;SBFZ;FORTALEZA;CE;NORDESTE;BRASIL;AMÉRICA DO SUL;DOMÉSTICA;IMPRODUTIVO;0;0;0;0;0;0;0;0;0;933;0;3;0;0;0;522;50700;1,13333;0
TAM;TAM LINHAS AÉREAS S.A.;BRASILEIRA;2026;1;SBFZ;FORTALEZA;CE;NORDESTE;BRASIL;AMÉRICA DO SUL;SBGL;RIO DE JANEIRO;RJ;SUDESTE;BRASIL;AMÉRICA DO SUL;DOMÉSTICA;REGULAR;15282;61;81749;1;0;35241276;33268914;3646802;2995534;903051;200284;92;177967573;2177;0;16188;1675171;298,867;148113
TAM;TAM LINHAS AÉREAS S.A.;BRASILEIRA;2026;1;SBFZ;FORTALEZA;CE;NORDESTE;BRASIL;AMÉRICA DO SUL;SBGR;GUARULHOS;SP;SUDESTE;BRASIL;AMÉRICA DO SUL;DOMÉSTICA;IMPRODUTIVO;0;0;0;0;0;0;0;0;0;9262;2347;1;0;0;0;0;0;3,46667;0
TAM;TAM LINHAS AÉREAS S.A.;BRASILEIRA;2026;1;SBFZ;FORTALEZA;CE;NORDESTE;BRASIL;AMÉRICA DO SUL;SBGR;GUARULHOS;SP;SUDESTE;BRASIL;AMÉRICA DO SUL;DOMÉSTICA;REGULAR;43048;575;394811;12817;0;112017616;101033656;13476578;9484675;2719219;528075;225;926621415;30081499;0;47728;5742069;788,167;417826
TAM;TAM LINHAS AÉREAS S.A.;BRASILEIRA;2026;1;SBFZ;FORTALEZA;CE;NORDESTE;BRASIL;AMÉRICA DO SUL;SBJU;JUAZEIRO DO NORTE;CE;NORDESTE;BRASIL;AMÉRICA DO SUL;DOMÉSTICA;REGULAR;3359;16;0;0;0;2566524;1313369;294719;106512;81999;12121;31;0;0;0;6564;753773;29,8667;20523
TAM;TAM LINHAS AÉREAS S.A.;BRASILEIRA;2026;1;SBFZ;FORTALEZA;CE;NORDESTE;BRASIL;AMÉRICA DO SUL;SBPB;PARNAÍBA;PI;NORDESTE;BRASIL;AMÉRICA DO SUL;DOMÉSTICA;REGULAR;866;29;0;0;0;763968;318688;75422;26855;24123;4416;12;0;0;0;2076;204962;11,55;8041
TAM;TAM LINHAS AÉREAS S.A.;BRASILEIRA;2026;1;SBFZ;FORTALEZA;CE;NORDESTE;BRASIL;AMÉRICA DO SUL;SBRF;RECIFE;PE;NORDESTE;BRASIL;AMÉRICA DO SUL;DOMÉSTICA;REGULAR;8142;85;21160;2451;0;6815490;5105034;677034;429387;203110;38874;62;13267320;1536777;0;10870;1079832;75,1667;53068
TAM;TAM LINHAS AÉREAS S.A.;BRASILEIRA;2026;1;SBFZ;FORTALEZA;CE;NORDESTE;BRASIL;AMÉRICA DO SUL;SBSG;SÃO GONÇALO DO AMARANTE;RN;NORDESTE;BRASIL;AMÉRICA DO SUL;DOMÉSTICA;REGULAR;5046;27;8218;104;0;2800420;2094090;327032;177074;91520;12865;31;3410470;43160;0;6748;788039;30,1333;40052
TAM;TAM LINHAS AÉREAS S.A.;BRASILEIRA;2026;1;SBFZ;FORTALEZA;CE;NORDESTE;BRASIL;AMÉRICA DO SUL;SBSL;SÃO LUÍS;MA;NORDESTE;BRASIL;AMÉRICA DO SUL;DOMÉSTICA;REGULAR;6604;23;13331;91;0;5747948;4272788;628664;364317;170149;29115;45;8625157;58877;0;8884;971676;58,5;54493
TAM;TAM LINHAS AÉREAS S.A.;BRASILEIRA;2026;1;SBFZ;FORTALEZA;CE;NORDESTE;BRASIL;AMÉRICA DO SUL;SBSP;SÃO PAULO;SP;SUDESTE;BRASIL;AMÉRICA DO SUL;DOMÉSTICA;REGULAR;17902;198;59754;79;0;47170494;42481446;4820220;3722994;1120896;280014;118;141796242;187467;0;19878;2031302;420,083;166518
TAM;TAM LINHAS AÉREAS S.A.;BRASILEIRA;2026;1;SBFZ;FORTALEZA;CE;NORDESTE;BRASIL;AMÉRICA DO SUL;SBSV;SALVADOR;BA;NORDESTE;BRASIL;AMÉRICA DO SUL;DOMÉSTICA;REGULAR;9622;46;14409;0;0;11271504;9943592;1107846;834560;306568;64008;63;14639544;0;0;11094;1090424;111,883;71546
TAM;TAM LINHAS AÉREAS S.A.;BRASILEIRA;2026;1;SBFZ;FORTALEZA;CE;NORDESTE;BRASIL;AMÉRICA DO SUL;SBTE;TERESINA;PI;NORDESTE;BRASIL;AMÉRICA DO SUL;DOMÉSTICA;REGULAR;4927;31;11779;44;0;4265254;2448719;424654;208729;142689;24353;49;5854163;21868;0;8582;854466;53,5667;38718
TAM;TAM LINHAS AÉREAS S.A.;BRASILEIRA;2026;1;SBFZ;FORTALEZA;CE;NORDESTE;BRASIL;AMÉRICA DO SUL;SCEL;SANTIAGO;;;CHILE;AMÉRICA DO SUL;INTERNACIONAL;REGULAR;684;2;0;0;0;4082040;3209328;396470;276240;84649;23460;5;0;0;0;870;84500;33,45;7575
TAM;TAM LINHAS AÉREAS S.A.;BRASILEIRA;2026;1;SBGL;RIO DE JANEIRO;RJ;SUDESTE;BRASIL;AMÉRICA DO SUL;SBBR;BRASÍLIA;DF;CENTRO-OESTE;BRASIL;AMÉRICA DO SUL;DOMÉSTICA;IMPRODUTIVO;0;0;0;0;0;0;0;0;0;3926;914;1;0;0;0;0;0;1,75;0
TAM;TAM LINHAS AÉREAS S.A.;BRASILEIRA;2026;1;SBGL;RIO DE JANEIRO;RJ;SUDESTE;BRASIL;AMÉRICA DO SUL;SBBR;BRASÍLIA;DF;CENTRO-OESTE;BRASIL;AMÉRICA DO SUL;DOMÉSTICA;REGULAR;13438;148;48014;1305;0;15029816;12404808;1559331;1065076;441135;85002;93;44205610;1194598;0;16444;1706105;162,133;98697
TAM;TAM LINHAS AÉREAS S.A.;BRASILEIRA;2026;1;SBGL;RIO DE JANEIRO;RJ;SUDESTE;BRASIL;AMÉRICA DO SUL;SBCF;CONFINS;MG;SUDESTE;BRASIL;AMÉRICA DO SUL;DOMÉSTICA;REGULAR;0;0;0;0;0;62988;49232;6520;4027;2710;362;1;0;0;0;174;18012;0,883333;0
TAM;TAM LINHAS AÉREAS S.A.;BRASILEIRA;2026;1;SBGL;RIO DE JANEIRO;RJ;SUDESTE;BRASIL;AMÉRICA DO SUL;SBCT;SÃO JOSÉ DOS PINHAIS;PR;SUL;BRASIL;AMÉRICA DO SUL;DOMÉSTICA;REGULAR;9156;31;13238;5;0;7265708;6161988;731817;508451;247784;41053;61;8909174;3365;0;10796;1087442;87,2833;55604
TAM;TAM LINHAS AÉREAS S.A.;BRASILEIRA;2026;1;SBGL;RIO DE JANEIRO;RJ;SUDESTE;BRASIL;AMÉRICA DO SUL;SBEG;MANAUS;AM;NORTE;BRASIL;AMÉRICA DO SUL;DOMÉSTICA;REGULAR;1366;8;7638;5;0;4464096;3889002;433439;367204;118869;25623;9;21745386;14235;0;1568;152245;36,3667;18893
TAM;TAM LINHAS AÉREAS S.A.;BRASILEIRA;2026;1;SBGL;RIO DE JANEIRO;RJ;SUDESTE;BRASIL;AMÉRICA DO SUL;SBFI;FOZ DO IGUAÇU;PR;SUL;BRASIL;AMÉRICA DO SUL;DOMÉSTICA;REGULAR;5823;25;2539;0;0;7632240;6871140;861271;596530;209326;36580;31;2996020;0;0;6468;729894;63,8667;66282
TAM;TAM LINHAS AÉREAS S.A.;BRASILEIRA;2026;1;SBGL;RIO DE JANEIRO;RJ;SUDESTE;BRASIL;AMÉRICA DO SUL;SBFL;FLORIANÓPOLIS;SC;SUL;BRASIL;AMÉRICA DO SUL;DOMÉSTICA;REGULAR;4188;12;7505;0;0;4040916;3178692;424427;260886;125767;22770;30;5696295;0;0;5324;559208;44,2167;22141
TAM;TAM LINHAS AÉREAS S.A.;BRASILEIRA;2026;1;SBGL;RIO DE JANEIRO;RJ;SUDESTE;BRASIL;AMÉRICA DO SUL;SBFZ;FORTALEZA;CE;NORDESTE;BRASIL;AMÉRICA DO SUL;DOMÉSTICA;REGULAR;15457;58;54146;1785;0;35724570;33649889;3776400;2930813;883783;202461;93;117875842;3885945;0;16410;1734700;288,883;132862
TAM;TAM LINHAS AÉREAS S.A.;BRASILEIRA;2026;1;SBGL;RIO DE JANEIRO;RJ;SUDESTE;BRASIL;AMÉRICA DO SUL;SBGL;RIO DE JANEIRO;RJ;SUDESTE;BRASIL;AMÉRICA DO SUL;DOMÉSTICA;IMPRODUTIVO;0;0;0;0;0;0;0;0;0;9350;0;3;0;0;0;528;50700;3,4;0
TAM;TAM LINHAS AÉREAS S.A.;BRASILEIRA;2026;1;SBGL;RIO DE JANEIRO;RJ;SUDESTE;BRASIL;AMÉRICA DO SUL;SBGR;GUARULHOS;SP;SUDESTE;BRASIL;AMÉRICA DO SUL;DOMÉSTICA;REGULAR;45452;1113;14570;1354;0;17000302;15682295;1854118;1351560;848954;87957;261;5415590;497075;3033;50446;5502044;292,733;491176
TAM;TAM LINHAS AÉREAS S.A.;BRASILEIRA;2026;1;SBGL;RIO DE JANEIRO;RJ;SUDESTE;BRASIL;AMÉRICA DO SUL;SBJP;SANTA RITA;PB;NORDESTE;BRASIL;AMÉRICA DO SUL;DOMÉSTICA;REGULAR;1356;10;55;0;0;3096720;2650980;317356;222741;74057;17595;9;107525;0;0;1584;162333;26,05;12181
TAM;TAM LINHAS AÉREAS S.A.;BRASILEIRA;2026;1;SBGL;RIO DE JANEIRO;RJ;SUDESTE;BRASIL;AMÉRICA DO SUL;SBPA;PORTO ALEGRE;RS;SUL;BRASIL;AMÉRICA DO SUL;DOMÉSTICA;REGULAR;14646;71;24064;51;0;21901440;16432812;2287475;1361851;616504;123420;110;26999808;57222;0;19520;2038803;218,317;91302
TAM;TAM LINHAS AÉREAS S.A.;BRASILEIRA;2026;1;SBGL;RIO DE JANEIRO;RJ;SUDESTE;BRASIL;AMÉRICA DO SUL;SBPS;PORTO SEGURO;BA;NORDESTE;BRASIL;AMÉRICA DO SUL;DOMÉSTICA;REGULAR;4711;4;0;0;0;4539392;3919552;439603;313673;131844;25792;31;0;0;0;5456;528395;46,2167;23704
TAM;TAM LINHAS AÉREAS S.A.;BRASILEIRA;2026;1;SBGL;RIO DE JANEIRO;RJ;SUDESTE;BRASIL;AMÉRICA DO SUL;SBRJ;RIO DE JANEIRO;RJ;SUDESTE;BRASIL;AMÉRICA DO SUL;DOMÉSTICA;IMPRODUTIVO;0;0;0;0;0;0;0;0;0;8288;70;5;0;0;0;0;0;2,61667;0
TAM;TAM LINHAS AÉREAS S.A.;BRASILEIRA;2026;1;SBGL;RIO DE JANEIRO;RJ;SUDESTE;BRASIL;AMÉRICA DO SUL;SBSL;SÃO LUÍS;MA;NORDESTE;BRASIL;AMÉRICA DO SUL;DOMÉSTICA;REGULAR;1335;1;342;0;0;3565584;3005085;372062;257534;81820;20259;9;769842;0;0;1584;165289;28,3833;13944
TAM;TAM LINHAS AÉREAS S.A.;BRASILEIRA;2026;1;SBGL;RIO DE JANEIRO;RJ;SUDESTE;BRASIL;AMÉRICA DO SUL;SBSP;SÃO PAULO;SP;SUDESTE;BRASIL;AMÉRICA DO SUL;DOMÉSTICA;IMPRODUTIVO;0;0;0;0;0;0;0;0;0;12675;1800;5;0;0;0;0;0;5,95;0
TAM;TAM LINHAS AÉREAS S.A.;BRASILEIRA;2026;1;SBGL;RIO DE JANEIRO;RJ;SUDESTE;BRASIL;AMÉRICA DO SUL;SBSP;SÃO PAULO;SP;SUDESTE;BRASIL;AMÉRICA DO SUL;DOMÉSTICA;REGULAR;0;0;0;0;0;63360;61920;6084;5002;3336;360;1;0;0;0;176;16900;1,3;0
TAM;TAM LINHAS AÉREAS S.A.;BRASILEIRA;2026;1;SBGL;RIO DE JANEIRO;RJ;SUDESTE;BRASIL;AMÉRICA DO SUL;SBSV;SALVADOR;BA;NORDESTE;BRASIL;AMÉRICA DO SUL;DOMÉSTICA;REGULAR;9199;36;30663;1109;0;13317612;11204382;1322878;959052;359767;75516;62;37347534;1350762;0;10934;1086118;123,65;66836
TAM;TAM LINHAS AÉREAS S.A.;BRASILEIRA;2026;1;SBGL;RIO DE JANEIRO;RJ;SUDESTE;BRASIL;AMÉRICA DO SUL;SBVT;VITÓRIA;ES;SUDESTE;BRASIL;AMÉRICA DO SUL;DOMÉSTICA;REGULAR;8833;41;21701;471;0;4464240;3692194;432543;311423;167383;25498;61;9071018;196878;0;10680;1034842;62,75;60933
TAM;TAM LINHAS AÉREAS S.A.;BRASILEIRA;2026;1;SBGO;GOIÂNIA;GO;CENTRO-OESTE;BRASIL;AMÉRICA DO SUL;SBBR;BRASÍLIA;DF;CENTRO-OESTE;BRASIL;AMÉRICA DO SUL;DOMÉSTICA;REGULAR;12121;242;28512;36;0;2833266;1975723;307825;170506;160689;15159;93;4647456;5868;0;17382;1888724;64,6833;108735
TAM;TAM LINHAS AÉREAS S.A.;BRASILEIRA;2026;1;SBGO;GOIÂNIA;GO;CENTRO-OESTE;BRASIL;AMÉRICA DO SUL;SBGR;GUARULHOS;SP;SUDESTE;BRASIL;AMÉRICA DO SUL;DOMÉSTICA;IMPRODUTIVO;0;0;0;0;0;0;0;0;0;4094;809;1;0;0;0;0;0;1,56667;0
TAM;TAM LINHAS AÉREAS S.A.;BRASILEIRA;2026;1;SBGO;GOIÂNIA;GO;CENTRO-OESTE;BRASIL;AMÉRICA DO SUL;SBGR;GUARULHOS;SP;SUDESTE;BRASIL;AMÉRICA DO SUL;DOMÉSTICA;REGULAR;24109;305;10350;3658;0;23066208;19504181;2653830;1686916;755362;115687;143;8373150;2959322;0;28512;3280411;240,633;266746
TAM;TAM LINHAS AÉREAS S.A.;BRASILEIRA;2026;1;SBGO;GOIÂNIA;GO;CENTRO-OESTE;BRASIL;AMÉRICA DO SUL;SBKP;CAMPINAS;SP;SUDESTE;BRASIL;AMÉRICA DO SUL;DOMÉSTICA;REGULAR;123;2;0;0;0;127624;91266;13315;7325;4146;742;1;0;0;0;172;17946;1,7;648
TAM;TAM LINHAS AÉREAS S.A.;BRASILEIRA;2026;1;SBGO;GOIÂNIA;GO;CENTRO-OESTE;BRASIL;AMÉRICA DO SUL;SBSP;SÃO PAULO;SP;SUDESTE;BRASIL;AMÉRICA DO SUL;DOMÉSTICA;REGULAR;19011;236;21471;839;0;18187572;15627042;1877602;1290817;575406;107682;131;17649162;689658;0;22126;2284287;214,567;123114
TAM;TAM LINHAS AÉREAS S.A.;BRASILEIRA;2026;1;SBGR;GUARULHOS;SP;SUDESTE;BRASIL;AMÉRICA DO SUL;EDDF;FRANKFURT AM MAIN;;;ALEMANHA;EUROPA;INTERNACIONAL;REGULAR;11741;20;390304;43;2;124532580;115038318;19471689;14469631;3762054;303738;31;3824198582;421314;19596;12710;1987314;359,05;205915
TAM;TAM LINHAS AÉREAS S.A.;BRASILEIRA;2026;1;SBGR;GUARULHOS;SP;SUDESTE;BRASIL;AMÉRICA DO SUL;EGLL;LONDON, ENGLAND;;;REINO UNIDO;EUROPA;INTERNACIONAL;REGULAR;11901;93;161733;19;0;120249310;112595361;18850357;12130208;3608662;293291;31;1530155926;179759;0;12710;1992430;345,4;227821
TAM;TAM LINHAS AÉREAS S.A.;BRASILEIRA;2026;1;SBGR;GUARULHOS;SP;SUDESTE;BRASIL;AMÉRICA DO SUL;FAOR;JOHANNESBURG;;;ÁFRICA DO SUL;ÁFRICA;INTERNACIONAL;REGULAR;4938;41;32056;3201;2653;40116480;36738720;7026484;3587998;1009194;133920;18;238496640;23815440;19738320;5392;944421;156,217;77200
TAM;TAM LINHAS AÉREAS S.A.;BRASILEIRA;2026;1;SBGR;GUARULHOS;SP;SUDESTE;BRASIL;AMÉRICA DO SUL;KBOS;BOSTON, MASSACHUSETTS;;;ESTADOS UNIDOS DA AMÉRICA;AMÉRICA DO NORTE;INTERNACIONAL;IMPRODUTIVO;0;0;0;0;0;0;0;0;0;55462;7738;1;0;0;0;0;0;9,78333;0
TAM;TAM LINHAS AÉREAS S.A.;BRASILEIRA;2026;1;SBGR;GUARULHOS;SP;SUDESTE;BRASIL;AMÉRICA DO SUL;KBOS;BOSTON, MASSACHUSETTS;;;ESTADOS UNIDOS DA AMÉRICA;AMÉRICA DO NORTE;INTERNACIONAL;REGULAR;3209;36;89843;1480;0;27810372;24831242;4828845;3049950;836760;92856;12;695205132;11452240;0;3594;624044;118,933;63635
TAM;TAM LINHAS AÉREAS S.A.;BRASILEIRA;2026;1;SBGR;GUARULHOS;SP;SUDESTE;BRASIL;AMÉRICA DO SUL;KJFK;NEW YORK, NEW YORK;;;ESTADOS UNIDOS DA AMÉRICA;AMÉRICA DO NORTE;INTERNACIONAL;NÃO REGULAR;293;4;11553;2;0;2299200;2245552;397286;300214;66653;7664;1;88542192;15328;0;300;51838;9,6;5644
TAM;TAM LINHAS AÉREAS S.A.;BRASILEIRA;2026;1;SBGR;GUARULHOS;SP;SUDESTE;BRASIL;AMÉRICA DO SUL;KJFK;NEW YORK, NEW YORK;;;ESTADOS UNIDOS DA AMÉRICA;AMÉRICA DO NORTE;INTERNACIONAL;REGULAR;7719;100;394750;2395;0;64239648;59158416;11340106;8467180;1894685;214592;28;3025364000;18355280;0;8382;1479661;274,733;131126
TAM;TAM LINHAS AÉREAS S.A.;BRASILEIRA;2026;1;SBGR;GUARULHOS;SP;SUDESTE;BRASIL;AMÉRICA DO SUL;KLAX;LOS ANGELES, CALIFORNIA;;;ESTADOS UNIDOS DA AMÉRICA;AMÉRICA DO NORTE;INTERNACIONAL;REGULAR;5014;30;166158;1852;0;53562600;49733866;7698911;6202420;1515778;178542;18;1648121208;18369988;0;5400;776179;216,1;83100
TAM;TAM LINHAS AÉREAS S.A.;BRASILEIRA;2026;1;SBGR;GUARULHOS;SP;SUDESTE;BRASIL;AMÉRICA DO SUL;KMCO;ORLANDO, FLORIDA;;;ESTADOS UNIDOS DA AMÉRICA;AMÉRICA DO NORTE;INTERNACIONAL;REGULAR;17224;411;332124;21527;0;127763400;118311656;23250625;12862353;3500017;425878;62;2281359726;147868963;0;18600;3384868;547,117;248602
TAM;TAM LINHAS AÉREAS S.A.;BRASILEIRA;2026;1;SBGR;GUARULHOS;SP;SUDESTE;BRASIL;AMÉRICA DO SUL;KMIA;MIAMI, FLORIDA;;;ESTADOS UNIDOS DA AMÉRICA;AMÉRICA DO NORTE;INTERNACIONAL;NÃO REGULAR;222;1;19660;175;0;1972200;1459428;356218;261632;54956;6574;1;129244840;1150450;0;300;54186;8,35;3488
TAM;TAM LINHAS AÉREAS S.A.;BRASILEIRA;2026;1;SBGR;GUARULHOS;SP;SUDESTE;BRASIL;AMÉRICA DO SUL;KMIA;MIAMI, FLORIDA;;;ESTADOS UNIDOS DA AMÉRICA;AMÉRICA DO NORTE;INTERNACIONAL;REGULAR;18808;433;1019072;68725;3501;139368800;123643792;23039868;17884324;4249811;387866;59;6699379304;451798152;23015574;21200;3504699;498,5;287295
TAM;TAM LINHAS AÉREAS S.A.;BRASILEIRA;2026;1;SBGR;GUARULHOS;SP;SUDESTE;BRASIL;AMÉRICA DO SUL;LEBL;BARCELONA;;;ESPANHA;EUROPA;INTERNACIONAL;REGULAR;6564;35;276472;810;0;60338260;57533460;9896122;7741765;1628429;201595;23;2423277104;7099650;0;6884;1129051;239,417;114488
TAM;TAM LINHAS AÉREAS S.A.;BRASILEIRA;2026;1;SBGR;GUARULHOS;SP;SUDESTE;BRASIL;AMÉRICA DO SUL;LEMD;MADRID;;;ESPANHA;EUROPA;INTERNACIONAL;REGULAR;13831;132;331947;1;41926;122385824;115876118;21231290;13754532;3324191;368632;44;2781051988;8378;351256028;14608;2534174;432,483;230549
TAM;TAM LINHAS AÉREAS S.A.;BRASILEIRA;2026;1;SBGR;GUARULHOS;SP;SUDESTE;BRASIL;AMÉRICA DO SUL;LFPG;PARIS;;;FRANÇA;EUROPA;INTERNACIONAL;REGULAR;8782;94;253253;3041;0;87504120;82594710;13373236;9995367;2338659;291555;31;2381844479;28600605;0;9304;1421930;349,517;150870
TAM;TAM LINHAS AÉREAS S.A.;BRASILEIRA;2026;1;SBGR;GUARULHOS;SP;SUDESTE;BRASIL;AMÉRICA DO SUL;LIMC;MILAN;;;ITÁLIA;EUROPA;INTERNACIONAL;REGULAR;11971;55;295031;0;0;120554350;113544935;18886313;13405582;3609534;294035;31;2798369040;0;0;12710;1991177;349,067;220491
TAM;TAM LINHAS AÉREAS S.A.;BRASILEIRA;2026;1;SBGR;GUARULHOS;SP;SUDESTE;BRASIL;AMÉRICA DO SUL;LIRF;ROME;;;ITÁLIA;EUROPA;INTERNACIONAL;REGULAR;10337;117;48303;0;0;104423310;97508921;16615246;9155704;2941273;254691;27;455642199;0;0;11070;1761397;300,75;147027
TAM;TAM LINHAS AÉREAS S.A.;BRASILEIRA;2026;1;SBGR;GUARULHOS;SP;SUDESTE;BRASIL;AMÉRICA DO SUL;LPPT;LISBOA;;;PORTUGAL;EUROPA;INTERNACIONAL;REGULAR;22327;182;427511;0;0;190852620;177164745;31715504;19429127;5338278;507840;64;3392299783;0;0;24052;3996916;610,917;346503
TAM;TAM LINHAS AÉREAS S.A.;BRASILEIRA;2026;1;SBGR;GUARULHOS;SP;SUDESTE;BRASIL;AMÉRICA DO SUL;MMMX;MEXICO;;;MÉXICO;AMÉRICA DO NORTE;INTERNACIONAL;REGULAR;7236;12;370231;0;0;68948508;53785188;12410807;7529546;1868506;230423;31;2751927021;0;0;9276;1669692;280,667;100060
TAM;TAM LINHAS AÉREAS S.A.;BRASILEIRA;2026;1;SBGR;GUARULHOS;SP;SUDESTE;BRASIL;AMÉRICA DO SUL;SAAR;ROSARIO, SANTA FE PROVINCE;;;ARGENTINA;AMÉRICA DO SUL;INTERNACIONAL;REGULAR;1664;0;44;0;0;5484132;2913664;558992;247557;139005;31518;18;77044;0;0;3132;319248;52,4167;16543
TAM;TAM LINHAS AÉREAS S.A.;BRASILEIRA;2026;1;SBGR;GUARULHOS;SP;SUDESTE;BRASIL;AMÉRICA DO SUL;SABE;BUENOS AIRES;;;ARGENTINA;AMÉRICA DO SUL;INTERNACIONAL;REGULAR;14371;37;0;0;0;30153200;24344474;3141536;2090783;811393;172788;102;0;0;0;17800;1854538;289,383;156435
TAM;TAM LINHAS AÉREAS S.A.;BRASILEIRA;2026;1;SBGR;GUARULHOS;SP;SUDESTE;BRASIL;AMÉRICA DO SUL;SACO;CÓRDOBA, CÓRDOBA PROVINCE;;;ARGENTINA;AMÉRICA DO SUL;INTERNACIONAL;REGULAR;3318;13;47;243;0;10625852;6483372;1096291;548798;273390;60574;31;91838;474822;0;5438;561058;100,25;31969
TAM;TAM LINHAS AÉREAS S.A.;BRASILEIRA;2026;1;SBGR;GUARULHOS;SP;SUDESTE;BRASIL;AMÉRICA DO SUL;SAEZ;EZEIZA, BUENOS AIRES PROVINCE;;;ARGENTINA;AMÉRICA DO SUL;INTERNACIONAL;REGULAR;3532;5;3523;39;50;7721448;6082104;862047;546088;198720;39606;23;6066606;67158;86100;4484;500613;67,5333;48657
TAM;TAM LINHAS AÉREAS S.A.;BRASILEIRA;2026;1;SBGR;GUARULHOS;SP;SUDESTE;BRASIL;AMÉRICA DO SUL;SAME;MENDOZA, MENDOZA PROVINCE;;;ARGENTINA;AMÉRICA DO SUL;INTERNACIONAL;REGULAR;2301;12;139;0;0;7486128;5563818;797484;491822;196709;43524;18;336102;0;0;3096;329815;68,35;30690
TAM;TAM LINHAS AÉREAS S.A.;BRASILEIRA;2026;1;SBGR;GUARULHOS;SP;SUDESTE;BRASIL;AMÉRICA DO SUL;SBAR;ARACAJU;SE;NORDESTE;BRASIL;AMÉRICA DO SUL;DOMÉSTICA;REGULAR;16160;152;71965;641;0;33325930;27552800;3785093;2412536;760386;156860;92;122700325;1092905;0;19546;2220005;236,683;131038
TAM;TAM LINHAS AÉREAS S.A.;BRASILEIRA;2026;1;SBGR;GUARULHOS;SP;SUDESTE;BRASIL;AMÉRICA DO SUL;SBBE;BELÉM;PA;NORTE;BRASIL;AMÉRICA DO SUL;DOMÉSTICA;REGULAR;29610;344;154873;1773;0;92326876;72870210;10919424;6543858;1950438;450363;183;381142453;4363353;0;37516;4437005;641,667;283439
TAM;TAM LINHAS AÉREAS S.A.;BRASILEIRA;2026;1;SBGR;GUARULHOS;SP;SUDESTE;BRASIL;AMÉRICA DO SUL;SBBR;BRASÍLIA;DF;CENTRO-OESTE;BRASIL;AMÉRICA DO SUL;DOMÉSTICA;REGULAR;33682;1112;116671;34353;0;35692830;28798110;4076254;2576949;1018851;182115;213;99753705;29371815;0;41746;4767619;358,817;371273
TAM;TAM LINHAS AÉREAS S.A.;BRASILEIRA;2026;1;SBGR;GUARULHOS;SP;SUDESTE;BRASIL;AMÉRICA DO SUL;SBBV;BOA VISTA;RR;NORTE;BRASIL;AMÉRICA DO SUL;DOMÉSTICA;REGULAR;1432;6;2871;0;0;5231952;4729896;515376;443231;104108;29727;9;9482913;0;0;1584;156034;40,4333;23921
TAM;TAM LINHAS AÉREAS S.A.;BRASILEIRA;2026;1;SBGR;GUARULHOS;SP;SUDESTE;BRASIL;AMÉRICA DO SUL;SBCA;CASCAVEL;PR;SUL;BRASIL;AMÉRICA DO SUL;DOMÉSTICA;REGULAR;6858;40;0;0;0;5551976;5033772;544842;425356;187549;32296;44;0;0;0;7564;742327;68,5167;65182
TAM;TAM LINHAS AÉREAS S.A.;BRASILEIRA;2026;1;SBGR;GUARULHOS;SP;SUDESTE;BRASIL;AMÉRICA DO SUL;SBCF;CONFINS;MG;SUDESTE;BRASIL;AMÉRICA DO SUL;DOMÉSTICA;IMPRODUTIVO;0;0;0;0;0;0;0;0;0;2630;496;1;0;0;0;0;0;1,01667;0
TAM;TAM LINHAS AÉREAS S.A.;BRASILEIRA;2026;1;SBGR;GUARULHOS;SP;SUDESTE;BRASIL;AMÉRICA DO SUL;SBCF;CONFINS;MG;SUDESTE;BRASIL;AMÉRICA DO SUL;DOMÉSTICA;REGULAR;31600;526;29465;5897;0;17986944;15673600;2026443;1382666;622803;91760;185;14614640;2924912;0;36264;4085684;220,35;388363
TAM;TAM LINHAS AÉREAS S.A.;BRASILEIRA;2026;1;SBGR;GUARULHOS;SP;SUDESTE;BRASIL;AMÉRICA DO SUL;SBCG;CAMPO GRANDE;MS;CENTRO-OESTE;BRASIL;AMÉRICA DO SUL;DOMÉSTICA;REGULAR;20431;335;51449;3112;0;21220172;18530917;2325034;1619545;611738;110654;122;46664243;2822584;0;23396;2563479;214,267;201910
TAM;TAM LINHAS AÉREAS S.A.;BRASILEIRA;2026;1;SBGR;GUARULHOS;SP;SUDESTE;BRASIL;AMÉRICA DO SUL;SBCH;CHAPECÓ;SC;SUL;BRASIL;AMÉRICA DO SUL;DOMÉSTICA;REGULAR;12372;64;11456;199;0;11394404;9229512;1140937;775269;359567;66394;89;8546176;148454;0;15274;1529459;132,333;99936
TAM;TAM LINHAS AÉREAS S.A.;BRASILEIRA;2026;1;SBGR;GUARULHOS;SP;SUDESTE;BRASIL;AMÉRICA DO SUL;SBCT;SÃO JOSÉ DOS PINHAIS;PR;SUL;BRASIL;AMÉRICA DO SUL;DOMÉSTICA;REGULAR;37598;1009;22769;5470;116;15119644;13497682;1755568;1191400;628182;76467;213;8174071;1963730;41644;42116;4890302;221,733;476232
TAM;TAM LINHAS AÉREAS S.A.;BRASILEIRA;2026;1;SBGR;GUARULHOS;SP;SUDESTE;BRASIL;AMÉRICA DO SUL;SBCX;CAXIAS DO SUL;RS;SUL;BRASIL;AMÉRICA DO SUL;DOMÉSTICA;REGULAR;4141;56;0;0;0;4216140;3287954;449176;272202;116328;24614;31;0;0;0;5310;565732;49,65;32268
TAM;TAM LINHAS AÉREAS S.A.;BRASILEIRA;2026;1;SBGR;GUARULHOS;SP;SUDESTE;BRASIL;AMÉRICA DO SUL;SBCY;VÁRZEA GRANDE;MT;CENTRO-OESTE;BRASIL;AMÉRICA DO SUL;DOMÉSTICA;REGULAR;27507;114;79242;1270;0;40884200;36584310;4708237;3232977;1019927;202160;152;105391860;1689100;0;30740;3540045;333,1;288599
TAM;TAM LINHAS AÉREAS S.A.;BRASILEIRA;2026;1;SBGR;GUARULHOS;SP;SUDESTE;BRASIL;AMÉRICA DO SUL;SBDB;BONITO;MS;CENTRO-OESTE;BRASIL;AMÉRICA DO SUL;DOMÉSTICA;REGULAR;1097;9;0;0;0;1329300;1157335;155718;93370;46199;9495;9;0;0;0;1260;147600;17,25;6232
TAM;TAM LINHAS AÉREAS S.A.;BRASILEIRA;2026;1;SBGR;GUARULHOS;SP;SUDESTE;BRASIL;AMÉRICA DO SUL;SBDO;DOURADOS;MS;CENTRO-OESTE;BRASIL;AMÉRICA DO SUL;DOMÉSTICA;REGULAR;1546;20;0;0;0;1908352;1355842;205245;115594;59742;12278;14;0;0;0;2176;234041;23,9333;15866
TAM;TAM LINHAS AÉREAS S.A.;BRASILEIRA;2026;1;SBGR;GUARULHOS;SP;SUDESTE;BRASIL;AMÉRICA DO SUL;SBEG;MANAUS;AM;NORTE;BRASIL;AMÉRICA DO SUL;DOMÉSTICA;REGULAR;21865;212;141555;1778;0;68671014;58969905;7963077;5516900;1544672;331731;123;381773835;4795266;0;25462;2952577;465,3;264162
TAM;TAM LINHAS AÉREAS S.A.;BRASILEIRA;2026;1;SBGR;GUARULHOS;SP;SUDESTE;BRASIL;AMÉRICA DO SUL;SBFI;FOZ DO IGUAÇU;PR;SUL;BRASIL;AMÉRICA DO SUL;DOMÉSTICA;REGULAR;21159;334;6379;2865;0;21195980;17879355;2426928;1519155;634592;104780;124;5390255;2420925;0;25084;2872140;207,467;204585
TAM;TAM LINHAS AÉREAS S.A.;BRASILEIRA;2026;1;SBGR;GUARULHOS;SP;SUDESTE;BRASIL;AMÉRICA DO SUL;SBFL;FLORIANÓPOLIS;SC;SUL;BRASIL;AMÉRICA DO SUL;DOMÉSTICA;REGULAR;30753;667;21129;3543;0;18661540;15914530;2134778;1369789;642983;95275;185;11027180;1848850;0;36236;4145290;233,483;319243
TAM;TAM LINHAS AÉREAS S.A.;BRASILEIRA;2026;1;SBGR;GUARULHOS;SP;SUDESTE;BRASIL;AMÉRICA DO SUL;SBFN;FERNANDO DE NORONHA;PE;NORDESTE;BRASIL;AMÉRICA DO SUL;DOMÉSTICA;REGULAR;2737;27;0;0;0;8206602;7250313;959721;602525;237389;58278;22;0;0;0;3098;362300;80,2;22182
TAM;TAM LINHAS AÉREAS S.A.;BRASILEIRA;2026;1;SBGR;GUARULHOS;SP;SUDESTE;BRASIL;AMÉRICA DO SUL;SBFZ;FORTALEZA;CE;NORDESTE;BRASIL;AMÉRICA DO SUL;DOMÉSTICA;REGULAR;40352;653;262557;6592;0;111886184;94706144;13645346;8594724;2461164;525728;224;616221279;15471424;0;47672;5813971;743,7;373094
TAM;TAM LINHAS AÉREAS S.A.;BRASILEIRA;2026;1;SBGR;GUARULHOS;SP;SUDESTE;BRASIL;AMÉRICA DO SUL;SBGL;RIO DE JANEIRO;RJ;SUDESTE;BRASIL;AMÉRICA DO SUL;DOMÉSTICA;REGULAR;42228;1300;82410;12170;0;16715200;14230836;1902689;1245677;632053;85935;255;27772170;4101290;0;49600;5646210;260,2;447233
TAM;TAM LINHAS AÉREAS S.A.;BRASILEIRA;2026;1;SBGR;GUARULHOS;SP;SUDESTE;BRASIL;AMÉRICA DO SUL;SBGO;GOIÂNIA;GO;CENTRO-OESTE;BRASIL;AMÉRICA DO SUL;DOMÉSTICA;REGULAR;24516;326;53884;4211;0;22941622;19833444;2589609;1782619;670962;116496;144;43592156;3406699;0;28358;3201041;226,933;310991
TAM;TAM LINHAS AÉREAS S.A.;BRASILEIRA;2026;1;SBGR;GUARULHOS;SP;SUDESTE;BRASIL;AMÉRICA DO SUL;SBGR;GUARULHOS;SP;SUDESTE;BRASIL;AMÉRICA DO SUL;DOMÉSTICA;IMPRODUTIVO;0;0;0;0;0;0;0;0;0;86001;0;43;0;0;0;8646;1204636;35,8167;0
TAM;TAM LINHAS AÉREAS S.A.;BRASILEIRA;2026;1;SBGR;GUARULHOS;SP;SUDESTE;BRASIL;AMÉRICA DO SUL;SBIL;ILHÉUS;BA;NORDESTE;BRASIL;AMÉRICA DO SUL;DOMÉSTICA;REGULAR;8550;62;18297;252;0;13165872;10567800;1314257;898672;335991;77868;63;22615092;311472;0;10652;1063336;129,983;67556
TAM;TAM LINHAS AÉREAS S.A.;BRASILEIRA;2026;1;SBGR;GUARULHOS;SP;SUDESTE;BRASIL;AMÉRICA DO SUL;SBIZ;IMPERATRIZ;MA;NORDESTE;BRASIL;AMÉRICA DO SUL;DOMÉSTICA;REGULAR;3954;30;14170;661;0;9922144;7666930;1003961;687496;262948;59820;30;28254980;1318034;0;4976;503500;88,1333;43355
TAM;TAM LINHAS AÉREAS S.A.;BRASILEIRA;2026;1;SBGR;GUARULHOS;SP;SUDESTE;BRASIL;AMÉRICA DO SUL;SBJA;JAGUARUNA;SC;SUL;BRASIL;AMÉRICA DO SUL;DOMÉSTICA;REGULAR;4233;54;0;0;0;4616976;2696421;468611;221789;148632;27391;43;0;0;0;7248;735686;57,8333;30730
TAM;TAM LINHAS AÉREAS S.A.;BRASILEIRA;2026;1;SBGR;GUARULHOS;SP;SUDESTE;BRASIL;AMÉRICA DO SUL;SBJE;CRUZ;CE;NORDESTE;BRASIL;AMÉRICA DO SUL;DOMÉSTICA;REGULAR;9152;63;0;0;0;26323704;21745152;2580488;1775948;611711;147312;62;0;0;0;11079;1086074;204,367;61066
TAM;TAM LINHAS AÉREAS S.A.;BRASILEIRA;2026;1;SBGR;GUARULHOS;SP;SUDESTE;BRASIL;AMÉRICA DO SUL;SBJP;SANTA RITA;PB;NORDESTE;BRASIL;AMÉRICA DO SUL;DOMÉSTICA;REGULAR;17143;303;72126;1399;0;43370760;37543170;5164689;3311392;934241;210240;96;157955940;3063810;0;19804;2358317;306,083;154222
TAM;TAM LINHAS AÉREAS S.A.;BRASILEIRA;2026;1;SBGR;GUARULHOS;SP;SUDESTE;BRASIL;AMÉRICA DO SUL;SBJU;JUAZEIRO DO NORTE;CE;NORDESTE;BRASIL;AMÉRICA DO SUL;DOMÉSTICA;REGULAR;9920;140;0;0;0;24186400;19443200;2771181;1627555;520238;121520;62;0;0;0;12340;1413876;176,95;86400
TAM;TAM LINHAS AÉREAS S.A.;BRASILEIRA;2026;1;SBGR;GUARULHOS;SP;SUDESTE;BRASIL;AMÉRICA DO SUL;SBJV;JOINVILLE;SC;SUL;BRASIL;AMÉRICA DO SUL;DOMÉSTICA;REGULAR;6613;74;13973;649;0;3349290;2514496;334975;218204;130537;19450;50;5325410;234178;0;8610;861154;53,3833;64154
TAM;TAM LINHAS AÉREAS S.A.;BRASILEIRA;2026;1;SBGR;GUARULHOS;SP;SUDESTE;BRASIL;AMÉRICA DO SUL;SBLO;LONDRINA;PR;SUL;BRASIL;AMÉRICA DO SUL;DOMÉSTICA;REGULAR;11178;249;6647;467;0;6252736;5320728;663778;470263;242628;37604;79;3163972;222292;0;13136;1394564;94,6167;143047
TAM;TAM LINHAS AÉREAS S.A.;BRASILEIRA;2026;1;SBGR;GUARULHOS;SP;SUDESTE;BRASIL;AMÉRICA DO SUL;SBMG;MARINGÁ;PR;SUL;BRASIL;AMÉRICA DO SUL;DOMÉSTICA;NÃO REGULAR;152;0;0;0;0;98310;85880;9548;7231;3905;565;1;0;0;0;174;16900;1,33333;1399
TAM;TAM LINHAS AÉREAS S.A.;BRASILEIRA;2026;1;SBGR;GUARULHOS;SP;SUDESTE;BRASIL;AMÉRICA DO SUL;SBMG;MARINGÁ;PR;SUL;BRASIL;AMÉRICA DO SUL;DOMÉSTICA;REGULAR;12304;191;15916;1397;0;8447880;6951760;924210;605226;292849;44635;79;8992540;789305;0;14952;1635807;104,633;132552
TAM;TAM LINHAS AÉREAS S.A.;BRASILEIRA;2026;1;SBGR;GUARULHOS;SP;SUDESTE;BRASIL;AMÉRICA DO SUL;SBMK;MONTES CLAROS;MG;SUDESTE;BRASIL;AMÉRICA DO SUL;DOMÉSTICA;REGULAR;4134;27;0;0;0;3855936;3298932;413403;269849;123967;24738;31;0;0;0;4832;518058;46;28128
TAM;TAM LINHAS AÉREAS S.A.;BRASILEIRA;2026;1;SBGR;GUARULHOS;SP;SUDESTE;BRASIL;AMÉRICA DO SUL;SBMO;RIO LARGO;AL;NORDESTE;BRASIL;AMÉRICA DO SUL;DOMÉSTICA;REGULAR;30698;320;77786;860;0;70686720;58940160;8339466;5046056;1496648;349440;182;149349120;1651200;0;36816;4343491;515,817;248063
TAM;TAM LINHAS AÉREAS S.A.;BRASILEIRA;2026;1;SBGR;GUARULHOS;SP;SUDESTE;BRASIL;AMÉRICA DO SUL;SBMQ;MACAPÁ;AP;NORTE;BRASIL;AMÉRICA DO SUL;DOMÉSTICA;REGULAR;2173;7;7471;247;0;7857048;5775834;795241;532494;176984;45186;17;19857918;656526;0;2956;299190;63,55;29894
TAM;TAM LINHAS AÉREAS S.A.;BRASILEIRA;2026;1;SBGR;GUARULHOS;SP;SUDESTE;BRASIL;AMÉRICA DO SUL;SBNF;NAVEGANTES;SC;SUL;BRASIL;AMÉRICA DO SUL;DOMÉSTICA;REGULAR;18178;264;19698;1029;0;8973468;8016498;948294;697591;347139;52479;119;8686818;453789;0;20348;2150468;134,15;198925
TAM;TAM LINHAS AÉREAS S.A.;BRASILEIRA;2026;1;SBGR;GUARULHOS;SP;SUDESTE;BRASIL;AMÉRICA DO SUL;SBPA;PORTO ALEGRE;RS;SUL;BRASIL;AMÉRICA DO SUL;DOMÉSTICA;REGULAR;35998;945;58334;17312;0;36882940;31174268;4227749;2718408;1055669;185324;214;50517244;14992192;0;42590;4881987;359,117;380984
TAM;TAM LINHAS AÉREAS S.A.;BRASILEIRA;2026;1;SBGR;GUARULHOS;SP;SUDESTE;BRASIL;AMÉRICA DO SUL;SBPF;PASSO FUNDO;RS;SUL;BRASIL;AMÉRICA DO SUL;DOMÉSTICA;REGULAR;4317;29;0;0;0;4298060;3423381;423110;285865;129030;24583;31;0;0;0;5420;533579;51,1833;36731
TAM;TAM LINHAS AÉREAS S.A.;BRASILEIRA;2026;1;SBGR;GUARULHOS;SP;SUDESTE;BRASIL;AMÉRICA DO SUL;SBPJ;PALMAS;TO;NORTE;BRASIL;AMÉRICA DO SUL;DOMÉSTICA;REGULAR;13904;146;55566;454;0;25532250;20508400;2754367;1812724;613606;128325;87;81959850;669650;0;17310;1867385;205;130627
TAM;TAM LINHAS AÉREAS S.A.;BRASILEIRA;2026;1;SBGR;GUARULHOS;SP;SUDESTE;BRASIL;AMÉRICA DO SUL;SBPK;PELOTAS;RS;SUL;BRASIL;AMÉRICA DO SUL;DOMÉSTICA;REGULAR;1224;6;0;0;0;2128560;1329264;249340;110478;69807;15204;14;0;0;0;1960;229600;28;9936
TAM;TAM LINHAS AÉREAS S.A.;BRASILEIRA;2026;1;SBGR;GUARULHOS;SP;SUDESTE;BRASIL;AMÉRICA DO SUL;SBPL;PETROLINA;PE;NORDESTE;BRASIL;AMÉRICA DO SUL;DOMÉSTICA;REGULAR;11783;30;0;0;0;24167124;19866138;2618018;1647874;578462;126450;75;0;0;0;14334;1552810;189,417;93683
TAM;TAM LINHAS AÉREAS S.A.;BRASILEIRA;2026;1;SBGR;GUARULHOS;SP;SUDESTE;BRASIL;AMÉRICA DO SUL;SBPS;PORTO SEGURO;BA;NORDESTE;BRASIL;AMÉRICA DO SUL;DOMÉSTICA;REGULAR;16830;110;5943;428;0;23217664;18445680;2593366;1511011;606313;117272;107;6513528;469088;0;21184;2366231;200,517;110517
TAM;TAM LINHAS AÉREAS S.A.;BRASILEIRA;2026;1;SBGR;GUARULHOS;SP;SUDESTE;BRASIL;AMÉRICA DO SUL;SBPV;PORTO VELHO;RO;NORTE;BRASIL;AMÉRICA DO SUL;DOMÉSTICA;REGULAR;5655;33;23956;726;0;15541668;13990470;1723472;1309278;349916;76694;31;59267144;1796124;0;6282;696637;109,017;81141
TAM;TAM LINHAS AÉREAS S.A.;BRASILEIRA;2026;1;SBGR;GUARULHOS;SP;SUDESTE;BRASIL;AMÉRICA DO SUL;SBRB;RIO BRANCO;AC;NORTE;BRASIL;AMÉRICA DO SUL;DOMÉSTICA;REGULAR;2037;6;7471;6;0;7095400;5558973;778335;516004;172004;38206;14;20388359;16374;0;2600;285210;53,25;28838
TAM;TAM LINHAS AÉREAS S.A.;BRASILEIRA;2026;1;SBGR;GUARULHOS;SP;SUDESTE;BRASIL;AMÉRICA DO SUL;SBRF;RECIFE;PE;NORDESTE;BRASIL;AMÉRICA DO SUL;DOMÉSTICA;REGULAR;32077;433;176064;5755;0;78690854;67393777;9255740;5989440;1731657;384483;183;369910464;12091255;0;37454;4405417;554,7;268962
TAM;TAM LINHAS AÉREAS S.A.;BRASILEIRA;2026;1;SBGR;GUARULHOS;SP;SUDESTE;BRASIL;AMÉRICA DO SUL;SBRJ;RIO DE JANEIRO;RJ;SUDESTE;BRASIL;AMÉRICA DO SUL;DOMÉSTICA;REGULAR;7297;175;4865;5383;0;2879828;2502871;344864;211872;138292;20580;60;1668695;1846369;0;8396;1005507;56,3667;65656
TAM;TAM LINHAS AÉREAS S.A.;BRASILEIRA;2026;1;SBGR;GUARULHOS;SP;SUDESTE;BRASIL;AMÉRICA DO SUL;SBRP;RIBEIRÃO PRETO;SP;SUDESTE;BRASIL;AMÉRICA DO SUL;DOMÉSTICA;REGULAR;3587;134;659;289;0;1359456;1036643;145317;87198;72536;8670;30;190451;83521;0;4704;502885;28,2167;32090
TAM;TAM LINHAS AÉREAS S.A.;BRASILEIRA;2026;1;SBGR;GUARULHOS;SP;SUDESTE;BRASIL;AMÉRICA DO SUL;SBSG;SÃO GONÇALO DO AMARANTE;RN;NORDESTE;BRASIL;AMÉRICA DO SUL;DOMÉSTICA;REGULAR;22026;266;90752;1680;0;59613344;50571696;7048120;4420579;1268138;284704;124;208366592;3857280;0;25964;3069749;400,483;182665
TAM;TAM LINHAS AÉREAS S.A.;BRASILEIRA;2026;1;SBGR;GUARULHOS;SP;SUDESTE;BRASIL;AMÉRICA DO SUL;SBSI;SINOP;MT;CENTRO-OESTE;BRASIL;AMÉRICA DO SUL;DOMÉSTICA;REGULAR;4306;4;0;0;0;7312380;6911130;822923;590789;210530;49755;31;0;0;0;4556;512726;77,6667;45152
TAM;TAM LINHAS AÉREAS S.A.;BRASILEIRA;2026;1;SBGR;GUARULHOS;SP;SUDESTE;BRASIL;AMÉRICA DO SUL;SBSL;SÃO LUÍS;MA;NORDESTE;BRASIL;AMÉRICA DO SUL;DOMÉSTICA;REGULAR;20346;151;96414;332;0;58107168;47680605;6866459;4292283;1289757;279720;120;224741034;773892;0;24928;2945725;400,033;209767
TAM;TAM LINHAS AÉREAS S.A.;BRASILEIRA;2026;1;SBGR;GUARULHOS;SP;SUDESTE;BRASIL;AMÉRICA DO SUL;SBSP;SÃO PAULO;SP;SUDESTE;BRASIL;AMÉRICA DO SUL;DOMÉSTICA;IMPRODUTIVO;0;0;0;0;0;0;0;0;0;15750;224;8;0;0;0;0;0;5,88333;0
TAM;TAM LINHAS AÉREAS S.A.;BRASILEIRA;2026;1;SBGR;GUARULHOS;SP;SUDESTE;BRASIL;AMÉRICA DO SUL;SBSR;SÃO JOSÉ DO RIO PRETO;SP;SUDESTE;BRASIL;AMÉRICA DO SUL;DOMÉSTICA;REGULAR;6210;190;133;95;0;3154200;2608200;327318;225887;126955;19320;46;55860;39900;0;7510;779351;51,6833;71994
TAM;TAM LINHAS AÉREAS S.A.;BRASILEIRA;2026;1;SBGR;GUARULHOS;SP;SUDESTE;BRASIL;AMÉRICA DO SUL;SBSV;SALVADOR;BA;NORDESTE;BRASIL;AMÉRICA DO SUL;DOMÉSTICA;REGULAR;37412;376;148578;4344;0;63397224;54322224;7452657;4752359;1478455;313632;216;215735256;6307488;0;43662;5132717;498,617;318571
TAM;TAM LINHAS AÉREAS S.A.;BRASILEIRA;2026;1;SBGR;GUARULHOS;SP;SUDESTE;BRASIL;AMÉRICA DO SUL;SBTC;UNA;BA;NORDESTE;BRASIL;AMÉRICA DO SUL;DOMÉSTICA;IMPRODUTIVO;0;0;0;0;0;0;0;0;0;4129;1192;1;0;0;0;0;0;2,11667;0
TAM;TAM LINHAS AÉREAS S.A.;BRASILEIRA;2026;1;SBGR;GUARULHOS;SP;SUDESTE;BRASIL;AMÉRICA DO SUL;SBTC;UNA;BA;NORDESTE;BRASIL;AMÉRICA DO SUL;DOMÉSTICA;NÃO REGULAR;580;0;0;0;0;1072800;691360;100720;61852;22491;5960;5;0;0;0;900;84500;10,4;8391
TAM;TAM LINHAS AÉREAS S.A.;BRASILEIRA;2026;1;SBGR;GUARULHOS;SP;SUDESTE;BRASIL;AMÉRICA DO SUL;SBTE;TERESINA;PI;NORDESTE;BRASIL;AMÉRICA DO SUL;DOMÉSTICA;REGULAR;16537;70;69670;505;0;40389440;34396960;4740265;3029484;860912;193440;93;144913600;1050400;0;19418;2278982;286,467;146560
TAM;TAM LINHAS AÉREAS S.A.;BRASILEIRA;2026;1;SBGR;GUARULHOS;SP;SUDESTE;BRASIL;AMÉRICA DO SUL;SBUL;UBERLÂNDIA;MG;SUDESTE;BRASIL;AMÉRICA DO SUL;DOMÉSTICA;REGULAR;12530;257;13294;208;0;8251844;6741140;855478;587220;294762;48958;91;7152172;111904;0;15338;1590173;115,2;138522
TAM;TAM LINHAS AÉREAS S.A.;BRASILEIRA;2026;1;SBGR;GUARULHOS;SP;SUDESTE;BRASIL;AMÉRICA DO SUL;SBUR;UBERABA;MG;SUDESTE;BRASIL;AMÉRICA DO SUL;DOMÉSTICA;REGULAR;818;3;0;0;0;671440;356648;79180;29306;29351;4796;11;0;0;0;1540;181615;11,9333;5878
TAM;TAM LINHAS AÉREAS S.A.;BRASILEIRA;2026;1;SBGR;GUARULHOS;SP;SUDESTE;BRASIL;AMÉRICA DO SUL;SBVC;VITÓRIA DA CONQUISTA;BA;NORDESTE;BRASIL;AMÉRICA DO SUL;DOMÉSTICA;REGULAR;9619;31;6822;468;0;12603612;10705947;1324947;886963;335583;69006;62;7592886;520884;0;11324;1190452;115,9;68690
TAM;TAM LINHAS AÉREAS S.A.;BRASILEIRA;2026;1;SBGR;GUARULHOS;SP;SUDESTE;BRASIL;AMÉRICA DO SUL;SBVT;VITÓRIA;ES;SUDESTE;BRASIL;AMÉRICA DO SUL;DOMÉSTICA;REGULAR;28282;335;51064;2530;0;25440500;20645860;2886607;1811703;734836;129940;178;37276720;1846900;0;34850;3954298;259,85;309687
TAM;TAM LINHAS AÉREAS S.A.;BRASILEIRA;2026;1;SBGR;GUARULHOS;SP;SUDESTE;BRASIL;AMÉRICA DO SUL;SCEL;SANTIAGO;;;CHILE;AMÉRICA DO SUL;INTERNACIONAL;IMPRODUTIVO;0;0;0;0;0;0;0;0;0;86037;18298;7;0;0;0;0;0;29,25;0
TAM;TAM LINHAS AÉREAS S.A.;BRASILEIRA;2026;1;SBGR;GUARULHOS;SP;SUDESTE;BRASIL;AMÉRICA DO SUL;SCEL;SANTIAGO;;;CHILE;AMÉRICA DO SUL;INTERNACIONAL;REGULAR;6978;149;1385;76;1394;28100500;17921584;3078483;1563872;661282;148998;57;3372060;198664;3643916;10750;1177701;234,483;82685
TAM;TAM LINHAS AÉREAS S.A.;BRASILEIRA;2026;1;SBGR;GUARULHOS;SP;SUDESTE;BRASIL;AMÉRICA DO SUL;SDSC;SÃO CARLOS;SP;SUDESTE;BRASIL;AMÉRICA DO SUL;DOMÉSTICA;IMPRODUTIVO;0;0;0;0;0;0;0;0;0;26889;2497;11;0;0;0;0;0;11,9667;0
TAM;TAM LINHAS AÉREAS S.A.;BRASILEIRA;2026;1;SBGR;GUARULHOS;SP;SUDESTE;BRASIL;AMÉRICA DO SUL;SPJC;CALLAO/LIMA, LIMA METROPOLITAN AREA;;;PERU;AMÉRICA DO SUL;INTERNACIONAL;REGULAR;16646;173;181729;1840;1109;69138600;57844850;8214368;5678279;1521587;319700;92;631508274;6394000;3853775;19896;2363858;450,017;202763
TAM;TAM LINHAS AÉREAS S.A.;BRASILEIRA;2026;1;SBGR;GUARULHOS;SP;SUDESTE;BRASIL;AMÉRICA DO SUL;SUMU;MONTEVIDEO, MONTEVIDEO;;;URUGUAI;AMÉRICA DO SUL;INTERNACIONAL;NÃO REGULAR;164;1;917;0;0;342260;257480;42390;22743;8833;1570;1;1439690;0;0;218;27000;2,85;1269
TAM;TAM LINHAS AÉREAS S.A.;BRASILEIRA;2026;1;SBGR;GUARULHOS;SP;SUDESTE;BRASIL;AMÉRICA DO SUL;SUMU;MONTEVIDEO, MONTEVIDEO;;;URUGUAI;AMÉRICA DO SUL;INTERNACIONAL;REGULAR;9051;18;9906;0;114;18472620;14401610;2167930;1266358;457352;89490;57;15701570;0;178980;11766;1380851;146,55;107235
TAM;TAM LINHAS AÉREAS S.A.;BRASILEIRA;2026;1;SBIL;ILHÉUS;BA;NORDESTE;BRASIL;AMÉRICA DO SUL;SBGR;GUARULHOS;SP;SUDESTE;BRASIL;AMÉRICA DO SUL;DOMÉSTICA;REGULAR;9013;83;9934;5;0;13160928;11140068;1311753;961282;362486;77868;63;12278424;6180;0;10648;1061309;130,75;91852
TAM;TAM LINHAS AÉREAS S.A.;BRASILEIRA;2026;1;SBIL;ILHÉUS;BA;NORDESTE;BRASIL;AMÉRICA DO SUL;SBSP;SÃO PAULO;SP;SUDESTE;BRASIL;AMÉRICA DO SUL;DOMÉSTICA;REGULAR;5831;41;2418;0;0;8648288;7370384;887682;622996;242940;53088;42;3056352;0;0;6842;702300;94,2;53150
TAM;TAM LINHAS AÉREAS S.A.;BRASILEIRA;2026;1;SBIZ;IMPERATRIZ;MA;NORDESTE;BRASIL;AMÉRICA DO SUL;SBBR;BRASÍLIA;DF;CENTRO-OESTE;BRASIL;AMÉRICA DO SUL;DOMÉSTICA;REGULAR;4252;51;2957;90;0;6176266;4894052;620158;416355;173281;35681;31;3403507;103590;0;5366;538817;59,4667;39890
TAM;TAM LINHAS AÉREAS S.A.;BRASILEIRA;2026;1;SBIZ;IMPERATRIZ;MA;NORDESTE;BRASIL;AMÉRICA DO SUL;SBGR;GUARULHOS;SP;SUDESTE;BRASIL;AMÉRICA DO SUL;DOMÉSTICA;NÃO REGULAR;105;0;168;0;0;346956;209370;33698;18057;9028;1994;1;334992;0;0;174;16900;3,18333;1013
TAM;TAM LINHAS AÉREAS S.A.;BRASILEIRA;2026;1;SBIZ;IMPERATRIZ;MA;NORDESTE;BRASIL;AMÉRICA DO SUL;SBGR;GUARULHOS;SP;SUDESTE;BRASIL;AMÉRICA DO SUL;DOMÉSTICA;REGULAR;3510;23;5504;2;0;9886252;6998940;1017854;610385;260088;59820;30;10974976;3988;0;4958;510467;91,4333;37365
TAM;TAM LINHAS AÉREAS S.A.;BRASILEIRA;2026;1;SBJA;JAGUARUNA;SC;SUL;BRASIL;AMÉRICA DO SUL;SBFL;FLORIANÓPOLIS;SC;SUL;BRASIL;AMÉRICA DO SUL;DOMÉSTICA;REGULAR;0;0;0;0;0;21472;17568;2145;1485;1880;122;1;0;0;0;176;17582;0,816667;0
TAM;TAM LINHAS AÉREAS S.A.;BRASILEIRA;2026;1;SBJA;JAGUARUNA;SC;SUL;BRASIL;AMÉRICA DO SUL;SBGR;GUARULHOS;SP;SUDESTE;BRASIL;AMÉRICA DO SUL;DOMÉSTICA;IMPRODUTIVO;0;0;0;0;0;0;0;0;0;3650;637;1;0;0;0;0;0;1,31667;0
TAM;TAM LINHAS AÉREAS S.A.;BRASILEIRA;2026;1;SBJA;JAGUARUNA;SC;SUL;BRASIL;AMÉRICA DO SUL;SBGR;GUARULHOS;SP;SUDESTE;BRASIL;AMÉRICA DO SUL;DOMÉSTICA;REGULAR;5566;66;0;0;0;4469192;3453814;465417;289165;176926;26117;41;0;0;0;7016;730672;62,6167;48707
TAM;TAM LINHAS AÉREAS S.A.;BRASILEIRA;2026;1;SBJA;JAGUARUNA;SC;SUL;BRASIL;AMÉRICA DO SUL;SBJA;JAGUARUNA;SC;SUL;BRASIL;AMÉRICA DO SUL;DOMÉSTICA;IMPRODUTIVO;0;0;0;0;0;0;0;0;0;315;0;1;0;0;0;172;16400;0,3;0
TAM;TAM LINHAS AÉREAS S.A.;BRASILEIRA;2026;1;SBJE;CRUZ;CE;NORDESTE;BRASIL;AMÉRICA DO SUL;SBGR;GUARULHOS;SP;SUDESTE;BRASIL;AMÉRICA DO SUL;DOMÉSTICA;REGULAR;9876;57;0;0;0;26314200;23465376;2722485;1992906;662406;147312;62;0;0;0;11075;1145839;216,983;98080
TAM;TAM LINHAS AÉREAS S.A.;BRASILEIRA;2026;1;SBJP;SANTA RITA;PB;NORDESTE;BRASIL;AMÉRICA DO SUL;SBBR;BRASÍLIA;DF;CENTRO-OESTE;BRASIL;AMÉRICA DO SUL;DOMÉSTICA;REGULAR;9209;101;10029;392;0;18914946;15494085;2098718;1320445;470160;101067;59;16557858;671496;0;11042;1225183;157,7;83916
TAM;TAM LINHAS AÉREAS S.A.;BRASILEIRA;2026;1;SBJP;SANTA RITA;PB;NORDESTE;BRASIL;AMÉRICA DO SUL;SBGL;RIO DE JANEIRO;RJ;SUDESTE;BRASIL;AMÉRICA DO SUL;DOMÉSTICA;REGULAR;1367;6;14;0;0;3182740;2672485;341607;226705;81758;17595;9;27370;0;0;1628;174737;26,65;13425
TAM;TAM LINHAS AÉREAS S.A.;BRASILEIRA;2026;1;SBJP;SANTA RITA;PB;NORDESTE;BRASIL;AMÉRICA DO SUL;SBGR;GUARULHOS;SP;SUDESTE;BRASIL;AMÉRICA DO SUL;DOMÉSTICA;REGULAR;17726;364;11848;2105;0;43309440;38819940;5036769;3319993;1047807;210240;96;25947120;4609950;0;19776;2299903;329,4;174703
TAM;TAM LINHAS AÉREAS S.A.;BRASILEIRA;2026;1;SBJP;SANTA RITA;PB;NORDESTE;BRASIL;AMÉRICA DO SUL;SBKP;CAMPINAS;SP;SUDESTE;BRASIL;AMÉRICA DO SUL;DOMÉSTICA;REGULAR;0;0;0;0;0;307020;280704;35965;24348;12026;2193;1;0;0;0;140;16400;4,08333;0
TAM;TAM LINHAS AÉREAS S.A.;BRASILEIRA;2026;1;SBJP;SANTA RITA;PB;NORDESTE;BRASIL;AMÉRICA DO SUL;SBRP;RIBEIRÃO PRETO;SP;SUDESTE;BRASIL;AMÉRICA DO SUL;DOMÉSTICA;REGULAR;0;0;0;0;0;365904;340956;35135;28617;12173;2079;1;754677;0;0;176;16900;3,86667;0
TAM;TAM LINHAS AÉREAS S.A.;BRASILEIRA;2026;1;SBJP;SANTA RITA;PB;NORDESTE;BRASIL;AMÉRICA DO SUL;SBSP;SÃO PAULO;SP;SUDESTE;BRASIL;AMÉRICA DO SUL;DOMÉSTICA;REGULAR;6015;48;6886;927;0;14425872;13057366;1540416;1113774;361516;86502;39;15273148;2056086;0;6504;694515;131,833;55251
TAM;TAM LINHAS AÉREAS S.A.;BRASILEIRA;2026;1;SBJU;JUAZEIRO DO NORTE;CE;NORDESTE;BRASIL;AMÉRICA DO SUL;SBFZ;FORTALEZA;CE;NORDESTE;BRASIL;AMÉRICA DO SUL;DOMÉSTICA;REGULAR;3387;15;0;0;0;2583728;1324317;307204;108816;80526;12121;31;0;0;0;6608;785701;30,0167;24312
TAM;TAM LINHAS AÉREAS S.A.;BRASILEIRA;2026;1;SBJU;JUAZEIRO DO NORTE;CE;NORDESTE;BRASIL;AMÉRICA DO SUL;SBGR;GUARULHOS;SP;SUDESTE;BRASIL;AMÉRICA DO SUL;DOMÉSTICA;REGULAR;10220;154;0;0;0;24217760;20031200;2649695;1706576;569306;121520;62;0;0;0;12356;1351890;184,833;104219
TAM;TAM LINHAS AÉREAS S.A.;BRASILEIRA;2026;1;SBJU;JUAZEIRO DO NORTE;CE;NORDESTE;BRASIL;AMÉRICA DO SUL;SBJU;JUAZEIRO DO NORTE;CE;NORDESTE;BRASIL;AMÉRICA DO SUL;DOMÉSTICA;IMPRODUTIVO;0;0;0;0;0;0;0;0;0;387;0;1;0;0;0;220;27000;0,25;0
TAM;TAM LINHAS AÉREAS S.A.;BRASILEIRA;2026;1;SBJV;JOINVILLE;SC;SUL;BRASIL;AMÉRICA DO SUL;SBGL;RIO DE JANEIRO;RJ;SUDESTE;BRASIL;AMÉRICA DO SUL;DOMÉSTICA;REGULAR;0;0;0;0;0;117798;89364;11441;7605;5514;677;1;0;0;0;174;16900;2,3;0
TAM;TAM LINHAS AÉREAS S.A.;BRASILEIRA;2026;1;SBJV;JOINVILLE;SC;SUL;BRASIL;AMÉRICA DO SUL;SBGR;GUARULHOS;SP;SUDESTE;BRASIL;AMÉRICA DO SUL;DOMÉSTICA;REGULAR;7369;62;25302;17;0;3354736;2815193;342716;243743;157365;19450;50;9842478;6613;0;8624;881069;58,7833;59911
TAM;TAM LINHAS AÉREAS S.A.;BRASILEIRA;2026;1;SBJV;JOINVILLE;SC;SUL;BRASIL;AMÉRICA DO SUL;SBSP;SÃO PAULO;SP;SUDESTE;BRASIL;AMÉRICA DO SUL;DOMÉSTICA;REGULAR;3964;36;1245;0;0;1635330;1431004;187336;116832;77815;11191;31;449445;0;0;4530;518977;29,9833;25131
TAM;TAM LINHAS AÉREAS S.A.;BRASILEIRA;2026;1;SBKP;CAMPINAS;SP;SUDESTE;BRASIL;AMÉRICA DO SUL;SBBR;BRASÍLIA;DF;CENTRO-OESTE;BRASIL;AMÉRICA DO SUL;DOMÉSTICA;REGULAR;12218;240;15865;1;0;13712832;9749964;1516710;817575;390383;71820;90;12660270;798;0;17184;1900673;138,067;92370
TAM;TAM LINHAS AÉREAS S.A.;BRASILEIRA;2026;1;SBKP;CAMPINAS;SP;SUDESTE;BRASIL;AMÉRICA DO SUL;SBGR;GUARULHOS;SP;SUDESTE;BRASIL;AMÉRICA DO SUL;DOMÉSTICA;REGULAR;0;0;0;0;0;75862;68143;8658;5952;15036;415;5;26975;0;0;914;104325;3,86667;0
TAM;TAM LINHAS AÉREAS S.A.;BRASILEIRA;2026;1;SBKP;CAMPINAS;SP;SUDESTE;BRASIL;AMÉRICA DO SUL;SBSP;SÃO PAULO;SP;SUDESTE;BRASIL;AMÉRICA DO SUL;DOMÉSTICA;IMPRODUTIVO;0;0;0;0;0;0;0;0;0;1830;168;2;0;0;0;0;0;1,53333;0
TAM;TAM LINHAS AÉREAS S.A.;BRASILEIRA;2026;1;SBKP;CAMPINAS;SP;SUDESTE;BRASIL;AMÉRICA DO SUL;SBSP;SÃO PAULO;SP;SUDESTE;BRASIL;AMÉRICA DO SUL;DOMÉSTICA;REGULAR;0;0;0;0;0;23520;10752;3512;932;2847;168;2;0;0;0;280;41828;1,81667;0
TAM;TAM LINHAS AÉREAS S.A.;BRASILEIRA;2026;1;SBLO;LONDRINA;PR;SUL;BRASIL;AMÉRICA DO SUL;SBGR;GUARULHOS;SP;SUDESTE;BRASIL;AMÉRICA DO SUL;DOMÉSTICA;REGULAR;11530;307;10001;101;0;6140400;5488280;656485;481523;271347;37128;78;4760476;48076;0;12900;1379247;95,8833;136936
TAM;TAM LINHAS AÉREAS S.A.;BRASILEIRA;2026;1;SBLO;LONDRINA;PR;SUL;BRASIL;AMÉRICA DO SUL;SBSP;SÃO PAULO;SP;SUDESTE;BRASIL;AMÉRICA DO SUL;DOMÉSTICA;NÃO REGULAR;125;7;0;0;0;79692;57250;7740;4656;3472;458;1;0;0;0;174;16900;1,13333;793
TAM;TAM LINHAS AÉREAS S.A.;BRASILEIRA;2026;1;SBLO;LONDRINA;PR;SUL;BRASIL;AMÉRICA DO SUL;SBSP;SÃO PAULO;SP;SUDESTE;BRASIL;AMÉRICA DO SUL;DOMÉSTICA;REGULAR;3833;89;2832;0;0;2152600;1755514;238053;146390;93341;14198;31;1297056;0;0;4700;519786;35,05;29357
TAM;TAM LINHAS AÉREAS S.A.;BRASILEIRA;2026;1;SBMA;MARABÁ;PA;NORTE;BRASIL;AMÉRICA DO SUL;SBBR;BRASÍLIA;DF;CENTRO-OESTE;BRASIL;AMÉRICA DO SUL;DOMÉSTICA;NÃO REGULAR;71;0;0;0;0;162150;83425;19270;7065;4950;1175;1;0;0;0;138;16400;1,76667;688
TAM;TAM LINHAS AÉREAS S.A.;BRASILEIRA;2026;1;SBMA;MARABÁ;PA;NORTE;BRASIL;AMÉRICA DO SUL;SBBR;BRASÍLIA;DF;CENTRO-OESTE;BRASIL;AMÉRICA DO SUL;DOMÉSTICA;REGULAR;3660;23;10427;23;0;5358000;4300500;590695;376187;164369;35250;30;12251725;27025;0;4560;502727;60,1;35241
TAM;TAM LINHAS AÉREAS S.A.;BRASILEIRA;2026;1;SBMG;MARINGÁ;PR;SUL;BRASIL;AMÉRICA DO SUL;SBGR;GUARULHOS;SP;SUDESTE;BRASIL;AMÉRICA DO SUL;DOMÉSTICA;NÃO REGULAR;129;11;33;0;0;98310;72885;9593;6188;4030;565;1;18645;0;0;174;16979;1,16667;1245
TAM;TAM LINHAS AÉREAS S.A.;BRASILEIRA;2026;1;SBMG;MARINGÁ;PR;SUL;BRASIL;AMÉRICA DO SUL;SBGR;GUARULHOS;SP;SUDESTE;BRASIL;AMÉRICA DO SUL;DOMÉSTICA;REGULAR;12208;168;9748;403;0;7952940;6897520;897710;595688;296385;41810;74;5507620;227695;0;14076;1588901;98,6833;129030
TAM;TAM LINHAS AÉREAS S.A.;BRASILEIRA;2026;1;SBMG;MARINGÁ;PR;SUL;BRASIL;AMÉRICA DO SUL;SBSP;SÃO PAULO;SP;SUDESTE;BRASIL;AMÉRICA DO SUL;DOMÉSTICA;REGULAR;5027;69;4263;0;0;3080532;2744742;332197;227753;123679;19656;36;2327598;0;0;5642;608448;47,8333;35877
TAM;TAM LINHAS AÉREAS S.A.;BRASILEIRA;2026;1;SBMK;MONTES CLAROS;MG;SUDESTE;BRASIL;AMÉRICA DO SUL;SBGR;GUARULHOS;SP;SUDESTE;BRASIL;AMÉRICA DO SUL;DOMÉSTICA;REGULAR;4220;28;0;0;0;3816036;3367560;413973;281299;133275;24738;31;0;0;0;4782;518772;44,4167;36021
TAM;TAM LINHAS AÉREAS S.A.;BRASILEIRA;2026;1;SBMO;RIO LARGO;AL;NORDESTE;BRASIL;AMÉRICA DO SUL;SBBR;BRASÍLIA;DF;CENTRO-OESTE;BRASIL;AMÉRICA DO SUL;DOMÉSTICA;REGULAR;10418;44;4231;1;0;17575596;15554074;1925196;1308907;431083;92566;62;6316883;1493;0;11772;1289498;149,8;91133
TAM;TAM LINHAS AÉREAS S.A.;BRASILEIRA;2026;1;SBMO;RIO LARGO;AL;NORDESTE;BRASIL;AMÉRICA DO SUL;SBCF;CONFINS;MG;SUDESTE;BRASIL;AMÉRICA DO SUL;DOMÉSTICA;REGULAR;0;0;0;0;0;311086;268276;38529;23086;8467;1427;1;142700;5708;0;218;27000;3,4;0
TAM;TAM LINHAS AÉREAS S.A.;BRASILEIRA;2026;1;SBMO;RIO LARGO;AL;NORDESTE;BRASIL;AMÉRICA DO SUL;SBGR;GUARULHOS;SP;SUDESTE;BRASIL;AMÉRICA DO SUL;DOMÉSTICA;REGULAR;30628;316;4380;343;0;69354240;58204800;7999330;4919044;1640638;347520;181;8217600;650880;0;36122;4166337;549,383;287224
TAM;TAM LINHAS AÉREAS S.A.;BRASILEIRA;2026;1;SBMO;RIO LARGO;AL;NORDESTE;BRASIL;AMÉRICA DO SUL;SBKP;CAMPINAS;SP;SUDESTE;BRASIL;AMÉRICA DO SUL;DOMÉSTICA;REGULAR;0;0;0;0;0;327420;240750;32549;20182;10070;1926;1;0;0;0;170;16900;3,85;0
TAM;TAM LINHAS AÉREAS S.A.;BRASILEIRA;2026;1;SBMO;RIO LARGO;AL;NORDESTE;BRASIL;AMÉRICA DO SUL;SBMO;RIO LARGO;AL;NORDESTE;BRASIL;AMÉRICA DO SUL;DOMÉSTICA;IMPRODUTIVO;0;0;0;0;0;0;0;0;0;645;0;2;0;0;0;310;33300;0,933333;0
TAM;TAM LINHAS AÉREAS S.A.;BRASILEIRA;2026;1;SBMO;RIO LARGO;AL;NORDESTE;BRASIL;AMÉRICA DO SUL;SBSP;SÃO PAULO;SP;SUDESTE;BRASIL;AMÉRICA DO SUL;DOMÉSTICA;REGULAR;8905;78;2063;174;0;20890352;17346940;2151986;1462733;520551;120776;62;4018724;338952;0;10724;1104729;189,083;80967
TAM;TAM LINHAS AÉREAS S.A.;BRASILEIRA;2026;1;SBMQ;MACAPÁ;AP;NORTE;BRASIL;AMÉRICA DO SUL;SBBE;BELÉM;PA;NORTE;BRASIL;AMÉRICA DO SUL;DOMÉSTICA;REGULAR;1530;5;4496;5;0;729064;503370;77683;42472;28941;4277;13;1479184;1645;0;2216;236138;11,35;9873
TAM;TAM LINHAS AÉREAS S.A.;BRASILEIRA;2026;1;SBMQ;MACAPÁ;AP;NORTE;BRASIL;AMÉRICA DO SUL;SBBR;BRASÍLIA;DF;CENTRO-OESTE;BRASIL;AMÉRICA DO SUL;DOMÉSTICA;REGULAR;4506;16;16258;95;0;9070512;7906932;952907;710631;236788;54120;30;29329432;171380;0;5028;528228;80,65;50308
TAM;TAM LINHAS AÉREAS S.A.;BRASILEIRA;2026;1;SBMQ;MACAPÁ;AP;NORTE;BRASIL;AMÉRICA DO SUL;SBCF;CONFINS;MG;SUDESTE;BRASIL;AMÉRICA DO SUL;DOMÉSTICA;REGULAR;0;0;0;0;0;408496;285483;39224;24577;14463;2321;1;0;0;0;176;16900;4,65;0
TAM;TAM LINHAS AÉREAS S.A.;BRASILEIRA;2026;1;SBMQ;MACAPÁ;AP;NORTE;BRASIL;AMÉRICA DO SUL;SBGR;GUARULHOS;SP;SUDESTE;BRASIL;AMÉRICA DO SUL;DOMÉSTICA;REGULAR;2319;3;4041;0;0;7857048;6163902;762311;545237;190103;45186;17;10740978;0;0;2956;286800;67,3167;27168
TAM;TAM LINHAS AÉREAS S.A.;BRASILEIRA;2026;1;SBNF;NAVEGANTES;SC;SUL;BRASIL;AMÉRICA DO SUL;SBGR;GUARULHOS;SP;SUDESTE;BRASIL;AMÉRICA DO SUL;DOMÉSTICA;REGULAR;18715;249;51758;90;0;9148986;8253315;950289;723367;439685;53802;122;22825278;39690;0;20746;2155007;159,983;185035
TAM;TAM LINHAS AÉREAS S.A.;BRASILEIRA;2026;1;SBNF;NAVEGANTES;SC;SUL;BRASIL;AMÉRICA DO SUL;SBSP;SÃO PAULO;SP;SUDESTE;BRASIL;AMÉRICA DO SUL;DOMÉSTICA;IMPRODUTIVO;0;0;0;0;0;0;0;0;0;2414;414;1;0;0;0;0;0;0,95;0
TAM;TAM LINHAS AÉREAS S.A.;BRASILEIRA;2026;1;SBNF;NAVEGANTES;SC;SUL;BRASIL;AMÉRICA DO SUL;SBSP;SÃO PAULO;SP;SUDESTE;BRASIL;AMÉRICA DO SUL;DOMÉSTICA;NÃO REGULAR;134;2;0;0;0;144072;55476;14849;4566;5274;828;2;0;0;0;348;35869;2,03333;982
TAM;TAM LINHAS AÉREAS S.A.;BRASILEIRA;2026;1;SBNF;NAVEGANTES;SC;SUL;BRASIL;AMÉRICA DO SUL;SBSP;SÃO PAULO;SP;SUDESTE;BRASIL;AMÉRICA DO SUL;DOMÉSTICA;REGULAR;20646;207;45828;23;0;9329904;8547444;952755;714721;357236;55062;133;18972792;9522;0;22536;2301514;144,883;132270
TAM;TAM LINHAS AÉREAS S.A.;BRASILEIRA;2026;1;SBPA;PORTO ALEGRE;RS;SUL;BRASIL;AMÉRICA DO SUL;SABE;BUENOS AIRES;;;ARGENTINA;AMÉRICA DO SUL;INTERNACIONAL;REGULAR;1275;3;0;0;0;1920438;1082475;204370;87933;60611;11037;13;0;0;0;2262;240725;21,8667;7956
TAM;TAM LINHAS AÉREAS S.A.;BRASILEIRA;2026;1;SBPA;PORTO ALEGRE;RS;SUL;BRASIL;AMÉRICA DO SUL;SBBR;BRASÍLIA;DF;CENTRO-OESTE;BRASIL;AMÉRICA DO SUL;DOMÉSTICA;REGULAR;15538;139;66182;89;0;29474220;24938490;3409202;2195905;699991;147660;92;106222110;142845;0;18364;2124126;222,033;136662
TAM;TAM LINHAS AÉREAS S.A.;BRASILEIRA;2026;1;SBPA;PORTO ALEGRE;RS;SUL;BRASIL;AMÉRICA DO SUL;SBCF;CONFINS;MG;SUDESTE;BRASIL;AMÉRICA DO SUL;DOMÉSTICA;REGULAR;9128;109;14783;0;0;18278040;12432336;2240449;1040127;420541;83082;61;20134446;0;0;13420;1644970;129,467;64316
TAM;TAM LINHAS AÉREAS S.A.;BRASILEIRA;2026;1;SBPA;PORTO ALEGRE;RS;SUL;BRASIL;AMÉRICA DO SUL;SBCT;SÃO JOSÉ DOS PINHAIS;PR;SUL;BRASIL;AMÉRICA DO SUL;DOMÉSTICA;REGULAR;7642;75;2398;52;0;5694576;4080828;594412;329431;184433;32574;61;1280532;27768;0;10664;1113185;67,3333;41417
TAM;TAM LINHAS AÉREAS S.A.;BRASILEIRA;2026;1;SBPA;PORTO ALEGRE;RS;SUL;BRASIL;AMÉRICA DO SUL;SBFL;FLORIANÓPOLIS;SC;SUL;BRASIL;AMÉRICA DO SUL;DOMÉSTICA;REGULAR;4416;107;757;27;0;1967460;1603008;204591;128891;74212;11253;31;274791;9801;0;5420;563657;28,9833;23159
TAM;TAM LINHAS AÉREAS S.A.;BRASILEIRA;2026;1;SBPA;PORTO ALEGRE;RS;SUL;BRASIL;AMÉRICA DO SUL;SBGL;RIO DE JANEIRO;RJ;SUDESTE;BRASIL;AMÉRICA DO SUL;DOMÉSTICA;REGULAR;15303;169;27292;6;0;21791484;17169966;2327550;1445192;581534;123420;110;30621624;6732;0;19422;2074506;206,35;113081
TAM;TAM LINHAS AÉREAS S.A.;BRASILEIRA;2026;1;SBPA;PORTO ALEGRE;RS;SUL;BRASIL;AMÉRICA DO SUL;SBGR;GUARULHOS;SP;SUDESTE;BRASIL;AMÉRICA DO SUL;DOMÉSTICA;IMPRODUTIVO;0;0;0;0;0;0;0;0;0;4451;866;1;0;0;0;0;0;1,61667;0
TAM;TAM LINHAS AÉREAS S.A.;BRASILEIRA;2026;1;SBPA;PORTO ALEGRE;RS;SUL;BRASIL;AMÉRICA DO SUL;SBGR;GUARULHOS;SP;SUDESTE;BRASIL;AMÉRICA DO SUL;DOMÉSTICA;REGULAR;39672;767;68904;8586;0;36943560;34355952;4212345;2990708;1184511;184458;213;59670864;7435476;0;42660;4864201;381,717;409295
TAM;TAM LINHAS AÉREAS S.A.;BRASILEIRA;2026;1;SBPA;PORTO ALEGRE;RS;SUL;BRASIL;AMÉRICA DO SUL;SBPA;PORTO ALEGRE;RS;SUL;BRASIL;AMÉRICA DO SUL;DOMÉSTICA;IMPRODUTIVO;0;0;0;0;0;0;0;0;0;990;0;3;0;0;0;566;60800;1,15;0
TAM;TAM LINHAS AÉREAS S.A.;BRASILEIRA;2026;1;SBPA;PORTO ALEGRE;RS;SUL;BRASIL;AMÉRICA DO SUL;SBSP;SÃO PAULO;SP;SUDESTE;BRASIL;AMÉRICA DO SUL;DOMÉSTICA;REGULAR;46034;824;60365;1889;0;42811744;38576492;4260057;3212806;1253741;248886;297;50585870;1582982;0;51088;5083740;465,517;321160
TAM;TAM LINHAS AÉREAS S.A.;BRASILEIRA;2026;1;SBPB;PARNAÍBA;PI;NORDESTE;BRASIL;AMÉRICA DO SUL;SBFZ;FORTALEZA;CE;NORDESTE;BRASIL;AMÉRICA DO SUL;DOMÉSTICA;REGULAR;1247;19;0;0;0;763968;458896;80320;38639;28104;4416;12;0;0;0;2076;218274;10,8667;11491
TAM;TAM LINHAS AÉREAS S.A.;BRASILEIRA;2026;1;SBPF;PASSO FUNDO;RS;SUL;BRASIL;AMÉRICA DO SUL;SBGR;GUARULHOS;SP;SUDESTE;BRASIL;AMÉRICA DO SUL;DOMÉSTICA;REGULAR;4529;28;0;0;0;4290130;3591497;415649;301752;142917;24583;31;0;0;0;5410;524174;49,6167;40861
TAM;TAM LINHAS AÉREAS S.A.;BRASILEIRA;2026;1;SBPJ;PALMAS;TO;NORTE;BRASIL;AMÉRICA DO SUL;SBBR;BRASÍLIA;DF;CENTRO-OESTE;BRASIL;AMÉRICA DO SUL;DOMÉSTICA;REGULAR;4379;64;3378;194;0;3503104;2828856;351643;233070;111533;19904;32;2101116;120668;0;5632;565370;39,8667;29684
TAM;TAM LINHAS AÉREAS S.A.;BRASILEIRA;2026;1;SBPJ;PALMAS;TO;NORTE;BRASIL;AMÉRICA DO SUL;SBGR;GUARULHOS;SP;SUDESTE;BRASIL;AMÉRICA DO SUL;DOMÉSTICA;REGULAR;13300;88;21366;326;0;25195950;19617500;2815946;1657505;630958;126850;86;31514850;480850;0;17082;1909135;211,533;104897
TAM;TAM LINHAS AÉREAS S.A.;BRASILEIRA;2026;1;SBPK;PELOTAS;RS;SUL;BRASIL;AMÉRICA DO SUL;SBGR;GUARULHOS;SP;SUDESTE;BRASIL;AMÉRICA DO SUL;DOMÉSTICA;REGULAR;1264;11;0;0;0;2098152;1372704;249340;115275;78538;15204;14;0;0;0;1932;229600;30,35;11354
TAM;TAM LINHAS AÉREAS S.A.;BRASILEIRA;2026;1;SBPL;PETROLINA;PE;NORDESTE;BRASIL;AMÉRICA DO SUL;SBGR;GUARULHOS;SP;SUDESTE;BRASIL;AMÉRICA DO SUL;DOMÉSTICA;REGULAR;12290;38;0;0;0;24248052;20720940;2737747;1746777;611117;126450;75;0;0;0;14382;1623826;199,717;114319
TAM;TAM LINHAS AÉREAS S.A.;BRASILEIRA;2026;1;SBPS;PORTO SEGURO;BA;NORDESTE;BRASIL;AMÉRICA DO SUL;SBBR;BRASÍLIA;DF;CENTRO-OESTE;BRASIL;AMÉRICA DO SUL;DOMÉSTICA;REGULAR;6341;27;623;0;0;6466856;5998586;652481;500119;183588;36894;39;589358;0;0;6836;689745;64,9167;52487
TAM;TAM LINHAS AÉREAS S.A.;BRASILEIRA;2026;1;SBPS;PORTO SEGURO;BA;NORDESTE;BRASIL;AMÉRICA DO SUL;SBCF;CONFINS;MG;SUDESTE;BRASIL;AMÉRICA DO SUL;DOMÉSTICA;REGULAR;1;0;0;0;0;109098;99066;10596;8315;3915;627;1;0;0;0;174;16900;2,2;14
TAM;TAM LINHAS AÉREAS S.A.;BRASILEIRA;2026;1;SBPS;PORTO SEGURO;BA;NORDESTE;BRASIL;AMÉRICA DO SUL;SBGL;RIO DE JANEIRO;RJ;SUDESTE;BRASIL;AMÉRICA DO SUL;DOMÉSTICA;REGULAR;4252;3;0;0;0;4539392;3537664;476765;285473;132002;25792;31;0;0;0;5456;573055;47,55;24236
TAM;TAM LINHAS AÉREAS S.A.;BRASILEIRA;2026;1;SBPS;PORTO SEGURO;BA;NORDESTE;BRASIL;AMÉRICA DO SUL;SBGR;GUARULHOS;SP;SUDESTE;BRASIL;AMÉRICA DO SUL;DOMÉSTICA;REGULAR;18755;105;38105;12;0;23272464;20383408;2671568;1756983;680331;118368;108;41763080;13152;0;21234;2437584;212,167;171575
TAM;TAM LINHAS AÉREAS S.A.;BRASILEIRA;2026;1;SBPS;PORTO SEGURO;BA;NORDESTE;BRASIL;AMÉRICA DO SUL;SBPS;PORTO SEGURO;BA;NORDESTE;BRASIL;AMÉRICA DO SUL;DOMÉSTICA;IMPRODUTIVO;0;0;0;0;0;0;0;0;0;774;0;2;0;0;0;438;54000;0,7;0
TAM;TAM LINHAS AÉREAS S.A.;BRASILEIRA;2026;1;SBPS;PORTO SEGURO;BA;NORDESTE;BRASIL;AMÉRICA DO SUL;SBRJ;RIO DE JANEIRO;RJ;SUDESTE;BRASIL;AMÉRICA DO SUL;DOMÉSTICA;REGULAR;3455;8;16;0;0;3632580;2891835;431448;239739;125625;25947;31;13392;0;0;4340;515490;48,1;27306
TAM;TAM LINHAS AÉREAS S.A.;BRASILEIRA;2026;1;SBPS;PORTO SEGURO;BA;NORDESTE;BRASIL;AMÉRICA DO SUL;SBSP;SÃO PAULO;SP;SUDESTE;BRASIL;AMÉRICA DO SUL;DOMÉSTICA;REGULAR;17449;74;1874;66;0;22216984;19612676;2282231;1647150;708929;131508;117;2106376;74184;0;19766;2030509;246,467;154943
TAM;TAM LINHAS AÉREAS S.A.;BRASILEIRA;2026;1;SBPV;PORTO VELHO;RO;NORTE;BRASIL;AMÉRICA DO SUL;SBBR;BRASÍLIA;DF;CENTRO-OESTE;BRASIL;AMÉRICA DO SUL;DOMÉSTICA;REGULAR;4764;60;23364;10;0;10782032;9094476;1162848;824933;266472;59179;31;44601876;19090;0;5648;609145;85,6667;51472
TAM;TAM LINHAS AÉREAS S.A.;BRASILEIRA;2026;1;SBPV;PORTO VELHO;RO;NORTE;BRASIL;AMÉRICA DO SUL;SBGR;GUARULHOS;SP;SUDESTE;BRASIL;AMÉRICA DO SUL;DOMÉSTICA;REGULAR;5103;35;16033;77;0;15521876;12624822;1710606;1133213;365726;76694;31;39665642;190498;0;6274;691437;118,6;59298
TAM;TAM LINHAS AÉREAS S.A.;BRASILEIRA;2026;1;SBRB;RIO BRANCO;AC;NORTE;BRASIL;AMÉRICA DO SUL;SBBR;BRASÍLIA;DF;CENTRO-OESTE;BRASIL;AMÉRICA DO SUL;DOMÉSTICA;NÃO REGULAR;94;0;1433;0;0;394110;212910;38278;20994;9636;2265;1;3245745;0;0;174;16900;3,21667;786
TAM;TAM LINHAS AÉREAS S.A.;BRASILEIRA;2026;1;SBRB;RIO BRANCO;AC;NORTE;BRASIL;AMÉRICA DO SUL;SBBR;BRASÍLIA;DF;CENTRO-OESTE;BRASIL;AMÉRICA DO SUL;DOMÉSTICA;REGULAR;4076;29;40420;4;0;10826700;9232140;1193601;894447;293953;67950;30;91551300;9060;0;4780;526982;96,65;48786
TAM;TAM LINHAS AÉREAS S.A.;BRASILEIRA;2026;1;SBRB;RIO BRANCO;AC;NORTE;BRASIL;AMÉRICA DO SUL;SBGR;GUARULHOS;SP;SUDESTE;BRASIL;AMÉRICA DO SUL;DOMÉSTICA;REGULAR;2155;9;11918;56;0;7095400;5880995;771732;548837;183551;38206;14;32524222;152824;0;2600;282790;54,8333;27572
TAM;TAM LINHAS AÉREAS S.A.;BRASILEIRA;2026;1;SBRF;RECIFE;PE;NORDESTE;BRASIL;AMÉRICA DO SUL;SAEZ;EZEIZA, BUENOS AIRES PROVINCE;;;ARGENTINA;AMÉRICA DO SUL;INTERNACIONAL;REGULAR;738;1;0;0;0;3325140;2820636;333960;238577;68672;19110;5;0;0;0;870;87379;27,3;7073
TAM;TAM LINHAS AÉREAS S.A.;BRASILEIRA;2026;1;SBRF;RECIFE;PE;NORDESTE;BRASIL;AMÉRICA DO SUL;SBBR;BRASÍLIA;DF;CENTRO-OESTE;BRASIL;AMÉRICA DO SUL;DOMÉSTICA;IMPRODUTIVO;0;0;0;0;0;0;0;0;0;6880;1654;1;0;0;0;0;0;2,5;0
TAM;TAM LINHAS AÉREAS S.A.;BRASILEIRA;2026;1;SBRF;RECIFE;PE;NORDESTE;BRASIL;AMÉRICA DO SUL;SBBR;BRASÍLIA;DF;CENTRO-OESTE;BRASIL;AMÉRICA DO SUL;DOMÉSTICA;REGULAR;13978;115;97076;46;0;27052824;22869858;2815598;2081028;670219;150514;91;160426422;76084;0;16356;1702322;236,867;125248
TAM;TAM LINHAS AÉREAS S.A.;BRASILEIRA;2026;1;SBRF;RECIFE;PE;NORDESTE;BRASIL;AMÉRICA DO SUL;SBCF;CONFINS;MG;SUDESTE;BRASIL;AMÉRICA DO SUL;DOMÉSTICA;REGULAR;0;0;0;0;0;559584;490440;56168;42032;20151;3216;2;395568;0;0;348;34931;7;0
TAM;TAM LINHAS AÉREAS S.A.;BRASILEIRA;2026;1;SBRF;RECIFE;PE;NORDESTE;BRASIL;AMÉRICA DO SUL;SBFZ;FORTALEZA;CE;NORDESTE;BRASIL;AMÉRICA DO SUL;DOMÉSTICA;REGULAR;7967;74;51326;0;0;6814236;4995309;715372;443255;201316;38874;62;32181402;0;0;10868;1140986;83,5333;58142
TAM;TAM LINHAS AÉREAS S.A.;BRASILEIRA;2026;1;SBRF;RECIFE;PE;NORDESTE;BRASIL;AMÉRICA DO SUL;SBGR;GUARULHOS;SP;SUDESTE;BRASIL;AMÉRICA DO SUL;DOMÉSTICA;REGULAR;31879;470;145517;3605;0;77299992;66336974;8891897;5937221;1847582;380281;181;305214371;7574105;0;36792;4232246;589,783;315643
TAM;TAM LINHAS AÉREAS S.A.;BRASILEIRA;2026;1;SBRF;RECIFE;PE;NORDESTE;BRASIL;AMÉRICA DO SUL;SBRF;RECIFE;PE;NORDESTE;BRASIL;AMÉRICA DO SUL;DOMÉSTICA;IMPRODUTIVO;0;0;0;0;0;0;0;0;0;330;0;1;0;0;0;176;16900;0,416667;0
TAM;TAM LINHAS AÉREAS S.A.;BRASILEIRA;2026;1;SBRF;RECIFE;PE;NORDESTE;BRASIL;AMÉRICA DO SUL;SBSP;SÃO PAULO;SP;SUDESTE;BRASIL;AMÉRICA DO SUL;DOMÉSTICA;REGULAR;21767;241;54259;1464;0;54608850;46341943;5733178;4003122;1371638;323608;152;115517411;3116856;0;25650;2692933;510,867;193534
TAM;TAM LINHAS AÉREAS S.A.;BRASILEIRA;2026;1;SBRF;RECIFE;PE;NORDESTE;BRASIL;AMÉRICA DO SUL;SBSR;SÃO JOSÉ DO RIO PRETO;SP;SUDESTE;BRASIL;AMÉRICA DO SUL;DOMÉSTICA;REGULAR;0;0;0;0;0;369600;317100;35490;26182;12973;2100;1;174300;0;0;176;16900;4,13333;0
TAM;TAM LINHAS AÉREAS S.A.;BRASILEIRA;2026;1;SBRF;RECIFE;PE;NORDESTE;BRASIL;AMÉRICA DO SUL;SCEL;SANTIAGO;;;CHILE;AMÉRICA DO SUL;INTERNACIONAL;REGULAR;698;9;0;0;0;4025490;3229646;392965;273255;84525;23135;5;0;0;0;870;84929;33,0333;6707
TAM;TAM LINHAS AÉREAS S.A.;BRASILEIRA;2026;1;SBRJ;RIO DE JANEIRO;RJ;SUDESTE;BRASIL;AMÉRICA DO SUL;SBBR;BRASÍLIA;DF;CENTRO-OESTE;BRASIL;AMÉRICA DO SUL;DOMÉSTICA;REGULAR;22998;148;7938;47;0;25215616;21232640;2954806;1757603;885353;180032;194;7366464;43616;0;27172;3184100;330,55;170689
TAM;TAM LINHAS AÉREAS S.A.;BRASILEIRA;2026;1;SBRJ;RIO DE JANEIRO;RJ;SUDESTE;BRASIL;AMÉRICA DO SUL;SBCF;CONFINS;MG;SUDESTE;BRASIL;AMÉRICA DO SUL;DOMÉSTICA;REGULAR;0;0;0;0;0;51750;44250;6150;3525;2600;375;1;0;0;0;138;16400;1,38333;0
TAM;TAM LINHAS AÉREAS S.A.;BRASILEIRA;2026;1;SBRJ;RIO DE JANEIRO;RJ;SUDESTE;BRASIL;AMÉRICA DO SUL;SBGR;GUARULHOS;SP;SUDESTE;BRASIL;AMÉRICA DO SUL;DOMÉSTICA;REGULAR;7836;172;1700;1628;0;2870224;2645559;337671;227352;175770;20580;60;583100;558404;0;8368;984500;65,95;84039
TAM;TAM LINHAS AÉREAS S.A.;BRASILEIRA;2026;1;SBRJ;RIO DE JANEIRO;RJ;SUDESTE;BRASIL;AMÉRICA DO SUL;SBKP;CAMPINAS;SP;SUDESTE;BRASIL;AMÉRICA DO SUL;DOMÉSTICA;REGULAR;0;0;0;0;0;56166;50061;6674;4281;4954;407;1;0;0;0;138;16400;1,66667;0
TAM;TAM LINHAS AÉREAS S.A.;BRASILEIRA;2026;1;SBRJ;RIO DE JANEIRO;RJ;SUDESTE;BRASIL;AMÉRICA DO SUL;SBPS;PORTO SEGURO;BA;NORDESTE;BRASIL;AMÉRICA DO SUL;DOMÉSTICA;REGULAR;3437;8;154;46;0;3632580;2876769;425506;236982;121959;25947;31;128898;38502;0;4340;508400;45,85;25221
TAM;TAM LINHAS AÉREAS S.A.;BRASILEIRA;2026;1;SBRJ;RIO DE JANEIRO;RJ;SUDESTE;BRASIL;AMÉRICA DO SUL;SBRJ;RIO DE JANEIRO;RJ;SUDESTE;BRASIL;AMÉRICA DO SUL;DOMÉSTICA;IMPRODUTIVO;0;0;0;0;0;0;0;0;0;15418;0;4;0;0;0;548;65600;6,05;0
TAM;TAM LINHAS AÉREAS S.A.;BRASILEIRA;2026;1;SBRJ;RIO DE JANEIRO;RJ;SUDESTE;BRASIL;AMÉRICA DO SUL;SBSP;SÃO PAULO;SP;SUDESTE;BRASIL;AMÉRICA DO SUL;DOMÉSTICA;IMPRODUTIVO;0;0;0;0;0;0;0;0;0;2282;366;1;0;0;0;0;0;1,03333;0
TAM;TAM LINHAS AÉREAS S.A.;BRASILEIRA;2026;1;SBRJ;RIO DE JANEIRO;RJ;SUDESTE;BRASIL;AMÉRICA DO SUL;SBSP;SÃO PAULO;SP;SUDESTE;BRASIL;AMÉRICA DO SUL;DOMÉSTICA;REGULAR;69900;985;18157;11775;0;28666584;25583400;3401890;2079982;1517396;207156;566;6645462;4309650;0;78324;9295400;620,083;423124
TAM;TAM LINHAS AÉREAS S.A.;BRASILEIRA;2026;1;SBRJ;RIO DE JANEIRO;RJ;SUDESTE;BRASIL;AMÉRICA DO SUL;SBSV;SALVADOR;BA;NORDESTE;BRASIL;AMÉRICA DO SUL;DOMÉSTICA;REGULAR;3241;9;688;0;0;4970664;3966984;622263;325035;158895;37944;31;842112;0;0;4061;508400;60,6333;21801
TAM;TAM LINHAS AÉREAS S.A.;BRASILEIRA;2026;1;SBRP;RIBEIRÃO PRETO;SP;SUDESTE;BRASIL;AMÉRICA DO SUL;SBBR;BRASÍLIA;DF;CENTRO-OESTE;BRASIL;AMÉRICA DO SUL;DOMÉSTICA;REGULAR;4;0;0;0;0;307064;284796;29709;23654;10542;1758;3;680932;4102;0;524;50700;3,48333;0
TAM;TAM LINHAS AÉREAS S.A.;BRASILEIRA;2026;1;SBRP;RIBEIRÃO PRETO;SP;SUDESTE;BRASIL;AMÉRICA DO SUL;SBGR;GUARULHOS;SP;SUDESTE;BRASIL;AMÉRICA DO SUL;DOMÉSTICA;IMPRODUTIVO;0;0;0;0;0;0;0;0;0;2679;289;1;0;0;0;0;0;1;0
TAM;TAM LINHAS AÉREAS S.A.;BRASILEIRA;2026;1;SBRP;RIBEIRÃO PRETO;SP;SUDESTE;BRASIL;AMÉRICA DO SUL;SBGR;GUARULHOS;SP;SUDESTE;BRASIL;AMÉRICA DO SUL;DOMÉSTICA;REGULAR;3191;91;179;90;0;1268132;951966;139749;79127;81147;8092;28;51731;26010;0;4388;483611;29,6167;25830
TAM;TAM LINHAS AÉREAS S.A.;BRASILEIRA;2026;1;SBRP;RIBEIRÃO PRETO;SP;SUDESTE;BRASIL;AMÉRICA DO SUL;SBRP;RIBEIRÃO PRETO;SP;SUDESTE;BRASIL;AMÉRICA DO SUL;DOMÉSTICA;IMPRODUTIVO;0;0;0;0;0;0;0;0;0;975;0;3;0;0;0;492;50200;0,95;0
TAM;TAM LINHAS AÉREAS S.A.;BRASILEIRA;2026;1;SBRP;RIBEIRÃO PRETO;SP;SUDESTE;BRASIL;AMÉRICA DO SUL;SBSP;SÃO PAULO;SP;SUDESTE;BRASIL;AMÉRICA DO SUL;DOMÉSTICA;IMPRODUTIVO;0;0;0;0;0;0;0;0;0;2487;300;1;0;0;0;0;0;0,983333;0
TAM;TAM LINHAS AÉREAS S.A.;BRASILEIRA;2026;1;SBRP;RIBEIRÃO PRETO;SP;SUDESTE;BRASIL;AMÉRICA DO SUL;SBSP;SÃO PAULO;SP;SUDESTE;BRASIL;AMÉRICA DO SUL;DOMÉSTICA;NÃO REGULAR;66;0;0;0;0;52200;19800;5211;1564;2382;300;1;0;0;0;174;17370;1,28333;264
TAM;TAM LINHAS AÉREAS S.A.;BRASILEIRA;2026;1;SBRP;RIBEIRÃO PRETO;SP;SUDESTE;BRASIL;AMÉRICA DO SUL;SBSP;SÃO PAULO;SP;SUDESTE;BRASIL;AMÉRICA DO SUL;DOMÉSTICA;REGULAR;6039;283;7076;46;0;2218800;1811700;252242;148569;126214;15000;50;2122800;13800;0;7396;840837;50,5833;35309
TAM;TAM LINHAS AÉREAS S.A.;BRASILEIRA;2026;1;SBSG;SÃO GONÇALO DO AMARANTE;RN;NORDESTE;BRASIL;AMÉRICA DO SUL;SBBR;BRASÍLIA;DF;CENTRO-OESTE;BRASIL;AMÉRICA DO SUL;DOMÉSTICA;REGULAR;11618;81;33780;113;0;23239062;20217736;2771944;1755042;531888;108031;61;59824380;200123;0;13122;1565191;168,15;102436
TAM;TAM LINHAS AÉREAS S.A.;BRASILEIRA;2026;1;SBSG;SÃO GONÇALO DO AMARANTE;RN;NORDESTE;BRASIL;AMÉRICA DO SUL;SBFZ;FORTALEZA;CE;NORDESTE;BRASIL;AMÉRICA DO SUL;DOMÉSTICA;REGULAR;5350;41;18858;5;0;2816190;2220250;341174;193250;89250;12865;31;7826070;2075;0;6786;822110;32,1667;45593
TAM;TAM LINHAS AÉREAS S.A.;BRASILEIRA;2026;1;SBSG;SÃO GONÇALO DO AMARANTE;RN;NORDESTE;BRASIL;AMÉRICA DO SUL;SBGR;GUARULHOS;SP;SUDESTE;BRASIL;AMÉRICA DO SUL;DOMÉSTICA;REGULAR;22282;312;154564;3464;0;58552592;50668128;6864875;4613714;1395724;282408;123;354878944;7953344;0;25502;2989938;426,95;202228
TAM;TAM LINHAS AÉREAS S.A.;BRASILEIRA;2026;1;SBSG;SÃO GONÇALO DO AMARANTE;RN;NORDESTE;BRASIL;AMÉRICA DO SUL;SBKP;CAMPINAS;SP;SUDESTE;BRASIL;AMÉRICA DO SUL;DOMÉSTICA;REGULAR;0;0;0;0;0;495720;491130;61965;42351;12704;2295;1;0;0;0;216;27000;3,88333;0
TAM;TAM LINHAS AÉREAS S.A.;BRASILEIRA;2026;1;SBSG;SÃO GONÇALO DO AMARANTE;RN;NORDESTE;BRASIL;AMÉRICA DO SUL;SBSG;SÃO GONÇALO DO AMARANTE;RN;NORDESTE;BRASIL;AMÉRICA DO SUL;DOMÉSTICA;IMPRODUTIVO;0;0;0;0;0;0;0;0;0;387;0;1;0;0;0;220;27000;0,133333;0
TAM;TAM LINHAS AÉREAS S.A.;BRASILEIRA;2026;1;SBSG;SÃO GONÇALO DO AMARANTE;RN;NORDESTE;BRASIL;AMÉRICA DO SUL;SBSP;SÃO PAULO;SP;SUDESTE;BRASIL;AMÉRICA DO SUL;DOMÉSTICA;REGULAR;8250;92;12342;23;0;21287840;19173000;2407371;1638712;596954;141764;61;28682808;53452;0;9160;1035888;213,983;74046
TAM;TAM LINHAS AÉREAS S.A.;BRASILEIRA;2026;1;SBSG;SÃO GONÇALO DO AMARANTE;RN;NORDESTE;BRASIL;AMÉRICA DO SUL;SBSV;SALVADOR;BA;NORDESTE;BRASIL;AMÉRICA DO SUL;DOMÉSTICA;REGULAR;0;0;0;0;0;188760;173316;23166;14209;12390;858;1;0;0;0;220;27000;3,43333;0
TAM;TAM LINHAS AÉREAS S.A.;BRASILEIRA;2026;1;SBSI;SINOP;MT;CENTRO-OESTE;BRASIL;AMÉRICA DO SUL;SBBR;BRASÍLIA;DF;CENTRO-OESTE;BRASIL;AMÉRICA DO SUL;DOMÉSTICA;REGULAR;3875;5;0;0;0;4270572;3638625;484177;302074;136512;29109;31;0;0;0;4548;515648;51,6833;31088
TAM;TAM LINHAS AÉREAS S.A.;BRASILEIRA;2026;1;SBSI;SINOP;MT;CENTRO-OESTE;BRASIL;AMÉRICA DO SUL;SBGR;GUARULHOS;SP;SUDESTE;BRASIL;AMÉRICA DO SUL;DOMÉSTICA;REGULAR;4030;19;0;0;0;7200030;6468150;826029;540566;227937;49755;31;0;0;0;4486;514662;80,0667;34561
TAM;TAM LINHAS AÉREAS S.A.;BRASILEIRA;2026;1;SBSL;SÃO LUÍS;MA;NORDESTE;BRASIL;AMÉRICA DO SUL;SBBR;BRASÍLIA;DF;CENTRO-OESTE;BRASIL;AMÉRICA DO SUL;DOMÉSTICA;REGULAR;8128;60;9208;0;0;13635086;12443968;1524933;1062407;346407;68895;45;14097448;0;0;8906;996048;109,217;75138
TAM;TAM LINHAS AÉREAS S.A.;BRASILEIRA;2026;1;SBSL;SÃO LUÍS;MA;NORDESTE;BRASIL;AMÉRICA DO SUL;SBFZ;FORTALEZA;CE;NORDESTE;BRASIL;AMÉRICA DO SUL;DOMÉSTICA;REGULAR;6868;20;2835;0;0;5815236;4443596;668558;367470;169546;29115;45;1834245;0;0;8988;1033340;55,4833;50055
TAM;TAM LINHAS AÉREAS S.A.;BRASILEIRA;2026;1;SBSL;SÃO LUÍS;MA;NORDESTE;BRASIL;AMÉRICA DO SUL;SBGL;RIO DE JANEIRO;RJ;SUDESTE;BRASIL;AMÉRICA DO SUL;DOMÉSTICA;REGULAR;1306;1;531;0;0;3565584;2939806;374483;254622;85449;20259;9;1195281;0;0;1584;166365;30,1333;14636
TAM;TAM LINHAS AÉREAS S.A.;BRASILEIRA;2026;1;SBSL;SÃO LUÍS;MA;NORDESTE;BRASIL;AMÉRICA DO SUL;SBGR;GUARULHOS;SP;SUDESTE;BRASIL;AMÉRICA DO SUL;DOMÉSTICA;REGULAR;22094;170;39041;424;0;57878730;51501114;6793777;4451992;1377151;277389;119;91004571;988344;0;24830;2914545;418,383;213840
TAM;TAM LINHAS AÉREAS S.A.;BRASILEIRA;2026;1;SBSL;SÃO LUÍS;MA;NORDESTE;BRASIL;AMÉRICA DO SUL;SBIZ;IMPERATRIZ;MA;NORDESTE;BRASIL;AMÉRICA DO SUL;DOMÉSTICA;REGULAR;0;0;0;0;0;84390;52865;8196;4503;3253;485;1;0;0;0;174;16900;1,01667;0
TAM;TAM LINHAS AÉREAS S.A.;BRASILEIRA;2026;1;SBSL;SÃO LUÍS;MA;NORDESTE;BRASIL;AMÉRICA DO SUL;SBSP;SÃO PAULO;SP;SUDESTE;BRASIL;AMÉRICA DO SUL;DOMÉSTICA;REGULAR;4021;38;1409;35;0;10357600;9465434;1030727;804217;237849;58850;25;3316786;82390;0;4400;437867;89,8333;38660
TAM;TAM LINHAS AÉREAS S.A.;BRASILEIRA;2026;1;SBSN;SANTARÉM;PA;NORTE;BRASIL;AMÉRICA DO SUL;SBBR;BRASÍLIA;DF;CENTRO-OESTE;BRASIL;AMÉRICA DO SUL;DOMÉSTICA;REGULAR;3808;36;17964;20;0;7509564;6374592;882666;574428;229993;51894;31;30071736;33480;0;4486;527290;77,9333;39593
TAM;TAM LINHAS AÉREAS S.A.;BRASILEIRA;2026;1;SBSP;SÃO PAULO;SP;SUDESTE;BRASIL;AMÉRICA DO SUL;SBAR;ARACAJU;SE;NORDESTE;BRASIL;AMÉRICA DO SUL;DOMÉSTICA;REGULAR;1266;2;1220;0;0;2684232;2195244;262869;184584;65452;15606;9;2115480;0;0;1548;151600;23,6;10283
TAM;TAM LINHAS AÉREAS S.A.;BRASILEIRA;2026;1;SBSP;SÃO PAULO;SP;SUDESTE;BRASIL;AMÉRICA DO SUL;SBBR;BRASÍLIA;DF;CENTRO-OESTE;BRASIL;AMÉRICA DO SUL;DOMÉSTICA;REGULAR;36829;843;160964;4665;0;43130864;32003272;4501373;2738450;1381935;259856;298;139357808;4060032;0;49462;5162354;511,833;228466
TAM;TAM LINHAS AÉREAS S.A.;BRASILEIRA;2026;1;SBSP;SÃO PAULO;SP;SUDESTE;BRASIL;AMÉRICA DO SUL;SBCF;CONFINS;MG;SUDESTE;BRASIL;AMÉRICA DO SUL;DOMÉSTICA;REGULAR;28130;286;38650;1177;0;18665928;14668856;1927066;1199452;679500;108468;207;20252600;616748;0;35622;3677817;255,567;151952
TAM;TAM LINHAS AÉREAS S.A.;BRASILEIRA;2026;1;SBSP;SÃO PAULO;SP;SUDESTE;BRASIL;AMÉRICA DO SUL;SBCG;CAMPO GRANDE;MS;CENTRO-OESTE;BRASIL;AMÉRICA DO SUL;DOMÉSTICA;REGULAR;6760;61;11860;263;0;6905106;5913024;674917;507346;204480;39468;44;10638420;235911;0;7698;752434;74,0833;60566
TAM;TAM LINHAS AÉREAS S.A.;BRASILEIRA;2026;1;SBSP;SÃO PAULO;SP;SUDESTE;BRASIL;AMÉRICA DO SUL;SBCT;SÃO JOSÉ DOS PINHAIS;PR;SUL;BRASIL;AMÉRICA DO SUL;DOMÉSTICA;NÃO REGULAR;129;3;339;0;0;46340;42699;5428;3630;2597;331;1;112209;0;0;140;16400;0,983333;955
TAM;TAM LINHAS AÉREAS S.A.;BRASILEIRA;2026;1;SBSP;SÃO PAULO;SP;SUDESTE;BRASIL;AMÉRICA DO SUL;SBCT;SÃO JOSÉ DOS PINHAIS;PR;SUL;BRASIL;AMÉRICA DO SUL;DOMÉSTICA;REGULAR;29438;608;40093;821;0;12254944;9743978;1280151;801120;540588;71496;216;13270783;271751;0;37024;3867874;205,2;172681
TAM;TAM LINHAS AÉREAS S.A.;BRASILEIRA;2026;1;SBSP;SÃO PAULO;SP;SUDESTE;BRASIL;AMÉRICA DO SUL;SBCY;VÁRZEA GRANDE;MT;CENTRO-OESTE;BRASIL;AMÉRICA DO SUL;DOMÉSTICA;NÃO REGULAR;164;0;4;0;0;233904;217956;22502;17078;6775;1329;1;5316;0;0;176;16932;2,35;547
TAM;TAM LINHAS AÉREAS S.A.;BRASILEIRA;2026;1;SBSP;SÃO PAULO;SP;SUDESTE;BRASIL;AMÉRICA DO SUL;SBCY;VÁRZEA GRANDE;MT;CENTRO-OESTE;BRASIL;AMÉRICA DO SUL;DOMÉSTICA;REGULAR;9440;35;19251;3;0;14345226;12769032;1395579;1106560;373130;82398;62;25584579;3987;0;10794;1050105;138,267;91598
TAM;TAM LINHAS AÉREAS S.A.;BRASILEIRA;2026;1;SBSP;SÃO PAULO;SP;SUDESTE;BRASIL;AMÉRICA DO SUL;SBFI;FOZ DO IGUAÇU;PR;SUL;BRASIL;AMÉRICA DO SUL;DOMÉSTICA;REGULAR;10302;65;3350;141;0;9766616;8457942;982382;700452;315932;57470;70;2750350;115761;0;11896;1196622;113,55;77211
TAM;TAM LINHAS AÉREAS S.A.;BRASILEIRA;2026;1;SBSP;SÃO PAULO;SP;SUDESTE;BRASIL;AMÉRICA DO SUL;SBFL;FLORIANÓPOLIS;SC;SUL;BRASIL;AMÉRICA DO SUL;DOMÉSTICA;REGULAR;25348;335;36841;505;0;14559968;12369824;1531687;1020287;537582;86376;177;17978408;246440;0;29836;3138854;205,133;152984
TAM;TAM LINHAS AÉREAS S.A.;BRASILEIRA;2026;1;SBSP;SÃO PAULO;SP;SUDESTE;BRASIL;AMÉRICA DO SUL;SBFZ;FORTALEZA;CE;NORDESTE;BRASIL;AMÉRICA DO SUL;DOMÉSTICA;REGULAR;16446;150;57247;748;0;47381691;39026358;4723356;3372991;1012801;280014;118;135847131;1775004;0;19967;1990489;398,283;130730
TAM;TAM LINHAS AÉREAS S.A.;BRASILEIRA;2026;1;SBSP;SÃO PAULO;SP;SUDESTE;BRASIL;AMÉRICA DO SUL;SBGL;RIO DE JANEIRO;RJ;SUDESTE;BRASIL;AMÉRICA DO SUL;DOMÉSTICA;REGULAR;890;7;579;0;0;517680;417600;60243;33220;30315;3600;10;334800;720;0;1438;167346;13,9167;3052
TAM;TAM LINHAS AÉREAS S.A.;BRASILEIRA;2026;1;SBSP;SÃO PAULO;SP;SUDESTE;BRASIL;AMÉRICA DO SUL;SBGO;GOIÂNIA;GO;CENTRO-OESTE;BRASIL;AMÉRICA DO SUL;DOMÉSTICA;REGULAR;18795;166;71151;294;0;18284568;15323724;1872945;1313312;575591;108504;132;58486122;241668;0;22244;2278634;212,717;129437
TAM;TAM LINHAS AÉREAS S.A.;BRASILEIRA;2026;1;SBSP;SÃO PAULO;SP;SUDESTE;BRASIL;AMÉRICA DO SUL;SBGR;GUARULHOS;SP;SUDESTE;BRASIL;AMÉRICA DO SUL;DOMÉSTICA;IMPRODUTIVO;0;0;0;0;0;0;0;0;0;7519;140;5;0;0;0;0;0;4,03333;0
TAM;TAM LINHAS AÉREAS S.A.;BRASILEIRA;2026;1;SBSP;SÃO PAULO;SP;SUDESTE;BRASIL;AMÉRICA DO SUL;SBIL;ILHÉUS;BA;NORDESTE;BRASIL;AMÉRICA DO SUL;DOMÉSTICA;REGULAR;5337;28;2159;85;0;8592672;6745968;887768;561679;222422;53088;42;2728976;107440;0;6798;702368;86,2833;41948
TAM;TAM LINHAS AÉREAS S.A.;BRASILEIRA;2026;1;SBSP;SÃO PAULO;SP;SUDESTE;BRASIL;AMÉRICA DO SUL;SBJP;SANTA RITA;PB;NORDESTE;BRASIL;AMÉRICA DO SUL;DOMÉSTICA;REGULAR;5660;59;7709;64;0;14736392;12553880;1502342;1063303;336560;88720;40;17098562;141952;0;6644;677346;128,3;47197
TAM;TAM LINHAS AÉREAS S.A.;BRASILEIRA;2026;1;SBSP;SÃO PAULO;SP;SUDESTE;BRASIL;AMÉRICA DO SUL;SBJV;JOINVILLE;SC;SUL;BRASIL;AMÉRICA DO SUL;DOMÉSTICA;REGULAR;3617;42;4362;3;0;1651214;1305737;185946;107952;79663;11191;31;1574682;1083;0;4574;515125;31,5833;23437
TAM;TAM LINHAS AÉREAS S.A.;BRASILEIRA;2026;1;SBSP;SÃO PAULO;SP;SUDESTE;BRASIL;AMÉRICA DO SUL;SBKP;CAMPINAS;SP;SUDESTE;BRASIL;AMÉRICA DO SUL;DOMÉSTICA;REGULAR;125;5;0;0;0;11760;10500;2135;867;5643;84;1;0;0;0;140;25428;2,08333;951
TAM;TAM LINHAS AÉREAS S.A.;BRASILEIRA;2026;1;SBSP;SÃO PAULO;SP;SUDESTE;BRASIL;AMÉRICA DO SUL;SBLO;LONDRINA;PR;SUL;BRASIL;AMÉRICA DO SUL;DOMÉSTICA;NÃO REGULAR;132;0;311;0;0;79692;60456;7864;5160;3294;458;1;142438;0;0;174;17171;1,3;1057
TAM;TAM LINHAS AÉREAS S.A.;BRASILEIRA;2026;1;SBSP;SÃO PAULO;SP;SUDESTE;BRASIL;AMÉRICA DO SUL;SBLO;LONDRINA;PR;SUL;BRASIL;AMÉRICA DO SUL;DOMÉSTICA;REGULAR;4002;165;9998;363;0;2145272;1832916;239513;156509;87155;14198;31;4579084;166254;0;4684;522973;35,5333;31611
TAM;TAM LINHAS AÉREAS S.A.;BRASILEIRA;2026;1;SBSP;SÃO PAULO;SP;SUDESTE;BRASIL;AMÉRICA DO SUL;SBMG;MARINGÁ;PR;SUL;BRASIL;AMÉRICA DO SUL;DOMÉSTICA;REGULAR;4175;59;4303;1;0;2605512;2279550;282927;192483;99197;16926;31;2349438;546;0;4772;518206;40,0167;35131
TAM;TAM LINHAS AÉREAS S.A.;BRASILEIRA;2026;1;SBSP;SÃO PAULO;SP;SUDESTE;BRASIL;AMÉRICA DO SUL;SBMO;RIO LARGO;AL;NORDESTE;BRASIL;AMÉRICA DO SUL;DOMÉSTICA;REGULAR;8945;42;8503;298;0;21104632;17424860;2102757;1456604;476196;122724;63;16563844;580504;0;10834;1079454;177,217;68383
TAM;TAM LINHAS AÉREAS S.A.;BRASILEIRA;2026;1;SBSP;SÃO PAULO;SP;SUDESTE;BRASIL;AMÉRICA DO SUL;SBNF;NAVEGANTES;SC;SUL;BRASIL;AMÉRICA DO SUL;DOMÉSTICA;NÃO REGULAR;247;1;0;0;0;144072;102258;14737;7943;5961;828;2;0;0;0;348;35599;2,05;664
TAM;TAM LINHAS AÉREAS S.A.;BRASILEIRA;2026;1;SBSP;SÃO PAULO;SP;SUDESTE;BRASIL;AMÉRICA DO SUL;SBNF;NAVEGANTES;SC;SUL;BRASIL;AMÉRICA DO SUL;DOMÉSTICA;REGULAR;20143;225;23620;219;0;9548496;8339202;1008996;684002;372396;56304;136;9778680;90666;0;23064;2437363;144,267;117985
TAM;TAM LINHAS AÉREAS S.A.;BRASILEIRA;2026;1;SBSP;SÃO PAULO;SP;SUDESTE;BRASIL;AMÉRICA DO SUL;SBPA;PORTO ALEGRE;RS;SUL;BRASIL;AMÉRICA DO SUL;DOMÉSTICA;REGULAR;38196;800;79384;2301;0;43014540;32008248;4378248;2664135;1301205;250562;299;66523792;1928238;0;51330;5224768;475,383;235249
TAM;TAM LINHAS AÉREAS S.A.;BRASILEIRA;2026;1;SBSP;SÃO PAULO;SP;SUDESTE;BRASIL;AMÉRICA DO SUL;SBPS;PORTO SEGURO;BA;NORDESTE;BRASIL;AMÉRICA DO SUL;DOMÉSTICA;REGULAR;16269;79;4210;167;0;22727280;18286356;2252397;1509511;634429;133756;119;4732040;187708;0;20220;2003974;225,35;118648
TAM;TAM LINHAS AÉREAS S.A.;BRASILEIRA;2026;1;SBSP;SÃO PAULO;SP;SUDESTE;BRASIL;AMÉRICA DO SUL;SBRF;RECIFE;PE;NORDESTE;BRASIL;AMÉRICA DO SUL;DOMÉSTICA;REGULAR;21110;255;63271;567;0;55256066;44943190;5589106;3842759;1251415;327866;154;134703959;1207143;0;25954;2625246;469,683;158472
TAM;TAM LINHAS AÉREAS S.A.;BRASILEIRA;2026;1;SBSP;SÃO PAULO;SP;SUDESTE;BRASIL;AMÉRICA DO SUL;SBRJ;RIO DE JANEIRO;RJ;SUDESTE;BRASIL;AMÉRICA DO SUL;DOMÉSTICA;REGULAR;61291;920;41372;7246;0;28545804;22432506;3437735;1808230;1342838;206424;564;15142152;2652036;0;77994;9393399;554,483;303122
TAM;TAM LINHAS AÉREAS S.A.;BRASILEIRA;2026;1;SBSP;SÃO PAULO;SP;SUDESTE;BRASIL;AMÉRICA DO SUL;SBRP;RIBEIRÃO PRETO;SP;SUDESTE;BRASIL;AMÉRICA DO SUL;DOMÉSTICA;NÃO REGULAR;48;0;0;0;0;52200;14400;5097;1127;2648;300;1;0;0;0;174;16991;0,916667;158
TAM;TAM LINHAS AÉREAS S.A.;BRASILEIRA;2026;1;SBSP;SÃO PAULO;SP;SUDESTE;BRASIL;AMÉRICA DO SUL;SBRP;RIBEIRÃO PRETO;SP;SUDESTE;BRASIL;AMÉRICA DO SUL;DOMÉSTICA;REGULAR;5588;264;17540;620;0;2270400;1720500;253904;145342;126576;15300;51;5501700;188100;0;7568;846358;49,5167;35255
TAM;TAM LINHAS AÉREAS S.A.;BRASILEIRA;2026;1;SBSP;SÃO PAULO;SP;SUDESTE;BRASIL;AMÉRICA DO SUL;SBSG;SÃO GONÇALO DO AMARANTE;RN;NORDESTE;BRASIL;AMÉRICA DO SUL;DOMÉSTICA;REGULAR;7800;91;9376;187;0;21641088;18127200;2357895;1522159;543809;141764;61;21789824;434588;0;9312;1014600;202,8;60610
TAM;TAM LINHAS AÉREAS S.A.;BRASILEIRA;2026;1;SBSP;SÃO PAULO;SP;SUDESTE;BRASIL;AMÉRICA DO SUL;SBSL;SÃO LUÍS;MA;NORDESTE;BRASIL;AMÉRICA DO SUL;DOMÉSTICA;REGULAR;3413;16;2654;90;0;10357600;8034202;1001993;689526;216254;58850;25;6247516;211860;0;4400;425662;84,0167;34292
TAM;TAM LINHAS AÉREAS S.A.;BRASILEIRA;2026;1;SBSP;SÃO PAULO;SP;SUDESTE;BRASIL;AMÉRICA DO SUL;SBSP;SÃO PAULO;SP;SUDESTE;BRASIL;AMÉRICA DO SUL;DOMÉSTICA;IMPRODUTIVO;0;0;0;0;0;0;0;0;0;18016;0;14;0;0;0;1934;231600;9,78333;0
TAM;TAM LINHAS AÉREAS S.A.;BRASILEIRA;2026;1;SBSP;SÃO PAULO;SP;SUDESTE;BRASIL;AMÉRICA DO SUL;SBSP;SÃO PAULO;SP;SUDESTE;BRASIL;AMÉRICA DO SUL;DOMÉSTICA;REGULAR;0;0;0;0;0;;;;;;;;;;;;;;0
TAM;TAM LINHAS AÉREAS S.A.;BRASILEIRA;2026;1;SBSP;SÃO PAULO;SP;SUDESTE;BRASIL;AMÉRICA DO SUL;SBSR;SÃO JOSÉ DO RIO PRETO;SP;SUDESTE;BRASIL;AMÉRICA DO SUL;DOMÉSTICA;REGULAR;7529;334;11799;1213;0;4497122;3169709;438197;261253;175068;25681;61;4967379;510673;0;10682;1040952;68,5;44156
TAM;TAM LINHAS AÉREAS S.A.;BRASILEIRA;2026;1;SBSP;SÃO PAULO;SP;SUDESTE;BRASIL;AMÉRICA DO SUL;SBSV;SALVADOR;BA;NORDESTE;BRASIL;AMÉRICA DO SUL;DOMÉSTICA;REGULAR;30795;258;93083;1836;0;55366800;45576600;5640317;3889127;1424398;328560;222;137762840;2717280;0;37410;3811044;517,216;225151
TAM;TAM LINHAS AÉREAS S.A.;BRASILEIRA;2026;1;SBSP;SÃO PAULO;SP;SUDESTE;BRASIL;AMÉRICA DO SUL;SBTE;TERESINA;PI;NORDESTE;BRASIL;AMÉRICA DO SUL;DOMÉSTICA;REGULAR;3881;15;2794;31;0;11181760;8169505;1105236;688744;244343;65255;31;5881370;65255;0;5312;525059;98,1667;33332
TAM;TAM LINHAS AÉREAS S.A.;BRASILEIRA;2026;1;SBSP;SÃO PAULO;SP;SUDESTE;BRASIL;AMÉRICA DO SUL;SBUL;UBERLÂNDIA;MG;SUDESTE;BRASIL;AMÉRICA DO SUL;DOMÉSTICA;REGULAR;6912;143;7532;49;0;4778112;3815424;503431;316401;170619;28152;51;4157664;27048;0;8656;912069;63,5833;47304
TAM;TAM LINHAS AÉREAS S.A.;BRASILEIRA;2026;1;SBSP;SÃO PAULO;SP;SUDESTE;BRASIL;AMÉRICA DO SUL;SBUR;UBERABA;MG;SUDESTE;BRASIL;AMÉRICA DO SUL;DOMÉSTICA;REGULAR;50;0;0;0;0;62100;22500;7380;1827;2820;450;1;0;0;0;138;16400;1,06667;312
TAM;TAM LINHAS AÉREAS S.A.;BRASILEIRA;2026;1;SBSP;SÃO PAULO;SP;SUDESTE;BRASIL;AMÉRICA DO SUL;SBVT;VITÓRIA;ES;SUDESTE;BRASIL;AMÉRICA DO SUL;DOMÉSTICA;REGULAR;16377;182;57022;447;0;15221304;12381012;1584645;1042991;461594;90720;120;43108632;337932;0;20134;2096164;175,3;94409
TAM;TAM LINHAS AÉREAS S.A.;BRASILEIRA;2026;1;SBSP;SÃO PAULO;SP;SUDESTE;BRASIL;AMÉRICA DO SUL;SDSC;SÃO CARLOS;SP;SUDESTE;BRASIL;AMÉRICA DO SUL;DOMÉSTICA;IMPRODUTIVO;0;0;0;0;0;0;0;0;0;3763;466;2;0;0;0;0;0;2;0
TAM;TAM LINHAS AÉREAS S.A.;BRASILEIRA;2026;1;SBSR;SÃO JOSÉ DO RIO PRETO;SP;SUDESTE;BRASIL;AMÉRICA DO SUL;SBBR;BRASÍLIA;DF;CENTRO-OESTE;BRASIL;AMÉRICA DO SUL;DOMÉSTICA;REGULAR;0;0;0;0;0;100672;86372;9666;7131;3288;572;1;47476;0;0;176;16900;1,2;0
TAM;TAM LINHAS AÉREAS S.A.;BRASILEIRA;2026;1;SBSR;SÃO JOSÉ DO RIO PRETO;SP;SUDESTE;BRASIL;AMÉRICA DO SUL;SBGR;GUARULHOS;SP;SUDESTE;BRASIL;AMÉRICA DO SUL;DOMÉSTICA;REGULAR;5939;163;3982;19;0;3160920;2494380;324350;212914;148241;19320;46;1672440;7980;0;7526;772269;56,4833;57584
TAM;TAM LINHAS AÉREAS S.A.;BRASILEIRA;2026;1;SBSR;SÃO JOSÉ DO RIO PRETO;SP;SUDESTE;BRASIL;AMÉRICA DO SUL;SBSP;SÃO PAULO;SP;SUDESTE;BRASIL;AMÉRICA DO SUL;DOMÉSTICA;REGULAR;7605;335;1836;2;0;4412922;3201705;426725;259724;157270;25260;60;772956;842;0;10482;1013726;64,45;44785
TAM;TAM LINHAS AÉREAS S.A.;BRASILEIRA;2026;1;SBSV;SALVADOR;BA;NORDESTE;BRASIL;AMÉRICA DO SUL;SBBR;BRASÍLIA;DF;CENTRO-OESTE;BRASIL;AMÉRICA DO SUL;DOMÉSTICA;REGULAR;15024;170;4103;0;0;19059110;16699235;2056882;1392241;522703;101990;94;4451755;0;0;17566;1895782;179,117;121913
TAM;TAM LINHAS AÉREAS S.A.;BRASILEIRA;2026;1;SBSV;SALVADOR;BA;NORDESTE;BRASIL;AMÉRICA DO SUL;SBFZ;FORTALEZA;CE;NORDESTE;BRASIL;AMÉRICA DO SUL;DOMÉSTICA;REGULAR;8813;28;6185;0;0;11104880;8954008;1178529;738381;288274;62992;62;6283960;0;0;10930;1159997;108,25;59624
TAM;TAM LINHAS AÉREAS S.A.;BRASILEIRA;2026;1;SBSV;SALVADOR;BA;NORDESTE;BRASIL;AMÉRICA DO SUL;SBGL;RIO DE JANEIRO;RJ;SUDESTE;BRASIL;AMÉRICA DO SUL;DOMÉSTICA;REGULAR;8567;42;7192;0;0;13312740;10434606;1389962;872561;356473;75516;62;8759856;0;0;10930;1141207;127,25;66699
TAM;TAM LINHAS AÉREAS S.A.;BRASILEIRA;2026;1;SBSV;SALVADOR;BA;NORDESTE;BRASIL;AMÉRICA DO SUL;SBGR;GUARULHOS;SP;SUDESTE;BRASIL;AMÉRICA DO SUL;DOMÉSTICA;REGULAR;38144;450;45724;6272;0;63336240;55385088;7361757;4726473;1637019;312180;215;66391248;9106944;0;43620;5070118;519,7;348694
TAM;TAM LINHAS AÉREAS S.A.;BRASILEIRA;2026;1;SBSV;SALVADOR;BA;NORDESTE;BRASIL;AMÉRICA DO SUL;SBRJ;RIO DE JANEIRO;RJ;SUDESTE;BRASIL;AMÉRICA DO SUL;DOMÉSTICA;REGULAR;3809;12;305;0;0;5312160;4662216;630642;386580;180572;37944;31;373320;0;0;4340;515244;63,5;29864
TAM;TAM LINHAS AÉREAS S.A.;BRASILEIRA;2026;1;SBSV;SALVADOR;BA;NORDESTE;BRASIL;AMÉRICA DO SUL;SBSP;SÃO PAULO;SP;SUDESTE;BRASIL;AMÉRICA DO SUL;DOMÉSTICA;IMPRODUTIVO;0;0;0;0;0;0;0;0;0;12270;2960;2;0;0;0;0;0;5;0
TAM;TAM LINHAS AÉREAS S.A.;BRASILEIRA;2026;1;SBSV;SALVADOR;BA;NORDESTE;BRASIL;AMÉRICA DO SUL;SBSP;SÃO PAULO;SP;SUDESTE;BRASIL;AMÉRICA DO SUL;DOMÉSTICA;REGULAR;32871;311;27199;60;0;54709680;48649080;5726413;4102471;1548265;327080;221;40254520;88800;0;36966;3869245;561,017;279485
TAM;TAM LINHAS AÉREAS S.A.;BRASILEIRA;2026;1;SBSV;SALVADOR;BA;NORDESTE;BRASIL;AMÉRICA DO SUL;SBSV;SALVADOR;BA;NORDESTE;BRASIL;AMÉRICA DO SUL;DOMÉSTICA;IMPRODUTIVO;0;0;0;0;0;0;0;0;0;9688;0;2;0;0;0;352;33800;3,63333;0
TAM;TAM LINHAS AÉREAS S.A.;BRASILEIRA;2026;1;SBTC;UNA;BA;NORDESTE;BRASIL;AMÉRICA DO SUL;SBGR;GUARULHOS;SP;SUDESTE;BRASIL;AMÉRICA DO SUL;DOMÉSTICA;IMPRODUTIVO;0;0;0;0;0;0;0;0;0;4541;1192;1;0;0;0;0;0;2,21667;0
TAM;TAM LINHAS AÉREAS S.A.;BRASILEIRA;2026;1;SBTC;UNA;BA;NORDESTE;BRASIL;AMÉRICA DO SUL;SBGR;GUARULHOS;SP;SUDESTE;BRASIL;AMÉRICA DO SUL;DOMÉSTICA;NÃO REGULAR;731;0;0;0;0;1072800;871352;100720;79295;26286;5960;5;0;0;0;900;84500;11,7667;11700
TAM;TAM LINHAS AÉREAS S.A.;BRASILEIRA;2026;1;SBTE;TERESINA;PI;NORDESTE;BRASIL;AMÉRICA DO SUL;SBBR;BRASÍLIA;DF;CENTRO-OESTE;BRASIL;AMÉRICA DO SUL;DOMÉSTICA;REGULAR;9238;85;8558;0;0;14341568;12047076;1470916;1020254;385645;80764;61;11330792;0;0;10832;1110985;131,483;80352
TAM;TAM LINHAS AÉREAS S.A.;BRASILEIRA;2026;1;SBTE;TERESINA;PI;NORDESTE;BRASIL;AMÉRICA DO SUL;SBCF;CONFINS;MG;SUDESTE;BRASIL;AMÉRICA DO SUL;DOMÉSTICA;REGULAR;0;0;0;0;0;285824;225736;27445;18114;11658;1624;1;0;0;0;176;16900;3,7;0
TAM;TAM LINHAS AÉREAS S.A.;BRASILEIRA;2026;1;SBTE;TERESINA;PI;NORDESTE;BRASIL;AMÉRICA DO SUL;SBFZ;FORTALEZA;CE;NORDESTE;BRASIL;AMÉRICA DO SUL;DOMÉSTICA;REGULAR;5416;19;973;5;0;4127088;2691752;435343;219881;135456;23856;48;483581;2485;0;8304;875984;51,4333;35293
TAM;TAM LINHAS AÉREAS S.A.;BRASILEIRA;2026;1;SBTE;TERESINA;PI;NORDESTE;BRASIL;AMÉRICA DO SUL;SBGR;GUARULHOS;SP;SUDESTE;BRASIL;AMÉRICA DO SUL;DOMÉSTICA;REGULAR;17541;59;5733;776;0;39807040;36485280;4642577;3080592;920796;191360;92;11924640;1614080;0;19138;2232016;292,85;159769
TAM;TAM LINHAS AÉREAS S.A.;BRASILEIRA;2026;1;SBTE;TERESINA;PI;NORDESTE;BRASIL;AMÉRICA DO SUL;SBSP;SÃO PAULO;SP;SUDESTE;BRASIL;AMÉRICA DO SUL;DOMÉSTICA;REGULAR;4762;18;1009;20;0;11257540;10024010;1180669;840123;259676;65255;31;2123945;42100;0;5348;560894;99,8167;40957
TAM;TAM LINHAS AÉREAS S.A.;BRASILEIRA;2026;1;SBTE;TERESINA;PI;NORDESTE;BRASIL;AMÉRICA DO SUL;SBTE;TERESINA;PI;NORDESTE;BRASIL;AMÉRICA DO SUL;DOMÉSTICA;IMPRODUTIVO;0;0;0;0;0;0;0;0;0;660;0;2;0;0;0;394;43900;0,6;0
TAM;TAM LINHAS AÉREAS S.A.;BRASILEIRA;2026;1;SBUL;UBERLÂNDIA;MG;SUDESTE;BRASIL;AMÉRICA DO SUL;SBBR;BRASÍLIA;DF;CENTRO-OESTE;BRASIL;AMÉRICA DO SUL;DOMÉSTICA;REGULAR;0;0;0;0;0;59312;49876;5695;4141;2389;337;1;0;0;0;176;16900;0,833333;0
TAM;TAM LINHAS AÉREAS S.A.;BRASILEIRA;2026;1;SBUL;UBERLÂNDIA;MG;SUDESTE;BRASIL;AMÉRICA DO SUL;SBGR;GUARULHOS;SP;SUDESTE;BRASIL;AMÉRICA DO SUL;DOMÉSTICA;IMPRODUTIVO;0;0;0;0;0;0;0;0;0;3540;538;1;0;0;0;0;0;1,33333;0
TAM;TAM LINHAS AÉREAS S.A.;BRASILEIRA;2026;1;SBUL;UBERLÂNDIA;MG;SUDESTE;BRASIL;AMÉRICA DO SUL;SBGR;GUARULHOS;SP;SUDESTE;BRASIL;AMÉRICA DO SUL;DOMÉSTICA;REGULAR;12813;255;1509;143;0;8070000;6893394;846315;584381;352934;47882;89;811842;76934;0;15000;1573136;125,617;123803
TAM;TAM LINHAS AÉREAS S.A.;BRASILEIRA;2026;1;SBUL;UBERLÂNDIA;MG;SUDESTE;BRASIL;AMÉRICA DO SUL;SBSP;SÃO PAULO;SP;SUDESTE;BRASIL;AMÉRICA DO SUL;DOMÉSTICA;REGULAR;6743;131;2157;32;0;4801296;3722136;489781;305469;168925;28152;51;1190664;17664;0;8698;887335;68,5667;45550
TAM;TAM LINHAS AÉREAS S.A.;BRASILEIRA;2026;1;SBUR;UBERABA;MG;SUDESTE;BRASIL;AMÉRICA DO SUL;SBGR;GUARULHOS;SP;SUDESTE;BRASIL;AMÉRICA DO SUL;DOMÉSTICA;REGULAR;1058;15;0;0;0;671440;461288;78870;38168;39267;4796;11;0;0;0;1540;180905;12,7167;8204
TAM;TAM LINHAS AÉREAS S.A.;BRASILEIRA;2026;1;SBUR;UBERABA;MG;SUDESTE;BRASIL;AMÉRICA DO SUL;SBSP;SÃO PAULO;SP;SUDESTE;BRASIL;AMÉRICA DO SUL;DOMÉSTICA;REGULAR;60;0;0;0;0;62100;27000;7726;2250;2896;450;1;0;0;0;138;17169;1,13333;502
TAM;TAM LINHAS AÉREAS S.A.;BRASILEIRA;2026;1;SBVC;VITÓRIA DA CONQUISTA;BA;NORDESTE;BRASIL;AMÉRICA DO SUL;SBGL;RIO DE JANEIRO;RJ;SUDESTE;BRASIL;AMÉRICA DO SUL;DOMÉSTICA;REGULAR;116;0;0;0;0;160512;105792;15725;8136;6454;912;1;0;0;0;176;17243;2,73333;222
TAM;TAM LINHAS AÉREAS S.A.;BRASILEIRA;2026;1;SBVC;VITÓRIA DA CONQUISTA;BA;NORDESTE;BRASIL;AMÉRICA DO SUL;SBGR;GUARULHOS;SP;SUDESTE;BRASIL;AMÉRICA DO SUL;DOMÉSTICA;REGULAR;9838;37;5434;0;0;12633663;10949694;1356096;921889;361199;69006;62;6048042;0;0;11351;1218437;121,55;85039
TAM;TAM LINHAS AÉREAS S.A.;BRASILEIRA;2026;1;SBVC;VITÓRIA DA CONQUISTA;BA;NORDESTE;BRASIL;AMÉRICA DO SUL;SBVC;VITÓRIA DA CONQUISTA;BA;NORDESTE;BRASIL;AMÉRICA DO SUL;DOMÉSTICA;IMPRODUTIVO;0;0;0;0;0;0;0;0;0;330;0;1;0;0;0;176;16900;0,35;0
TAM;TAM LINHAS AÉREAS S.A.;BRASILEIRA;2026;1;SBVT;VITÓRIA;ES;SUDESTE;BRASIL;AMÉRICA DO SUL;SBBR;BRASÍLIA;DF;CENTRO-OESTE;BRASIL;AMÉRICA DO SUL;DOMÉSTICA;REGULAR;9482;50;46162;0;0;10848272;8941526;1174752;783766;292042;58466;62;43530766;0;0;11504;1245789;104,783;73865
TAM;TAM LINHAS AÉREAS S.A.;BRASILEIRA;2026;1;SBVT;VITÓRIA;ES;SUDESTE;BRASIL;AMÉRICA DO SUL;SBGL;RIO DE JANEIRO;RJ;SUDESTE;BRASIL;AMÉRICA DO SUL;DOMÉSTICA;REGULAR;8217;94;22186;132;0;4470092;3434706;463679;288644;172036;25498;61;9273748;55176;0;10694;1109347;67,3167;52137
TAM;TAM LINHAS AÉREAS S.A.;BRASILEIRA;2026;1;SBVT;VITÓRIA;ES;SUDESTE;BRASIL;AMÉRICA DO SUL;SBGR;GUARULHOS;SP;SUDESTE;BRASIL;AMÉRICA DO SUL;DOMÉSTICA;REGULAR;29898;250;94912;1004;0;24971840;21825540;2813690;1923283;828721;129210;177;69285760;732920;0;34208;3854417;271,483;297499
TAM;TAM LINHAS AÉREAS S.A.;BRASILEIRA;2026;1;SBVT;VITÓRIA;ES;SUDESTE;BRASIL;AMÉRICA DO SUL;SBSP;SÃO PAULO;SP;SUDESTE;BRASIL;AMÉRICA DO SUL;DOMÉSTICA;IMPRODUTIVO;0;0;0;0;0;0;0;0;0;7703;1512;2;0;0;0;0;0;3,33333;0
TAM;TAM LINHAS AÉREAS S.A.;BRASILEIRA;2026;1;SBVT;VITÓRIA;ES;SUDESTE;BRASIL;AMÉRICA DO SUL;SBSP;SÃO PAULO;SP;SUDESTE;BRASIL;AMÉRICA DO SUL;DOMÉSTICA;REGULAR;18137;210;65210;298;0;15023232;13711572;1565789;1165036;513566;89964;119;49298760;225288;0;19872;2071220;193,933;115648
TAM;TAM LINHAS AÉREAS S.A.;BRASILEIRA;2026;1;SCEL;SANTIAGO;;;CHILE;AMÉRICA DO SUL;SBBR;BRASÍLIA;DF;CENTRO-OESTE;BRASIL;AMÉRICA DO SUL;INTERNACIONAL;REGULAR;2070;25;0;0;0;6941060;6230700;691226;544752;147649;39130;13;0;0;0;2306;229644;55,3833;25733
TAM;TAM LINHAS AÉREAS S.A.;BRASILEIRA;2026;1;SCEL;SANTIAGO;;;CHILE;AMÉRICA DO SUL;SBCT;SÃO JOSÉ DOS PINHAIS;PR;SUL;BRASIL;AMÉRICA DO SUL;INTERNACIONAL;REGULAR;0;0;0;0;0;;;;;;;;;;;;;;0
TAM;TAM LINHAS AÉREAS S.A.;BRASILEIRA;2026;1;SCEL;SANTIAGO;;;CHILE;AMÉRICA DO SUL;SBFZ;FORTALEZA;CE;NORDESTE;BRASIL;AMÉRICA DO SUL;INTERNACIONAL;REGULAR;596;1;0;0;0;3265632;2796432;331005;235466;61058;18768;4;0;0;0;696;70547;23,8667;5485
TAM;TAM LINHAS AÉREAS S.A.;BRASILEIRA;2026;1;SCEL;SANTIAGO;;;CHILE;AMÉRICA DO SUL;SBGR;GUARULHOS;SP;SUDESTE;BRASIL;AMÉRICA DO SUL;INTERNACIONAL;IMPRODUTIVO;0;0;0;0;0;0;0;0;0;37739;10456;4;0;0;0;0;0;14,1667;0
TAM;TAM LINHAS AÉREAS S.A.;BRASILEIRA;2026;1;SCEL;SANTIAGO;;;CHILE;AMÉRICA DO SUL;SBGR;GUARULHOS;SP;SUDESTE;BRASIL;AMÉRICA DO SUL;INTERNACIONAL;REGULAR;9598;119;33085;346;0;28236428;24597740;3006217;2210787;659478;148998;57;86340420;711008;0;10802;1150054;212,25;109540
TAM;TAM LINHAS AÉREAS S.A.;BRASILEIRA;2026;1;SCEL;SANTIAGO;;;CHILE;AMÉRICA DO SUL;SBRF;RECIFE;PE;NORDESTE;BRASIL;AMÉRICA DO SUL;INTERNACIONAL;REGULAR;768;8;21;0;0;4025490;3553536;419593;301488;78237;23135;5;97167;0;0;870;90684;30,6333;7538
TAM;TAM LINHAS AÉREAS S.A.;BRASILEIRA;2026;1;SCEL;SANTIAGO;;;CHILE;AMÉRICA DO SUL;SUMU;MONTEVIDEO, MONTEVIDEO;;;URUGUAI;AMÉRICA DO SUL;INTERNACIONAL;REGULAR;5215;39;1979;0;22;9202644;7385901;1114700;641920;215462;42377;31;2780478;101158;30074;6732;815437;68,9833;59751
TAM;TAM LINHAS AÉREAS S.A.;BRASILEIRA;2026;1;SDSC;SÃO CARLOS;SP;SUDESTE;BRASIL;AMÉRICA DO SUL;SBGR;GUARULHOS;SP;SUDESTE;BRASIL;AMÉRICA DO SUL;DOMÉSTICA;IMPRODUTIVO;0;0;0;0;0;0;0;0;0;35420;3405;15;0;0;0;0;0;15;0
TAM;TAM LINHAS AÉREAS S.A.;BRASILEIRA;2026;1;SDSC;SÃO CARLOS;SP;SUDESTE;BRASIL;AMÉRICA DO SUL;SBSP;SÃO PAULO;SP;SUDESTE;BRASIL;AMÉRICA DO SUL;DOMÉSTICA;IMPRODUTIVO;0;0;0;0;0;0;0;0;0;2369;233;1;0;0;0;0;0;0,833333;0
TAM;TAM LINHAS AÉREAS S.A.;BRASILEIRA;2026;1;SKBO;BOGOTÁ;;;COLÔMBIA;AMÉRICA DO SUL;SBGR;GUARULHOS;SP;SUDESTE;BRASIL;AMÉRICA DO SUL;INTERNACIONAL;REGULAR;0;0;0;0;0;1283456;1179392;229925;121230;33893;4336;1;0;0;0;296;53027;5,65;0
TAM;TAM LINHAS AÉREAS S.A.;BRASILEIRA;2026;1;SPJC;CALLAO/LIMA, LIMA METROPOLITAN AREA;;;PERU;AMÉRICA DO SUL;SBGL;RIO DE JANEIRO;RJ;SUDESTE;BRASIL;AMÉRICA DO SUL;INTERNACIONAL;REGULAR;0;0;0;0;0;1646772;1642995;165696;154055;34591;7554;2;5665500;457017;33993;436;43870;11;0
TAM;TAM LINHAS AÉREAS S.A.;BRASILEIRA;2026;1;SPJC;CALLAO/LIMA, LIMA METROPOLITAN AREA;;;PERU;AMÉRICA DO SUL;SBGR;GUARULHOS;SP;SUDESTE;BRASIL;AMÉRICA DO SUL;INTERNACIONAL;REGULAR;17817;217;329259;2097;695;67352450;60402450;7834009;6573647;1559205;312750;90;1138962527;6866600;2383850;19382;2254403;453,15;266268
TAM;TAM LINHAS AÉREAS S.A.;BRASILEIRA;2026;1;SUMU;MONTEVIDEO, MONTEVIDEO;;;URUGUAI;AMÉRICA DO SUL;SBCT;SÃO JOSÉ DOS PINHAIS;PR;SUL;BRASIL;AMÉRICA DO SUL;INTERNACIONAL;REGULAR;0;0;0;0;0;264816;261138;28743;24469;10483;1226;1;147120;0;8582;216;23445;3,58333;0
TAM;TAM LINHAS AÉREAS S.A.;BRASILEIRA;2026;1;SUMU;MONTEVIDEO, MONTEVIDEO;;;URUGUAI;AMÉRICA DO SUL;SBGR;GUARULHOS;SP;SUDESTE;BRASIL;AMÉRICA DO SUL;INTERNACIONAL;REGULAR;10622;25;5380;0;169;18394120;16637290;2154503;1457327;479283;89490;57;8344550;116180;254340;11716;1372300;145,55;129296
TAM;TAM LINHAS AÉREAS S.A.;BRASILEIRA;2026;1;SUMU;MONTEVIDEO, MONTEVIDEO;;;URUGUAI;AMÉRICA DO SUL;SCEL;SANTIAGO;;;CHILE;AMÉRICA DO SUL;INTERNACIONAL;NÃO REGULAR;116;0;95;0;0;298006;158572;36909;14764;8333;1367;1;129865;0;0;218;27000;2,65;2006
TAM;TAM LINHAS AÉREAS S.A.;BRASILEIRA;2026;1;SUMU;MONTEVIDEO, MONTEVIDEO;;;URUGUAI;AMÉRICA DO SUL;SCEL;SANTIAGO;;;CHILE;AMÉRICA DO SUL;INTERNACIONAL;REGULAR;5301;47;571;0;268;9238186;7413241;1133863;634489;236497;42377;31;910422;0;366356;6758;829454;74,7333;55210
TAP;TAP - TRANSPORTES AÉREOS PORTUGUESES S/A;ESTRANGEIRA;2026;1;LPFR;FARO / MADEIRA AND ACORES;;;PORTUGAL;EUROPA;LPPT;LISBOA;;;PORTUGAL;EUROPA;INTERNACIONAL;REGULAR;0;0;0;0;0;131868;122322;19393;14386;0;444;2;3377952;0;0;594;87360;1,516;0
TAP;TAP - TRANSPORTES AÉREOS PORTUGUESES S/A;ESTRANGEIRA;2026;1;LPPR;PORTO;;;PORTUGAL;EUROPA;SBCF;CONFINS;MG;SUDESTE;BRASIL;AMÉRICA DO SUL;INTERNACIONAL;REGULAR;242;2;6340;0;750;2289832;1859528;347239;221837;0;7684;1;48716560;0;5763000;298;45190;10,317;0
TAP;TAP - TRANSPORTES AÉREOS PORTUGUESES S/A;ESTRANGEIRA;2026;1;LPPR;PORTO;;;PORTUGAL;EUROPA;SBGL;RIO DE JANEIRO;RJ;SUDESTE;BRASIL;AMÉRICA DO SUL;INTERNACIONAL;REGULAR;2505;53;50460;0;0;21362130;19952325;3239442;2197617;0;71685;9;401913896;0;0;2682;406710;92,584;0
TAP;TAP - TRANSPORTES AÉREOS PORTUGUESES S/A;ESTRANGEIRA;2026;1;LPPR;PORTO;;;PORTUGAL;EUROPA;SBGR;GUARULHOS;SP;SUDESTE;BRASIL;AMÉRICA DO SUL;INTERNACIONAL;REGULAR;3270;49;92605;0;5151;31689320;26748600;4805502;3207011;0;106340;13;757508908;0;42135180;3874;587470;139,665;0
TAP;TAP - TRANSPORTES AÉREOS PORTUGUESES S/A;ESTRANGEIRA;2026;1;LPPT;LISBOA;;;PORTUGAL;EUROPA;SBBE;BELÉM;PA;NORTE;BRASIL;AMÉRICA DO SUL;INTERNACIONAL;REGULAR;2632;24;5821;0;0;26234208;21783762;3238484;1999462;0;156156;26;38936898;0;0;4368;539210;210,837;0
TAP;TAP - TRANSPORTES AÉREOS PORTUGUESES S/A;ESTRANGEIRA;2026;1;LPPT;LISBOA;;;PORTUGAL;EUROPA;SBBR;BRASÍLIA;DF;CENTRO-OESTE;BRASIL;AMÉRICA DO SUL;INTERNACIONAL;REGULAR;6893;42;54654;0;0;56513912;50277542;8569990;4923612;0;189644;26;398646280;0;0;7748;1174940;249,569;0
TAP;TAP - TRANSPORTES AÉREOS PORTUGUESES S/A;ESTRANGEIRA;2026;1;LPPT;LISBOA;;;PORTUGAL;EUROPA;SBCF;CONFINS;MG;SUDESTE;BRASIL;AMÉRICA DO SUL;INTERNACIONAL;REGULAR;8247;55;164187;0;0;68721482;61349433;10421208;6742821;0;230609;31;1221387073;0;0;9238;1400890;299,75;0
TAP;TAP - TRANSPORTES AÉREOS PORTUGUESES S/A;ESTRANGEIRA;2026;1;LPPT;LISBOA;;;PORTUGAL;EUROPA;SBEG;MANAUS;AM;NORTE;BRASIL;AMÉRICA DO SUL;INTERNACIONAL;REGULAR;1153;6;662;0;0;;;;;;;;;;;;;;0
TAP;TAP - TRANSPORTES AÉREOS PORTUGUESES S/A;ESTRANGEIRA;2026;1;LPPT;LISBOA;;;PORTUGAL;EUROPA;SBFL;FLORIANÓPOLIS;SC;SUL;BRASIL;AMÉRICA DO SUL;INTERNACIONAL;REGULAR;3121;57;62063;0;0;29539159;26363087;4630717;2896918;0;109811;13;524246159;0;0;3497;548210;142,067;0
TAP;TAP - TRANSPORTES AÉREOS PORTUGUESES S/A;ESTRANGEIRA;2026;1;LPPT;LISBOA;;;PORTUGAL;EUROPA;SBFZ;FORTALEZA;CE;NORDESTE;BRASIL;AMÉRICA DO SUL;INTERNACIONAL;REGULAR;8455;133;95699;0;0;53448688;48336156;8144800;4887301;0;190808;34;537062788;0;0;9524;1451320;258,398;0
TAP;TAP - TRANSPORTES AÉREOS PORTUGUESES S/A;ESTRANGEIRA;2026;1;LPPT;LISBOA;;;PORTUGAL;EUROPA;SBGL;RIO DE JANEIRO;RJ;SUDESTE;BRASIL;AMÉRICA DO SUL;INTERNACIONAL;NÃO REGULAR;435;10;2940;0;0;4598140;3356025;697280;324723;0;15430;2;22682100;0;0;596;90380;20,067;0
TAP;TAP - TRANSPORTES AÉREOS PORTUGUESES S/A;ESTRANGEIRA;2026;1;LPPT;LISBOA;;;PORTUGAL;EUROPA;SBGL;RIO DE JANEIRO;RJ;SUDESTE;BRASIL;AMÉRICA DO SUL;INTERNACIONAL;REGULAR;13673;335;331727;0;0;117244855;105487195;17780640;12053102;0;393465;51;2559273785;0;0;15197;2304690;509,416;0
TAP;TAP - TRANSPORTES AÉREOS PORTUGUESES S/A;ESTRANGEIRA;2026;1;LPPT;LISBOA;;;PORTUGAL;EUROPA;SBGR;GUARULHOS;SP;SUDESTE;BRASIL;AMÉRICA DO SUL;INTERNACIONAL;NÃO REGULAR;188;7;5365;0;100;2364630;1491780;358582;177624;0;7935;1;42571276;0;793500;298;45190;10,283;0
TAP;TAP - TRANSPORTES AÉREOS PORTUGUESES S/A;ESTRANGEIRA;2026;1;LPPT;LISBOA;;;PORTUGAL;EUROPA;SBGR;GUARULHOS;SP;SUDESTE;BRASIL;AMÉRICA DO SUL;INTERNACIONAL;REGULAR;21426;278;591309;0;9569;186805770;170015310;28327978;20069304;0;626865;79;4692036898;0;75930015;23542;3570010;816,801;0
TAP;TAP - TRANSPORTES AÉREOS PORTUGUESES S/A;ESTRANGEIRA;2026;1;LPPT;LISBOA;;;PORTUGAL;EUROPA;SBMO;RIO LARGO;AL;NORDESTE;BRASIL;AMÉRICA DO SUL;INTERNACIONAL;REGULAR;1048;33;0;0;0;;;;;;;;;;;;;;0
TAP;TAP - TRANSPORTES AÉREOS PORTUGUESES S/A;ESTRANGEIRA;2026;1;LPPT;LISBOA;;;PORTUGAL;EUROPA;SBPA;PORTO ALEGRE;RS;SUL;BRASIL;AMÉRICA DO SUL;INTERNACIONAL;REGULAR;3600;24;35979;0;0;36713600;31680000;5567408;3167814;0;123200;14;316615200;0;0;4172;632660;157,735;0
TAP;TAP - TRANSPORTES AÉREOS PORTUGUESES S/A;ESTRANGEIRA;2026;1;LPPT;LISBOA;;;PORTUGAL;EUROPA;SBRF;RECIFE;PE;NORDESTE;BRASIL;AMÉRICA DO SUL;INTERNACIONAL;NÃO REGULAR;159;9;88;0;0;983976;931263;121474;84329;0;5857;1;515416;0;0;168;20740;7,817;0
TAP;TAP - TRANSPORTES AÉREOS PORTUGUESES S/A;ESTRANGEIRA;2026;1;LPPT;LISBOA;;;PORTUGAL;EUROPA;SBRF;RECIFE;PE;NORDESTE;BRASIL;AMÉRICA DO SUL;INTERNACIONAL;REGULAR;10052;178;144375;0;0;66389095;58874564;9731085;6144296;0;257708;44;845604380;0;0;11335;1661450;338,915;0
TAP;TAP - TRANSPORTES AÉREOS PORTUGUESES S/A;ESTRANGEIRA;2026;1;LPPT;LISBOA;;;PORTUGAL;EUROPA;SBSG;SÃO GONÇALO DO AMARANTE;RN;NORDESTE;BRASIL;AMÉRICA DO SUL;INTERNACIONAL;REGULAR;3511;121;3755;0;0;29388744;25726437;3628085;2336553;0;174933;31;21189465;0;0;5208;642940;232,652;0
TAP;TAP - TRANSPORTES AÉREOS PORTUGUESES S/A;ESTRANGEIRA;2026;1;LPPT;LISBOA;;;PORTUGAL;EUROPA;SBSV;SALVADOR;BA;NORDESTE;BRASIL;AMÉRICA DO SUL;INTERNACIONAL;REGULAR;8112;168;68301;0;0;59086314;52711776;9004844;5187865;0;201438;31;443819900;0;0;9093;1385790;265,432;0
TAP;TAP - TRANSPORTES AÉREOS PORTUGUESES S/A;ESTRANGEIRA;2026;1;SBBE;BELÉM;PA;NORTE;BRASIL;AMÉRICA DO SUL;LPPT;LISBOA;;;PORTUGAL;EUROPA;INTERNACIONAL;REGULAR;2390;35;9224;0;0;27243216;22594572;3363228;2088897;0;162162;27;55399344;0;0;4536;559980;204,365;0
TAP;TAP - TRANSPORTES AÉREOS PORTUGUESES S/A;ESTRANGEIRA;2026;1;SBBE;BELÉM;PA;NORTE;BRASIL;AMÉRICA DO SUL;SBEG;MANAUS;AM;NORTE;BRASIL;AMÉRICA DO SUL;INTERNACIONAL;REGULAR;0;0;0;0;0;2837016;1497747;350233;135650;0;16887;13;859938;0;0;2184;269620;27,184;0
TAP;TAP - TRANSPORTES AÉREOS PORTUGUESES S/A;ESTRANGEIRA;2026;1;SBBR;BRASÍLIA;DF;CENTRO-OESTE;BRASIL;AMÉRICA DO SUL;LPPT;LISBOA;;;PORTUGAL;EUROPA;INTERNACIONAL;REGULAR;7048;80;20166;0;0;56513912;51408112;8569990;4773808;0;189644;26;147090802;0;0;7748;1174940;231,699;0
TAP;TAP - TRANSPORTES AÉREOS PORTUGUESES S/A;ESTRANGEIRA;2026;1;SBCF;CONFINS;MG;SUDESTE;BRASIL;AMÉRICA DO SUL;LPPT;LISBOA;;;PORTUGAL;EUROPA;INTERNACIONAL;REGULAR;8639;74;116175;0;0;68721482;64265521;10421208;6648107;0;230609;31;864225826;0;0;9238;1400890;284,069;0
TAP;TAP - TRANSPORTES AÉREOS PORTUGUESES S/A;ESTRANGEIRA;2026;1;SBCF;CONFINS;MG;SUDESTE;BRASIL;AMÉRICA DO SUL;SBGR;GUARULHOS;SP;SUDESTE;BRASIL;AMÉRICA DO SUL;INTERNACIONAL;REGULAR;0;0;0;0;0;147808;0;22414;0;0;496;1;0;0;0;298;45190;1,35;0
TAP;TAP - TRANSPORTES AÉREOS PORTUGUESES S/A;ESTRANGEIRA;2026;1;SBEG;MANAUS;AM;NORTE;BRASIL;AMÉRICA DO SUL;LPPT;LISBOA;;;PORTUGAL;EUROPA;INTERNACIONAL;REGULAR;1372;3;0;0;0;;;;;;;;;;;;;;0
TAP;TAP - TRANSPORTES AÉREOS PORTUGUESES S/A;ESTRANGEIRA;2026;1;SBEG;MANAUS;AM;NORTE;BRASIL;AMÉRICA DO SUL;SBBE;BELÉM;PA;NORTE;BRASIL;AMÉRICA DO SUL;INTERNACIONAL;REGULAR;0;0;0;0;0;2837016;1782228;350233;160394;0;16887;13;0;0;0;2184;269620;26,667;0
TAP;TAP - TRANSPORTES AÉREOS PORTUGUESES S/A;ESTRANGEIRA;2026;1;SBFL;FLORIANÓPOLIS;SC;SUL;BRASIL;AMÉRICA DO SUL;LPPT;LISBOA;;;PORTUGAL;EUROPA;INTERNACIONAL;REGULAR;3320;50;10837;0;0;29539159;28044040;4630717;2615496;0;109811;13;91540138;0;0;3497;548210;133,767;0
TAP;TAP - TRANSPORTES AÉREOS PORTUGUESES S/A;ESTRANGEIRA;2026;1;SBFZ;FORTALEZA;CE;NORDESTE;BRASIL;AMÉRICA DO SUL;LPFR;FARO / MADEIRA AND ACORES;;;PORTUGAL;EUROPA;INTERNACIONAL;REGULAR;0;0;0;0;0;1647940;1631350;249900;146821;0;5530;1;0;0;0;298;45190;7,883;0
TAP;TAP - TRANSPORTES AÉREOS PORTUGUESES S/A;ESTRANGEIRA;2026;1;SBFZ;FORTALEZA;CE;NORDESTE;BRASIL;AMÉRICA DO SUL;LPPT;LISBOA;;;PORTUGAL;EUROPA;INTERNACIONAL;REGULAR;8688;132;331036;0;0;50996244;47101516;7793433;6096895;0;179584;32;1857774048;0;0;9087;1388710;226,118;0
TAP;TAP - TRANSPORTES AÉREOS PORTUGUESES S/A;ESTRANGEIRA;2026;1;SBFZ;FORTALEZA;CE;NORDESTE;BRASIL;AMÉRICA DO SUL;SBBE;BELÉM;PA;NORTE;BRASIL;AMÉRICA DO SUL;INTERNACIONAL;REGULAR;0;0;0;0;0;190848;179488;23560;16153;0;1136;1;0;0;0;168;20740;1,967;0
TAP;TAP - TRANSPORTES AÉREOS PORTUGUESES S/A;ESTRANGEIRA;2026;1;SBFZ;FORTALEZA;CE;NORDESTE;BRASIL;AMÉRICA DO SUL;SBEG;MANAUS;AM;NORTE;BRASIL;AMÉRICA DO SUL;INTERNACIONAL;REGULAR;0;0;0;0;0;;;;;;;;;;;;;;0
TAP;TAP - TRANSPORTES AÉREOS PORTUGUESES S/A;ESTRANGEIRA;2026;1;SBGL;RIO DE JANEIRO;RJ;SUDESTE;BRASIL;AMÉRICA DO SUL;LPPR;PORTO;;;PORTUGAL;EUROPA;INTERNACIONAL;REGULAR;2493;37;31110;0;0;21362130;19856745;3239442;2034894;0;71685;9;247791150;0;0;2682;406710;89,534;0
TAP;TAP - TRANSPORTES AÉREOS PORTUGUESES S/A;ESTRANGEIRA;2026;1;SBGL;RIO DE JANEIRO;RJ;SUDESTE;BRASIL;AMÉRICA DO SUL;LPPT;LISBOA;;;PORTUGAL;EUROPA;INTERNACIONAL;NÃO REGULAR;262;12;7;0;0;2299070;2021330;348640;181973;0;7715;1;54005;0;0;298;45190;9,75;0
TAP;TAP - TRANSPORTES AÉREOS PORTUGUESES S/A;ESTRANGEIRA;2026;1;SBGL;RIO DE JANEIRO;RJ;SUDESTE;BRASIL;AMÉRICA DO SUL;LPPT;LISBOA;;;PORTUGAL;EUROPA;INTERNACIONAL;REGULAR;15003;258;398408;0;0;119551640;115748145;18129280;13491025;0;401180;52;3073717724;0;0;15496;2349880;495,587;0
TAP;TAP - TRANSPORTES AÉREOS PORTUGUESES S/A;ESTRANGEIRA;2026;1;SBGL;RIO DE JANEIRO;RJ;SUDESTE;BRASIL;AMÉRICA DO SUL;SBGL;RIO DE JANEIRO;RJ;SUDESTE;BRASIL;AMÉRICA DO SUL;INTERNACIONAL;IMPRODUTIVO;294;3;7;0;0;;0;;;0;;1;0;;0;298;45190;0,933;0
TAP;TAP - TRANSPORTES AÉREOS PORTUGUESES S/A;ESTRANGEIRA;2026;1;SBGR;GUARULHOS;SP;SUDESTE;BRASIL;AMÉRICA DO SUL;LPPR;PORTO;;;PORTUGAL;EUROPA;INTERNACIONAL;REGULAR;3861;39;17725;0;0;34126960;31582980;5175156;2987451;0;114520;14;144990500;0;0;4172;632660;141,133;0
TAP;TAP - TRANSPORTES AÉREOS PORTUGUESES S/A;ESTRANGEIRA;2026;1;SBGR;GUARULHOS;SP;SUDESTE;BRASIL;AMÉRICA DO SUL;LPPT;LISBOA;;;PORTUGAL;EUROPA;INTERNACIONAL;NÃO REGULAR;79;6;16807;0;0;2364630;626865;358582;189781;0;7935;1;133363544;0;0;298;45190;9,6;0
TAP;TAP - TRANSPORTES AÉREOS PORTUGUESES S/A;ESTRANGEIRA;2026;1;SBGR;GUARULHOS;SP;SUDESTE;BRASIL;AMÉRICA DO SUL;LPPT;LISBOA;;;PORTUGAL;EUROPA;INTERNACIONAL;REGULAR;21856;253;458961;0;5739;184425270;173427360;27969396;19295821;0;618930;78;3641855559;0;45538965;23242;3524820;761,535;0
TAP;TAP - TRANSPORTES AÉREOS PORTUGUESES S/A;ESTRANGEIRA;2026;1;SBMO;RIO LARGO;AL;NORDESTE;BRASIL;AMÉRICA DO SUL;LPPT;LISBOA;;;PORTUGAL;EUROPA;INTERNACIONAL;REGULAR;998;29;0;0;0;;;;;;;;;;;;;;0
TAP;TAP - TRANSPORTES AÉREOS PORTUGUESES S/A;ESTRANGEIRA;2026;1;SBMO;RIO LARGO;AL;NORDESTE;BRASIL;AMÉRICA DO SUL;SBSG;SÃO GONÇALO DO AMARANTE;RN;NORDESTE;BRASIL;AMÉRICA DO SUL;INTERNACIONAL;REGULAR;0;0;0;0;0;985488;418162;121660;37628;0;5866;14;0;0;0;2352;290360;14,117;0
TAP;TAP - TRANSPORTES AÉREOS PORTUGUESES S/A;ESTRANGEIRA;2026;1;SBPA;PORTO ALEGRE;RS;SUL;BRASIL;AMÉRICA DO SUL;LPPT;LISBOA;;;PORTUGAL;EUROPA;INTERNACIONAL;REGULAR;3754;35;28841;0;0;36713600;33035200;5567408;3226964;0;123200;14;253800800;0;0;4172;632660;149,966;0
TAP;TAP - TRANSPORTES AÉREOS PORTUGUESES S/A;ESTRANGEIRA;2026;1;SBRF;RECIFE;PE;NORDESTE;BRASIL;AMÉRICA DO SUL;LPPT;LISBOA;;;PORTUGAL;EUROPA;INTERNACIONAL;NÃO REGULAR;125;0;0;0;0;983976;732125;121474;65891;0;5857;1;0;0;0;168;20740;7,467;0
TAP;TAP - TRANSPORTES AÉREOS PORTUGUESES S/A;ESTRANGEIRA;2026;1;SBRF;RECIFE;PE;NORDESTE;BRASIL;AMÉRICA DO SUL;LPPT;LISBOA;;;PORTUGAL;EUROPA;INTERNACIONAL;REGULAR;10644;175;252247;0;0;65405119;62341908;9609611;7088160;0;251851;43;1477410684;0;0;11167;1640710;319,498;0
TAP;TAP - TRANSPORTES AÉREOS PORTUGUESES S/A;ESTRANGEIRA;2026;1;SBSG;SÃO GONÇALO DO AMARANTE;RN;NORDESTE;BRASIL;AMÉRICA DO SUL;LPPT;LISBOA;;;PORTUGAL;EUROPA;INTERNACIONAL;REGULAR;3728;113;258;0;0;29388744;26668818;3628085;2401633;0;174933;31;1455894;0;0;5208;642940;223,566;0
TAP;TAP - TRANSPORTES AÉREOS PORTUGUESES S/A;ESTRANGEIRA;2026;1;SBSG;SÃO GONÇALO DO AMARANTE;RN;NORDESTE;BRASIL;AMÉRICA DO SUL;SBMO;RIO LARGO;AL;NORDESTE;BRASIL;AMÉRICA DO SUL;INTERNACIONAL;REGULAR;0;0;0;0;0;985488;439112;121660;39516;0;5866;14;0;0;0;2352;290360;14,566;0
TAP;TAP - TRANSPORTES AÉREOS PORTUGUESES S/A;ESTRANGEIRA;2026;1;SBSV;SALVADOR;BA;NORDESTE;BRASIL;AMÉRICA DO SUL;LPFR;FARO / MADEIRA AND ACORES;;;PORTUGAL;EUROPA;INTERNACIONAL;REGULAR;0;0;0;0;0;1720255;1637120;269677;244647;0;6395;1;97306320;0;0;269;42170;8,8;0
TAP;TAP - TRANSPORTES AÉREOS PORTUGUESES S/A;ESTRANGEIRA;2026;1;SBSV;SALVADOR;BA;NORDESTE;BRASIL;AMÉRICA DO SUL;LPPT;LISBOA;;;PORTUGAL;EUROPA;INTERNACIONAL;REGULAR;8243;178;327035;0;0;57338352;51899526;8730824;6697142;0;194940;30;2026199854;0;0;8824;1343620;240,4;0
THY;TURKISH AIRLINES INC;ESTRANGEIRA;2026;1;DNMM;IKEJA,  LAGOS STATE;;;NIGÉRIA;ÁFRICA;SBGR;GUARULHOS;SP;SUDESTE;BRASIL;AMÉRICA DO SUL;INTERNACIONAL;REGULAR;0;0;0;0;0;0;0;5335680;2493301;0;50816;8;2493306128;0;0;0;840000;65,1;0
THY;TURKISH AIRLINES INC;ESTRANGEIRA;2026;1;DNMM;IKEJA,  LAGOS STATE;;;NIGÉRIA;ÁFRICA;SEQM;QUITO;;;EQUADOR;AMÉRICA DO SUL;INTERNACIONAL;REGULAR;0;0;0;0;0;;;;;;;;;;;;;;0
THY;TURKISH AIRLINES INC;ESTRANGEIRA;2026;1;GOBD;DAKAR;;;SENEGAL;ÁFRICA;LTFM;ISTANBUL;;;TURQUIA;EUROPA;INTERNACIONAL;REGULAR;0;0;0;0;0;0;0;6165708;2389197;0;58267;11;2389201232;0;0;0;1164000;69,732;0
THY;TURKISH AIRLINES INC;ESTRANGEIRA;2026;1;GOBD;DAKAR;;;SENEGAL;ÁFRICA;SBGR;GUARULHOS;SP;SUDESTE;BRASIL;AMÉRICA DO SUL;INTERNACIONAL;REGULAR;0;0;0;0;0;0;0;2234668;1173034;0;21232;4;1173036144;0;0;0;421000;28,8;0
THY;TURKISH AIRLINES INC;ESTRANGEIRA;2026;1;LTFM;ISTANBUL;;;TURQUIA;EUROPA;DNMM;IKEJA,  LAGOS STATE;;;NIGÉRIA;ÁFRICA;INTERNACIONAL;REGULAR;0;0;308061;0;0;0;0;3869040;3226886;0;36848;8;3226889952;0;0;0;840000;53,449;0
THY;TURKISH AIRLINES INC;ESTRANGEIRA;2026;1;LTFM;ISTANBUL;;;TURQUIA;EUROPA;GOBD;DAKAR;;;SENEGAL;ÁFRICA;INTERNACIONAL;REGULAR;0;0;122420;0;0;0;0;2230037;1819062;0;21188;4;1819063968;0;0;0;421000;30,333;0
THY;TURKISH AIRLINES INC;ESTRANGEIRA;2026;1;LTFM;ISTANBUL;;;TURQUIA;EUROPA;SAEZ;EZEIZA, BUENOS AIRES PROVINCE;;;ARGENTINA;AMÉRICA DO SUL;INTERNACIONAL;NÃO REGULAR;300;1;15183;0;134;;;;;;;;;;;;;;0
THY;TURKISH AIRLINES INC;ESTRANGEIRA;2026;1;LTFM;ISTANBUL;;;TURQUIA;EUROPA;SAEZ;EZEIZA, BUENOS AIRES PROVINCE;;;ARGENTINA;AMÉRICA DO SUL;INTERNACIONAL;REGULAR;4025;37;176695;0;3233;;;;;;;;;;;;;;0
THY;TURKISH AIRLINES INC;ESTRANGEIRA;2026;1;LTFM;ISTANBUL;;;TURQUIA;EUROPA;SBGL;RIO DE JANEIRO;RJ;SUDESTE;BRASIL;AMÉRICA DO SUL;INTERNACIONAL;NÃO REGULAR;0;0;0;0;0;3379817;3359271;500130;399814;0;10273;1;97480496;0;0;329;48684;14,2;0
THY;TURKISH AIRLINES INC;ESTRANGEIRA;2026;1;LTFM;ISTANBUL;;;TURQUIA;EUROPA;SBGR;GUARULHOS;SP;SUDESTE;BRASIL;AMÉRICA DO SUL;INTERNACIONAL;NÃO REGULAR;217;0;3955;0;0;;;;;;;;;;;;;;0
THY;TURKISH AIRLINES INC;ESTRANGEIRA;2026;1;LTFM;ISTANBUL;;;TURQUIA;EUROPA;SBGR;GUARULHOS;SP;SUDESTE;BRASIL;AMÉRICA DO SUL;INTERNACIONAL;REGULAR;10092;94;690627;0;20431;191043987;180199894;27954809;20510306;0;580745;55;4040887078;0;251452025;18093;2647489;750,117;0
THY;TURKISH AIRLINES INC;ESTRANGEIRA;2026;1;LTFM;ISTANBUL;;;TURQUIA;EUROPA;SBKP;CAMPINAS;SP;SUDESTE;BRASIL;AMÉRICA DO SUL;INTERNACIONAL;NÃO REGULAR;136;0;0;0;960;3479504;3447776;497621;423917;0;10576;1;102047824;0;11570144;329;47052;15,017;0
THY;TURKISH AIRLINES INC;ESTRANGEIRA;2026;1;LTFM;ISTANBUL;;;TURQUIA;EUROPA;SCEL;SANTIAGO;;;CHILE;AMÉRICA DO SUL;INTERNACIONAL;REGULAR;2949;8;124506;0;150;;;;;;;;;;;;;;0
THY;TURKISH AIRLINES INC;ESTRANGEIRA;2026;1;LTFM;ISTANBUL;;;TURQUIA;EUROPA;SEQM;QUITO;;;EQUADOR;AMÉRICA DO SUL;INTERNACIONAL;REGULAR;0;0;4385;0;0;;;;;;;;;;;;;;0
THY;TURKISH AIRLINES INC;ESTRANGEIRA;2026;1;SAEZ;EZEIZA, BUENOS AIRES PROVINCE;;;ARGENTINA;AMÉRICA DO SUL;LTFM;ISTANBUL;;;TURQUIA;EUROPA;INTERNACIONAL;REGULAR;6232;52;287299;0;0;;;;;;;;;;;;;;0
THY;TURKISH AIRLINES INC;ESTRANGEIRA;2026;1;SAEZ;EZEIZA, BUENOS AIRES PROVINCE;;;ARGENTINA;AMÉRICA DO SUL;SBGR;GUARULHOS;SP;SUDESTE;BRASIL;AMÉRICA DO SUL;INTERNACIONAL;REGULAR;2698;19;20868;0;0;17581620;15377460;3029080;1914619;0;53382;31;530663572;0;0;10210;1759057;78,066;0
THY;TURKISH AIRLINES INC;ESTRANGEIRA;2026;1;SBGL;RIO DE JANEIRO;RJ;SUDESTE;BRASIL;AMÉRICA DO SUL;SAEZ;EZEIZA, BUENOS AIRES PROVINCE;;;ARGENTINA;AMÉRICA DO SUL;INTERNACIONAL;NÃO REGULAR;0;0;0;0;0;;;;;;;;;;;;;;0
THY;TURKISH AIRLINES INC;ESTRANGEIRA;2026;1;SBGL;RIO DE JANEIRO;RJ;SUDESTE;BRASIL;AMÉRICA DO SUL;SBGR;GUARULHOS;SP;SUDESTE;BRASIL;AMÉRICA DO SUL;INTERNACIONAL;NÃO REGULAR;0;0;0;0;0;110873;110199;18396;13115;0;337;1;3197793;0;0;329;54589;1,45;0
THY;TURKISH AIRLINES INC;ESTRANGEIRA;2026;1;SBGR;GUARULHOS;SP;SUDESTE;BRASIL;AMÉRICA DO SUL;GOBD;DAKAR;;;SENEGAL;ÁFRICA;INTERNACIONAL;REGULAR;0;0;564544;0;0;0;0;6178512;5390757;0;58388;11;5390762368;0;0;0;1164000;70,516;0
THY;TURKISH AIRLINES INC;ESTRANGEIRA;2026;1;SBGR;GUARULHOS;SP;SUDESTE;BRASIL;AMÉRICA DO SUL;LTFM;ISTANBUL;;;TURQUIA;EUROPA;INTERNACIONAL;REGULAR;7848;107;565940;0;3248;197991809;189787466;28848120;23515646;0;601863;57;6400506772;0;34295632;18751;2732091;702,001;0
THY;TURKISH AIRLINES INC;ESTRANGEIRA;2026;1;SBGR;GUARULHOS;SP;SUDESTE;BRASIL;AMÉRICA DO SUL;SAEZ;EZEIZA, BUENOS AIRES PROVINCE;;;ARGENTINA;AMÉRICA DO SUL;INTERNACIONAL;REGULAR;1528;14;64980;0;2;17581620;10078866;2998345;1355194;0;53382;31;442309476;0;5801418;10210;1741208;91,552;0
THY;TURKISH AIRLINES INC;ESTRANGEIRA;2026;1;SBGR;GUARULHOS;SP;SUDESTE;BRASIL;AMÉRICA DO SUL;SCEL;SANTIAGO;;;CHILE;AMÉRICA DO SUL;INTERNACIONAL;REGULAR;1647;10;25569;0;0;22326174;12013944;3850972;1473929;0;67964;26;392296048;0;392100;8541;1473215;103,685;0
THY;TURKISH AIRLINES INC;ESTRANGEIRA;2026;1;SBGR;GUARULHOS;SP;SUDESTE;BRASIL;AMÉRICA DO SUL;SEQM;QUITO;;;EQUADOR;AMÉRICA DO SUL;INTERNACIONAL;REGULAR;0;0;0;0;0;0;0;452445;18894;0;4309;1;18894964;0;0;0;105000;5,6;0
THY;TURKISH AIRLINES INC;ESTRANGEIRA;2026;1;SBKP;CAMPINAS;SP;SUDESTE;BRASIL;AMÉRICA DO SUL;LTFM;ISTANBUL;;;TURQUIA;EUROPA;INTERNACIONAL;NÃO REGULAR;0;0;0;0;0;;;;;;;;;;;;;;0
THY;TURKISH AIRLINES INC;ESTRANGEIRA;2026;1;SBKP;CAMPINAS;SP;SUDESTE;BRASIL;AMÉRICA DO SUL;SAEZ;EZEIZA, BUENOS AIRES PROVINCE;;;ARGENTINA;AMÉRICA DO SUL;INTERNACIONAL;NÃO REGULAR;0;0;0;0;0;;;;;;;;;;;;;;0
THY;TURKISH AIRLINES INC;ESTRANGEIRA;2026;1;SBKP;CAMPINAS;SP;SUDESTE;BRASIL;AMÉRICA DO SUL;SBGR;GUARULHOS;SP;SUDESTE;BRASIL;AMÉRICA DO SUL;INTERNACIONAL;NÃO REGULAR;0;0;0;0;0;57104;41500;9189;4939;0;166;2;1193457;0;11122;688;110718;1,366;0
THY;TURKISH AIRLINES INC;ESTRANGEIRA;2026;1;SCEL;SANTIAGO;;;CHILE;AMÉRICA DO SUL;LTFM;ISTANBUL;;;TURQUIA;EUROPA;INTERNACIONAL;NÃO REGULAR;187;0;4730;0;0;;;;;;;;;;;;;;0
THY;TURKISH AIRLINES INC;ESTRANGEIRA;2026;1;SCEL;SANTIAGO;;;CHILE;AMÉRICA DO SUL;LTFM;ISTANBUL;;;TURQUIA;EUROPA;INTERNACIONAL;REGULAR;3707;17;199245;0;0;;;;;;;;;;;;;;0
THY;TURKISH AIRLINES INC;ESTRANGEIRA;2026;1;SCEL;SANTIAGO;;;CHILE;AMÉRICA DO SUL;SBGR;GUARULHOS;SP;SUDESTE;BRASIL;AMÉRICA DO SUL;INTERNACIONAL;NÃO REGULAR;123;1;0;0;0;;;;;;;;;;;;;;0
THY;TURKISH AIRLINES INC;ESTRANGEIRA;2026;1;SCEL;SANTIAGO;;;CHILE;AMÉRICA DO SUL;SBGR;GUARULHOS;SP;SUDESTE;BRASIL;AMÉRICA DO SUL;INTERNACIONAL;REGULAR;2835;12;22597;0;0;21466168;17100788;3686461;2118954;0;65350;25;579894982;0;0;8212;1410280;95,468;0
THY;TURKISH AIRLINES INC;ESTRANGEIRA;2026;1;SCEL;SANTIAGO;;;CHILE;AMÉRICA DO SUL;SBKP;CAMPINAS;SP;SUDESTE;BRASIL;AMÉRICA DO SUL;INTERNACIONAL;NÃO REGULAR;0;0;0;0;0;849149;800110;146642;84218;0;2581;1;12208130;0;0;329;56816;4,5;0
TOT;ANIVIA LINHAS AÉREAS LTDA;BRASILEIRA;2026;1;SBGR;GUARULHOS;SP;SUDESTE;BRASIL;AMÉRICA DO SUL;SBEG;MANAUS;AM;NORTE;BRASIL;AMÉRICA DO SUL;DOMÉSTICA;NÃO REGULAR;0;0;10236;0;0;0;0;37021;27606;12250;2697;1;27606492;0;0;0;13727;3,91667;0
TOT;ANIVIA LINHAS AÉREAS LTDA;BRASILEIRA;2026;1;SBGR;GUARULHOS;SP;SUDESTE;BRASIL;AMÉRICA DO SUL;SBGR;GUARULHOS;SP;SUDESTE;BRASIL;AMÉRICA DO SUL;DOMÉSTICA;IMPRODUTIVO;0;0;0;0;0;0;0;0;0;875;0;1;0;0;0;0;0;0,633333;0
TPA;TAMPA CARGO S.A.;ESTRANGEIRA;2026;1;KMIA;MIAMI, FLORIDA;;;ESTADOS UNIDOS DA AMÉRICA;AMÉRICA DO NORTE;SAEZ;EZEIZA, BUENOS AIRES PROVINCE;;;ARGENTINA;AMÉRICA DO SUL;INTERNACIONAL;REGULAR;0;0;0;0;0;0;0;982422;277384;0;14238;2;277384712;0;0;0;138000;17,834;0
TPA;TAMPA CARGO S.A.;ESTRANGEIRA;2026;1;KMIA;MIAMI, FLORIDA;;;ESTADOS UNIDOS DA AMÉRICA;AMÉRICA DO NORTE;SBCT;SÃO JOSÉ DOS PINHAIS;PR;SUL;BRASIL;AMÉRICA DO SUL;INTERNACIONAL;REGULAR;0;0;89527;0;0;0;0;456297;291084;0;6613;1;291084416;0;0;0;69000;8,617;0
TPA;TAMPA CARGO S.A.;ESTRANGEIRA;2026;1;KMIA;MIAMI, FLORIDA;;;ESTADOS UNIDOS DA AMÉRICA;AMÉRICA DO NORTE;SBEG;MANAUS;AM;NORTE;BRASIL;AMÉRICA DO SUL;INTERNACIONAL;NÃO REGULAR;0;0;43545;0;0;0;0;267513;168823;0;3877;1;168823968;0;0;0;69000;5,183;0
TPA;TAMPA CARGO S.A.;ESTRANGEIRA;2026;1;KMIA;MIAMI, FLORIDA;;;ESTADOS UNIDOS DA AMÉRICA;AMÉRICA DO NORTE;SBEG;MANAUS;AM;NORTE;BRASIL;AMÉRICA DO SUL;INTERNACIONAL;REGULAR;0;0;594786;0;0;0;0;3210156;2305979;0;46524;12;2305985344;0;0;0;828000;66,635;0
TPA;TAMPA CARGO S.A.;ESTRANGEIRA;2026;1;KMIA;MIAMI, FLORIDA;;;ESTADOS UNIDOS DA AMÉRICA;AMÉRICA DO NORTE;SBFL;FLORIANÓPOLIS;SC;SUL;BRASIL;AMÉRICA DO SUL;INTERNACIONAL;REGULAR;0;0;102726;0;0;0;0;3306618;2305422;0;47922;7;2305424704;0;0;0;483000;60,301;0
TPA;TAMPA CARGO S.A.;ESTRANGEIRA;2026;1;KMIA;MIAMI, FLORIDA;;;ESTADOS UNIDOS DA AMÉRICA;AMÉRICA DO NORTE;SBKP;CAMPINAS;SP;SUDESTE;BRASIL;AMÉRICA DO SUL;INTERNACIONAL;REGULAR;0;0;496740;0;0;0;0;1344672;615761;0;19488;3;615762336;0;0;0;207000;24,084;0
TPA;TAMPA CARGO S.A.;ESTRANGEIRA;2026;1;KMIA;MIAMI, FLORIDA;;;ESTADOS UNIDOS DA AMÉRICA;AMÉRICA DO NORTE;SBVT;VITÓRIA;ES;SUDESTE;BRASIL;AMÉRICA DO SUL;INTERNACIONAL;NÃO REGULAR;0;0;14938;0;0;;;;;;;;;;;;;;0
TPA;TAMPA CARGO S.A.;ESTRANGEIRA;2026;1;KMIA;MIAMI, FLORIDA;;;ESTADOS UNIDOS DA AMÉRICA;AMÉRICA DO NORTE;SBVT;VITÓRIA;ES;SUDESTE;BRASIL;AMÉRICA DO SUL;INTERNACIONAL;REGULAR;0;0;28050;0;0;;;;;;;;;;;;;;0
TPA;TAMPA CARGO S.A.;ESTRANGEIRA;2026;1;KMIA;MIAMI, FLORIDA;;;ESTADOS UNIDOS DA AMÉRICA;AMÉRICA DO NORTE;SGAS;ASUNCIÓN;;;PARAGUAI;AMÉRICA DO SUL;INTERNACIONAL;REGULAR;0;0;0;0;0;0;0;1705404;398834;0;24716;4;398835920;0;0;0;276000;30,834;0
TPA;TAMPA CARGO S.A.;ESTRANGEIRA;2026;1;KMIA;MIAMI, FLORIDA;;;ESTADOS UNIDOS DA AMÉRICA;AMÉRICA DO NORTE;SGES;CIUDAD DEL ESTE;;;PARAGUAI;AMÉRICA DO SUL;INTERNACIONAL;REGULAR;0;0;0;0;0;0;0;1308240;266943;0;18960;3;266944160;0;0;0;207000;26,083;0
TPA;TAMPA CARGO S.A.;ESTRANGEIRA;2026;1;KMIA;MIAMI, FLORIDA;;;ESTADOS UNIDOS DA AMÉRICA;AMÉRICA DO NORTE;SKBO;BOGOTÁ;;;COLÔMBIA;AMÉRICA DO SUL;INTERNACIONAL;REGULAR;0;0;0;0;0;;;;;;;;;;;;;;0
TPA;TAMPA CARGO S.A.;ESTRANGEIRA;2026;1;KMIA;MIAMI, FLORIDA;;;ESTADOS UNIDOS DA AMÉRICA;AMÉRICA DO NORTE;SKRG;MEDELLÍN/RIONEGRO;;;COLÔMBIA;AMÉRICA DO SUL;INTERNACIONAL;NÃO REGULAR;0;0;0;0;0;;;;;;;;;;;;;;0
TPA;TAMPA CARGO S.A.;ESTRANGEIRA;2026;1;KMIA;MIAMI, FLORIDA;;;ESTADOS UNIDOS DA AMÉRICA;AMÉRICA DO NORTE;SKRG;MEDELLÍN/RIONEGRO;;;COLÔMBIA;AMÉRICA DO SUL;INTERNACIONAL;REGULAR;0;0;0;0;0;;;;;;;;;;;;;;0
TPA;TAMPA CARGO S.A.;ESTRANGEIRA;2026;1;KMIA;MIAMI, FLORIDA;;;ESTADOS UNIDOS DA AMÉRICA;AMÉRICA DO NORTE;SUMU;MONTEVIDEO, MONTEVIDEO;;;URUGUAI;AMÉRICA DO SUL;INTERNACIONAL;REGULAR;0;0;0;0;0;0;0;2984940;797921;0;43260;6;797923480;0;0;0;414000;53,934;0
TPA;TAMPA CARGO S.A.;ESTRANGEIRA;2026;1;SAEZ;EZEIZA, BUENOS AIRES PROVINCE;;;ARGENTINA;AMÉRICA DO SUL;SBKP;CAMPINAS;SP;SUDESTE;BRASIL;AMÉRICA DO SUL;INTERNACIONAL;REGULAR;0;0;2997;0;0;0;0;236946;72046;0;3434;2;72047036;0;0;0;138000;5,033;0
TPA;TAMPA CARGO S.A.;ESTRANGEIRA;2026;1;SAEZ;EZEIZA, BUENOS AIRES PROVINCE;;;ARGENTINA;AMÉRICA DO SUL;SKBO;BOGOTÁ;;;COLÔMBIA;AMÉRICA DO SUL;INTERNACIONAL;REGULAR;0;0;0;0;0;0;0;323541;56042;0;4689;1;56042928;0;0;0;69000;12,5;0
TPA;TAMPA CARGO S.A.;ESTRANGEIRA;2026;1;SBCT;SÃO JOSÉ DOS PINHAIS;PR;SUL;BRASIL;AMÉRICA DO SUL;SBKP;CAMPINAS;SP;SUDESTE;BRASIL;AMÉRICA DO SUL;INTERNACIONAL;NÃO REGULAR;0;0;0;0;0;0;0;120405;2074;0;0;0;2077597;0;0;0;0;0;0
TPA;TAMPA CARGO S.A.;ESTRANGEIRA;2026;1;SBCT;SÃO JOSÉ DOS PINHAIS;PR;SUL;BRASIL;AMÉRICA DO SUL;SBKP;CAMPINAS;SP;SUDESTE;BRASIL;AMÉRICA DO SUL;INTERNACIONAL;REGULAR;0;0;0;0;0;0;0;168567;59026;0;2443;7;59029860;0;0;0;483000;6,533;0
TPA;TAMPA CARGO S.A.;ESTRANGEIRA;2026;1;SBCT;SÃO JOSÉ DOS PINHAIS;PR;SUL;BRASIL;AMÉRICA DO SUL;SBVT;VITÓRIA;ES;SUDESTE;BRASIL;AMÉRICA DO SUL;INTERNACIONAL;NÃO REGULAR;0;0;0;0;0;;;;;;;;;;;;;;0
TPA;TAMPA CARGO S.A.;ESTRANGEIRA;2026;1;SBCT;SÃO JOSÉ DOS PINHAIS;PR;SUL;BRASIL;AMÉRICA DO SUL;SBVT;VITÓRIA;ES;SUDESTE;BRASIL;AMÉRICA DO SUL;INTERNACIONAL;REGULAR;0;0;0;0;0;;;;;;;;;;;;;;0
TPA;TAMPA CARGO S.A.;ESTRANGEIRA;2026;1;SBCT;SÃO JOSÉ DOS PINHAIS;PR;SUL;BRASIL;AMÉRICA DO SUL;SKBO;BOGOTÁ;;;COLÔMBIA;AMÉRICA DO SUL;INTERNACIONAL;NÃO REGULAR;0;0;5953;0;0;;;;;;;;;;;;;;0
TPA;TAMPA CARGO S.A.;ESTRANGEIRA;2026;1;SBEG;MANAUS;AM;NORTE;BRASIL;AMÉRICA DO SUL;SKBO;BOGOTÁ;;;COLÔMBIA;AMÉRICA DO SUL;INTERNACIONAL;REGULAR;0;0;78282;0;0;0;0;739818;139887;0;10722;6;139889932;0;0;0;414000;15,518;0
TPA;TAMPA CARGO S.A.;ESTRANGEIRA;2026;1;SBEG;MANAUS;AM;NORTE;BRASIL;AMÉRICA DO SUL;SKRG;MEDELLÍN/RIONEGRO;;;COLÔMBIA;AMÉRICA DO SUL;INTERNACIONAL;NÃO REGULAR;0;0;5489;0;0;0;0;137379;10928;0;1991;1;10928599;0;0;0;69000;2,967;0
TPA;TAMPA CARGO S.A.;ESTRANGEIRA;2026;1;SBEG;MANAUS;AM;NORTE;BRASIL;AMÉRICA DO SUL;SKRG;MEDELLÍN/RIONEGRO;;;COLÔMBIA;AMÉRICA DO SUL;INTERNACIONAL;REGULAR;0;0;989;0;0;0;0;824274;1968;0;11946;6;1969099;0;0;0;414000;17,267;0
TPA;TAMPA CARGO S.A.;ESTRANGEIRA;2026;1;SBFL;FLORIANÓPOLIS;SC;SUL;BRASIL;AMÉRICA DO SUL;SBCT;SÃO JOSÉ DOS PINHAIS;PR;SUL;BRASIL;AMÉRICA DO SUL;INTERNACIONAL;REGULAR;0;0;0;0;0;0;0;101844;52801;0;1476;6;52803900;0;0;0;414000;5,5;0
TPA;TAMPA CARGO S.A.;ESTRANGEIRA;2026;1;SBFL;FLORIANÓPOLIS;SC;SUL;BRASIL;AMÉRICA DO SUL;SBKP;CAMPINAS;SP;SUDESTE;BRASIL;AMÉRICA DO SUL;INTERNACIONAL;REGULAR;0;0;0;0;0;0;0;37122;10425;0;538;1;10425902;0;0;0;69000;1,917;0
TPA;TAMPA CARGO S.A.;ESTRANGEIRA;2026;1;SBKP;CAMPINAS;SP;SUDESTE;BRASIL;AMÉRICA DO SUL;SAEZ;EZEIZA, BUENOS AIRES PROVINCE;;;ARGENTINA;AMÉRICA DO SUL;INTERNACIONAL;REGULAR;0;0;0;0;0;0;0;118473;20521;0;1717;1;20521584;0;0;0;69000;2,467;0
TPA;TAMPA CARGO S.A.;ESTRANGEIRA;2026;1;SBKP;CAMPINAS;SP;SUDESTE;BRASIL;AMÉRICA DO SUL;SBVT;VITÓRIA;ES;SUDESTE;BRASIL;AMÉRICA DO SUL;INTERNACIONAL;NÃO REGULAR;0;0;0;0;0;0;0;159597;33898;0;0;0;33899329;0;0;0;0;0;0
TPA;TAMPA CARGO S.A.;ESTRANGEIRA;2026;1;SBKP;CAMPINAS;SP;SUDESTE;BRASIL;AMÉRICA DO SUL;SBVT;VITÓRIA;ES;SUDESTE;BRASIL;AMÉRICA DO SUL;INTERNACIONAL;REGULAR;0;0;0;0;0;0;0;159597;41865;0;2313;3;41866070;0;0;0;207000;4,667;0
TPA;TAMPA CARGO S.A.;ESTRANGEIRA;2026;1;SBKP;CAMPINAS;SP;SUDESTE;BRASIL;AMÉRICA DO SUL;SKBO;BOGOTÁ;;;COLÔMBIA;AMÉRICA DO SUL;INTERNACIONAL;IMPRODUTIVO;0;0;0;0;0;0;0;0;0;0;17016;4;0;0;0;0;0;21,901;0
TPA;TAMPA CARGO S.A.;ESTRANGEIRA;2026;1;SBKP;CAMPINAS;SP;SUDESTE;BRASIL;AMÉRICA DO SUL;SKBO;BOGOTÁ;;;COLÔMBIA;AMÉRICA DO SUL;INTERNACIONAL;NÃO REGULAR;0;0;55242;0;0;;;;;;;;;;;;;;0
TPA;TAMPA CARGO S.A.;ESTRANGEIRA;2026;1;SBKP;CAMPINAS;SP;SUDESTE;BRASIL;AMÉRICA DO SUL;SKBO;BOGOTÁ;;;COLÔMBIA;AMÉRICA DO SUL;INTERNACIONAL;REGULAR;0;0;466638;0;0;0;0;4109364;1959387;0;59556;14;1959392420;0;0;0;966000;75,884;0
TPA;TAMPA CARGO S.A.;ESTRANGEIRA;2026;1;SBKP;CAMPINAS;SP;SUDESTE;BRASIL;AMÉRICA DO SUL;SKRG;MEDELLÍN/RIONEGRO;;;COLÔMBIA;AMÉRICA DO SUL;INTERNACIONAL;IMPRODUTIVO;0;0;0;0;0;0;0;0;0;0;4470;1;0;0;0;0;0;5,5;0
TPA;TAMPA CARGO S.A.;ESTRANGEIRA;2026;1;SBKP;CAMPINAS;SP;SUDESTE;BRASIL;AMÉRICA DO SUL;SPJC;CALLAO/LIMA, LIMA METROPOLITAN AREA;;;PERU;AMÉRICA DO SUL;INTERNACIONAL;IMPRODUTIVO;0;0;0;0;0;0;0;0;0;0;6794;2;0;0;0;0;0;9,3;0
TPA;TAMPA CARGO S.A.;ESTRANGEIRA;2026;1;SBVT;VITÓRIA;ES;SUDESTE;BRASIL;AMÉRICA DO SUL;SKBO;BOGOTÁ;;;COLÔMBIA;AMÉRICA DO SUL;INTERNACIONAL;NÃO REGULAR;0;0;522;0;0;0;0;318987;123771;0;0;0;123771576;0;0;0;0;0;0
TPA;TAMPA CARGO S.A.;ESTRANGEIRA;2026;1;SBVT;VITÓRIA;ES;SUDESTE;BRASIL;AMÉRICA DO SUL;SKBO;BOGOTÁ;;;COLÔMBIA;AMÉRICA DO SUL;INTERNACIONAL;REGULAR;0;0;1482;0;0;0;0;956961;141056;0;13869;3;141056974;0;0;0;207000;17,451;0
TPA;TAMPA CARGO S.A.;ESTRANGEIRA;2026;1;SGAS;ASUNCIÓN;;;PARAGUAI;AMÉRICA DO SUL;SBKP;CAMPINAS;SP;SUDESTE;BRASIL;AMÉRICA DO SUL;INTERNACIONAL;REGULAR;0;0;0;0;0;0;0;298632;69837;0;4328;4;69839854;0;0;0;276000;7,1;0
TPA;TAMPA CARGO S.A.;ESTRANGEIRA;2026;1;SGAS;ASUNCIÓN;;;PARAGUAI;AMÉRICA DO SUL;SBVT;VITÓRIA;ES;SUDESTE;BRASIL;AMÉRICA DO SUL;INTERNACIONAL;NÃO REGULAR;0;0;0;0;0;;;;;;;;;;;;;;0
TPA;TAMPA CARGO S.A.;ESTRANGEIRA;2026;1;SGES;CIUDAD DEL ESTE;;;PARAGUAI;AMÉRICA DO SUL;SBKP;CAMPINAS;SP;SUDESTE;BRASIL;AMÉRICA DO SUL;INTERNACIONAL;REGULAR;0;0;0;0;0;0;0;171396;34972;0;2484;3;34973064;0;0;0;207000;4,2;0
TPA;TAMPA CARGO S.A.;ESTRANGEIRA;2026;1;SPJC;CALLAO/LIMA, LIMA METROPOLITAN AREA;;;PERU;AMÉRICA DO SUL;SKBO;BOGOTÁ;;;COLÔMBIA;AMÉRICA DO SUL;INTERNACIONAL;IMPRODUTIVO;0;0;0;0;0;0;0;0;0;0;3776;2;0;0;0;0;0;6,5;0
TPA;TAMPA CARGO S.A.;ESTRANGEIRA;2026;1;SUMU;MONTEVIDEO, MONTEVIDEO;;;URUGUAI;AMÉRICA DO SUL;SBKP;CAMPINAS;SP;SUDESTE;BRASIL;AMÉRICA DO SUL;INTERNACIONAL;REGULAR;0;0;0;0;0;0;0;651222;174080;0;9438;6;174082336;0;0;0;414000;14,834;0
TTL;TOTAL LINHAS AÉREAS S.A.;BRASILEIRA;2026;1;SBBE;BELÉM;PA;NORTE;BRASIL;AMÉRICA DO SUL;SVMI;MAIQUETÍA, VARGAS (NEAR CARACAS);;;VENEZUELA;AMÉRICA DO SUL;INTERNACIONAL;NÃO REGULAR;0;0;27473;0;0;0;0;138546;67116;39088;7329;3;67116536;0;0;0;56712;11,25;0
TTL;TOTAL LINHAS AÉREAS S.A.;BRASILEIRA;2026;1;SBBR;BRASÍLIA;DF;CENTRO-OESTE;BRASIL;AMÉRICA DO SUL;SBGR;GUARULHOS;SP;SUDESTE;BRASIL;AMÉRICA DO SUL;DOMÉSTICA;NÃO REGULAR;0;0;1249;0;0;0;0;16206;1067;4510;855;1;1067895;0;0;0;18955;1,9;0
TTL;TOTAL LINHAS AÉREAS S.A.;BRASILEIRA;2026;1;SBEG;MANAUS;AM;NORTE;BRASIL;AMÉRICA DO SUL;SBBR;BRASÍLIA;DF;CENTRO-OESTE;BRASIL;AMÉRICA DO SUL;DOMÉSTICA;NÃO REGULAR;0;0;1249;0;0;0;0;36943;2434;10524;1949;1;2434301;0;0;0;18955;3,83333;0
TTL;TOTAL LINHAS AÉREAS S.A.;BRASILEIRA;2026;1;SBEG;MANAUS;AM;NORTE;BRASIL;AMÉRICA DO SUL;SBGR;GUARULHOS;SP;SUDESTE;BRASIL;AMÉRICA DO SUL;DOMÉSTICA;NÃO REGULAR;0;0;46612;0;0;0;0;413528;125709;95340;21576;8;125712563;0;0;0;153330;34,5667;0
TTL;TOTAL LINHAS AÉREAS S.A.;BRASILEIRA;2026;1;SBFL;FLORIANÓPOLIS;SC;SUL;BRASIL;AMÉRICA DO SUL;SBGR;GUARULHOS;SP;SUDESTE;BRASIL;AMÉRICA DO SUL;DOMÉSTICA;REGULAR;0;0;0;0;94030;0;0;185379;93605;64592;9785;19;0;0;93613610;0;359985;27,35;0
TTL;TOTAL LINHAS AÉREAS S.A.;BRASILEIRA;2026;1;SBFL;FLORIANÓPOLIS;SC;SUL;BRASIL;AMÉRICA DO SUL;SBPA;PORTO ALEGRE;RS;SUL;BRASIL;AMÉRICA DO SUL;DOMÉSTICA;REGULAR;0;0;0;0;7762;0;0;137802;50194;50843;7260;20;0;0;50202537;0;379648;22,6333;0
TTL;TOTAL LINHAS AÉREAS S.A.;BRASILEIRA;2026;1;SBFZ;FORTALEZA;CE;NORDESTE;BRASIL;AMÉRICA DO SUL;SBBE;BELÉM;PA;NORTE;BRASIL;AMÉRICA DO SUL;DOMÉSTICA;NÃO REGULAR;0;0;42872;0;0;0;0;64422;48702;19419;3408;3;48702592;0;0;0;56712;6,21667;0
TTL;TOTAL LINHAS AÉREAS S.A.;BRASILEIRA;2026;1;SBFZ;FORTALEZA;CE;NORDESTE;BRASIL;AMÉRICA DO SUL;SBGL;RIO DE JANEIRO;RJ;SUDESTE;BRASIL;AMÉRICA DO SUL;DOMÉSTICA;NÃO REGULAR;0;0;0;0;0;0;0;41154;0;9521;2177;1;0;0;0;0;18904;3,61667;0
TTL;TOTAL LINHAS AÉREAS S.A.;BRASILEIRA;2026;1;SBFZ;FORTALEZA;CE;NORDESTE;BRASIL;AMÉRICA DO SUL;SBRF;RECIFE;PE;NORDESTE;BRASIL;AMÉRICA DO SUL;DOMÉSTICA;NÃO REGULAR;0;0;0;0;0;0;0;35556;0;9771;1881;3;0;0;0;0;56712;4;0
TTL;TOTAL LINHAS AÉREAS S.A.;BRASILEIRA;2026;1;SBGL;RIO DE JANEIRO;RJ;SUDESTE;BRASIL;AMÉRICA DO SUL;SBGR;GUARULHOS;SP;SUDESTE;BRASIL;AMÉRICA DO SUL;DOMÉSTICA;NÃO REGULAR;0;0;0;0;0;0;0;19161;0;6630;1011;3;0;0;0;0;56865;3,5;0
TTL;TOTAL LINHAS AÉREAS S.A.;BRASILEIRA;2026;1;SBGL;RIO DE JANEIRO;RJ;SUDESTE;BRASIL;AMÉRICA DO SUL;SBRF;RECIFE;PE;NORDESTE;BRASIL;AMÉRICA DO SUL;DOMÉSTICA;IMPRODUTIVO;0;0;0;0;0;0;0;0;0;7141;1859;1;0;0;0;0;0;2,83333;0
TTL;TOTAL LINHAS AÉREAS S.A.;BRASILEIRA;2026;1;SBGR;GUARULHOS;SP;SUDESTE;BRASIL;AMÉRICA DO SUL;SBEG;MANAUS;AM;NORTE;BRASIL;AMÉRICA DO SUL;DOMÉSTICA;NÃO REGULAR;0;0;118287;0;0;0;0;464649;319015;115445;24273;9;319020040;0;0;0;172285;37,0833;0
TTL;TOTAL LINHAS AÉREAS S.A.;BRASILEIRA;2026;1;SBGR;GUARULHOS;SP;SUDESTE;BRASIL;AMÉRICA DO SUL;SBFL;FLORIANÓPOLIS;SC;SUL;BRASIL;AMÉRICA DO SUL;DOMÉSTICA;REGULAR;0;0;0;0;76940;0;0;195504;106840;65133;10300;20;0;0;106850655;0;379648;26,2667;0
TTL;TOTAL LINHAS AÉREAS S.A.;BRASILEIRA;2026;1;SBGR;GUARULHOS;SP;SUDESTE;BRASIL;AMÉRICA DO SUL;SBGL;RIO DE JANEIRO;RJ;SUDESTE;BRASIL;AMÉRICA DO SUL;DOMÉSTICA;NÃO REGULAR;0;0;0;0;0;0;0;12774;0;4273;674;2;0;0;0;0;37910;1,93333;0
TTL;TOTAL LINHAS AÉREAS S.A.;BRASILEIRA;2026;1;SBGR;GUARULHOS;SP;SUDESTE;BRASIL;AMÉRICA DO SUL;SBPA;PORTO ALEGRE;RS;SUL;BRASIL;AMÉRICA DO SUL;DOMÉSTICA;REGULAR;0;0;0;0;130537;;;;;;;;;;;;;;0
TTL;TOTAL LINHAS AÉREAS S.A.;BRASILEIRA;2026;1;SBGR;GUARULHOS;SP;SUDESTE;BRASIL;AMÉRICA DO SUL;SBRF;RECIFE;PE;NORDESTE;BRASIL;AMÉRICA DO SUL;DOMÉSTICA;REGULAR;0;0;0;0;206089;0;0;790761;432983;184478;42020;20;0;0;432992992;0;376376;64,3333;0
TTL;TOTAL LINHAS AÉREAS S.A.;BRASILEIRA;2026;1;SBPA;PORTO ALEGRE;RS;SUL;BRASIL;AMÉRICA DO SUL;SBFL;FLORIANÓPOLIS;SC;SUL;BRASIL;AMÉRICA DO SUL;DOMÉSTICA;REGULAR;0;0;0;0;0;0;0;130665;31840;48069;6897;19;0;0;31851072;0;359985;20;0
TTL;TOTAL LINHAS AÉREAS S.A.;BRASILEIRA;2026;1;SBPA;PORTO ALEGRE;RS;SUL;BRASIL;AMÉRICA DO SUL;SBGR;GUARULHOS;SP;SUDESTE;BRASIL;AMÉRICA DO SUL;DOMÉSTICA;NÃO REGULAR;0;0;0;0;0;0;0;16707;0;4134;866;1;0;0;0;0;19293;1,56667;0
TTL;TOTAL LINHAS AÉREAS S.A.;BRASILEIRA;2026;1;SBPA;PORTO ALEGRE;RS;SUL;BRASIL;AMÉRICA DO SUL;SBGR;GUARULHOS;SP;SUDESTE;BRASIL;AMÉRICA DO SUL;DOMÉSTICA;REGULAR;0;0;0;0;87744;;;;;;;;;;;;;;0
TTL;TOTAL LINHAS AÉREAS S.A.;BRASILEIRA;2026;1;SBRF;RECIFE;PE;NORDESTE;BRASIL;AMÉRICA DO SUL;SBFZ;FORTALEZA;CE;NORDESTE;BRASIL;AMÉRICA DO SUL;DOMÉSTICA;NÃO REGULAR;0;0;0;0;0;0;0;35556;0;10662;1881;3;0;0;0;0;56712;4,3;0
TTL;TOTAL LINHAS AÉREAS S.A.;BRASILEIRA;2026;1;SBRF;RECIFE;PE;NORDESTE;BRASIL;AMÉRICA DO SUL;SBGL;RIO DE JANEIRO;RJ;SUDESTE;BRASIL;AMÉRICA DO SUL;DOMÉSTICA;IMPRODUTIVO;0;0;0;0;0;0;0;0;0;8143;1859;1;0;0;0;0;0;3,33333;0
TTL;TOTAL LINHAS AÉREAS S.A.;BRASILEIRA;2026;1;SBRF;RECIFE;PE;NORDESTE;BRASIL;AMÉRICA DO SUL;SBGR;GUARULHOS;SP;SUDESTE;BRASIL;AMÉRICA DO SUL;DOMÉSTICA;REGULAR;0;0;0;0;169471;0;0;792248;356048;193749;42020;20;0;0;356058572;0;377084;69,6333;0
TTL;TOTAL LINHAS AÉREAS S.A.;BRASILEIRA;2026;1;SVMI;MAIQUETÍA, VARGAS (NEAR CARACAS);;;VENEZUELA;AMÉRICA DO SUL;SBFZ;FORTALEZA;CE;NORDESTE;BRASIL;AMÉRICA DO SUL;INTERNACIONAL;NÃO REGULAR;0;0;0;0;0;0;0;200361;0;39839;10599;3;0;0;0;0;56712;14,7167;0
UAE;EMIRATES;ESTRANGEIRA;2026;1;DGAA;ACCRA;;;GANA;ÁFRICA;SBGR;GUARULHOS;SP;SUDESTE;BRASIL;AMÉRICA DO SUL;INTERNACIONAL;REGULAR;0;0;0;0;0;2890448;2466436;537480;222558;0;5972;1;579284;0;0;484;90000;7,267;0
UAE;EMIRATES;ESTRANGEIRA;2026;1;DNMM;IKEJA,  LAGOS STATE;;;NIGÉRIA;ÁFRICA;SBGR;GUARULHOS;SP;SUDESTE;BRASIL;AMÉRICA DO SUL;INTERNACIONAL;REGULAR;0;0;0;0;0;0;0;6669600;5649877;0;63520;10;5649881600;0;0;0;1050000;78,216;0
UAE;EMIRATES;ESTRANGEIRA;2026;1;DNMM;IKEJA,  LAGOS STATE;;;NIGÉRIA;ÁFRICA;SEQM;QUITO;;;EQUADOR;AMÉRICA DO SUL;INTERNACIONAL;REGULAR;0;0;0;0;0;;;;;;;;;;;;;;0
UAE;EMIRATES;ESTRANGEIRA;2026;1;OMDB;DUBAI INTERNATIONAL;;;EMIRADOS ÁRABES UNIDOS;ÁSIA;DGAA;ACCRA;;;GANA;ÁFRICA;INTERNACIONAL;REGULAR;0;0;1625;0;0;3043876;2597357;566010;244591;0;6289;1;10829658;0;0;484;90000;11,283;0
UAE;EMIRATES;ESTRANGEIRA;2026;1;OMDB;DUBAI INTERNATIONAL;;;EMIRADOS ÁRABES UNIDOS;ÁSIA;SAEZ;EZEIZA, BUENOS AIRES PROVINCE;;;ARGENTINA;AMÉRICA DO SUL;INTERNACIONAL;REGULAR;5191;0;11959;0;23;;;;;;;;;;;;;;0
UAE;EMIRATES;ESTRANGEIRA;2026;1;OMDB;DUBAI INTERNATIONAL;;;EMIRADOS ÁRABES UNIDOS;ÁSIA;SBGL;RIO DE JANEIRO;RJ;SUDESTE;BRASIL;AMÉRICA DO SUL;INTERNACIONAL;REGULAR;4950;0;9417;0;0;130415016;120515644;19157008;11100698;0;368404;31;254032384;0;273332;10974;1612000;455,866;0
UAE;EMIRATES;ESTRANGEIRA;2026;1;OMDB;DUBAI INTERNATIONAL;;;EMIRADOS ÁRABES UNIDOS;ÁSIA;SBGR;GUARULHOS;SP;SUDESTE;BRASIL;AMÉRICA DO SUL;INTERNACIONAL;REGULAR;13956;26;56455;0;818;177390840;165454831;32985900;15589439;0;366510;30;688525688;0;9993506;14520;2700000;458,331;0
UAE;EMIRATES;ESTRANGEIRA;2026;1;OMDW;JEBEL ALI;;;EMIRADOS ÁRABES UNIDOS;ÁSIA;DNMM;IKEJA,  LAGOS STATE;;;NIGÉRIA;ÁFRICA;INTERNACIONAL;REGULAR;0;0;53714;0;0;0;0;6162450;5535513;0;58690;10;5535517472;0;0;0;1050000;85,915;0
UAE;EMIRATES;ESTRANGEIRA;2026;1;OMDW;JEBEL ALI;;;EMIRADOS ÁRABES UNIDOS;ÁSIA;SBGR;GUARULHOS;SP;SUDESTE;BRASIL;AMÉRICA DO SUL;INTERNACIONAL;REGULAR;0;0;866411;0;0;;;;;;;;;;;;;;0
UAE;EMIRATES;ESTRANGEIRA;2026;1;OMDW;JEBEL ALI;;;EMIRADOS ÁRABES UNIDOS;ÁSIA;SEQM;QUITO;;;EQUADOR;AMÉRICA DO SUL;INTERNACIONAL;REGULAR;0;0;23054;0;0;;;;;;;;;;;;;;0
UAE;EMIRATES;ESTRANGEIRA;2026;1;SAEZ;EZEIZA, BUENOS AIRES PROVINCE;;;ARGENTINA;AMÉRICA DO SUL;OMDB;DUBAI INTERNATIONAL;;;EMIRADOS ÁRABES UNIDOS;ÁSIA;INTERNACIONAL;REGULAR;7309;0;173365;0;0;;;;;;;;;;;;;;0
UAE;EMIRATES;ESTRANGEIRA;2026;1;SAEZ;EZEIZA, BUENOS AIRES PROVINCE;;;ARGENTINA;AMÉRICA DO SUL;SBGL;RIO DE JANEIRO;RJ;SUDESTE;BRASIL;AMÉRICA DO SUL;INTERNACIONAL;REGULAR;2565;0;337;0;0;21904104;19708504;3217552;2120459;0;61876;31;346709192;0;0;10974;1612000;84,697;0
UAE;EMIRATES;ESTRANGEIRA;2026;1;SBGL;RIO DE JANEIRO;RJ;SUDESTE;BRASIL;AMÉRICA DO SUL;OMDB;DUBAI INTERNATIONAL;;;EMIRADOS ÁRABES UNIDOS;ÁSIA;INTERNACIONAL;REGULAR;3502;0;21428;0;0;130415016;128477924;19157008;13877917;0;368404;31;2314920052;0;0;10974;1612000;421,849;0
UAE;EMIRATES;ESTRANGEIRA;2026;1;SBGL;RIO DE JANEIRO;RJ;SUDESTE;BRASIL;AMÉRICA DO SUL;SAEZ;EZEIZA, BUENOS AIRES PROVINCE;;;ARGENTINA;AMÉRICA DO SUL;INTERNACIONAL;REGULAR;2706;0;29129;0;0;21904104;15762412;3217552;1500659;0;61876;31;82011648;0;45908;10974;1612000;101,437;0
UAE;EMIRATES;ESTRANGEIRA;2026;1;SBGR;GUARULHOS;SP;SUDESTE;BRASIL;AMÉRICA DO SUL;OMDB;DUBAI INTERNATIONAL;;;EMIRADOS ÁRABES UNIDOS;ÁSIA;INTERNACIONAL;REGULAR;14411;10;243390;0;0;183303868;176059187;34085430;18818809;0;378727;31;2973495633;0;0;15004;2790000;431,399;0
UAE;EMIRATES;ESTRANGEIRA;2026;1;SBGR;GUARULHOS;SP;SUDESTE;BRASIL;AMÉRICA DO SUL;SEQM;QUITO;;;EQUADOR;AMÉRICA DO SUL;INTERNACIONAL;REGULAR;0;0;227359;0;0;0;0;4524450;1079023;0;43090;10;1079029616;0;0;0;1050000;58,4;0
UAL;UNITED AIRLINES, INC;ESTRANGEIRA;2026;1;KEWR;NEWARK & ELIZABETH, NEW JERSEY;;;ESTADOS UNIDOS DA AMÉRICA;AMÉRICA DO NORTE;SBGL;RIO DE JANEIRO;RJ;SUDESTE;BRASIL;AMÉRICA DO SUL;INTERNACIONAL;IMPRODUTIVO;0;0;0;0;0;0;0;0;0;0;7751;1;0;0;0;0;0;9,783;0
UAL;UNITED AIRLINES, INC;ESTRANGEIRA;2026;1;KEWR;NEWARK & ELIZABETH, NEW JERSEY;;;ESTADOS UNIDOS DA AMÉRICA;AMÉRICA DO NORTE;SBGR;GUARULHOS;SP;SUDESTE;BRASIL;AMÉRICA DO SUL;INTERNACIONAL;REGULAR;7681;335;139812;1768;2376;65744304;59020804;10793487;6404429;0;238204;31;1074315412;13585312;18257184;8556;1404672;300,983;0
UAL;UNITED AIRLINES, INC;ESTRANGEIRA;2026;1;KIAD;WASHINGTON, DC;;;ESTADOS UNIDOS DA AMÉRICA;AMÉRICA DO NORTE;SBGL;RIO DE JANEIRO;RJ;SUDESTE;BRASIL;AMÉRICA DO SUL;INTERNACIONAL;IMPRODUTIVO;0;0;0;0;0;0;0;0;0;0;7735;1;0;0;0;0;0;8,033;0
UAL;UNITED AIRLINES, INC;ESTRANGEIRA;2026;1;KIAD;WASHINGTON, DC;;;ESTADOS UNIDOS DA AMÉRICA;AMÉRICA DO NORTE;SBGR;GUARULHOS;SP;SUDESTE;BRASIL;AMÉRICA DO SUL;INTERNACIONAL;REGULAR;5712;287;142548;339;0;53237040;43691088;8713340;5022534;0;221821;29;1090349651;2593011;0;6960;1139149;276,401;0
UAL;UNITED AIRLINES, INC;ESTRANGEIRA;2026;1;KIAH;HOUSTON, TEXAS;;;ESTADOS UNIDOS DA AMÉRICA;AMÉRICA DO NORTE;KEWR;NEWARK & ELIZABETH, NEW JERSEY;;;ESTADOS UNIDOS DA AMÉRICA;AMÉRICA DO NORTE;INTERNACIONAL;REGULAR;0;0;0;0;0;621276;454702;101997;40923;0;2251;1;0;0;0;276;45312;3,917;0
UAL;UNITED AIRLINES, INC;ESTRANGEIRA;2026;1;KIAH;HOUSTON, TEXAS;;;ESTADOS UNIDOS DA AMÉRICA;AMÉRICA DO NORTE;SBGL;RIO DE JANEIRO;RJ;SUDESTE;BRASIL;AMÉRICA DO SUL;INTERNACIONAL;IMPRODUTIVO;0;0;0;0;0;0;0;0;0;0;16176;2;0;0;0;0;0;20,633;0
UAL;UNITED AIRLINES, INC;ESTRANGEIRA;2026;1;KIAH;HOUSTON, TEXAS;;;ESTADOS UNIDOS DA AMÉRICA;AMÉRICA DO NORTE;SBGL;RIO DE JANEIRO;RJ;SUDESTE;BRASIL;AMÉRICA DO SUL;INTERNACIONAL;REGULAR;5074;358;136848;21927;0;53655792;41038512;9848824;4800275;0;250728;31;1106826624;177345576;0;6634;1217711;313,482;0
UAL;UNITED AIRLINES, INC;ESTRANGEIRA;2026;1;KIAH;HOUSTON, TEXAS;;;ESTADOS UNIDOS DA AMÉRICA;AMÉRICA DO NORTE;SBGR;GUARULHOS;SP;SUDESTE;BRASIL;AMÉRICA DO SUL;INTERNACIONAL;REGULAR;7261;299;164566;7535;30591;62979135;57398205;9625996;6708538;0;245055;31;1300894229;59564175;241821854;7967;1217711;299,134;0
UAL;UNITED AIRLINES, INC;ESTRANGEIRA;2026;1;KORD;CHICAGO, ILLINOIS;;;ESTADOS UNIDOS DA AMÉRICA;AMÉRICA DO NORTE;SBGL;RIO DE JANEIRO;RJ;SUDESTE;BRASIL;AMÉRICA DO SUL;INTERNACIONAL;IMPRODUTIVO;0;0;0;0;0;0;0;0;0;0;8541;1;0;0;0;0;0;9,9;0
UAL;UNITED AIRLINES, INC;ESTRANGEIRA;2026;1;KORD;CHICAGO, ILLINOIS;;;ESTADOS UNIDOS DA AMÉRICA;AMÉRICA DO NORTE;SBGR;GUARULHOS;SP;SUDESTE;BRASIL;AMÉRICA DO SUL;INTERNACIONAL;REGULAR;8681;231;230576;667;147;83083224;73163468;11838559;8529231;0;261268;31;1943294536;5621476;1238916;9858;1404672;321,566;0
UAL;UNITED AIRLINES, INC;ESTRANGEIRA;2026;1;KSFO;SAN MATEO COUNTY, CALIFORNIA;;;ESTADOS UNIDOS DA AMÉRICA;AMÉRICA DO NORTE;SBGL;RIO DE JANEIRO;RJ;SUDESTE;BRASIL;AMÉRICA DO SUL;INTERNACIONAL;IMPRODUTIVO;0;0;0;0;0;0;0;0;0;0;10639;1;0;0;0;0;0;12,9;0
UAL;UNITED AIRLINES, INC;ESTRANGEIRA;2026;1;SBGL;RIO DE JANEIRO;RJ;SUDESTE;BRASIL;AMÉRICA DO SUL;KEWR;NEWARK & ELIZABETH, NEW JERSEY;;;ESTADOS UNIDOS DA AMÉRICA;AMÉRICA DO NORTE;INTERNACIONAL;IMPRODUTIVO;0;0;0;0;0;0;0;0;0;0;7751;1;0;0;0;0;0;10,583;0
UAL;UNITED AIRLINES, INC;ESTRANGEIRA;2026;1;SBGL;RIO DE JANEIRO;RJ;SUDESTE;BRASIL;AMÉRICA DO SUL;KIAH;HOUSTON, TEXAS;;;ESTADOS UNIDOS DA AMÉRICA;AMÉRICA DO NORTE;INTERNACIONAL;IMPRODUTIVO;0;0;0;0;0;0;0;0;0;0;16176;2;0;0;0;0;0;21,683;0
UAL;UNITED AIRLINES, INC;ESTRANGEIRA;2026;1;SBGL;RIO DE JANEIRO;RJ;SUDESTE;BRASIL;AMÉRICA DO SUL;KIAH;HOUSTON, TEXAS;;;ESTADOS UNIDOS DA AMÉRICA;AMÉRICA DO NORTE;INTERNACIONAL;REGULAR;5394;312;78328;10395;0;51924960;43626672;9531120;4559903;0;242640;30;633516864;84074760;0;6420;1178430;317,133;0
UAL;UNITED AIRLINES, INC;ESTRANGEIRA;2026;1;SBGL;RIO DE JANEIRO;RJ;SUDESTE;BRASIL;AMÉRICA DO SUL;KORD;CHICAGO, ILLINOIS;;;ESTADOS UNIDOS DA AMÉRICA;AMÉRICA DO NORTE;INTERNACIONAL;IMPRODUTIVO;0;0;0;0;0;0;0;0;0;0;8541;1;0;0;0;0;0;10,967;0
UAL;UNITED AIRLINES, INC;ESTRANGEIRA;2026;1;SBGL;RIO DE JANEIRO;RJ;SUDESTE;BRASIL;AMÉRICA DO SUL;KSFO;SAN MATEO COUNTY, CALIFORNIA;;;ESTADOS UNIDOS DA AMÉRICA;AMÉRICA DO NORTE;INTERNACIONAL;IMPRODUTIVO;0;0;0;0;0;0;0;0;0;0;21278;2;0;0;0;0;0;25,834;0
UAL;UNITED AIRLINES, INC;ESTRANGEIRA;2026;1;SBGL;RIO DE JANEIRO;RJ;SUDESTE;BRASIL;AMÉRICA DO SUL;SBGR;GUARULHOS;SP;SUDESTE;BRASIL;AMÉRICA DO SUL;INTERNACIONAL;IMPRODUTIVO;0;0;0;0;0;0;0;0;0;0;337;1;0;0;0;0;0;1,033;0
UAL;UNITED AIRLINES, INC;ESTRANGEIRA;2026;1;SBGR;GUARULHOS;SP;SUDESTE;BRASIL;AMÉRICA DO SUL;KEWR;NEWARK & ELIZABETH, NEW JERSEY;;;ESTADOS UNIDOS DA AMÉRICA;AMÉRICA DO NORTE;INTERNACIONAL;REGULAR;8090;316;208680;190;0;64192136;60611392;10445310;7058508;0;230520;30;1603497108;1459960;0;8354;1359360;292,699;0
UAL;UNITED AIRLINES, INC;ESTRANGEIRA;2026;1;SBGR;GUARULHOS;SP;SUDESTE;BRASIL;AMÉRICA DO SUL;KIAD;WASHINGTON, DC;;;ESTADOS UNIDOS DA AMÉRICA;AMÉRICA DO NORTE;INTERNACIONAL;REGULAR;5999;250;77873;1058;0;53237040;45886351;8713340;4725407;0;221821;29;595650579;8092642;0;6960;1139149;288,849;0
UAL;UNITED AIRLINES, INC;ESTRANGEIRA;2026;1;SBGR;GUARULHOS;SP;SUDESTE;BRASIL;AMÉRICA DO SUL;KIAH;HOUSTON, TEXAS;;;ESTADOS UNIDOS DA AMÉRICA;AMÉRICA DO NORTE;INTERNACIONAL;NÃO REGULAR;72;13;14405;13;0;2031585;569160;310516;165095;0;7905;1;113871528;102765;0;257;39281;9,633;0
UAL;UNITED AIRLINES, INC;ESTRANGEIRA;2026;1;SBGR;GUARULHOS;SP;SUDESTE;BRASIL;AMÉRICA DO SUL;KIAH;HOUSTON, TEXAS;;;ESTADOS UNIDOS DA AMÉRICA;AMÉRICA DO NORTE;INTERNACIONAL;REGULAR;7009;287;268123;11145;0;65160915;57002955;9984187;7249761;0;252960;32;2119512328;88101225;0;8243;1263023;314,349;0
UAL;UNITED AIRLINES, INC;ESTRANGEIRA;2026;1;SBGR;GUARULHOS;SP;SUDESTE;BRASIL;AMÉRICA DO SUL;KORD;CHICAGO, ILLINOIS;;;ESTADOS UNIDOS DA AMÉRICA;AMÉRICA DO NORTE;INTERNACIONAL;IMPRODUTIVO;0;0;0;0;0;0;0;0;0;0;8428;1;0;0;0;0;0;11;0
UAL;UNITED AIRLINES, INC;ESTRANGEIRA;2026;1;SBGR;GUARULHOS;SP;SUDESTE;BRASIL;AMÉRICA DO SUL;KORD;CHICAGO, ILLINOIS;;;ESTADOS UNIDOS DA AMÉRICA;AMÉRICA DO NORTE;INTERNACIONAL;REGULAR;8897;333;207850;9;0;80403120;74983916;11456670;8500296;0;252840;30;1751759808;75852;0;9540;1359360;320,517;0
UAL;UNITED AIRLINES, INC;ESTRANGEIRA;2026;1;SBGR;GUARULHOS;SP;SUDESTE;BRASIL;AMÉRICA DO SUL;SBGL;RIO DE JANEIRO;RJ;SUDESTE;BRASIL;AMÉRICA DO SUL;INTERNACIONAL;IMPRODUTIVO;0;0;0;0;0;0;0;0;0;0;337;1;0;0;0;0;0;1,1;0
UPS;UPS - UNITED PARCEL SERVICE CO.;ESTRANGEIRA;2026;1;KMIA;MIAMI, FLORIDA;;;ESTADOS UNIDOS DA AMÉRICA;AMÉRICA DO NORTE;SBKP;CAMPINAS;SP;SUDESTE;BRASIL;AMÉRICA DO SUL;INTERNACIONAL;REGULAR;0;0;447100;0;0;0;0;5359200;2904355;0;97440;15;2904361600;0;0;0;825000;121,916;0
UPS;UPS - UNITED PARCEL SERVICE CO.;ESTRANGEIRA;2026;1;SBKP;CAMPINAS;SP;SUDESTE;BRASIL;AMÉRICA DO SUL;KMIA;MIAMI, FLORIDA;;;ESTADOS UNIDOS DA AMÉRICA;AMÉRICA DO NORTE;INTERNACIONAL;REGULAR;0;0;385882;0;0;;;;;;;;;;;;;;0
UPS;UPS - UNITED PARCEL SERVICE CO.;ESTRANGEIRA;2026;1;SBKP;CAMPINAS;SP;SUDESTE;BRASIL;AMÉRICA DO SUL;SCEL;SANTIAGO;;;CHILE;AMÉRICA DO SUL;INTERNACIONAL;REGULAR;0;0;37679;0;0;0;0;2271280;1156329;0;41296;16;1156337032;0;0;0;880000;61,149;0
UPS;UPS - UNITED PARCEL SERVICE CO.;ESTRANGEIRA;2026;1;SBKP;CAMPINAS;SP;SUDESTE;BRASIL;AMÉRICA DO SUL;SEQM;QUITO;;;EQUADOR;AMÉRICA DO SUL;INTERNACIONAL;REGULAR;0;0;24458;0;0;;;;;;;;;;;;;;0
UPS;UPS - UNITED PARCEL SERVICE CO.;ESTRANGEIRA;2026;1;SCEL;SANTIAGO;;;CHILE;AMÉRICA DO SUL;KMIA;MIAMI, FLORIDA;;;ESTADOS UNIDOS DA AMÉRICA;AMÉRICA DO NORTE;INTERNACIONAL;REGULAR;0;0;0;0;0;;;;;;;;;;;;;;0
UPS;UPS - UNITED PARCEL SERVICE CO.;ESTRANGEIRA;2026;1;SCEL;SANTIAGO;;;CHILE;AMÉRICA DO SUL;SEQM;QUITO;;;EQUADOR;AMÉRICA DO SUL;INTERNACIONAL;REGULAR;0;0;0;0;0;0;0;3329920;1552720;0;60544;16;1552726560;0;0;0;880000;85,583;0
UPS;UPS - UNITED PARCEL SERVICE CO.;ESTRANGEIRA;2026;1;SEQM;QUITO;;;EQUADOR;AMÉRICA DO SUL;KMIA;MIAMI, FLORIDA;;;ESTADOS UNIDOS DA AMÉRICA;AMÉRICA DO NORTE;INTERNACIONAL;REGULAR;0;0;0;0;0;0;0;2541440;1114419;0;46208;16;1114427216;0;0;0;880000;62,648;0
USY;USC GMBH;ESTRANGEIRA;2026;1;MTCH;CAP-HAÏTIEN;;;HAITI;AMÉRICA CENTRAL;SBFI;FOZ DO IGUAÇU;PR;SUL;BRASIL;AMÉRICA DO SUL;INTERNACIONAL;NÃO REGULAR;109;0;0;0;0;;;;;;;;;;;;;;0
USY;USC GMBH;ESTRANGEIRA;2026;1;MTCH;CAP-HAÏTIEN;;;HAITI;AMÉRICA CENTRAL;SPJC;CALLAO/LIMA, LIMA METROPOLITAN AREA;;;PERU;AMÉRICA DO SUL;INTERNACIONAL;NÃO REGULAR;109;0;0;0;0;1457376;778696;121448;70081;0;7144;2;0;0;0;408;34000;9,667;0
USY;USC GMBH;ESTRANGEIRA;2026;1;SBFI;FOZ DO IGUAÇU;PR;SUL;BRASIL;AMÉRICA DO SUL;SBJC;BELÉM;PA;NORTE;BRASIL;AMÉRICA DO SUL;INTERNACIONAL;IMPRODUTIVO;0;0;0;0;0;0;0;0;0;0;2766;1;0;0;0;0;0;4,333;0
USY;USC GMBH;ESTRANGEIRA;2026;1;SBFI;FOZ DO IGUAÇU;PR;SUL;BRASIL;AMÉRICA DO SUL;SPJC;CALLAO/LIMA, LIMA METROPOLITAN AREA;;;PERU;AMÉRICA DO SUL;INTERNACIONAL;IMPRODUTIVO;0;0;0;0;0;0;0;0;0;0;2812;1;0;0;0;0;0;4;0
USY;USC GMBH;ESTRANGEIRA;2026;1;SPJC;CALLAO/LIMA, LIMA METROPOLITAN AREA;;;PERU;AMÉRICA DO SUL;MTCH;CAP-HAÏTIEN;;;HAITI;AMÉRICA CENTRAL;INTERNACIONAL;IMPRODUTIVO;0;0;0;0;0;0;0;0;0;0;3572;1;0;0;0;0;0;4,833;0
USY;USC GMBH;ESTRANGEIRA;2026;1;SPJC;CALLAO/LIMA, LIMA METROPOLITAN AREA;;;PERU;AMÉRICA DO SUL;SBFI;FOZ DO IGUAÇU;PR;SUL;BRASIL;AMÉRICA DO SUL;INTERNACIONAL;NÃO REGULAR;57;0;0;0;0;1147296;466792;95608;42011;0;5624;2;0;0;0;408;34000;8,583;0
